index,1st degree av block,atrial fibrillation,premature atrial contraction,right bundle branch block,sinus rhythm,st depression,ventricular ectopics,micro avg,macro avg,weighted avg,samples avg
precision,0.8461538461538461,0.8818897637795275,0.4782608695652174,0.927461139896373,0.6761904761904762,0.7448979591836735,0.8214285714285714,0.8200899550224887,0.7680403751710979,0.8068252218725949,0.7270742358078602
recall,0.7857142857142857,0.9655172413793104,0.18333333333333332,0.9132653061224489,0.8160919540229885,0.8488372093023255,0.5168539325842697,0.7769886363636364,0.7185161803512802,0.7769886363636364,0.735080058224163
f1-score,0.8148148148148148,0.9218106995884774,0.2650602409638554,0.9203084832904883,0.7395833333333333,0.7934782608695652,0.6344827586206896,0.797957695113056,0.7270769416401749,0.7802599450626299,0.7273168364871421
support,70.0,116.0,60.0,196.0,87.0,86.0,89.0,704.0,704.0,704.0,704.0
