index,1st degree av block,atrial fibrillation,premature atrial contraction,right bundle branch block,sinus rhythm,st depression,ventricular ectopics,micro avg,macro avg,weighted avg,samples avg
precision,0.8169014084507042,0.9482758620689655,0.38235294117647056,0.9576719576719577,0.6434782608695652,0.7692307692307693,0.9024390243902439,0.827639751552795,0.7743357462655253,0.8242635039574876,0.7263464337700145
recall,0.8285714285714286,0.9482758620689655,0.21666666666666667,0.923469387755102,0.8505747126436781,0.6976744186046512,0.4157303370786517,0.7571022727272727,0.697280401912735,0.7571022727272727,0.7285298398835517
f1-score,0.822695035460993,0.9482758620689655,0.2765957446808511,0.9402597402597401,0.7326732673267327,0.7317073170731708,0.5692307692307692,0.7908011869436202,0.7173482480144602,0.7752929662518274,0.7214944201843766
support,70.0,116.0,60.0,196.0,87.0,86.0,89.0,704.0,704.0,704.0,704.0
