index,atrial fibrillation,left ventricular high voltage,nonspecific st t abnormality,sinus bradycardia,sinus rhythm,sinus tachycardia,supraventricular tachycardia,t wave abnormal,micro avg,macro avg,weighted avg,samples avg
precision,0.9171597633136095,0.7307692307692307,0.6235294117647059,0.9042056074766355,0.9418604651162791,0.9411764705882353,0.8571428571428571,0.8041958041958042,0.8693623639191291,0.8400049512959197,0.8635387712307164,0.84609375
recall,0.8757062146892656,0.59375,0.53,1.0,0.8181818181818182,0.8590604026845637,0.6885245901639344,0.625,0.8078034682080925,0.7487778782149478,0.8078034682080925,0.8135579427083334
f1-score,0.8959537572254336,0.6551724137931033,0.572972972972973,0.9496932515337424,0.8756756756756757,0.8982456140350877,0.7636363636363637,0.7033639143730887,0.8374531835205992,0.7893392454056836,0.8312844135381161,0.8156482514880952
support,177.0,128.0,100.0,387.0,198.0,149.0,61.0,184.0,1384.0,1384.0,1384.0,1384.0
