index,abnormal QRS,atrial fibrillation,incomplete right bundle branch block,left anterior fascicular block,left axis deviation,left ventricular hypertrophy,myocardial infarction,myocardial ischemia,sinus rhythm,t wave abnormal,ventricular ectopics,micro avg,macro avg,weighted avg,samples avg
precision,0.7162921348314607,0.9178082191780822,0.7472527472527473,0.7883597883597884,0.857451403887689,0.75,0.7843137254901961,0.756578947368421,0.921578947368421,0.5223880597014925,0.72,0.8300893061598351,0.7710930884943908,0.8278046185482466,0.8479986039308074
recall,0.7264957264957265,0.8375,0.5964912280701754,0.8232044198895028,0.7101967799642218,0.64,0.7246376811594203,0.558252427184466,0.9820527201346047,0.5785123966942148,0.6153846153846154,0.8073496659242761,0.7084298177251771,0.8073496659242761,0.8215790851384072
f1-score,0.7213578500707214,0.8758169934640524,0.6634146341463414,0.8054054054054054,0.776908023483366,0.6906474820143884,0.7532956685499059,0.6424581005586593,0.950855281020907,0.5490196078431372,0.663594470046083,0.8185615897030596,0.7357066833275425,0.8148031361890673,0.8123063758656979
support,351.0,160.0,114.0,181.0,559.0,225.0,552.0,206.0,1783.0,242.0,117.0,4490.0,4490.0,4490.0,4490.0
