index,abnormal QRS,atrial fibrillation,incomplete right bundle branch block,left anterior fascicular block,left axis deviation,left ventricular hypertrophy,myocardial infarction,myocardial ischemia,sinus rhythm,t wave abnormal,ventricular ectopics,micro avg,macro avg,weighted avg,samples avg
precision,0.8471615720524017,0.9424460431654677,0.7586206896551724,0.8055555555555556,0.8861386138613861,0.7487684729064039,0.8220720720720721,0.7087912087912088,0.9061056952283222,0.6119402985074627,0.8235294117647058,0.8529123837493882,0.8055572394145599,0.8472341882467075,0.8641341098968218
recall,0.5527065527065527,0.81875,0.5789473684210527,0.8011049723756906,0.6404293381037567,0.6755555555555556,0.6612318840579711,0.6262135922330098,0.9904655075715086,0.5082644628099173,0.47863247863247865,0.7761692650334076,0.6665728829515903,0.7761692650334076,0.8006053268765133
f1-score,0.6689655172413793,0.8762541806020067,0.6567164179104478,0.8033240997229918,0.7435098650051921,0.7102803738317758,0.7329317269076306,0.6649484536082474,0.9464094319399785,0.5553047404063206,0.6054054054054053,0.8127332089552238,0.7240045647801251,0.8028801535068607,0.8084708542335661
support,351.0,160.0,114.0,181.0,559.0,225.0,552.0,206.0,1783.0,242.0,117.0,4490.0,4490.0,4490.0,4490.0
