index,1st degree av block,atrial fibrillation,premature atrial contraction,right bundle branch block,sinus rhythm,st depression,ventricular ectopics,micro avg,macro avg,weighted avg,samples avg
precision,0.8082191780821918,0.925,0.43548387096774194,0.9510869565217391,0.7777777777777778,0.7710843373493976,0.8431372549019608,0.8294573643410853,0.7873984822286869,0.8315860135895854,0.7285298398835517
recall,0.8428571428571429,0.9568965517241379,0.45,0.8928571428571429,0.6436781609195402,0.7441860465116279,0.48314606741573035,0.7599431818181818,0.7162315874693317,0.7599431818181818,0.7292576419213974
f1-score,0.8251748251748252,0.9406779661016949,0.4426229508196722,0.9210526315789473,0.7044025157232704,0.7573964497041421,0.6142857142857143,0.793180133432172,0.7436590076268951,0.7884305636116444,0.7236778262979136
support,70.0,116.0,60.0,196.0,87.0,86.0,89.0,704.0,704.0,704.0,704.0
