index,atrial fibrillation,left ventricular high voltage,nonspecific st t abnormality,sinus bradycardia,sinus rhythm,sinus tachycardia,supraventricular tachycardia,t wave abnormal,micro avg,macro avg,weighted avg,samples avg
precision,0.8783068783068783,0.7314814814814815,0.5882352941176471,0.9768637532133676,0.9761904761904762,0.9271523178807947,0.8,0.7744360902255639,0.8807482462977396,0.8315832864270262,0.8733290456985127,0.8611653645833333
recall,0.9378531073446328,0.6171875,0.5,0.9819121447028424,0.8282828282828283,0.9395973154362416,0.7868852459016393,0.5597826086956522,0.8164739884393064,0.7689375937954797,0.8164739884393064,0.828857421875
f1-score,0.9071038251366121,0.6694915254237289,0.5405405405405405,0.979381443298969,0.8961748633879781,0.9333333333333333,0.7933884297520661,0.6498422712933754,0.8473940757405324,0.7961570290208254,0.8408987909425695,0.8314778645833333
support,177.0,128.0,100.0,387.0,198.0,149.0,61.0,184.0,1384.0,1384.0,1384.0,1384.0
