index,1st degree av block,atrial fibrillation,premature atrial contraction,right bundle branch block,sinus rhythm,st depression,ventricular ectopics,micro avg,macro avg,weighted avg,samples avg
precision,0.873015873015873,0.9024390243902439,0.39655172413793105,0.9211822660098522,0.6115702479338843,0.8205128205128205,0.875,0.801994301994302,0.7714674222858007,0.8121940052001942,0.74745269286754
recall,0.7857142857142857,0.9568965517241379,0.38333333333333336,0.9540816326530612,0.8505747126436781,0.7441860465116279,0.550561797752809,0.7997159090909091,0.746478337190419,0.7997159090909091,0.7641921397379913
f1-score,0.8270676691729324,0.9288702928870294,0.38983050847457634,0.93734335839599,0.7115384615384616,0.7804878048780488,0.6758620689655173,0.8008534850640113,0.7501428806160794,0.7981965072192878,0.7486656962639494
support,70.0,116.0,60.0,196.0,87.0,86.0,89.0,704.0,704.0,704.0,704.0
