index,abnormal QRS,atrial fibrillation,incomplete right bundle branch block,left anterior fascicular block,left axis deviation,left ventricular hypertrophy,myocardial infarction,myocardial ischemia,sinus rhythm,t wave abnormal,ventricular ectopics,micro avg,macro avg,weighted avg,samples avg
precision,0.784452296819788,0.8390804597701149,0.6608695652173913,0.7416267942583732,0.784,0.7528735632183908,0.7806324110671937,0.7407407407407407,0.920568122041031,0.6981132075471698,0.8125,0.8359861591695502,0.7741324691527449,0.8275506242748123,0.8518923281635147
recall,0.6324786324786325,0.9125,0.6666666666666666,0.856353591160221,0.8765652951699463,0.5822222222222222,0.7155797101449275,0.5825242718446602,0.981491867638811,0.30578512396694213,0.5555555555555556,0.8071269487750556,0.6970657215316894,0.8071269487750556,0.8226043234517811
f1-score,0.7003154574132492,0.8742514970059879,0.6637554585152837,0.7948717948717949,0.8277027027027027,0.6566416040100251,0.7466918714555767,0.6521739130434783,0.9500542888165038,0.42528735632183906,0.6598984771573604,0.8213031161473089,0.722876765573982,0.8098568490147371,0.8145346102973222
support,351.0,160.0,114.0,181.0,559.0,225.0,552.0,206.0,1783.0,242.0,117.0,4490.0,4490.0,4490.0,4490.0
