index,abnormal QRS,atrial fibrillation,incomplete right bundle branch block,left anterior fascicular block,left axis deviation,left ventricular hypertrophy,myocardial infarction,myocardial ischemia,sinus rhythm,t wave abnormal,ventricular ectopics,micro avg,macro avg,weighted avg,samples avg
precision,0.7637540453074434,0.8881987577639752,0.7808219178082192,0.8618421052631579,0.8126126126126126,0.6796536796536796,0.7838899803536346,0.6322314049586777,0.9131565262610505,0.5978260869565217,0.7733333333333333,0.8271409152695968,0.7715745863883914,0.8215207254218421,0.8465185524507559
recall,0.6723646723646723,0.89375,0.5,0.7237569060773481,0.8067978533094812,0.6977777777777778,0.7228260869565217,0.7427184466019418,0.9848569826135727,0.45454545454545453,0.49572649572649574,0.8131403118040089,0.6995564250884786,0.8131403118040089,0.8251008878127521
f1-score,0.7151515151515151,0.8909657320872274,0.6096256684491979,0.7867867867867868,0.8096947935368043,0.6885964912280702,0.7521206409048068,0.6830357142857144,0.947652455477604,0.516431924882629,0.6041666666666666,0.8200808625336928,0.7276571263142748,0.8138610998970199,0.813702455227879
support,351.0,160.0,114.0,181.0,559.0,225.0,552.0,206.0,1783.0,242.0,117.0,4490.0,4490.0,4490.0,4490.0
