index,atrial fibrillation,left ventricular high voltage,nonspecific st t abnormality,sinus bradycardia,sinus rhythm,sinus tachycardia,supraventricular tachycardia,t wave abnormal,micro avg,macro avg,weighted avg,samples avg
precision,0.888268156424581,0.78,0.6266666666666667,0.9643765903307888,0.9510869565217391,0.920863309352518,0.746031746031746,0.6415929203539823,0.8520971302428256,0.8148607932102527,0.854067019616858,0.8429361979166667
recall,0.8983050847457628,0.609375,0.47,0.979328165374677,0.8838383838383839,0.8590604026845637,0.7704918032786885,0.7880434782608695,0.8367052023121387,0.7823052897728682,0.8367052023121387,0.8385416666666667
f1-score,0.8932584269662921,0.6842105263157895,0.5371428571428571,0.9717948717948718,0.9162303664921467,0.888888888888889,0.7580645161290323,0.7073170731707318,0.8443310244258111,0.7946134408625762,0.8422911300560196,0.8275762648809524
support,177.0,128.0,100.0,387.0,198.0,149.0,61.0,184.0,1384.0,1384.0,1384.0,1384.0
