index,abnormal QRS,atrial fibrillation,incomplete right bundle branch block,left anterior fascicular block,left axis deviation,left ventricular hypertrophy,myocardial infarction,myocardial ischemia,sinus rhythm,t wave abnormal,ventricular ectopics,micro avg,macro avg,weighted avg,samples avg
precision,0.803030303030303,0.8461538461538461,0.5357142857142857,0.7696078431372549,0.8537074148296593,0.6965174129353234,0.7790927021696252,0.7588235294117647,0.9184753838009528,0.5984251968503937,0.7674418604651163,0.8330999066293184,0.7569990707725932,0.8263219567958842,0.8453329843160351
recall,0.603988603988604,0.89375,0.7894736842105263,0.8674033149171271,0.7620751341681574,0.6222222222222222,0.7155797101449275,0.6262135922330098,0.9730790802019069,0.3140495867768595,0.5641025641025641,0.7948775055679287,0.7029034084514459,0.7948775055679287,0.8067589381148703
f1-score,0.6894308943089431,0.8693009118541034,0.6382978723404255,0.8155844155844155,0.8052930056710774,0.6572769953051644,0.7459867799811142,0.6861702127659575,0.9449891067538125,0.41192411924119243,0.6502463054187192,0.8135400045589242,0.7195000562931749,0.8047498973033956,0.803130508215254
support,351.0,160.0,114.0,181.0,559.0,225.0,552.0,206.0,1783.0,242.0,117.0,4490.0,4490.0,4490.0,4490.0
