index,1st degree av block,atrial fibrillation,premature atrial contraction,right bundle branch block,sinus rhythm,st depression,ventricular ectopics,micro avg,macro avg,weighted avg,samples avg
precision,0.8615384615384616,0.9083333333333333,0.4482758620689655,0.9427083333333334,0.6226415094339622,0.8023255813953488,0.8431372549019608,0.8112094395280236,0.7755657622864808,0.8175437088620163,0.7345948568655992
recall,0.8,0.9396551724137931,0.43333333333333335,0.923469387755102,0.7586206896551724,0.8023255813953488,0.48314606741573035,0.78125,0.73436431885264,0.78125,0.7430858806404658
f1-score,0.8296296296296297,0.9237288135593221,0.44067796610169496,0.9329896907216495,0.6839378238341969,0.8023255813953488,0.6142857142857143,0.7959479015918959,0.7467964599325079,0.7921978594311139,0.734303736050461
support,70.0,116.0,60.0,196.0,87.0,86.0,89.0,704.0,704.0,704.0,704.0
