index,atrial fibrillation,left ventricular high voltage,nonspecific st t abnormality,sinus bradycardia,sinus rhythm,sinus tachycardia,supraventricular tachycardia,t wave abnormal,micro avg,macro avg,weighted avg,samples avg
precision,0.8702702702702703,0.84,0.6666666666666666,0.9526184538653366,0.9727891156462585,0.7814207650273224,0.8421052631578947,0.7612903225806451,0.86697965571205,0.8358951071517993,0.8651572438185624,0.8422037760416667
recall,0.9096045197740112,0.4921875,0.5,0.9870801033591732,0.7222222222222222,0.959731543624161,0.7868852459016393,0.6413043478260869,0.8005780346820809,0.7498769353384118,0.8005780346820809,0.81298828125
f1-score,0.8895027624309393,0.6206896551724138,0.5714285714285715,0.9695431472081217,0.8289855072463768,0.8614457831325301,0.8135593220338982,0.6961651917404129,0.832456799398948,0.781414992549158,0.8233109725220946,0.8145833333333333
support,177.0,128.0,100.0,387.0,198.0,149.0,61.0,184.0,1384.0,1384.0,1384.0,1384.0
