index,1st degree av block,atrial fibrillation,premature atrial contraction,right bundle branch block,sinus rhythm,st depression,ventricular ectopics,micro avg,macro avg,weighted avg,samples avg
precision,0.9166666666666666,0.8740157480314961,0.56,0.9068627450980392,0.5639097744360902,0.8484848484848485,0.9038461538461539,0.8140929535232384,0.7962551337947563,0.8229683899367619,0.722707423580786
recall,0.7857142857142857,0.9568965517241379,0.23333333333333334,0.9438775510204082,0.8620689655172413,0.6511627906976745,0.5280898876404494,0.7713068181818182,0.7087347665210758,0.7713068181818182,0.7307132459970888
f1-score,0.8461538461538461,0.9135802469135803,0.32941176470588235,0.925,0.6818181818181818,0.736842105263158,0.6666666666666666,0.7921225382932167,0.7284961159316165,0.7788220453966538,0.7224648229015042
support,70.0,116.0,60.0,196.0,87.0,86.0,89.0,704.0,704.0,704.0,704.0
