index,1st degree av block,atrial fibrillation,premature atrial contraction,right bundle branch block,sinus rhythm,st depression,ventricular ectopics,micro avg,macro avg,weighted avg,samples avg
precision,0.7763157894736842,0.8870967741935484,0.5806451612903226,0.9381443298969072,0.5,0.8813559322033898,0.8360655737704918,0.7829787234042553,0.7713747944040492,0.8091857608549545,0.7205240174672489
recall,0.8428571428571429,0.9482758620689655,0.3,0.9285714285714286,0.9195402298850575,0.6046511627906976,0.5730337078651685,0.7840909090909091,0.7309899334340658,0.7840909090909091,0.745269286754003
f1-score,0.8082191780821917,0.9166666666666667,0.39560439560439564,0.9333333333333333,0.6477732793522267,0.7172413793103448,0.6799999999999999,0.7835344215755855,0.7284054617641654,0.7786041289673539,0.725376031052887
support,70.0,116.0,60.0,196.0,87.0,86.0,89.0,704.0,704.0,704.0,704.0
