index,abnormal QRS,atrial fibrillation,incomplete right bundle branch block,left anterior fascicular block,left axis deviation,left ventricular hypertrophy,myocardial infarction,myocardial ischemia,sinus rhythm,t wave abnormal,ventricular ectopics,micro avg,macro avg,weighted avg,samples avg
precision,0.6728232189973615,0.8118279569892473,0.7184466019417476,0.8186813186813187,0.8096085409252669,0.6973684210526315,0.7787934186471663,0.6851851851851852,0.923942153186931,0.5701357466063348,0.8333333333333334,0.8169633047681828,0.7563768995951385,0.8150379840658157,0.8384366206400105
recall,0.7264957264957265,0.94375,0.6491228070175439,0.8232044198895028,0.813953488372093,0.7066666666666667,0.7717391304347826,0.7184466019417476,0.9674705552439709,0.5206611570247934,0.42735042735042733,0.8280623608017817,0.7335328164033869,0.8280623608017817,0.8342974936195275
f1-score,0.6986301369863015,0.8728323699421966,0.6820276497695854,0.8209366391184574,0.8117752007136485,0.7019867549668874,0.7752502274795269,0.7014218009478673,0.9452054794520548,0.5442764578833694,0.5649717514124294,0.822475389890499,0.7381194971520295,0.8192631140854341,0.8144780170203899
support,351.0,160.0,114.0,181.0,559.0,225.0,552.0,206.0,1783.0,242.0,117.0,4490.0,4490.0,4490.0,4490.0
