index,abnormal QRS,atrial fibrillation,incomplete right bundle branch block,left anterior fascicular block,left axis deviation,left ventricular hypertrophy,myocardial infarction,myocardial ischemia,sinus rhythm,t wave abnormal,ventricular ectopics,micro avg,macro avg,weighted avg,samples avg
precision,0.7564935064935064,0.8622754491017964,0.7590361445783133,0.8445945945945946,0.83984375,0.6276150627615062,0.7625231910946196,0.6490384615384616,0.9219409282700421,0.6108108108108108,0.8148148148148148,0.8286761337608796,0.7680897012780423,0.8229768439480144,0.846831577340052
recall,0.6638176638176638,0.9,0.5526315789473685,0.6906077348066298,0.7692307692307693,0.6666666666666666,0.7445652173913043,0.6553398058252428,0.9803701626472238,0.4669421487603306,0.5641025641025641,0.8057906458797327,0.695843119290524,0.8057906458797327,0.8220284449098009
f1-score,0.7071320182094081,0.8807339449541285,0.6395939086294417,0.7598784194528875,0.8029878618113913,0.646551724137931,0.7534372135655362,0.6521739130434783,0.9502582223430279,0.5292740046838407,0.6666666666666667,0.8170731707317074,0.7262443543179763,0.8117052804718786,0.8117881863644576
support,351.0,160.0,114.0,181.0,559.0,225.0,552.0,206.0,1783.0,242.0,117.0,4490.0,4490.0,4490.0,4490.0
