index,abnormal QRS,atrial fibrillation,incomplete right bundle branch block,left anterior fascicular block,left axis deviation,left ventricular hypertrophy,myocardial infarction,myocardial ischemia,sinus rhythm,t wave abnormal,ventricular ectopics,micro avg,macro avg,weighted avg,samples avg
precision,0.7556270096463023,0.8604651162790697,0.6446280991735537,0.7239819004524887,0.7503805175038052,0.7035175879396985,0.7478260869565218,0.6176470588235294,0.9213184476342371,0.6754385964912281,0.75,0.8101293575970182,0.7409845837182213,0.8060432560021419,0.8309851013240843
recall,0.6695156695156695,0.925,0.6842105263157895,0.8839779005524862,0.8819320214669052,0.6222222222222222,0.7789855072463768,0.7135922330097088,0.9719573752103197,0.3181818181818182,0.46153846153846156,0.8229398663697105,0.7191921577508871,0.8229398663697105,0.8327400039264446
f1-score,0.7099697885196375,0.891566265060241,0.6638297872340425,0.7960199004975124,0.8108552631578948,0.6603773584905661,0.7630878438331855,0.6621621621621622,0.9459606986899564,0.43258426966292135,0.5714285714285714,0.8164843663683572,0.7188947189760628,0.8083027952698191,0.809288632169988
support,351.0,160.0,114.0,181.0,559.0,225.0,552.0,206.0,1783.0,242.0,117.0,4490.0,4490.0,4490.0,4490.0
