index,atrial fibrillation,left ventricular high voltage,nonspecific st t abnormality,sinus bradycardia,sinus rhythm,sinus tachycardia,supraventricular tachycardia,t wave abnormal,micro avg,macro avg,weighted avg,samples avg
precision,0.8817204301075269,0.7062937062937062,0.7192982456140351,0.9595959595959596,0.8379629629629629,0.9044585987261147,0.8627450980392157,0.7243589743589743,0.856093979441997,0.8245542469623119,0.8499668147391385,0.8589680989583333
recall,0.9265536723163842,0.7890625,0.41,0.9819121447028424,0.9141414141414141,0.9530201342281879,0.7213114754098361,0.6141304347826086,0.8424855491329479,0.7887664719476591,0.8424855491329479,0.8495279947916666
f1-score,0.9035812672176308,0.7453874538745388,0.5222929936305732,0.9706257982120051,0.8743961352657004,0.9281045751633986,0.7857142857142857,0.6647058823529411,0.8492352512745811,0.7993510489288842,0.8416599941676536,0.8385323660714286
support,177.0,128.0,100.0,387.0,198.0,149.0,61.0,184.0,1384.0,1384.0,1384.0,1384.0
