index,atrial fibrillation,left ventricular high voltage,nonspecific st t abnormality,sinus bradycardia,sinus rhythm,sinus tachycardia,supraventricular tachycardia,t wave abnormal,micro avg,macro avg,weighted avg,samples avg
precision,0.9147727272727273,0.8472222222222222,0.5918367346938775,0.9667519181585678,0.9301075268817204,0.9391891891891891,0.7868852459016393,0.7972972972972973,0.8875,0.8467578577021551,0.883294122242011,0.8677571614583333
recall,0.9096045197740112,0.4765625,0.58,0.9767441860465116,0.8737373737373737,0.9328859060402684,0.7868852459016393,0.6413043478260869,0.8208092485549133,0.7722155099157364,0.8208092485549133,0.833984375
f1-score,0.9121813031161472,0.61,0.5858585858585857,0.9717223650385604,0.9010416666666666,0.936026936026936,0.7868852459016392,0.7108433734939757,0.8528528528528528,0.8018199345128139,0.845988402238616,0.8373558407738094
support,177.0,128.0,100.0,387.0,198.0,149.0,61.0,184.0,1384.0,1384.0,1384.0,1384.0
