index,abnormal QRS,atrial fibrillation,incomplete right bundle branch block,left anterior fascicular block,left axis deviation,left ventricular hypertrophy,myocardial infarction,myocardial ischemia,sinus rhythm,t wave abnormal,ventricular ectopics,micro avg,macro avg,weighted avg,samples avg
precision,0.8108108108108109,0.8535031847133758,0.7047619047619048,0.8064516129032258,0.7743506493506493,0.6129032258064516,0.7305699481865285,0.6159695817490495,0.8996434029546613,0.6514285714285715,0.7941176470588235,0.8032258064516129,0.7504100490658229,0.8024536645255158,0.8327356412102175
recall,0.5982905982905983,0.8375,0.6491228070175439,0.8287292817679558,0.853309481216458,0.76,0.7663043478260869,0.7864077669902912,0.9904655075715086,0.47107438016528924,0.46153846153846156,0.8318485523385301,0.7275220574894722,0.8318485523385301,0.8436151648016055
f1-score,0.6885245901639344,0.8454258675078865,0.6757990867579909,0.8174386920980926,0.8119148936170213,0.6785714285714285,0.7480106100795757,0.6908315565031984,0.9428723972237053,0.5467625899280575,0.5837837837837837,0.8172866520787747,0.7299941360213341,0.8119043779929174,0.8161668458278628
support,351.0,160.0,114.0,181.0,559.0,225.0,552.0,206.0,1783.0,242.0,117.0,4490.0,4490.0,4490.0,4490.0
