index,atrial fibrillation,left ventricular high voltage,nonspecific st t abnormality,sinus bradycardia,sinus rhythm,sinus tachycardia,supraventricular tachycardia,t wave abnormal,micro avg,macro avg,weighted avg,samples avg
precision,0.8756756756756757,0.625,0.6136363636363636,0.9504950495049505,0.9741935483870968,0.8411764705882353,0.8275862068965517,0.8220338983050848,0.849925705794948,0.8162246516242448,0.8556086905518528,0.8448893229166666
recall,0.9152542372881356,0.8203125,0.54,0.9922480620155039,0.7626262626262627,0.959731543624161,0.7868852459016393,0.5271739130434783,0.8265895953757225,0.7880289705623976,0.8265895953757225,0.8308919270833334
f1-score,0.8950276243093922,0.7094594594594594,0.574468085106383,0.9709228824273072,0.8555240793201133,0.896551724137931,0.8067226890756303,0.642384105960265,0.8380952380952381,0.7938825812245602,0.8329576578437975,0.8242420014880952
support,177.0,128.0,100.0,387.0,198.0,149.0,61.0,184.0,1384.0,1384.0,1384.0,1384.0
