index,atrial fibrillation,left ventricular high voltage,nonspecific st t abnormality,sinus bradycardia,sinus rhythm,sinus tachycardia,supraventricular tachycardia,t wave abnormal,micro avg,macro avg,weighted avg,samples avg
precision,0.893048128342246,0.7175572519083969,0.6103896103896104,0.9458128078817734,0.9763313609467456,0.8554216867469879,0.8235294117647058,0.7396449704142012,0.859882005899705,0.8202169035493334,0.8555540275409513,0.8572591145833334
recall,0.943502824858757,0.734375,0.47,0.9922480620155039,0.8333333333333334,0.9530201342281879,0.6885245901639344,0.6793478260869565,0.8424855491329479,0.7867939713358341,0.8424855491329479,0.8445638020833334
f1-score,0.9175824175824177,0.7258687258687258,0.5310734463276836,0.9684741488020175,0.899182561307902,0.9015873015873015,0.7499999999999999,0.7082152974504249,0.8510948905109489,0.8002479873658092,0.8465797650641508,0.8374348958333333
support,177.0,128.0,100.0,387.0,198.0,149.0,61.0,184.0,1384.0,1384.0,1384.0,1384.0
