index,1st degree av block,atrial fibrillation,premature atrial contraction,right bundle branch block,sinus rhythm,st depression,ventricular ectopics,micro avg,macro avg,weighted avg,samples avg
precision,0.7866666666666666,0.907563025210084,0.5555555555555556,0.967032967032967,0.6813186813186813,0.6545454545454545,0.8125,0.8217665615141956,0.7664546214756298,0.8112129358358886,0.7144590004852013
recall,0.8428571428571429,0.9310344827586207,0.08333333333333333,0.8979591836734694,0.7126436781609196,0.8372093023255814,0.43820224719101125,0.7400568181818182,0.6776056243285825,0.7400568181818182,0.7088791848617176
f1-score,0.8137931034482757,0.9191489361702128,0.14492753623188404,0.9312169312169313,0.6966292134831461,0.7346938775510204,0.5693430656934307,0.7787742899850524,0.6871075233992716,0.7517939096856426,0.7062105773896167
support,70.0,116.0,60.0,196.0,87.0,86.0,89.0,704.0,704.0,704.0,704.0
