index,abnormal QRS,atrial fibrillation,incomplete right bundle branch block,left anterior fascicular block,left axis deviation,left ventricular hypertrophy,myocardial infarction,myocardial ischemia,sinus rhythm,t wave abnormal,ventricular ectopics,micro avg,macro avg,weighted avg,samples avg
precision,0.6906077348066298,0.9285714285714286,0.7525773195876289,0.8814814814814815,0.7586750788643533,0.7696969696969697,0.7815442561205274,0.7159090909090909,0.9283776451437873,0.6666666666666666,0.7777777777777778,0.8353272343420126,0.7865350408751222,0.8285341358724265,0.8482647296206618
recall,0.7122507122507122,0.8125,0.6403508771929824,0.6574585635359116,0.8604651162790697,0.5644444444444444,0.7518115942028986,0.6116504854368932,0.9596186203028604,0.2727272727272727,0.5384615384615384,0.7930957683741648,0.6710672022576895,0.7930957683741648,0.8102174814039219
f1-score,0.7012622720897617,0.8666666666666666,0.6919431279620853,0.7531645569620253,0.8063704945515506,0.6512820512820513,0.7663896583564175,0.6596858638743455,0.9437396580253724,0.3870967741935484,0.6363636363636364,0.8136638866674283,0.7149058873024965,0.8033576276169793,0.8066636498839888
support,351.0,160.0,114.0,181.0,559.0,225.0,552.0,206.0,1783.0,242.0,117.0,4490.0,4490.0,4490.0,4490.0
