index,atrial fibrillation,left ventricular high voltage,nonspecific st t abnormality,sinus bradycardia,sinus rhythm,sinus tachycardia,supraventricular tachycardia,t wave abnormal,micro avg,macro avg,weighted avg,samples avg
precision,0.9147727272727273,0.8472222222222222,0.6486486486486487,0.9646464646464646,0.8905472636815921,0.9357142857142857,0.847457627118644,0.7219251336898396,0.878927203065134,0.846366796624303,0.8734257156707482,0.8658854166666666
recall,0.9096045197740112,0.4765625,0.48,0.9870801033591732,0.9040404040404041,0.8791946308724832,0.819672131147541,0.7336956521739131,0.828757225433526,0.7737312426709406,0.828757225433526,0.8413899739583333
f1-score,0.9121813031161472,0.61,0.5517241379310345,0.9757343550446999,0.8972431077694235,0.9065743944636678,0.8333333333333333,0.7277628032345014,0.8531052435849757,0.801819179361601,0.8452262348908051,0.840132068452381
support,177.0,128.0,100.0,387.0,198.0,149.0,61.0,184.0,1384.0,1384.0,1384.0,1384.0
