index,1st degree av block,atrial fibrillation,premature atrial contraction,right bundle branch block,sinus rhythm,st depression,ventricular ectopics,micro avg,macro avg,weighted avg,samples avg
precision,0.8076923076923077,0.8636363636363636,0.5,0.9528795811518325,0.5887096774193549,0.7634408602150538,0.8936170212765957,0.7931034482758621,0.7671394016273583,0.8095031937977761,0.7559437166424064
recall,0.9,0.9827586206896551,0.5,0.9285714285714286,0.8390804597701149,0.8255813953488372,0.47191011235955055,0.8167613636363636,0.7782717166770837,0.8167613636363636,0.777292576419214
f1-score,0.8513513513513514,0.9193548387096775,0.5,0.9405684754521964,0.6919431279620852,0.7932960893854749,0.6176470588235293,0.8047585724282715,0.759165848812045,0.8011140356941677,0.7600679281901991
support,70.0,116.0,60.0,196.0,87.0,86.0,89.0,704.0,704.0,704.0,704.0
