index,atrial fibrillation,left ventricular high voltage,nonspecific st t abnormality,sinus bradycardia,sinus rhythm,sinus tachycardia,supraventricular tachycardia,t wave abnormal,micro avg,macro avg,weighted avg,samples avg
precision,0.9132947976878613,0.706766917293233,0.6265060240963856,0.9528535980148883,0.9560439560439561,0.9455782312925171,0.8235294117647058,0.7762237762237763,0.8775665399239544,0.8375995890521655,0.8719455333437832,0.8553873697916666
recall,0.8926553672316384,0.734375,0.52,0.9922480620155039,0.8787878787878788,0.9328859060402684,0.6885245901639344,0.6032608695652174,0.8338150289017341,0.7803422092255552,0.8338150289017341,0.8418782552083333
f1-score,0.9028571428571429,0.7203065134099617,0.5683060109289617,0.9721518987341772,0.9157894736842106,0.9391891891891893,0.7499999999999999,0.6788990825688074,0.855131530196369,0.8059374139215563,0.8504272182633927,0.834574962797619
support,177.0,128.0,100.0,387.0,198.0,149.0,61.0,184.0,1384.0,1384.0,1384.0,1384.0
