index,atrial fibrillation,left ventricular high voltage,nonspecific st t abnormality,sinus bradycardia,sinus rhythm,sinus tachycardia,supraventricular tachycardia,t wave abnormal,micro avg,macro avg,weighted avg,samples avg
precision,0.9281437125748503,0.7051282051282052,0.6197183098591549,0.9642857142857143,0.757201646090535,0.8666666666666667,0.8703703703703703,0.7529411764705882,0.8385049365303244,0.8080569751807607,0.8384257789877788,0.85009765625
recall,0.8757062146892656,0.859375,0.44,0.9767441860465116,0.9292929292929293,0.959731543624161,0.7704918032786885,0.6956521739130435,0.8591040462427746,0.813374231355575,0.8591040462427746,0.861572265625
f1-score,0.9011627906976745,0.7746478873239436,0.5146198830409356,0.9704749679075738,0.834467120181406,0.910828025477707,0.817391304347826,0.7231638418079096,0.8486795146324054,0.805844477598122,0.8450559439777797,0.8403506324404761
support,177.0,128.0,100.0,387.0,198.0,149.0,61.0,184.0,1384.0,1384.0,1384.0,1384.0
