index,1st degree av block,atrial fibrillation,premature atrial contraction,right bundle branch block,sinus rhythm,st depression,ventricular ectopics,micro avg,macro avg,weighted avg,samples avg
precision,0.8428571428571429,0.8968253968253969,0.41935483870967744,0.9378238341968912,0.6555555555555556,0.8,0.7261904761904762,0.7985714285714286,0.7540867491907344,0.7989641954136406,0.7321688500727802
recall,0.8428571428571429,0.9741379310344828,0.43333333333333335,0.923469387755102,0.6781609195402298,0.6976744186046512,0.6853932584269663,0.7940340909090909,0.7478609130788441,0.7940340909090909,0.7532751091703057
f1-score,0.8428571428571429,0.9338842975206612,0.4262295081967213,0.9305912596401028,0.6666666666666666,0.7453416149068322,0.7052023121387283,0.7962962962962963,0.750110400275265,0.7956855405624921,0.7365356622998545
support,70.0,116.0,60.0,196.0,87.0,86.0,89.0,704.0,704.0,704.0,704.0
