index,atrial fibrillation,left ventricular high voltage,nonspecific st t abnormality,sinus bradycardia,sinus rhythm,sinus tachycardia,supraventricular tachycardia,t wave abnormal,micro avg,macro avg,weighted avg,samples avg
precision,0.9259259259259259,0.8076923076923077,0.6533333333333333,0.9388753056234719,0.9119170984455959,0.9485294117647058,0.7727272727272727,0.8278688524590164,0.8871349644830308,0.8483586884964537,0.8795565615730584,0.8650716145833334
recall,0.847457627118644,0.65625,0.49,0.9922480620155039,0.8888888888888888,0.8657718120805369,0.8360655737704918,0.5489130434782609,0.8121387283236994,0.7656993759190408,0.8121387283236994,0.8252766927083333
f1-score,0.8849557522123893,0.7241379310344829,0.5599999999999999,0.964824120603015,0.9002557544757033,0.9052631578947368,0.8031496062992125,0.6601307189542484,0.8479818936250471,0.8003396301842234,0.8398155969448788,0.8315941220238094
support,177.0,128.0,100.0,387.0,198.0,149.0,61.0,184.0,1384.0,1384.0,1384.0,1384.0
