index,atrial fibrillation,left ventricular high voltage,nonspecific st t abnormality,sinus bradycardia,sinus rhythm,sinus tachycardia,supraventricular tachycardia,t wave abnormal,micro avg,macro avg,weighted avg,samples avg
precision,0.9358974358974359,0.7388059701492538,0.6956521739130435,0.9084507042253521,0.9364161849710982,0.9295774647887324,0.8,0.7261904761904762,0.8646153846153846,0.833873801266924,0.8581597866736361,0.8434244791666666
recall,0.8248587570621468,0.7734375,0.32,1.0,0.8181818181818182,0.8859060402684564,0.7213114754098361,0.6630434782608695,0.8121387283236994,0.7508423836478909,0.8121387283236994,0.817138671875
f1-score,0.8768768768768769,0.7557251908396947,0.4383561643835616,0.952029520295203,0.8733153638814016,0.9072164948453608,0.7586206896551724,0.6931818181818181,0.8375558867362145,0.7819152648698862,0.8281243416345261,0.816596912202381
support,177.0,128.0,100.0,387.0,198.0,149.0,61.0,184.0,1384.0,1384.0,1384.0,1384.0
