index,abnormal QRS,atrial fibrillation,incomplete right bundle branch block,left anterior fascicular block,left axis deviation,left ventricular hypertrophy,myocardial infarction,myocardial ischemia,sinus rhythm,t wave abnormal,ventricular ectopics,micro avg,macro avg,weighted avg,samples avg
precision,0.7094017094017094,0.9172413793103448,0.7444444444444445,0.8666666666666667,0.7996485061511424,0.8266666666666667,0.750445632798574,0.6979166666666666,0.906426735218509,0.6149068322981367,0.8545454545454545,0.8290226596475166,0.7898464267425741,0.8225969781942521,0.8457081779115677
recall,0.7094017094017094,0.83125,0.5877192982456141,0.7182320441988951,0.813953488372093,0.5511111111111111,0.7626811594202898,0.6504854368932039,0.9887829500841279,0.4090909090909091,0.4017094017094017,0.8066815144766147,0.6749470462297595,0.8066815144766147,0.8196954824073469
f1-score,0.7094017094017093,0.8721311475409835,0.6568627450980392,0.7854984894259819,0.8067375886524822,0.6613333333333333,0.7565139263252472,0.6733668341708543,0.9458154506437768,0.49131513647642683,0.5465116279069768,0.8176995146179028,0.7186807262705283,0.8086644103232901,0.8107003115477691
support,351.0,160.0,114.0,181.0,559.0,225.0,552.0,206.0,1783.0,242.0,117.0,4490.0,4490.0,4490.0,4490.0
