index,1st degree av block,atrial fibrillation,premature atrial contraction,right bundle branch block,sinus rhythm,st depression,ventricular ectopics,micro avg,macro avg,weighted avg,samples avg
precision,0.8709677419354839,0.9105691056910569,0.5517241379310345,0.9489795918367347,0.7078651685393258,0.7096774193548387,0.8936170212765957,0.8435054773082942,0.7990571695092957,0.835008024279209,0.727802037845706
recall,0.7714285714285715,0.9655172413793104,0.26666666666666666,0.9489795918367347,0.7241379310344828,0.7674418604651163,0.47191011235955055,0.765625,0.7022974250243476,0.765625,0.7292576419213974
f1-score,0.8181818181818182,0.9372384937238494,0.35955056179775285,0.9489795918367347,0.7159090909090908,0.7374301675977655,0.6176470588235293,0.8026805658972449,0.7335623975529344,0.7872714485942498,0.7239204269771955
support,70.0,116.0,60.0,196.0,87.0,86.0,89.0,704.0,704.0,704.0,704.0
