index,1st degree av block,atrial fibrillation,premature atrial contraction,right bundle branch block,sinus rhythm,st depression,ventricular ectopics,micro avg,macro avg,weighted avg,samples avg
precision,0.7945205479452054,0.9385964912280702,0.42857142857142855,0.9219512195121952,0.7215189873417721,0.7473684210526316,0.8360655737704918,0.8277945619335347,0.769798952774542,0.8130199264945038,0.7321688500727802
recall,0.8285714285714286,0.9224137931034483,0.25,0.9642857142857143,0.6551724137931034,0.8255813953488372,0.5730337078651685,0.7784090909090909,0.7170083504239572,0.7784090909090909,0.74235807860262
f1-score,0.8111888111888111,0.9304347826086956,0.3157894736842105,0.942643391521197,0.6867469879518071,0.7845303867403315,0.6799999999999999,0.8023426061493412,0.7359048333850076,0.7899939288870859,0.7311984473556525
support,70.0,116.0,60.0,196.0,87.0,86.0,89.0,704.0,704.0,704.0,704.0
