index,abnormal QRS,atrial fibrillation,incomplete right bundle branch block,left anterior fascicular block,left axis deviation,left ventricular hypertrophy,myocardial infarction,myocardial ischemia,sinus rhythm,t wave abnormal,ventricular ectopics,micro avg,macro avg,weighted avg,samples avg
precision,0.7549668874172185,0.86875,0.7586206896551724,0.8561643835616438,0.8195211786372008,0.8492063492063492,0.7655954631379962,0.6954314720812182,0.915656299420137,0.6590909090909091,0.7311827956989247,0.8414055080721747,0.7885624025369791,0.8325516269091756,0.854770630194359
recall,0.6495726495726496,0.86875,0.5789473684210527,0.6906077348066298,0.7960644007155635,0.47555555555555556,0.7336956521739131,0.6650485436893204,0.9742007851934941,0.359504132231405,0.5811965811965812,0.7893095768374164,0.6702857639596513,0.7893095768374164,0.8047204589577471
f1-score,0.6983154670750383,0.86875,0.6567164179104478,0.764525993883792,0.8076225045372051,0.6096866096866096,0.7493061979648474,0.6799007444168735,0.9440217391304347,0.46524064171123003,0.6476190476190478,0.8145253964605838,0.7174277603577751,0.8042808623731545,0.8074295582770159
support,351.0,160.0,114.0,181.0,559.0,225.0,552.0,206.0,1783.0,242.0,117.0,4490.0,4490.0,4490.0,4490.0
