index,1st degree av block,atrial fibrillation,premature atrial contraction,right bundle branch block,sinus rhythm,st depression,ventricular ectopics,micro avg,macro avg,weighted avg,samples avg
precision,0.7972972972972973,0.875,0.5151515151515151,0.9375,0.8448275862068966,0.6785714285714286,0.7580645161290323,0.8194233687405159,0.7723446204794528,0.8114982762962053,0.7190684133915575
recall,0.8428571428571429,0.9655172413793104,0.2833333333333333,0.9183673469387755,0.5632183908045977,0.8837209302325582,0.5280898876404494,0.7670454545454546,0.7121577533123097,0.7670454545454546,0.7292576419213974
f1-score,0.8194444444444444,0.9180327868852458,0.3655913978494624,0.9278350515463918,0.6758620689655171,0.7676767676767676,0.6225165562913907,0.7923697725605283,0.7281370105227457,0.778221937349426,0.7185832120329937
support,70.0,116.0,60.0,196.0,87.0,86.0,89.0,704.0,704.0,704.0,704.0
