index,atrial fibrillation,left ventricular high voltage,nonspecific st t abnormality,sinus bradycardia,sinus rhythm,sinus tachycardia,supraventricular tachycardia,t wave abnormal,micro avg,macro avg,weighted avg,samples avg
precision,0.8756756756756757,0.6114649681528662,0.5221238938053098,0.9526184538653366,0.9202127659574468,0.9246575342465754,0.7758620689655172,0.592274678111588,0.8035111411208643,0.7718612548475395,0.8167775063484976,0.825927734375
recall,0.9152542372881356,0.75,0.59,0.9870801033591732,0.8737373737373737,0.9060402684563759,0.7377049180327869,0.75,0.8598265895953757,0.8137271126092307,0.8598265895953757,0.85888671875
f1-score,0.8950276243093922,0.6736842105263159,0.5539906103286385,0.9695431472081217,0.8963730569948186,0.9152542372881356,0.7563025210084033,0.6618705035971223,0.830715532286213,0.7902557389076186,0.8360094657058,0.8258463541666667
support,177.0,128.0,100.0,387.0,198.0,149.0,61.0,184.0,1384.0,1384.0,1384.0,1384.0
