index,1st degree av block,atrial fibrillation,premature atrial contraction,right bundle branch block,sinus rhythm,st depression,ventricular ectopics,micro avg,macro avg,weighted avg,samples avg
precision,0.7792207792207793,0.95,0.45652173913043476,0.935,0.6777777777777778,0.8767123287671232,0.9047619047619048,0.8375796178343949,0.7971420756654314,0.8384722945422294,0.7248908296943232
recall,0.8571428571428571,0.8189655172413793,0.35,0.9540816326530612,0.7011494252873564,0.7441860465116279,0.42696629213483145,0.7471590909090909,0.6932131101387303,0.7471590909090909,0.722707423580786
f1-score,0.8163265306122449,0.8796296296296298,0.39622641509433965,0.9444444444444445,0.6892655367231639,0.8050314465408805,0.5801526717557252,0.7897897897897898,0.7301538106857756,0.7796832160232333,0.7171276079573022
support,70.0,116.0,60.0,196.0,87.0,86.0,89.0,704.0,704.0,704.0,704.0
