index,abnormal QRS,atrial fibrillation,incomplete right bundle branch block,left anterior fascicular block,left axis deviation,left ventricular hypertrophy,myocardial infarction,myocardial ischemia,sinus rhythm,t wave abnormal,ventricular ectopics,micro avg,macro avg,weighted avg,samples avg
precision,0.7547770700636943,0.8333333333333334,0.6028368794326241,0.7606382978723404,0.8370221327967807,0.8333333333333334,0.6926751592356688,0.7048192771084337,0.927710843373494,0.5730337078651685,0.7272727272727273,0.819060773480663,0.7497684328806908,0.8163646664679175,0.8369816547782649
recall,0.6752136752136753,0.90625,0.7456140350877193,0.7900552486187845,0.7441860465116279,0.5333333333333333,0.7880434782608695,0.5679611650485437,0.950084127874369,0.4214876033057851,0.5470085470085471,0.7924276169265033,0.6972033872966595,0.7924276169265033,0.807014157014157
f1-score,0.7127819548872181,0.8682634730538922,0.6666666666666666,0.7750677506775068,0.7878787878787877,0.6504065040650406,0.7372881355932204,0.6290322580645161,0.9387642006095871,0.4857142857142857,0.624390243902439,0.8055241113878198,0.7160231146466509,0.8002535349533687,0.7991831042678501
support,351.0,160.0,114.0,181.0,559.0,225.0,552.0,206.0,1783.0,242.0,117.0,4490.0,4490.0,4490.0,4490.0
