index,abnormal QRS,atrial fibrillation,incomplete right bundle branch block,left anterior fascicular block,left axis deviation,left ventricular hypertrophy,myocardial infarction,myocardial ischemia,sinus rhythm,t wave abnormal,ventricular ectopics,micro avg,macro avg,weighted avg,samples avg
precision,0.7874564459930313,0.8529411764705882,0.7647058823529411,0.7407407407407407,0.7896551724137931,0.7004608294930875,0.8050314465408805,0.7277777777777777,0.9108706852138073,0.6558441558441559,0.8082191780821918,0.8342208844639963,0.7767003173566359,0.8251218742662186,0.8562572257487512
recall,0.6438746438746439,0.90625,0.34210526315789475,0.7734806629834254,0.8193202146690519,0.6755555555555556,0.6956521739130435,0.6359223300970874,0.9915872125630959,0.41735537190082644,0.5042735042735043,0.8024498886414254,0.6732160848171026,0.8024498886414254,0.8184891913705472
f1-score,0.7084639498432601,0.8787878787878787,0.4727272727272727,0.7567567567567568,0.8042142230026339,0.6877828054298643,0.7463556851311953,0.6787564766839378,0.9495166487647692,0.51010101010101,0.6210526315789473,0.8180270178226814,0.7104104853461387,0.8074288709178605,0.8142303769422413
support,351.0,160.0,114.0,181.0,559.0,225.0,552.0,206.0,1783.0,242.0,117.0,4490.0,4490.0,4490.0,4490.0
