index,abnormal QRS,atrial fibrillation,incomplete right bundle branch block,left anterior fascicular block,left axis deviation,left ventricular hypertrophy,myocardial infarction,myocardial ischemia,sinus rhythm,t wave abnormal,ventricular ectopics,micro avg,macro avg,weighted avg,samples avg
precision,0.7689655172413793,0.8333333333333334,0.6444444444444445,0.7540983606557377,0.8006932409012132,0.8394160583941606,0.7824427480916031,0.7647058823529411,0.9171066525871172,0.6583333333333333,0.7326732673267327,0.8365160689333955,0.7723829853329088,0.8283592970714638,0.8534912636607552
recall,0.6353276353276354,0.9375,0.7631578947368421,0.7624309392265194,0.8264758497316637,0.5111111111111111,0.7427536231884058,0.5679611650485437,0.9742007851934941,0.32644628099173556,0.6324786324786325,0.8,0.6981676288213255,0.8,0.8149204894967607
f1-score,0.6957878315132605,0.8823529411764706,0.6987951807228916,0.7582417582417582,0.8133802816901408,0.6353591160220994,0.7620817843866171,0.6518105849582173,0.9447919499592059,0.43646408839779005,0.6788990825688073,0.8178506375227688,0.7234513272397508,0.8072381873443661,0.8108419625368778
support,351.0,160.0,114.0,181.0,559.0,225.0,552.0,206.0,1783.0,242.0,117.0,4490.0,4490.0,4490.0,4490.0
