index,1st degree av block,atrial fibrillation,premature atrial contraction,right bundle branch block,sinus rhythm,st depression,ventricular ectopics,micro avg,macro avg,weighted avg,samples avg
precision,0.8656716417910447,0.888,0.6153846153846154,0.9320388349514563,0.625,0.9,0.8627450980392157,0.8405103668261563,0.8126914557380474,0.8405781494665138,0.7168850072780204
recall,0.8285714285714286,0.9568965517241379,0.26666666666666666,0.9795918367346939,0.8045977011494253,0.4186046511627907,0.4943820224719101,0.7485795454545454,0.6784729797830077,0.7485795454545454,0.715429403202329
f1-score,0.8467153284671534,0.9211618257261411,0.37209302325581395,0.9552238805970149,0.7035175879396984,0.5714285714285715,0.6285714285714286,0.791885800150263,0.7141016637122602,0.7698381409172798,0.7115477923338185
support,70.0,116.0,60.0,196.0,87.0,86.0,89.0,704.0,704.0,704.0,704.0
