index,1st degree av block,atrial fibrillation,premature atrial contraction,right bundle branch block,sinus rhythm,st depression,ventricular ectopics,micro avg,macro avg,weighted avg,samples avg
precision,0.8656716417910447,0.9256198347107438,0.5357142857142857,0.9675675675675676,0.6666666666666666,0.8255813953488372,0.8181818181818182,0.8374816983894583,0.8007147442829947,0.8403028380058261,0.7559437166424067
recall,0.8285714285714286,0.9655172413793104,0.5,0.9132653061224489,0.7816091954022989,0.8255813953488372,0.6067415730337079,0.8125,0.7744694485511474,0.8125,0.7692867540029112
f1-score,0.8467153284671534,0.9451476793248945,0.5172413793103449,0.9396325459317585,0.7195767195767195,0.8255813953488372,0.6967741935483871,0.8248017303532806,0.7843813202154423,0.8234740673076915,0.7586123241145075
support,70.0,116.0,60.0,196.0,87.0,86.0,89.0,704.0,704.0,704.0,704.0
