index,1st degree av block,atrial fibrillation,premature atrial contraction,right bundle branch block,sinus rhythm,st depression,ventricular ectopics,micro avg,macro avg,weighted avg,samples avg
precision,0.8870967741935484,0.9565217391304348,0.4489795918367347,0.9536082474226805,0.7662337662337663,0.6944444444444444,0.7317073170731707,0.8238719068413392,0.7769416971906828,0.8215991463661936,0.7513343037360506
recall,0.7857142857142857,0.9482758620689655,0.36666666666666664,0.9438775510204082,0.6781609195402298,0.872093023255814,0.6741573033707865,0.8039772727272727,0.7527065159481652,0.8039772727272727,0.7671033478893741
f1-score,0.8333333333333333,0.9523809523809523,0.4036697247706422,0.9487179487179488,0.7195121951219511,0.7731958762886597,0.7017543859649121,0.813803019410496,0.761794916654057,0.8104076305849316,0.75254730713246
support,70.0,116.0,60.0,196.0,87.0,86.0,89.0,704.0,704.0,704.0,704.0
