index,abnormal QRS,atrial fibrillation,incomplete right bundle branch block,left anterior fascicular block,left axis deviation,left ventricular hypertrophy,myocardial infarction,myocardial ischemia,sinus rhythm,t wave abnormal,ventricular ectopics,micro avg,macro avg,weighted avg,samples avg
precision,0.8535564853556485,0.8076923076923077,0.6470588235294118,0.8766233766233766,0.8178438661710037,0.7591623036649214,0.8140043763676149,0.7043010752688172,0.9253891572732152,0.6229508196721312,0.8571428571428571,0.8485796822339914,0.7896114044328459,0.8429118016661018,0.8525500076347534
recall,0.5811965811965812,0.91875,0.6754385964912281,0.7458563535911602,0.7871198568872988,0.6444444444444445,0.6739130434782609,0.6359223300970874,0.9669097027481772,0.47107438016528924,0.3076923076923077,0.7850779510022272,0.6734834178901669,0.7850779510022272,0.8025096525096524
f1-score,0.6915254237288136,0.8596491228070176,0.6609442060085837,0.8059701492537314,0.8021877848678214,0.6971153846153846,0.7373637264618433,0.6683673469387755,0.945693911135491,0.536470588235294,0.45283018867924535,0.8155946321147618,0.714374348430182,0.8063383433444838,0.8046018622289809
support,351.0,160.0,114.0,181.0,559.0,225.0,552.0,206.0,1783.0,242.0,117.0,4490.0,4490.0,4490.0,4490.0
