index,abnormal QRS,atrial fibrillation,incomplete right bundle branch block,left anterior fascicular block,left axis deviation,left ventricular hypertrophy,myocardial infarction,myocardial ischemia,sinus rhythm,t wave abnormal,ventricular ectopics,micro avg,macro avg,weighted avg,samples avg
precision,0.7619047619047619,0.8881578947368421,0.7638888888888888,0.7647058823529411,0.7876712328767124,0.6811594202898551,0.7782101167315175,0.7547169811320755,0.9370208105147865,0.6504065040650406,0.7051282051282052,0.8395442677427012,0.770270063511057,0.8294539383183944,0.847303841371638
recall,0.6381766381766382,0.84375,0.4824561403508772,0.861878453038674,0.8228980322003577,0.6266666666666667,0.7246376811594203,0.5825242718446602,0.9596186203028604,0.3305785123966942,0.4700854700854701,0.7877505567928731,0.667570044202029,0.7877505567928731,0.8058994830181271
f1-score,0.6945736434108526,0.8653846153846154,0.5913978494623656,0.8103896103896103,0.8048993875765529,0.6527777777777777,0.7504690431519699,0.6575342465753424,0.9481850928234968,0.4383561643835616,0.5641025641025641,0.81282316442606,0.7070972722762463,0.803023986230021,0.8030722674790473
support,351.0,160.0,114.0,181.0,559.0,225.0,552.0,206.0,1783.0,242.0,117.0,4490.0,4490.0,4490.0,4490.0
