index,atrial fibrillation,left ventricular high voltage,nonspecific st t abnormality,sinus bradycardia,sinus rhythm,sinus tachycardia,supraventricular tachycardia,t wave abnormal,micro avg,macro avg,weighted avg,samples avg
precision,0.9147727272727273,0.8088235294117647,0.6627906976744186,0.9645569620253165,0.9086294416243654,0.9136690647482014,0.8103448275862069,0.7068965517241379,0.8739365815931941,0.8363104752583923,0.8674509527834713,0.8610026041666666
recall,0.9096045197740112,0.4296875,0.57,0.9844961240310077,0.9040404040404041,0.8523489932885906,0.7704918032786885,0.6684782608695652,0.8164739884393064,0.7611434506602834,0.8164739884393064,0.830078125
f1-score,0.9121813031161472,0.5612244897959183,0.6129032258064515,0.9744245524296675,0.9063291139240507,0.8819444444444444,0.7899159663865546,0.6871508379888268,0.8442286141202839,0.7907592417365077,0.8361047432334322,0.8321382068452381
support,177.0,128.0,100.0,387.0,198.0,149.0,61.0,184.0,1384.0,1384.0,1384.0,1384.0
