index,1st degree av block,atrial fibrillation,premature atrial contraction,right bundle branch block,sinus rhythm,st depression,ventricular ectopics,micro avg,macro avg,weighted avg,samples avg
precision,0.8548387096774194,0.9316239316239316,0.4727272727272727,0.9680851063829787,0.7361111111111112,0.7948717948717948,0.9056603773584906,0.8528,0.8091311862504283,0.8508804226861396,0.7096069868995634
recall,0.7571428571428571,0.9396551724137931,0.43333333333333335,0.9285714285714286,0.6091954022988506,0.7209302325581395,0.5393258426966292,0.7571022727272727,0.7040220384307189,0.7571022727272727,0.7161572052401747
f1-score,0.803030303030303,0.9356223175965666,0.4521739130434783,0.9479166666666666,0.6666666666666666,0.7560975609756098,0.676056338028169,0.8021068472535742,0.7482233951439229,0.7966758747599542,0.7088791848617176
support,70.0,116.0,60.0,196.0,87.0,86.0,89.0,704.0,704.0,704.0,704.0
