index,1st degree av block,atrial fibrillation,premature atrial contraction,right bundle branch block,sinus rhythm,st depression,ventricular ectopics,micro avg,macro avg,weighted avg,samples avg
precision,0.8405797101449275,0.9396551724137931,0.5416666666666666,0.9763313609467456,0.6538461538461539,0.782051282051282,0.7777777777777778,0.8386075949367089,0.7874154462639067,0.8310579180666974,0.7307132459970888
recall,0.8285714285714286,0.9396551724137931,0.21666666666666667,0.8418367346938775,0.7816091954022989,0.7093023255813954,0.6292134831460674,0.7528409090909091,0.7066935723536468,0.7528409090909091,0.7241630276564774
f1-score,0.8345323741007195,0.9396551724137931,0.30952380952380953,0.9041095890410958,0.7120418848167539,0.7439024390243903,0.6956521739130433,0.7934131736526946,0.7342024918333722,0.7827137378181104,0.7214944201843766
support,70.0,116.0,60.0,196.0,87.0,86.0,89.0,704.0,704.0,704.0,704.0
