index,atrial fibrillation,left ventricular high voltage,nonspecific st t abnormality,sinus bradycardia,sinus rhythm,sinus tachycardia,supraventricular tachycardia,t wave abnormal,micro avg,macro avg,weighted avg,samples avg
precision,0.9101123595505618,0.6985294117647058,0.6851851851851852,0.984251968503937,0.9128205128205128,0.9772727272727273,0.765625,0.7074468085106383,0.8719879518072289,0.8301554967010336,0.869328842734053,0.856689453125
recall,0.9152542372881356,0.7421875,0.37,0.9689922480620154,0.898989898989899,0.8657718120805369,0.8032786885245902,0.7228260869565217,0.8367052023121387,0.7859125589877124,0.8367052023121387,0.8391927083333333
f1-score,0.9126760563380282,0.7196969696969697,0.4805194805194805,0.9765625,0.9058524173027989,0.9181494661921707,0.784,0.7150537634408604,0.8539823008849557,0.8015638316862885,0.8491354416233361,0.8347888764880952
support,177.0,128.0,100.0,387.0,198.0,149.0,61.0,184.0,1384.0,1384.0,1384.0,1384.0
