index,abnormal QRS,atrial fibrillation,incomplete right bundle branch block,left anterior fascicular block,left axis deviation,left ventricular hypertrophy,myocardial infarction,myocardial ischemia,sinus rhythm,t wave abnormal,ventricular ectopics,micro avg,macro avg,weighted avg,samples avg
precision,0.7719869706840391,0.8372093023255814,0.7560975609756098,0.8364779874213837,0.7697160883280757,0.7252747252747253,0.7854406130268199,0.6508620689655172,0.9211222869242985,0.5899280575539568,0.7,0.8268003646308113,0.7585559692254552,0.817514719695027,0.8464127565822481
recall,0.6752136752136753,0.9,0.543859649122807,0.7348066298342542,0.8729874776386404,0.5866666666666667,0.7427536231884058,0.7330097087378641,0.975883342680875,0.33884297520661155,0.4188034188034188,0.8080178173719377,0.6838933788266565,0.8080178173719377,0.8197107519141418
f1-score,0.7203647416413373,0.8674698795180723,0.6326530612244897,0.7823529411764706,0.8181056160938808,0.6486486486486487,0.7635009310986964,0.6894977168949772,0.9477124183006537,0.4304461942257218,0.5240641711229946,0.8173011939626043,0.7113469381769039,0.80788024370042,0.8096350486180995
support,351.0,160.0,114.0,181.0,559.0,225.0,552.0,206.0,1783.0,242.0,117.0,4490.0,4490.0,4490.0,4490.0
