index,abnormal QRS,atrial fibrillation,incomplete right bundle branch block,left anterior fascicular block,left axis deviation,left ventricular hypertrophy,myocardial infarction,myocardial ischemia,sinus rhythm,t wave abnormal,ventricular ectopics,micro avg,macro avg,weighted avg,samples avg
precision,0.7612903225806451,0.8773006134969326,0.6869565217391305,0.8597560975609756,0.785483870967742,0.7268292682926829,0.7845528455284553,0.6939890710382514,0.9312809235843871,0.5865384615384616,0.7875,0.8320715760495526,0.7710434542116058,0.8273319780774591,0.843304321270423
recall,0.6723646723646723,0.89375,0.6929824561403509,0.7790055248618785,0.8711985688729875,0.6622222222222223,0.6992753623188406,0.616504854368932,0.950084127874369,0.5041322314049587,0.5384615384615384,0.8077951002227172,0.7163619598991592,0.8077951002227172,0.8208788691839539
f1-score,0.7140695915279879,0.8854489164086687,0.6899563318777292,0.8173913043478261,0.8261238337574216,0.6930232558139535,0.7394636015325671,0.652956298200514,0.94058856191005,0.5422222222222222,0.6395939086294417,0.8197536444796022,0.7400761660207621,0.8156924572938957,0.8086055136902593
support,351.0,160.0,114.0,181.0,559.0,225.0,552.0,206.0,1783.0,242.0,117.0,4490.0,4490.0,4490.0,4490.0
