index,atrial fibrillation,left ventricular high voltage,nonspecific st t abnormality,sinus bradycardia,sinus rhythm,sinus tachycardia,supraventricular tachycardia,t wave abnormal,micro avg,macro avg,weighted avg,samples avg
precision,0.8269230769230769,0.7230769230769231,0.5643564356435643,0.9481481481481482,0.95,0.9492753623188406,0.7586206896551724,0.6617647058823529,0.8342696629213483,0.7977706677060098,0.8380569397425911,0.8463541666666667
recall,0.9717514124293786,0.734375,0.57,0.9922480620155039,0.8636363636363636,0.8791946308724832,0.7213114754098361,0.7336956521739131,0.8583815028901735,0.8082765745671847,0.8583815028901735,0.8568522135416667
f1-score,0.8935064935064935,0.7286821705426355,0.5671641791044776,0.9696969696969696,0.9047619047619048,0.9128919860627177,0.7394957983193277,0.6958762886597939,0.8461538461538463,0.80150947383179,0.8466223672256972,0.8370954241071429
support,177.0,128.0,100.0,387.0,198.0,149.0,61.0,184.0,1384.0,1384.0,1384.0,1384.0
