index,1st degree av block,atrial fibrillation,premature atrial contraction,right bundle branch block,sinus rhythm,st depression,ventricular ectopics,micro avg,macro avg,weighted avg,samples avg
precision,0.7894736842105263,0.9478260869565217,0.5555555555555556,0.9441340782122905,0.6388888888888888,0.7040816326530612,0.873015873015873,0.8234398782343988,0.778996542784674,0.8202093225632741,0.7358078602620087
recall,0.8571428571428571,0.9396551724137931,0.16666666666666666,0.8622448979591837,0.7931034482758621,0.8023255813953488,0.6179775280898876,0.7684659090909091,0.7198737359919427,0.7684659090909091,0.7372634643377002
f1-score,0.8219178082191781,0.9437229437229439,0.2564102564102564,0.9013333333333333,0.7076923076923076,0.7500000000000001,0.7236842105263157,0.7950036737692874,0.7292515514149052,0.7805812248170817,0.730228044638525
support,70.0,116.0,60.0,196.0,87.0,86.0,89.0,704.0,704.0,704.0,704.0
