index,atrial fibrillation,left ventricular high voltage,nonspecific st t abnormality,sinus bradycardia,sinus rhythm,sinus tachycardia,supraventricular tachycardia,t wave abnormal,micro avg,macro avg,weighted avg,samples avg
precision,0.896551724137931,0.7916666666666666,0.6705882352941176,0.9720101781170484,0.9025641025641026,0.9054054054054054,0.78125,0.6701030927835051,0.860637509266123,0.8237674256210971,0.8582500489535545,0.8594563802083333
recall,0.8813559322033898,0.59375,0.57,0.9870801033591732,0.8888888888888888,0.8993288590604027,0.819672131147541,0.7065217391304348,0.8388728323699421,0.7933247067237288,0.8388728323699421,0.8441569010416666
f1-score,0.888888888888889,0.6785714285714286,0.6162162162162161,0.9794871794871794,0.8956743002544529,0.9023569023569022,0.8,0.6878306878306877,0.8496158068057079,0.8061282004507195,0.84684188781506,0.838871837797619
support,177.0,128.0,100.0,387.0,198.0,149.0,61.0,184.0,1384.0,1384.0,1384.0,1384.0
