index,atrial fibrillation,left ventricular high voltage,nonspecific st t abnormality,sinus bradycardia,sinus rhythm,sinus tachycardia,supraventricular tachycardia,t wave abnormal,micro avg,macro avg,weighted avg,samples avg
precision,0.9239766081871345,0.7092198581560284,0.6395348837209303,0.9693877551020408,0.9282051282051282,0.9496402877697842,0.7323943661971831,0.7686567164179104,0.873589164785553,0.8276269504695175,0.870535015542568,0.8671875
recall,0.8926553672316384,0.78125,0.55,0.9819121447028424,0.9141414141414141,0.8859060402684564,0.8524590163934426,0.5597826086956522,0.8388728323699421,0.8022633239291808,0.8388728323699421,0.84716796875
f1-score,0.9080459770114941,0.7434944237918215,0.5913978494623656,0.975609756097561,0.9211195928753181,0.9166666666666667,0.787878787878788,0.6477987421383649,0.8558791006266125,0.8115014744902975,0.851743332419864,0.8430571056547619
support,177.0,128.0,100.0,387.0,198.0,149.0,61.0,184.0,1384.0,1384.0,1384.0,1384.0
