index,atrial fibrillation,left ventricular high voltage,nonspecific st t abnormality,sinus bradycardia,sinus rhythm,sinus tachycardia,supraventricular tachycardia,t wave abnormal,micro avg,macro avg,weighted avg,samples avg
precision,0.9195402298850575,0.7153846153846154,0.5631067961165048,0.9718670076726342,0.9,0.8719512195121951,0.7903225806451613,0.7608695652173914,0.8575624082232012,0.8116302518041949,0.8548276532995072,0.8609212239583333
recall,0.903954802259887,0.7265625,0.58,0.9819121447028424,0.9090909090909091,0.959731543624161,0.8032786885245902,0.5706521739130435,0.8439306358381503,0.8043978452644291,0.8439306358381503,0.8534342447916666
f1-score,0.9116809116809117,0.7209302325581396,0.5714285714285715,0.9768637532133676,0.9045226130653266,0.9137380191693291,0.7967479674796747,0.6521739130434783,0.8506919155134741,0.8060107477048499,0.847311986293944,0.8431361607142858
support,177.0,128.0,100.0,387.0,198.0,149.0,61.0,184.0,1384.0,1384.0,1384.0,1384.0
