index,abnormal QRS,atrial fibrillation,incomplete right bundle branch block,left anterior fascicular block,left axis deviation,left ventricular hypertrophy,myocardial infarction,myocardial ischemia,sinus rhythm,t wave abnormal,ventricular ectopics,micro avg,macro avg,weighted avg,samples avg
precision,0.7291666666666666,0.9115646258503401,0.7317073170731707,0.7416267942583732,0.8245614035087719,0.7087378640776699,0.7203791469194313,0.7109826589595376,0.9210386857445682,0.625,0.7710843373493976,0.8238365493757094,0.7632590454916297,0.8168426122538254,0.8404401980673167
recall,0.698005698005698,0.8375,0.5263157894736842,0.856353591160221,0.7567084078711985,0.6488888888888888,0.8260869565217391,0.5970873786407767,0.9747616376892877,0.3512396694214876,0.5470085470085471,0.8082405345211582,0.6927233240619571,0.8082405345211582,0.8196573086403595
f1-score,0.7132459970887919,0.8729641693811075,0.6122448979591836,0.7948717948717949,0.789179104477612,0.6774941995359629,0.769620253164557,0.6490765171503958,0.9471389645776567,0.4497354497354497,0.64,0.8159640247329962,0.7195973952675011,0.8080809653841023,0.8076648246139772
support,351.0,160.0,114.0,181.0,559.0,225.0,552.0,206.0,1783.0,242.0,117.0,4490.0,4490.0,4490.0,4490.0
