index,atrial fibrillation,left ventricular high voltage,nonspecific st t abnormality,sinus bradycardia,sinus rhythm,sinus tachycardia,supraventricular tachycardia,t wave abnormal,micro avg,macro avg,weighted avg,samples avg
precision,0.8,0.6730769230769231,0.5208333333333334,0.9845360824742269,0.9731182795698925,0.9271523178807947,0.8085106382978723,0.6809815950920245,0.8481203007518797,0.7960261462156335,0.8426990755468823,0.845703125
recall,0.8813559322033898,0.546875,0.5,0.9870801033591732,0.9141414141414141,0.9395973154362416,0.6229508196721312,0.6032608695652174,0.815028901734104,0.7494076817971959,0.815028901734104,0.8309733072916667
f1-score,0.8387096774193548,0.603448275862069,0.5102040816326531,0.9858064516129033,0.9427083333333334,0.9333333333333333,0.7037037037037038,0.6397694524495676,0.8312453942520266,0.7697104136683648,0.8270136697936001,0.8232607886904761
support,177.0,128.0,100.0,387.0,198.0,149.0,61.0,184.0,1384.0,1384.0,1384.0,1384.0
