index,atrial fibrillation,left ventricular high voltage,nonspecific st t abnormality,sinus bradycardia,sinus rhythm,sinus tachycardia,supraventricular tachycardia,t wave abnormal,micro avg,macro avg,weighted avg,samples avg
precision,0.8457142857142858,0.6451612903225806,0.6486486486486487,0.9846153846153847,0.9574468085106383,0.9440559440559441,0.7704918032786885,0.7152777777777778,0.8714511041009464,0.8139264928654936,0.8576828087458749,0.8578287760416667
recall,0.8361581920903954,0.46875,0.48,0.9922480620155039,0.9090909090909091,0.9060402684563759,0.7704918032786885,0.5597826086956522,0.7984104046242775,0.7403202304534406,0.7984104046242775,0.8193359375
f1-score,0.8409090909090908,0.5429864253393666,0.5517241379310345,0.9884169884169884,0.9326424870466321,0.9246575342465754,0.7704918032786885,0.6280487804878049,0.8333333333333335,0.7724846559570226,0.8244444512229443,0.8241815476190475
support,177.0,128.0,100.0,387.0,198.0,149.0,61.0,184.0,1384.0,1384.0,1384.0,1384.0
