index,atrial fibrillation,left ventricular high voltage,nonspecific st t abnormality,sinus bradycardia,sinus rhythm,sinus tachycardia,supraventricular tachycardia,t wave abnormal,micro avg,macro avg,weighted avg,samples avg
precision,0.8457142857142858,0.7397260273972602,0.4811320754716981,0.9870466321243523,0.9633507853403142,0.8703703703703703,0.7966101694915254,0.6912751677852349,0.8524212144504227,0.7969031892118801,0.8458765217858423,0.856689453125
recall,0.8361581920903954,0.421875,0.51,0.9844961240310077,0.9292929292929293,0.9463087248322147,0.7704918032786885,0.5597826086956522,0.8013005780346821,0.7448006727776109,0.8013005780346821,0.8272298177083333
f1-score,0.8409090909090908,0.5373134328358209,0.49514563106796117,0.9857697283311773,0.9460154241645244,0.9067524115755626,0.7833333333333333,0.6186186186186187,0.8260707635009311,0.764232208854511,0.8183893055876804,0.8247814360119048
support,177.0,128.0,100.0,387.0,198.0,149.0,61.0,184.0,1384.0,1384.0,1384.0,1384.0
