index,1st degree av block,atrial fibrillation,premature atrial contraction,right bundle branch block,sinus rhythm,st depression,ventricular ectopics,micro avg,macro avg,weighted avg,samples avg
precision,0.8108108108108109,0.9391304347826087,0.34375,0.8666666666666667,0.6261682242990654,0.7375,0.8490566037735849,0.7893915756630265,0.7390118200475337,0.780760265778514,0.6700630761766133
recall,0.8571428571428571,0.9310344827586207,0.18333333333333332,0.7959183673469388,0.7701149425287356,0.686046511627907,0.5056179775280899,0.71875,0.6756012103237831,0.71875,0.6870451237263464
f1-score,0.8333333333333334,0.935064935064935,0.23913043478260868,0.8297872340425533,0.6907216494845361,0.7108433734939759,0.6338028169014085,0.7524163568773234,0.6960976824433358,0.7406544802415124,0.6704997573993207
support,70.0,116.0,60.0,196.0,87.0,86.0,89.0,704.0,704.0,704.0,704.0
