index,abnormal QRS,atrial fibrillation,incomplete right bundle branch block,left anterior fascicular block,left axis deviation,left ventricular hypertrophy,myocardial infarction,myocardial ischemia,sinus rhythm,t wave abnormal,ventricular ectopics,micro avg,macro avg,weighted avg,samples avg
precision,0.7464788732394366,0.8260869565217391,0.5871559633027523,0.8562874251497006,0.773286467486819,0.6774193548387096,0.774712643678161,0.6100917431192661,0.9400769653655855,0.5677083333333334,0.7294117647058823,0.8223399133365431,0.7353378627946714,0.8135862788997726,0.8408535654298367
recall,0.452991452991453,0.83125,0.5614035087719298,0.7900552486187845,0.7871198568872988,0.56,0.6105072463768116,0.6456310679611651,0.9590577678070668,0.45041322314049587,0.5299145299145299,0.7608017817371938,0.6525767184063214,0.7608017817371938,0.7881181423554305
f1-score,0.5638297872340425,0.8286604361370717,0.5739910313901345,0.82183908045977,0.7801418439716312,0.613138686131387,0.6828774062816616,0.6273584905660378,0.9494725152692948,0.5023041474654378,0.6138613861386139,0.7903748264692272,0.6870431646404621,0.7820058639903263,0.7880695524763321
support,351.0,160.0,114.0,181.0,559.0,225.0,552.0,206.0,1783.0,242.0,117.0,4490.0,4490.0,4490.0,4490.0
