index,atrial fibrillation,left ventricular high voltage,nonspecific st t abnormality,sinus bradycardia,sinus rhythm,sinus tachycardia,supraventricular tachycardia,t wave abnormal,micro avg,macro avg,weighted avg,samples avg
precision,0.8636363636363636,0.5833333333333334,0.61,0.982051282051282,0.9438775510204082,0.9432624113475178,0.6883116883116883,0.6712328767123288,0.8455772113943029,0.7857131883016152,0.8392426776582743,0.8606770833333333
recall,0.8587570621468926,0.4921875,0.61,0.9896640826873385,0.9343434343434344,0.8926174496644296,0.8688524590163934,0.532608695652174,0.815028901734104,0.7723788354388328,0.815028901734104,0.8363444010416666
f1-score,0.8611898016997167,0.5338983050847457,0.61,0.9858429858429858,0.9390862944162437,0.9172413793103449,0.7681159420289856,0.593939393939394,0.8300220750551877,0.776164262790302,0.8251725334054965,0.8301153273809524
support,177.0,128.0,100.0,387.0,198.0,149.0,61.0,184.0,1384.0,1384.0,1384.0,1384.0
