index,atrial fibrillation,left ventricular high voltage,nonspecific st t abnormality,sinus bradycardia,sinus rhythm,sinus tachycardia,supraventricular tachycardia,t wave abnormal,micro avg,macro avg,weighted avg,samples avg
precision,0.8166666666666667,0.7088607594936709,0.7407407407407407,0.979539641943734,0.9562841530054644,0.9552238805970149,0.8108108108108109,0.6982248520710059,0.8777506112469438,0.8332939381661386,0.8656398449899211,0.8368326822916666
recall,0.8305084745762712,0.4375,0.4,0.9896640826873385,0.8838383838383839,0.8590604026845637,0.4918032786885246,0.6413043478260869,0.778179190751445,0.6917098712876462,0.778179190751445,0.7975260416666666
f1-score,0.8235294117647058,0.5410628019323671,0.5194805194805194,0.9845758354755785,0.9186351706036745,0.9045936395759717,0.6122448979591837,0.6685552407932012,0.8249712753734201,0.7465846896981503,0.8128865346565053,0.8029366629464285
support,177.0,128.0,100.0,387.0,198.0,149.0,61.0,184.0,1384.0,1384.0,1384.0,1384.0
