index,1st degree av block,atrial fibrillation,premature atrial contraction,right bundle branch block,sinus rhythm,st depression,ventricular ectopics,micro avg,macro avg,weighted avg,samples avg
precision,0.84375,0.9304347826086956,0.4067796610169492,0.8979591836734694,0.5263157894736842,0.7831325301204819,0.7704918032786885,0.7771173848439822,0.7369805357388527,0.7799891423437512,0.6698204754973314
recall,0.7714285714285715,0.9224137931034483,0.4,0.8979591836734694,0.5747126436781609,0.7558139534883721,0.5280898876404494,0.7428977272727273,0.6929168618589246,0.7428977272727273,0.7023289665211062
f1-score,0.8059701492537314,0.9264069264069263,0.40336134453781514,0.8979591836734694,0.5494505494505495,0.7692307692307692,0.6266666666666666,0.7596223674655047,0.7112922270314183,0.758255925955413,0.6774866569626395
support,70.0,116.0,60.0,196.0,87.0,86.0,89.0,704.0,704.0,704.0,704.0
