index,abnormal QRS,atrial fibrillation,incomplete right bundle branch block,left anterior fascicular block,left axis deviation,left ventricular hypertrophy,myocardial infarction,myocardial ischemia,sinus rhythm,t wave abnormal,ventricular ectopics,micro avg,macro avg,weighted avg,samples avg
precision,0.7149122807017544,0.8143712574850299,0.5567010309278351,0.7643979057591623,0.826171875,0.64,0.7592190889370932,0.6885245901639344,0.9349015317286652,0.5271739130434783,0.6623376623376623,0.8195251937984496,0.7171555578258741,0.8066386760593288,0.837622974063652
recall,0.46438746438746437,0.85,0.47368421052631576,0.8066298342541437,0.7567084078711985,0.5688888888888889,0.6340579710144928,0.6116504854368932,0.9584969153112731,0.40082644628099173,0.4358974358974359,0.7534521158129176,0.6328389145335543,0.7534521158129176,0.7818805488297014
f1-score,0.5630397236614854,0.8318042813455658,0.5118483412322276,0.7849462365591398,0.7899159663865547,0.6023529411764706,0.6910167818361304,0.6478149100257069,0.9465522016062032,0.45539906103286387,0.5257731958762887,0.785100951496867,0.6682239673398761,0.7756235616710733,0.7839007127142721
support,351.0,160.0,114.0,181.0,559.0,225.0,552.0,206.0,1783.0,242.0,117.0,4490.0,4490.0,4490.0,4490.0
