index,1st degree av block,atrial fibrillation,premature atrial contraction,right bundle branch block,sinus rhythm,st depression,ventricular ectopics,micro avg,macro avg,weighted avg,samples avg
precision,0.8333333333333334,0.963302752293578,0.5,0.9301075268817204,0.7,0.7654320987654321,0.7924528301886793,0.8451400329489291,0.7835183630661061,0.8233423156943538,0.6940805434255216
recall,0.8571428571428571,0.9051724137931034,0.13333333333333333,0.8826530612244898,0.7241379310344828,0.7209302325581395,0.47191011235955055,0.7286931818181818,0.6707542773494223,0.7286931818181818,0.6972343522561864
f1-score,0.8450704225352113,0.9333333333333333,0.2105263157894737,0.9057591623036648,0.711864406779661,0.7425149700598802,0.5915492957746479,0.782608695652174,0.7058025580822674,0.761389700485713,0.6894711305191654
support,70.0,116.0,60.0,196.0,87.0,86.0,89.0,704.0,704.0,704.0,704.0
