index,1st degree av block,atrial fibrillation,premature atrial contraction,right bundle branch block,sinus rhythm,st depression,ventricular ectopics,micro avg,macro avg,weighted avg,samples avg
precision,0.8,0.9473684210526315,0.6666666666666666,0.9447513812154696,0.6785714285714286,0.7887323943661971,0.6825396825396826,0.8363939899833055,0.7869471392017252,0.8219868458914434,0.6706695778748181
recall,0.7428571428571429,0.9310344827586207,0.23333333333333334,0.8724489795918368,0.6551724137931034,0.6511627906976745,0.48314606741573035,0.7116477272727273,0.6527364586353489,0.7116477272727273,0.6790393013100436
f1-score,0.7703703703703704,0.9391304347826087,0.34567901234567905,0.9071618037135278,0.6666666666666666,0.7133757961783439,0.5657894736842105,0.7689946277820415,0.7011676511059154,0.7544248469581434,0.6677341096555071
support,70.0,116.0,60.0,196.0,87.0,86.0,89.0,704.0,704.0,704.0,704.0
