index,abnormal QRS,atrial fibrillation,incomplete right bundle branch block,left anterior fascicular block,left axis deviation,left ventricular hypertrophy,myocardial infarction,myocardial ischemia,sinus rhythm,t wave abnormal,ventricular ectopics,micro avg,macro avg,weighted avg,samples avg
precision,0.632183908045977,0.8986486486486487,0.5576923076923077,0.7205882352941176,0.7785714285714286,0.6972972972972973,0.7169811320754716,0.6666666666666666,0.9371554575523704,0.5706521739130435,0.7142857142857143,0.807005171603197,0.7173384518220948,0.7967753682293219,0.8191741378182056
recall,0.4700854700854701,0.83125,0.5087719298245614,0.8121546961325967,0.7799642218246869,0.5733333333333334,0.6884057971014492,0.5825242718446602,0.9534492428491307,0.43388429752066116,0.5128205128205128,0.7645879732739421,0.6496948884851875,0.7645879732739421,0.7867133477302969
f1-score,0.5392156862745098,0.8636363636363638,0.5321100917431193,0.7636363636363638,0.7792672028596962,0.6292682926829269,0.7024029574861368,0.621761658031088,0.9452321378926885,0.49295774647887325,0.5970149253731343,0.7852241537053979,0.6787730387359,0.7781349099018389,0.7771971017733729
support,351.0,160.0,114.0,181.0,559.0,225.0,552.0,206.0,1783.0,242.0,117.0,4490.0,4490.0,4490.0,4490.0
