index,abnormal QRS,atrial fibrillation,incomplete right bundle branch block,left anterior fascicular block,left axis deviation,left ventricular hypertrophy,myocardial infarction,myocardial ischemia,sinus rhythm,t wave abnormal,ventricular ectopics,micro avg,macro avg,weighted avg,samples avg
precision,0.6654275092936803,0.770949720670391,0.6575342465753424,0.7989130434782609,0.7771535580524345,0.700507614213198,0.731610337972167,0.6137339055793991,0.9407202216066483,0.5706214689265536,0.7384615384615385,0.8113296989808011,0.7241484695299648,0.8019142249248667,0.8362334489453134
recall,0.50997150997151,0.8625,0.42105263157894735,0.8121546961325967,0.7423971377459749,0.6133333333333333,0.6666666666666666,0.6941747572815534,0.9523275378575434,0.41735537190082644,0.41025641025641024,0.7623608017817372,0.6456536411568512,0.7623608017817372,0.7892513578954257
f1-score,0.5774193548387097,0.8141592920353983,0.5133689839572193,0.8054794520547944,0.7593778591033852,0.6540284360189573,0.6976303317535546,0.6514806378132117,0.9464882943143813,0.48210023866348445,0.5274725274725275,0.7860833620392698,0.6753641280023295,0.7782120876082459,0.7860237741593673
support,351.0,160.0,114.0,181.0,559.0,225.0,552.0,206.0,1783.0,242.0,117.0,4490.0,4490.0,4490.0,4490.0
