index,abnormal QRS,atrial fibrillation,incomplete right bundle branch block,left anterior fascicular block,left axis deviation,left ventricular hypertrophy,myocardial infarction,myocardial ischemia,sinus rhythm,t wave abnormal,ventricular ectopics,micro avg,macro avg,weighted avg,samples avg
precision,0.7091633466135459,0.8506493506493507,0.6170212765957447,0.7857142857142857,0.7839285714285714,0.6759776536312849,0.772823779193206,0.7333333333333333,0.939443535188216,0.5506607929515418,0.7171717171717171,0.823962040332147,0.739626149315527,0.814643252635263,0.8378749209257683
recall,0.5071225071225072,0.81875,0.5087719298245614,0.7900552486187845,0.7853309481216458,0.5377777777777778,0.6594202898550725,0.587378640776699,0.96578799775659,0.5165289256198347,0.6068376068376068,0.7734966592427617,0.6621601702100982,0.7734966592427617,0.7965785397988788
f1-score,0.5913621262458472,0.8343949044585987,0.5576923076923077,0.7878787878787878,0.7846291331546024,0.5990099009900991,0.7116324535679375,0.6522911051212937,0.952433628318584,0.533049040511727,0.6574074074074073,0.797932222860425,0.6965255268497447,0.7910770520382794,0.7931087007358194
support,351.0,160.0,114.0,181.0,559.0,225.0,552.0,206.0,1783.0,242.0,117.0,4490.0,4490.0,4490.0,4490.0
