index,abnormal QRS,atrial fibrillation,incomplete right bundle branch block,left anterior fascicular block,left axis deviation,left ventricular hypertrophy,myocardial infarction,myocardial ischemia,sinus rhythm,t wave abnormal,ventricular ectopics,micro avg,macro avg,weighted avg,samples avg
precision,0.6788321167883211,0.8992805755395683,0.5714285714285714,0.7258883248730964,0.8106617647058824,0.6927083333333334,0.6732283464566929,0.6858638743455497,0.9257665411511565,0.6585365853658537,0.6966292134831461,0.8114190950011846,0.7289840224973791,0.8000280913947355,0.8247169687847654
recall,0.5299145299145299,0.78125,0.5263157894736842,0.7900552486187845,0.7889087656529516,0.5911111111111111,0.6195652173913043,0.6359223300970874,0.9652271452607964,0.3347107438016529,0.5299145299145299,0.7628062360801782,0.6448086737487666,0.7628062360801782,0.7862956176515499
f1-score,0.5952000000000001,0.8361204013377926,0.547945205479452,0.7566137566137566,0.799637352674524,0.6378896882494004,0.6452830188679245,0.6599496221662469,0.9450851180669961,0.4438356164383562,0.6019417475728156,0.7863620709447824,0.6790455934061149,0.776770108090393,0.7801760767862463
support,351.0,160.0,114.0,181.0,559.0,225.0,552.0,206.0,1783.0,242.0,117.0,4490.0,4490.0,4490.0,4490.0
