index,atrial fibrillation,left ventricular high voltage,nonspecific st t abnormality,sinus bradycardia,sinus rhythm,sinus tachycardia,supraventricular tachycardia,t wave abnormal,micro avg,macro avg,weighted avg,samples avg
precision,0.6473214285714286,0.6891891891891891,0.5909090909090909,0.9896103896103896,0.9742268041237113,0.9032258064516129,0.7358490566037735,0.6804733727810651,0.8286140089418778,0.7763506422800326,0.8254578644261709,0.8450520833333333
recall,0.8192090395480226,0.3984375,0.52,0.9844961240310077,0.9545454545454546,0.9395973154362416,0.639344262295082,0.625,0.8034682080924855,0.735078711981976,0.8034682080924855,0.8271484375
f1-score,0.7231920199501246,0.504950495049505,0.5531914893617023,0.9870466321243523,0.9642857142857142,0.9210526315789472,0.6842105263157895,0.6515580736543909,0.8158473954512105,0.7486859477900658,0.8090562049547029,0.8206705729166667
support,177.0,128.0,100.0,387.0,198.0,149.0,61.0,184.0,1384.0,1384.0,1384.0,1384.0
