index,atrial fibrillation,left ventricular high voltage,nonspecific st t abnormality,sinus bradycardia,sinus rhythm,sinus tachycardia,supraventricular tachycardia,t wave abnormal,micro avg,macro avg,weighted avg,samples avg
precision,0.8529411764705882,0.6,0.527027027027027,0.9845360824742269,0.953125,0.875,0.7346938775510204,0.726027397260274,0.8508977361436377,0.7816688200978921,0.8374189830072436,0.8333333333333333
recall,0.8192090395480226,0.515625,0.39,0.9870801033591732,0.9242424242424242,0.8926174496644296,0.5901639344262295,0.5760869565217391,0.7875722543352601,0.7118781134702522,0.7875722543352601,0.8119303385416667
f1-score,0.8357348703170029,0.5546218487394958,0.4482758620689655,0.9858064516129033,0.9384615384615383,0.883720930232558,0.6545454545454545,0.6424242424242426,0.8180112570356473,0.7429488998002701,0.8098804105630232,0.8064871651785714
support,177.0,128.0,100.0,387.0,198.0,149.0,61.0,184.0,1384.0,1384.0,1384.0,1384.0
