index,1st degree av block,atrial fibrillation,premature atrial contraction,right bundle branch block,sinus rhythm,st depression,ventricular ectopics,micro avg,macro avg,weighted avg,samples avg
precision,0.8405797101449275,0.9008264462809917,0.4166666666666667,0.9361702127659575,0.6976744186046512,0.7195121951219512,0.8478260869565217,0.8295454545454546,0.7656079623630953,0.8094574632373445,0.6853469189713731
recall,0.8285714285714286,0.9396551724137931,0.16666666666666666,0.8979591836734694,0.6896551724137931,0.686046511627907,0.43820224719101125,0.7258522727272727,0.6638223403654385,0.7258522727272727,0.6943231441048034
f1-score,0.8345323741007195,0.9198312236286921,0.23809523809523808,0.9166666666666666,0.6936416184971099,0.7023809523809523,0.5777777777777778,0.7742424242424243,0.6975608358781651,0.7546077755917504,0.6836487142163998
support,70.0,116.0,60.0,196.0,87.0,86.0,89.0,704.0,704.0,704.0,704.0
