index,abnormal QRS,atrial fibrillation,incomplete right bundle branch block,left anterior fascicular block,left axis deviation,left ventricular hypertrophy,myocardial infarction,myocardial ischemia,sinus rhythm,t wave abnormal,ventricular ectopics,micro avg,macro avg,weighted avg,samples avg
precision,0.7276995305164319,0.8723404255319149,0.5086206896551724,0.6995073891625616,0.7935606060606061,0.7758620689655172,0.71900826446281,0.7613636363636364,0.9363091997822537,0.5728643216080402,0.7662337662337663,0.8216007714561234,0.739397263485701,0.8127428139031719,0.8348657374081103
recall,0.4415954415954416,0.76875,0.5175438596491229,0.7845303867403315,0.7495527728085868,0.6,0.6304347826086957,0.6504854368932039,0.9646662927650028,0.47107438016528924,0.5042735042735043,0.7590200445434299,0.6439006234090162,0.7590200445434299,0.7856248500316296
f1-score,0.5496453900709221,0.8172757475083057,0.5130434782608696,0.7395833333333334,0.7709291628334867,0.6766917293233082,0.6718146718146718,0.7015706806282723,0.9502762430939226,0.5170068027210885,0.6082474226804123,0.7890715443389673,0.6832804238425992,0.780675863628654,0.7829326092037957
support,351.0,160.0,114.0,181.0,559.0,225.0,552.0,206.0,1783.0,242.0,117.0,4490.0,4490.0,4490.0,4490.0
