index,atrial fibrillation,left ventricular high voltage,nonspecific st t abnormality,sinus bradycardia,sinus rhythm,sinus tachycardia,supraventricular tachycardia,t wave abnormal,micro avg,macro avg,weighted avg,samples avg
precision,0.8516483516483516,0.6842105263157895,0.5492957746478874,0.9820971867007673,0.9359605911330049,0.9276315789473685,0.7424242424242424,0.6962025316455697,0.8596358118361154,0.7961838479328727,0.8455551598600588,0.86337890625
recall,0.8757062146892656,0.5078125,0.39,0.9922480620155039,0.9595959595959596,0.9463087248322147,0.8032786885245902,0.5978260869565217,0.8186416184971098,0.759097029576757,0.8186416184971098,0.84228515625
f1-score,0.863509749303621,0.5829596412556054,0.45614035087719296,0.9871465295629821,0.9476309226932668,0.9368770764119602,0.7716535433070867,0.6432748538011697,0.8386380458919319,0.7736490834016105,0.8293055260519134,0.836093284970238
support,177.0,128.0,100.0,387.0,198.0,149.0,61.0,184.0,1384.0,1384.0,1384.0,1384.0
