index,abnormal QRS,atrial fibrillation,incomplete right bundle branch block,left anterior fascicular block,left axis deviation,left ventricular hypertrophy,myocardial infarction,myocardial ischemia,sinus rhythm,t wave abnormal,ventricular ectopics,micro avg,macro avg,weighted avg,samples avg
precision,0.6653225806451613,0.7953216374269005,0.5109489051094891,0.6517857142857143,0.7504553734061931,0.7215909090909091,0.7381443298969073,0.7195121951219512,0.9359116022099447,0.5904255319148937,0.6039603960396039,0.7989654361627087,0.6984890159225152,0.7921638083833078,0.8163416443077459
recall,0.4700854700854701,0.85,0.6140350877192983,0.8066298342541437,0.7370304114490162,0.5644444444444444,0.6485507246376812,0.5728155339805825,0.950084127874369,0.45867768595041325,0.5213675213675214,0.7567928730512249,0.6539746219784491,0.7567928730512249,0.7816166044979606
f1-score,0.5509181969949917,0.8217522658610271,0.5577689243027888,0.7209876543209877,0.7436823104693141,0.6334164588528678,0.6904532304725169,0.6378378378378378,0.9429446145282494,0.5162790697674419,0.5596330275229358,0.7773075603339815,0.6705157809937234,0.7709099803793011,0.772251362929329
support,351.0,160.0,114.0,181.0,559.0,225.0,552.0,206.0,1783.0,242.0,117.0,4490.0,4490.0,4490.0,4490.0
