index,atrial fibrillation,left ventricular high voltage,nonspecific st t abnormality,sinus bradycardia,sinus rhythm,sinus tachycardia,supraventricular tachycardia,t wave abnormal,micro avg,macro avg,weighted avg,samples avg
precision,0.8628571428571429,0.7580645161290323,0.5471698113207547,0.9795918367346939,0.968421052631579,0.9428571428571428,0.7796610169491526,0.7414965986394558,0.8741148701809599,0.8225148897648693,0.8669109632868189,0.8611653645833333
recall,0.8531073446327684,0.3671875,0.58,0.9922480620155039,0.9292929292929293,0.8859060402684564,0.7540983606557377,0.592391304347826,0.8027456647398844,0.7442789426516527,0.8027456647398844,0.8229166666666667
f1-score,0.8579545454545455,0.4947368421052631,0.5631067961165048,0.9858793324775352,0.9484536082474226,0.9134948096885813,0.7666666666666666,0.6586102719033232,0.8369114877589454,0.7736128590824803,0.8272295877087076,0.8263253348214286
support,177.0,128.0,100.0,387.0,198.0,149.0,61.0,184.0,1384.0,1384.0,1384.0,1384.0
