index,atrial fibrillation,left ventricular high voltage,nonspecific st t abnormality,sinus bradycardia,sinus rhythm,sinus tachycardia,supraventricular tachycardia,t wave abnormal,micro avg,macro avg,weighted avg,samples avg
precision,0.8522727272727273,0.6373626373626373,0.71875,0.9845758354755784,0.9538461538461539,0.896774193548387,0.7647058823529411,0.6966292134831461,0.8647416413373861,0.8131145804176965,0.8545146430949534,0.8677571614583333
recall,0.847457627118644,0.453125,0.46,0.9896640826873385,0.9393939393939394,0.9328859060402684,0.8524590163934426,0.6739130434782609,0.8222543352601156,0.7686123268889867,0.8222543352601156,0.8440755208333334
f1-score,0.8498583569405099,0.5296803652968036,0.5609756097560976,0.9871134020618556,0.9465648854961831,0.9144736842105262,0.8062015503875968,0.6850828729281768,0.842962962962963,0.7849938408847188,0.8347141856777816,0.8390625
support,177.0,128.0,100.0,387.0,198.0,149.0,61.0,184.0,1384.0,1384.0,1384.0,1384.0
