index,abnormal QRS,atrial fibrillation,incomplete right bundle branch block,left anterior fascicular block,left axis deviation,left ventricular hypertrophy,myocardial infarction,myocardial ischemia,sinus rhythm,t wave abnormal,ventricular ectopics,micro avg,macro avg,weighted avg,samples avg
precision,0.6705882352941176,0.8943661971830986,0.475,0.7923497267759563,0.823045267489712,0.7470588235294118,0.6795580110497238,0.6875,0.9306824288017195,0.593939393939394,0.6637168141592921,0.8084309133489461,0.7234368089293114,0.8021708008346837,0.8264391510154222
recall,0.48717948717948717,0.79375,0.6666666666666666,0.8011049723756906,0.7155635062611807,0.5644444444444444,0.6684782608695652,0.6407766990291263,0.971396522714526,0.4049586776859504,0.6410256410256411,0.7688195991091314,0.6686677162047526,0.7688195991091314,0.7937384115350217
f1-score,0.5643564356435643,0.8410596026490065,0.5547445255474452,0.7967032967032966,0.7655502392344499,0.6430379746835444,0.673972602739726,0.6633165829145728,0.9506037321624587,0.48157248157248156,0.6521739130434783,0.7881278538812785,0.6897355806267295,0.7815537598198918,0.7833219968813189
support,351.0,160.0,114.0,181.0,559.0,225.0,552.0,206.0,1783.0,242.0,117.0,4490.0,4490.0,4490.0,4490.0
