index,1st degree av block,atrial fibrillation,premature atrial contraction,right bundle branch block,sinus rhythm,st depression,ventricular ectopics,micro avg,macro avg,weighted avg,samples avg
precision,0.8428571428571429,0.9159663865546218,0.5384615384615384,0.9358288770053476,0.7272727272727273,0.7538461538461538,0.86,0.8571428571428571,0.7963189751425046,0.831854757875814,0.6794032023289666
recall,0.8428571428571429,0.9396551724137931,0.11666666666666667,0.8928571428571429,0.6436781609195402,0.5697674418604651,0.48314606741573035,0.7073863636363636,0.6412325421414974,0.7073863636363636,0.6768558951965066
f1-score,0.8428571428571429,0.9276595744680851,0.1917808219178082,0.9138381201044385,0.6829268292682927,0.6490066225165563,0.6187050359712231,0.7750972762645914,0.6895391638719353,0.7493204309347165,0.6730713245997089
support,70.0,116.0,60.0,196.0,87.0,86.0,89.0,704.0,704.0,704.0,704.0
