index,abnormal QRS,atrial fibrillation,incomplete right bundle branch block,left anterior fascicular block,left axis deviation,left ventricular hypertrophy,myocardial infarction,myocardial ischemia,sinus rhythm,t wave abnormal,ventricular ectopics,micro avg,macro avg,weighted avg,samples avg
precision,0.7792207792207793,0.8424657534246576,0.6627906976744186,0.8809523809523809,0.8163672654690619,0.75,0.748314606741573,0.625,0.9317443120260022,0.5828220858895705,0.7093023255813954,0.8363451259862561,0.757180018816349,0.823065016499091,0.8434799205985647
recall,0.3418803418803419,0.76875,0.5,0.6132596685082873,0.7316636851520573,0.5866666666666667,0.6032608695652174,0.6067961165048543,0.9646662927650028,0.3925619834710744,0.5213675213675214,0.7318485523385301,0.6028066496255474,0.7318485523385301,0.7678729577034662
f1-score,0.47524752475247534,0.803921568627451,0.5700000000000001,0.7231270358306189,0.7716981132075472,0.6583541147132169,0.6680040120361083,0.6157635467980296,0.9479195370625516,0.46913580246913583,0.6009852216748769,0.7806152749732749,0.6640142251974557,0.7662330560685284,0.7787098126081177
support,351.0,160.0,114.0,181.0,559.0,225.0,552.0,206.0,1783.0,242.0,117.0,4490.0,4490.0,4490.0,4490.0
