index,1st degree av block,atrial fibrillation,premature atrial contraction,right bundle branch block,sinus rhythm,st depression,ventricular ectopics,micro avg,macro avg,weighted avg,samples avg
precision,0.835820895522388,0.88,0.5,0.9430051813471503,0.7126436781609196,0.7407407407407407,0.7818181818181819,0.8338658146964856,0.7705755253699115,0.8106562501649581,0.6899563318777293
recall,0.8,0.9482758620689655,0.15,0.9285714285714286,0.7126436781609196,0.6976744186046512,0.48314606741573035,0.7414772727272727,0.6743302078316707,0.7414772727272727,0.7030567685589519
f1-score,0.8175182481751825,0.9128630705394191,0.23076923076923075,0.9357326478149101,0.7126436781609196,0.7185628742514969,0.5972222222222223,0.7849624060150376,0.7036159959904831,0.7632348456478951,0.6906841339155749
support,70.0,116.0,60.0,196.0,87.0,86.0,89.0,704.0,704.0,704.0,704.0
