index,1st degree av block,atrial fibrillation,premature atrial contraction,right bundle branch block,sinus rhythm,st depression,ventricular ectopics,micro avg,macro avg,weighted avg,samples avg
precision,0.6976744186046512,0.8770491803278688,0.46938775510204084,0.9301075268817204,0.6625,0.7974683544303798,0.7258064516129032,0.7891566265060241,0.7371419552799378,0.7838860901560498,0.6770984958757884
recall,0.8571428571428571,0.9224137931034483,0.38333333333333336,0.8826530612244898,0.6091954022988506,0.7325581395348837,0.5056179775280899,0.7443181818181818,0.6989877948808504,0.7443181818181818,0.7037845705967977
f1-score,0.7692307692307693,0.8991596638655462,0.42201834862385323,0.9057591623036648,0.6347305389221558,0.7636363636363637,0.5960264900662252,0.7660818713450294,0.7129373338069397,0.7598568371567551,0.6828238719068414
support,70.0,116.0,60.0,196.0,87.0,86.0,89.0,704.0,704.0,704.0,704.0
