index,abnormal QRS,atrial fibrillation,incomplete right bundle branch block,left anterior fascicular block,left axis deviation,left ventricular hypertrophy,myocardial infarction,myocardial ischemia,sinus rhythm,t wave abnormal,ventricular ectopics,micro avg,macro avg,weighted avg,samples avg
precision,0.6092307692307692,0.8873239436619719,0.5454545454545454,0.8467153284671532,0.7781402936378466,0.6032388663967612,0.7084148727984344,0.6648648648648648,0.9274583557227297,0.5485714285714286,0.7441860465116279,0.7955939132409721,0.7148726650289212,0.7891865848685495,0.8228104617935126
recall,0.5641025641025641,0.7875,0.5789473684210527,0.6408839779005525,0.853309481216458,0.6622222222222223,0.6557971014492754,0.5970873786407767,0.9680314077397645,0.39669421487603307,0.5470085470085471,0.7801781737193764,0.6592349330524769,0.7801781737193764,0.8012728224592631
f1-score,0.5857988165680473,0.8344370860927152,0.5617021276595744,0.7295597484276729,0.8139931740614333,0.6313559322033899,0.6810912511759173,0.6291560102301791,0.9473106476399562,0.460431654676259,0.6305418719211823,0.7878106375801192,0.6823071200596661,0.7822067254788243,0.7857932010474383
support,351.0,160.0,114.0,181.0,559.0,225.0,552.0,206.0,1783.0,242.0,117.0,4490.0,4490.0,4490.0,4490.0
