index,1st degree av block,atrial fibrillation,premature atrial contraction,right bundle branch block,sinus rhythm,st depression,ventricular ectopics,micro avg,macro avg,weighted avg,samples avg
precision,0.8571428571428571,0.9444444444444444,0.34615384615384615,0.9162303664921466,0.7386363636363636,0.7285714285714285,0.75,0.8267326732673267,0.754454186634441,0.800531881606184,0.6741872877244056
recall,0.7714285714285715,0.8793103448275862,0.15,0.8928571428571429,0.7471264367816092,0.5930232558139535,0.5056179775280899,0.7116477272727273,0.6484805327481361,0.7116477272727273,0.6834061135371179
f1-score,0.81203007518797,0.9107142857142858,0.20930232558139533,0.9043927648578811,0.7428571428571429,0.6538461538461539,0.6040268456375838,0.764885496183206,0.6910242276689161,0.7484684854746152,0.6705482775351771
support,70.0,116.0,60.0,196.0,87.0,86.0,89.0,704.0,704.0,704.0,704.0
