index,atrial fibrillation,left ventricular high voltage,nonspecific st t abnormality,sinus bradycardia,sinus rhythm,sinus tachycardia,supraventricular tachycardia,t wave abnormal,micro avg,macro avg,weighted avg,samples avg
precision,0.888235294117647,0.6796116504854369,0.5833333333333334,0.9921671018276762,0.9685863874345549,0.8860759493670886,0.8571428571428571,0.5842696629213483,0.8542944785276073,0.8049277795787428,0.8454528132171849,0.8526204427083333
recall,0.8531073446327684,0.546875,0.42,0.9819121447028424,0.9343434343434344,0.9395973154362416,0.6885245901639344,0.5652173913043478,0.8049132947976878,0.7411971525729462,0.8049132947976878,0.826416015625
f1-score,0.8703170028818444,0.6060606060606061,0.4883720930232558,0.987012987012987,0.9511568123393316,0.9120521172638436,0.7636363636363637,0.574585635359116,0.8288690476190474,0.7691492021971684,0.8229504998306296,0.8244140625
support,177.0,128.0,100.0,387.0,198.0,149.0,61.0,184.0,1384.0,1384.0,1384.0,1384.0
