index,abnormal QRS,atrial fibrillation,incomplete right bundle branch block,left anterior fascicular block,left axis deviation,left ventricular hypertrophy,myocardial infarction,myocardial ischemia,sinus rhythm,t wave abnormal,ventricular ectopics,micro avg,macro avg,weighted avg,samples avg
precision,0.6666666666666666,0.8164556962025317,0.5343511450381679,0.8109756097560976,0.7859649122807018,0.7206703910614525,0.676678445229682,0.6764705882352942,0.9320282762370854,0.6492537313432836,0.7625,0.8093786635404455,0.7301832238228149,0.8006366400234747,0.8296697423816067
recall,0.45584045584045585,0.80625,0.6140350877192983,0.7348066298342542,0.8014311270125224,0.5733333333333334,0.6938405797101449,0.6699029126213593,0.9613011777902412,0.359504132231405,0.5213675213675214,0.7688195991091314,0.6537829961327759,0.7688195991091314,0.7901031782387714
f1-score,0.5414551607445008,0.8113207547169812,0.5714285714285715,0.7710144927536232,0.7936226749335695,0.6386138613861385,0.6851520572450805,0.6731707317073171,0.9464384318056323,0.46276595744680854,0.6192893401015228,0.7885779554540263,0.6831156394790678,0.7796669936172576,0.7847362008378957
support,351.0,160.0,114.0,181.0,559.0,225.0,552.0,206.0,1783.0,242.0,117.0,4490.0,4490.0,4490.0,4490.0
