index,1st degree av block,atrial fibrillation,premature atrial contraction,right bundle branch block,sinus rhythm,st depression,ventricular ectopics,micro avg,macro avg,weighted avg,samples avg
precision,0.9047619047619048,0.9537037037037037,0.4583333333333333,0.9516129032258065,0.61,0.6796116504854369,0.631578947368421,0.7865497076023392,0.7413717775540867,0.7893554264953949,0.6906841339155749
recall,0.8142857142857143,0.8879310344827587,0.36666666666666664,0.9030612244897959,0.7011494252873564,0.813953488372093,0.5393258426966292,0.7642045454545454,0.7180533423258593,0.7642045454545454,0.7256186317321689
f1-score,0.857142857142857,0.9196428571428572,0.4074074074074074,0.9267015706806283,0.6524064171122995,0.7407407407407407,0.5818181818181818,0.7752161383285302,0.7265514331492816,0.7741497214498735,0.6991751576904415
support,70.0,116.0,60.0,196.0,87.0,86.0,89.0,704.0,704.0,704.0,704.0
