index,atrial fibrillation,left ventricular high voltage,nonspecific st t abnormality,sinus bradycardia,sinus rhythm,sinus tachycardia,supraventricular tachycardia,t wave abnormal,micro avg,macro avg,weighted avg,samples avg
precision,0.8875739644970414,0.6302521008403361,0.7183098591549296,0.9720812182741116,0.955,0.9444444444444444,0.7833333333333333,0.7379310344827587,0.8755760368663594,0.8286157443783695,0.866455306294434,0.8703776041666667
recall,0.847457627118644,0.5859375,0.51,0.9896640826873385,0.9646464646464646,0.912751677852349,0.7704918032786885,0.5815217391304348,0.8236994219653179,0.77030886183924,0.8236994219653179,0.8412272135416666
f1-score,0.8670520231213873,0.6072874493927125,0.5964912280701754,0.9807938540332907,0.9597989949748743,0.9283276450511946,0.7768595041322314,0.6504559270516718,0.8488458674609084,0.7958833282284423,0.842377663569278,0.8413388206845238
support,177.0,128.0,100.0,387.0,198.0,149.0,61.0,184.0,1384.0,1384.0,1384.0,1384.0
