index,abnormal QRS,atrial fibrillation,incomplete right bundle branch block,left anterior fascicular block,left axis deviation,left ventricular hypertrophy,myocardial infarction,myocardial ischemia,sinus rhythm,t wave abnormal,ventricular ectopics,micro avg,macro avg,weighted avg,samples avg
precision,0.6694560669456067,0.8081395348837209,0.5849056603773585,0.8978102189781022,0.7981481481481482,0.8037974683544303,0.7889908256880734,0.671957671957672,0.9361465852304275,0.5388888888888889,0.7317073170731707,0.8306930693069307,0.7481771260477817,0.8195100200600315,0.8424034203695221
recall,0.45584045584045585,0.86875,0.543859649122807,0.6795580110497238,0.7710196779964222,0.5644444444444444,0.6231884057971014,0.616504854368932,0.9455973079080202,0.40082644628099173,0.5128205128205128,0.7474387527839643,0.6347645241481283,0.7474387527839643,0.7737026372619593
f1-score,0.5423728813559322,0.8373493975903614,0.5636363636363636,0.7735849056603774,0.7843494085532302,0.6631853785900783,0.6963562753036437,0.6430379746835443,0.9408482142857142,0.4597156398104265,0.6030150753768844,0.7868698710433764,0.6824955922587779,0.7778354185725068,0.7818188758866725
support,351.0,160.0,114.0,181.0,559.0,225.0,552.0,206.0,1783.0,242.0,117.0,4490.0,4490.0,4490.0,4490.0
