index,atrial fibrillation,left ventricular high voltage,nonspecific st t abnormality,sinus bradycardia,sinus rhythm,sinus tachycardia,supraventricular tachycardia,t wave abnormal,micro avg,macro avg,weighted avg,samples avg
precision,0.8587570621468926,0.6582278481012658,0.6578947368421053,0.9794871794871794,0.9633507853403142,0.9205298013245033,0.84,0.7349397590361446,0.87734375,0.8266483965348007,0.8637828672399528,0.866015625
recall,0.8587570621468926,0.40625,0.5,0.9870801033591732,0.9292929292929293,0.9328859060402684,0.6885245901639344,0.6630434782608695,0.8114161849710982,0.7457292586580084,0.8114161849710982,0.8289388020833333
f1-score,0.8587570621468926,0.5024154589371981,0.5681818181818182,0.9832689832689833,0.9460154241645244,0.9266666666666667,0.7567567567567568,0.6971428571428572,0.8430930930930931,0.7799006284082122,0.8334344597410381,0.832745845734127
support,177.0,128.0,100.0,387.0,198.0,149.0,61.0,184.0,1384.0,1384.0,1384.0,1384.0
