index,1st degree av block,atrial fibrillation,premature atrial contraction,right bundle branch block,sinus rhythm,st depression,ventricular ectopics,micro avg,macro avg,weighted avg,samples avg
precision,0.8169014084507042,0.9145299145299145,0.5813953488372093,0.9431818181818182,0.6702127659574468,0.7714285714285715,0.8,0.8256735340729001,0.7853785467693807,0.8222546786250615,0.6974769529354682
recall,0.8285714285714286,0.9224137931034483,0.4166666666666667,0.8469387755102041,0.7241379310344828,0.627906976744186,0.5393258426966292,0.7400568181818182,0.7008516306181493,0.7400568181818182,0.7081513828238719
f1-score,0.822695035460993,0.9184549356223175,0.4854368932038835,0.8924731182795699,0.6961325966850829,0.6923076923076923,0.6442953020134228,0.7805243445692884,0.735970796224709,0.7750350129527633,0.6964580300824842
support,70.0,116.0,60.0,196.0,87.0,86.0,89.0,704.0,704.0,704.0,704.0
