index,atrial fibrillation,left ventricular high voltage,nonspecific st t abnormality,sinus bradycardia,sinus rhythm,sinus tachycardia,supraventricular tachycardia,t wave abnormal,micro avg,macro avg,weighted avg,samples avg
precision,0.8478260869565217,0.6326530612244898,0.5833333333333334,0.9871794871794872,0.9840425531914894,0.9144736842105263,0.8113207547169812,0.6981132075471698,0.8613636363636363,0.8073677710449999,0.8529313618537083,0.8561197916666667
recall,0.8813559322033898,0.484375,0.56,0.9948320413436692,0.9343434343434344,0.9328859060402684,0.7049180327868853,0.6032608695652174,0.8215317919075145,0.761996402035358,0.8215317919075145,0.8409016927083333
f1-score,0.8642659279778393,0.5486725663716815,0.5714285714285714,0.9909909909909911,0.9585492227979273,0.9235880398671096,0.7543859649122806,0.6472303206997084,0.8409763313609467,0.7823889506307637,0.8355323810163351,0.83349609375
support,177.0,128.0,100.0,387.0,198.0,149.0,61.0,184.0,1384.0,1384.0,1384.0,1384.0
