index,1st degree av block,atrial fibrillation,premature atrial contraction,right bundle branch block,sinus rhythm,st depression,ventricular ectopics,micro avg,macro avg,weighted avg,samples avg
precision,0.8382352941176471,0.8916666666666667,0.35714285714285715,0.963855421686747,0.6161616161616161,0.6704545454545454,0.6,0.7659574468085106,0.7053594858900113,0.762953394198713,0.6516254245511887
recall,0.8142857142857143,0.9224137931034483,0.25,0.8163265306122449,0.7011494252873564,0.686046511627907,0.5056179775280899,0.7159090909090909,0.6708342789206801,0.7159090909090909,0.6783114992721979
f1-score,0.8260869565217392,0.9067796610169492,0.2941176470588235,0.8839779005524863,0.6559139784946237,0.6781609195402298,0.5487804878048781,0.7400881057268721,0.6848310787128186,0.7360043658954982,0.6569626394953906
support,70.0,116.0,60.0,196.0,87.0,86.0,89.0,704.0,704.0,704.0,704.0
