index,1st degree av block,atrial fibrillation,premature atrial contraction,right bundle branch block,sinus rhythm,st depression,ventricular ectopics,micro avg,macro avg,weighted avg,samples avg
precision,0.7307692307692307,0.9298245614035088,0.4489795918367347,0.8916256157635468,0.5934065934065934,0.6976744186046512,0.6716417910447762,0.7630813953488372,0.7091316861184346,0.7558428757185669,0.6618146530810286
recall,0.8142857142857143,0.9137931034482759,0.36666666666666664,0.923469387755102,0.6206896551724138,0.6976744186046512,0.5056179775280899,0.7457386363636364,0.6917424176372734,0.7457386363636364,0.7037845705967977
f1-score,0.7702702702702704,0.9217391304347825,0.4036697247706422,0.9072681704260652,0.6067415730337079,0.6976744186046512,0.576923076923077,0.7543103448275863,0.6977551949233138,0.7486052182374823,0.6737020863658418
support,70.0,116.0,60.0,196.0,87.0,86.0,89.0,704.0,704.0,704.0,704.0
