index,abnormal QRS,atrial fibrillation,incomplete right bundle branch block,left anterior fascicular block,left axis deviation,left ventricular hypertrophy,myocardial infarction,myocardial ischemia,sinus rhythm,t wave abnormal,ventricular ectopics,micro avg,macro avg,weighted avg,samples avg
precision,0.6788617886178862,0.8758620689655172,0.5190839694656488,0.7783783783783784,0.7817258883248731,0.7619047619047619,0.7399577167019028,0.6146788990825688,0.9337349397590361,0.6148648648648649,0.7380952380952381,0.8156583629893238,0.7306498649236979,0.8066766528780329,0.8324782409528171
recall,0.4757834757834758,0.79375,0.5964912280701754,0.7955801104972375,0.8264758497316637,0.5688888888888889,0.6340579710144928,0.6504854368932039,0.9562535053280987,0.3760330578512397,0.5299145299145299,0.7657015590200446,0.6548830958157278,0.7657015590200446,0.7910193486464673
f1-score,0.5594639865996649,0.8327868852459015,0.5551020408163264,0.7868852459016393,0.8034782608695653,0.6513994910941475,0.6829268292682927,0.6320754716981133,0.9448600720421169,0.4666666666666667,0.6169154228855722,0.7898908673176336,0.6847782157352733,0.7812953139437201,0.7854827922624533
support,351.0,160.0,114.0,181.0,559.0,225.0,552.0,206.0,1783.0,242.0,117.0,4490.0,4490.0,4490.0,4490.0
