index,1st degree av block,atrial fibrillation,premature atrial contraction,right bundle branch block,sinus rhythm,st depression,ventricular ectopics,micro avg,macro avg,weighted avg,samples avg
precision,0.8529411764705882,0.9107142857142857,0.5238095238095238,0.9468085106382979,0.6078431372549019,0.7866666666666666,0.9130434782608695,0.8262243285939969,0.7916895398307334,0.8297561574562548,0.6965065502183406
recall,0.8285714285714286,0.8793103448275862,0.36666666666666664,0.9081632653061225,0.7126436781609196,0.686046511627907,0.47191011235955055,0.7428977272727273,0.6933302867885972,0.7428977272727273,0.7147016011644832
f1-score,0.8405797101449276,0.8947368421052632,0.4313725490196078,0.9270833333333334,0.6560846560846562,0.732919254658385,0.6222222222222222,0.7823485415108452,0.729285509652628,0.7751547420832801,0.6979136341581756
support,70.0,116.0,60.0,196.0,87.0,86.0,89.0,704.0,704.0,704.0,704.0
