index,atrial fibrillation,left ventricular high voltage,nonspecific st t abnormality,sinus bradycardia,sinus rhythm,sinus tachycardia,supraventricular tachycardia,t wave abnormal,micro avg,macro avg,weighted avg,samples avg
precision,0.806282722513089,0.7012987012987013,0.5148514851485149,0.9745547073791349,0.967741935483871,0.9310344827586207,0.7796610169491526,0.7261146496815286,0.854087089381207,0.8001924626515766,0.8472670192585027,0.852783203125
recall,0.8700564971751412,0.421875,0.52,0.9896640826873385,0.9090909090909091,0.9060402684563759,0.7540983606557377,0.6195652173913043,0.8078034682080925,0.7487987919321009,0.8078034682080925,0.8260904947916667
f1-score,0.8369565217391304,0.526829268292683,0.5174129353233831,0.9820512820512821,0.9374999999999999,0.9183673469387755,0.7666666666666666,0.6686217008797654,0.8303007797994801,0.7693007152364607,0.8234287461689993,0.8241908482142857
support,177.0,128.0,100.0,387.0,198.0,149.0,61.0,184.0,1384.0,1384.0,1384.0,1384.0
