index,atrial fibrillation,left ventricular high voltage,nonspecific st t abnormality,sinus bradycardia,sinus rhythm,sinus tachycardia,supraventricular tachycardia,t wave abnormal,micro avg,macro avg,weighted avg,samples avg
precision,0.8670520231213873,0.5378151260504201,0.594059405940594,0.9649122807017544,0.9742268041237113,0.9432624113475178,0.7121212121212122,0.7698412698412699,0.8529188779378317,0.7954113166559833,0.8480265401373124,0.8536783854166666
recall,0.847457627118644,0.5,0.6,0.9948320413436692,0.9545454545454546,0.8926174496644296,0.7704918032786885,0.5271739130434783,0.8128612716763006,0.7608897861242956,0.8128612716763006,0.8313802083333333
f1-score,0.8571428571428572,0.5182186234817814,0.5970149253731343,0.9796437659033079,0.9642857142857142,0.9172413793103449,0.7401574803149605,0.6258064516129033,0.8324084350721421,0.7749388996781255,0.8271426515922303,0.8269577752976189
support,177.0,128.0,100.0,387.0,198.0,149.0,61.0,184.0,1384.0,1384.0,1384.0,1384.0
