index,1st degree av block,atrial fibrillation,premature atrial contraction,right bundle branch block,sinus rhythm,st depression,ventricular ectopics,micro avg,macro avg,weighted avg,samples avg
precision,0.8529411764705882,0.9375,0.39285714285714285,0.9312169312169312,0.5555555555555556,0.825,0.7358490566037735,0.80370942812983,0.7472742661005701,0.7944882511561896,0.6790878214459
recall,0.8285714285714286,0.9051724137931034,0.18333333333333332,0.8979591836734694,0.7471264367816092,0.7674418604651163,0.43820224719101125,0.7386363636363636,0.6811152719727245,0.7386363636363636,0.7052401746724891
f1-score,0.8405797101449276,0.9210526315789473,0.25,0.9142857142857141,0.6372549019607844,0.7951807228915662,0.5492957746478873,0.7698001480384902,0.7010927793585466,0.7565294425514598,0.6828723920426977
support,70.0,116.0,60.0,196.0,87.0,86.0,89.0,704.0,704.0,704.0,704.0
