index,1st degree av block,atrial fibrillation,premature atrial contraction,right bundle branch block,sinus rhythm,st depression,ventricular ectopics,micro avg,macro avg,weighted avg,samples avg
precision,0.859375,0.9285714285714286,0.4166666666666667,0.9347826086956522,0.6444444444444445,0.7191011235955056,0.6716417910447762,0.8063492063492064,0.739226151859782,0.7866099569850835,0.6729742843279961
recall,0.7857142857142857,0.896551724137931,0.16666666666666666,0.8775510204081632,0.6666666666666666,0.7441860465116279,0.5056179775280899,0.7215909090909091,0.6632791982333472,0.7215909090909091,0.6841339155749636
f1-score,0.8208955223880597,0.912280701754386,0.23809523809523808,0.9052631578947369,0.6553672316384181,0.7314285714285713,0.576923076923077,0.7616191904047976,0.6914647857317838,0.7475433257745867,0.6722464822901504
support,70.0,116.0,60.0,196.0,87.0,86.0,89.0,704.0,704.0,704.0,704.0
