index,1st degree av block,atrial fibrillation,premature atrial contraction,right bundle branch block,sinus rhythm,st depression,ventricular ectopics,micro avg,macro avg,weighted avg,samples avg
precision,0.782608695652174,0.9224137931034483,0.4583333333333333,0.9392265193370166,0.6847826086956522,0.7,0.8596491228070176,0.821939586645469,0.7638591532755203,0.8091702633125764,0.6901989325570111
recall,0.7714285714285715,0.9224137931034483,0.18333333333333332,0.8673469387755102,0.7241379310344828,0.7325581395348837,0.550561797752809,0.734375,0.6788257864232913,0.734375,0.6986899563318777
f1-score,0.7769784172661871,0.9224137931034483,0.2619047619047619,0.9018567639257294,0.7039106145251397,0.7159090909090908,0.6712328767123288,0.7756939234808701,0.7077437597638124,0.7619528863091307,0.6886948083454635
support,70.0,116.0,60.0,196.0,87.0,86.0,89.0,704.0,704.0,704.0,704.0
