index,abnormal QRS,atrial fibrillation,incomplete right bundle branch block,left anterior fascicular block,left axis deviation,left ventricular hypertrophy,myocardial infarction,myocardial ischemia,sinus rhythm,t wave abnormal,ventricular ectopics,micro avg,macro avg,weighted avg,samples avg
precision,0.7524752475247525,0.7741935483870968,0.6197183098591549,0.7647058823529411,0.8016194331983806,0.7887323943661971,0.728952772073922,0.6464646464646465,0.9289587852494577,0.6064516129032258,0.7692307692307693,0.82675,0.7437730365100496,0.813199985595128,0.8395774709334033
recall,0.43304843304843305,0.75,0.38596491228070173,0.7900552486187845,0.7084078711985689,0.49777777777777776,0.6431159420289855,0.6213592233009708,0.9607403252944475,0.3884297520661157,0.42735042735042733,0.7365256124721603,0.6005681739059284,0.7365256124721603,0.7656534258229173
f1-score,0.5497287522603979,0.7619047619047619,0.47567567567567565,0.7771739130434783,0.7521367521367521,0.6103542234332425,0.68334937439846,0.6336633663366338,0.944582299421009,0.4735516372795969,0.5494505494505494,0.7790341578327444,0.6555973913945962,0.7657791007708941,0.7741103986866698
support,351.0,160.0,114.0,181.0,559.0,225.0,552.0,206.0,1783.0,242.0,117.0,4490.0,4490.0,4490.0,4490.0
