index,1st degree av block,atrial fibrillation,premature atrial contraction,right bundle branch block,sinus rhythm,st depression,ventricular ectopics,micro avg,macro avg,weighted avg,samples avg
precision,0.8260869565217391,0.9083333333333333,0.43478260869565216,0.96,0.6777777777777778,0.8153846153846154,0.7843137254901961,0.8397976391231029,0.7723827167433306,0.8186553626467309,0.6707908782144589
recall,0.8142857142857143,0.9396551724137931,0.16666666666666666,0.8571428571428571,0.7011494252873564,0.6162790697674418,0.449438202247191,0.7073863636363636,0.6492310154015745,0.7073863636363636,0.6724890829694323
f1-score,0.8201438848920863,0.9237288135593221,0.24096385542168672,0.9056603773584904,0.6892655367231639,0.7019867549668873,0.5714285714285713,0.7679259830377795,0.6933111134786011,0.7496079333552601,0.665938864628821
support,70.0,116.0,60.0,196.0,87.0,86.0,89.0,704.0,704.0,704.0,704.0
