index,abnormal QRS,atrial fibrillation,incomplete right bundle branch block,left anterior fascicular block,left axis deviation,left ventricular hypertrophy,myocardial infarction,myocardial ischemia,sinus rhythm,t wave abnormal,ventricular ectopics,micro avg,macro avg,weighted avg,samples avg
precision,0.7512953367875648,0.8116883116883117,0.5555555555555556,0.7803468208092486,0.773972602739726,0.6988636363636364,0.7680180180180181,0.6802030456852792,0.9328641039523552,0.5793103448275863,0.7123287671232876,0.824132877381534,0.731313322140961,0.8104556668154924,0.8346388761643
recall,0.4131054131054131,0.78125,0.5263157894736842,0.7458563535911602,0.8085867620751341,0.5466666666666666,0.6177536231884058,0.6504854368932039,0.9663488502523836,0.34710743801652894,0.4444444444444444,0.7514476614699331,0.6225382525188206,0.7514476614699331,0.7794974150906354
f1-score,0.5330882352941176,0.7961783439490444,0.5405405405405405,0.7627118644067796,0.7909011373578302,0.6134663341645885,0.6847389558232931,0.6650124069478909,0.9493112947658403,0.434108527131783,0.5473684210526316,0.7861136999068035,0.6652205510394853,0.7730524504480304,0.780692138319257
support,351.0,160.0,114.0,181.0,559.0,225.0,552.0,206.0,1783.0,242.0,117.0,4490.0,4490.0,4490.0,4490.0
