index,atrial fibrillation,left ventricular high voltage,nonspecific st t abnormality,sinus bradycardia,sinus rhythm,sinus tachycardia,supraventricular tachycardia,t wave abnormal,micro avg,macro avg,weighted avg,samples avg
precision,0.8167539267015707,0.7045454545454546,0.6625,0.9896907216494846,0.9585492227979274,0.9133333333333333,0.78,0.6727272727272727,0.8636015325670499,0.8122624914693805,0.8535034707000153,0.8548177083333333
recall,0.8813559322033898,0.484375,0.53,0.9922480620155039,0.9343434343434344,0.9194630872483222,0.639344262295082,0.6032608695652174,0.8143063583815029,0.7480488309588686,0.8143063583815029,0.8329264322916667
f1-score,0.8478260869565217,0.5740740740740741,0.588888888888889,0.990967741935484,0.9462915601023018,0.9163879598662208,0.7027027027027027,0.6361031518624641,0.8382298252138342,0.7754052707985823,0.8307481818053382,0.8300618489583333
support,177.0,128.0,100.0,387.0,198.0,149.0,61.0,184.0,1384.0,1384.0,1384.0,1384.0
