index,1st degree av block,atrial fibrillation,premature atrial contraction,right bundle branch block,sinus rhythm,st depression,ventricular ectopics,micro avg,macro avg,weighted avg,samples avg
precision,0.7916666666666666,0.8888888888888888,0.4230769230769231,0.916256157635468,0.6511627906976745,0.7362637362637363,0.8245614035087719,0.8098159509202454,0.747410938105447,0.7909863765349496,0.6889859291606016
recall,0.8142857142857143,0.896551724137931,0.18333333333333332,0.9489795918367347,0.6436781609195402,0.7790697674418605,0.5280898876404494,0.75,0.6848554542279377,0.75,0.7125181950509462
f1-score,0.8028169014084506,0.8927038626609441,0.25581395348837205,0.9323308270676692,0.647398843930636,0.7570621468926554,0.6438356164383561,0.7787610619469028,0.7045660216981547,0.7621717676130312,0.6933527413876759
support,70.0,116.0,60.0,196.0,87.0,86.0,89.0,704.0,704.0,704.0,704.0
