index,atrial fibrillation,left ventricular high voltage,nonspecific st t abnormality,sinus bradycardia,sinus rhythm,sinus tachycardia,supraventricular tachycardia,t wave abnormal,micro avg,macro avg,weighted avg,samples avg
precision,0.89171974522293,0.6486486486486487,0.6179775280898876,0.9722222222222222,0.9738219895287958,0.9440559440559441,0.7592592592592593,0.7307692307692307,0.8761904761904762,0.8173093209746147,0.8621146080981683,0.8486653645833333
recall,0.7909604519774012,0.375,0.55,0.9948320413436692,0.9393939393939394,0.9060402684563759,0.6721311475409836,0.6195652173913043,0.7976878612716763,0.7309903832629592,0.7976878612716763,0.8153483072916667
f1-score,0.8383233532934131,0.4752475247524753,0.582010582010582,0.9833971902937421,0.9562982005141388,0.9246575342465754,0.7130434782608696,0.6705882352941176,0.8350983358547655,0.7679457623332393,0.82514132320705,0.8173130580357143
support,177.0,128.0,100.0,387.0,198.0,149.0,61.0,184.0,1384.0,1384.0,1384.0,1384.0
