index,abnormal QRS,atrial fibrillation,incomplete right bundle branch block,left anterior fascicular block,left axis deviation,left ventricular hypertrophy,myocardial infarction,myocardial ischemia,sinus rhythm,t wave abnormal,ventricular ectopics,micro avg,macro avg,weighted avg,samples avg
precision,0.7327586206896551,0.8375,0.6,0.7710843373493976,0.8106060606060606,0.7564102564102564,0.73558648111332,0.7452229299363057,0.9385290889132821,0.5692307692307692,0.7529411764705882,0.8306157215867608,0.7499881564290576,0.8198865538904508,0.8407314093754773
recall,0.4843304843304843,0.8375,0.5526315789473685,0.7071823204419889,0.7656529516994633,0.5244444444444445,0.6702898550724637,0.5679611650485437,0.9590577678070668,0.45867768595041325,0.5470085470085471,0.7601336302895323,0.643157890977344,0.7601336302895323,0.7866097332199026
f1-score,0.5831903945111493,0.8375,0.5753424657534247,0.7377521613832853,0.7874885004599815,0.6194225721784777,0.7014218009478672,0.6446280991735537,0.9486823855755894,0.5080091533180777,0.6336633663366337,0.793813234096988,0.6888273545125491,0.7852904022885472,0.7879317964063727
support,351.0,160.0,114.0,181.0,559.0,225.0,552.0,206.0,1783.0,242.0,117.0,4490.0,4490.0,4490.0,4490.0
