index,atrial fibrillation,left ventricular high voltage,nonspecific st t abnormality,sinus bradycardia,sinus rhythm,sinus tachycardia,supraventricular tachycardia,t wave abnormal,micro avg,macro avg,weighted avg,samples avg
precision,0.9166666666666666,0.6593406593406593,0.5753424657534246,0.9948051948051948,0.9731182795698925,0.8562874251497006,0.8181818181818182,0.7894736842105263,0.884430176565008,0.8229020242097353,0.8703800259151223,0.860107421875
recall,0.807909604519774,0.46875,0.42,0.9896640826873385,0.9141414141414141,0.959731543624161,0.7377049180327869,0.5706521739130435,0.796242774566474,0.7335692171148147,0.796242774566474,0.820556640625
f1-score,0.8588588588588588,0.5479452054794521,0.48554913294797686,0.9922279792746115,0.9427083333333334,0.9050632911392404,0.7758620689655172,0.6624605678233438,0.8380228136882129,0.7713344297277918,0.8276251131933517,0.8248790922619047
support,177.0,128.0,100.0,387.0,198.0,149.0,61.0,184.0,1384.0,1384.0,1384.0,1384.0
