index,abnormal QRS,atrial fibrillation,incomplete right bundle branch block,left anterior fascicular block,left axis deviation,left ventricular hypertrophy,myocardial infarction,myocardial ischemia,sinus rhythm,t wave abnormal,ventricular ectopics,micro avg,macro avg,weighted avg,samples avg
precision,0.6690909090909091,0.7988165680473372,0.6388888888888888,0.810126582278481,0.7685352622061483,0.7916666666666666,0.768348623853211,0.7183908045977011,0.9348180336773493,0.5740740740740741,0.8082191780821918,0.8260763804427147,0.752815962860269,0.815645676213767,0.8429443971816852
recall,0.5242165242165242,0.84375,0.40350877192982454,0.7071823204419889,0.7602862254025045,0.5066666666666667,0.6068840579710145,0.6067961165048543,0.9652271452607964,0.512396694214876,0.5042735042735043,0.756347438752784,0.6310170933529595,0.756347438752784,0.7840749950919442
f1-score,0.5878594249201277,0.8206686930091186,0.49462365591397844,0.7551622418879056,0.7643884892086331,0.6178861788617886,0.6781376518218624,0.6578947368421052,0.9497792494481236,0.5414847161572052,0.6210526315789473,0.7896756191140566,0.6808125154227087,0.7804124338222235,0.7865104153239746
support,351.0,160.0,114.0,181.0,559.0,225.0,552.0,206.0,1783.0,242.0,117.0,4490.0,4490.0,4490.0,4490.0
