index,atrial fibrillation,left ventricular high voltage,nonspecific st t abnormality,sinus bradycardia,sinus rhythm,sinus tachycardia,supraventricular tachycardia,t wave abnormal,micro avg,macro avg,weighted avg,samples avg
precision,0.8727272727272727,0.6407766990291263,0.5876288659793815,0.9871134020618557,0.9790575916230366,0.9366197183098591,0.8484848484848485,0.6626506024096386,0.8622568093385214,0.8143823750781274,0.8557535734933608,0.8418782552083333
recall,0.8135593220338984,0.515625,0.57,0.9896640826873385,0.9444444444444444,0.8926174496644296,0.45901639344262296,0.5978260869565217,0.8005780346820809,0.722844097403657,0.8005780346820809,0.8154296875
f1-score,0.8421052631578948,0.5714285714285714,0.5786802030456853,0.9883870967741935,0.961439588688946,0.9140893470790378,0.5957446808510639,0.6285714285714286,0.8302735106781565,0.7600557724496027,0.8245167883975661,0.8134858630952381
support,177.0,128.0,100.0,387.0,198.0,149.0,61.0,184.0,1384.0,1384.0,1384.0,1384.0
