index,abnormal QRS,atrial fibrillation,incomplete right bundle branch block,left anterior fascicular block,left axis deviation,left ventricular hypertrophy,myocardial infarction,myocardial ischemia,sinus rhythm,t wave abnormal,ventricular ectopics,micro avg,macro avg,weighted avg,samples avg
precision,0.6121794871794872,0.8,0.6329113924050633,0.7876712328767124,0.8176352705410822,0.8133333333333334,0.7443298969072165,0.6304347826086957,0.9245901639344263,0.5670731707317073,0.7159090909090909,0.814931906614786,0.7314607110388015,0.8035479977006728,0.8284274589359335
recall,0.5441595441595442,0.875,0.43859649122807015,0.6353591160220995,0.7298747763864043,0.5422222222222223,0.6539855072463768,0.5631067961165048,0.9489624228827819,0.384297520661157,0.5384615384615384,0.7463251670378619,0.6230932668533362,0.7463251670378619,0.7717514124293784
f1-score,0.5761689291101055,0.8358208955223881,0.5181347150259067,0.7033639143730888,0.7712665406427222,0.6506666666666667,0.6962391513982642,0.5948717948717949,0.9366177691668973,0.45812807881773393,0.6146341463414634,0.7791211346198559,0.6687193274488211,0.7704937936683399,0.7731155010816028
support,351.0,160.0,114.0,181.0,559.0,225.0,552.0,206.0,1783.0,242.0,117.0,4490.0,4490.0,4490.0,4490.0
