index,1st degree av block,atrial fibrillation,premature atrial contraction,right bundle branch block,sinus rhythm,st depression,ventricular ectopics,micro avg,macro avg,weighted avg,samples avg
precision,0.803030303030303,0.8909090909090909,0.3055555555555556,0.9206349206349206,0.5789473684210527,0.6736842105263158,0.703125,0.7633587786259542,0.6965552070110341,0.7517311671779094,0.6513828238719068
recall,0.7571428571428571,0.8448275862068966,0.18333333333333332,0.8877551020408163,0.632183908045977,0.7441860465116279,0.5056179775280899,0.7102272727272727,0.6507209729727997,0.7102272727272727,0.6724890829694323
f1-score,0.7794117647058824,0.8672566371681416,0.22916666666666663,0.9038961038961038,0.6043956043956045,0.707182320441989,0.588235294117647,0.7358351729212657,0.6685063416274335,0.7270273694906983,0.6544881125667151
support,70.0,116.0,60.0,196.0,87.0,86.0,89.0,704.0,704.0,704.0,704.0
