index,abnormal QRS,atrial fibrillation,incomplete right bundle branch block,left anterior fascicular block,left axis deviation,left ventricular hypertrophy,myocardial infarction,myocardial ischemia,sinus rhythm,t wave abnormal,ventricular ectopics,micro avg,macro avg,weighted avg,samples avg
precision,0.7108433734939759,0.8758620689655172,0.6036036036036037,0.7962962962962963,0.822265625,0.7431693989071039,0.7869955156950673,0.6270270270270271,0.934174437739989,0.5882352941176471,0.7848101265822784,0.8347332015810277,0.7521166152207733,0.8224592061043763,0.8428418733503479
recall,0.5042735042735043,0.79375,0.5877192982456141,0.712707182320442,0.7531305903398927,0.6044444444444445,0.6358695652173914,0.5631067961165048,0.9551318003365115,0.371900826446281,0.5299145299145299,0.7525612472160357,0.637449867059556,0.7525612472160357,0.7803983159915363
f1-score,0.59,0.8327868852459015,0.5955555555555556,0.7521865889212828,0.7861811391223157,0.6666666666666667,0.7034068136272545,0.5933503836317136,0.944536882972823,0.45569620253164556,0.6326530612244897,0.7915202623565237,0.6866381981363316,0.7823539322947992,0.7857460425257035
support,351.0,160.0,114.0,181.0,559.0,225.0,552.0,206.0,1783.0,242.0,117.0,4490.0,4490.0,4490.0,4490.0
