index,1st degree av block,atrial fibrillation,premature atrial contraction,right bundle branch block,sinus rhythm,st depression,ventricular ectopics,micro avg,macro avg,weighted avg,samples avg
precision,0.875,0.9322033898305084,0.5483870967741935,0.9393939393939394,0.6636363636363637,0.6909090909090909,0.859375,0.8244604316546763,0.7869864115062993,0.8239331698899832,0.7612809315866085
recall,0.8,0.9482758620689655,0.2833333333333333,0.9489795918367347,0.8390804597701149,0.8837209302325582,0.6179775280898876,0.8139204545454546,0.7601953864759421,0.8139204545454546,0.772197962154294
f1-score,0.8358208955223881,0.94017094017094,0.37362637362637363,0.9441624365482234,0.7411167512690356,0.7755102040816326,0.7189542483660131,0.8191565403859902,0.7613374070835153,0.8099412993514661,0.7629791363415817
support,70.0,116.0,60.0,196.0,87.0,86.0,89.0,704.0,704.0,704.0,704.0
