index,atrial fibrillation,left ventricular high voltage,nonspecific st t abnormality,sinus bradycardia,sinus rhythm,sinus tachycardia,supraventricular tachycardia,t wave abnormal,micro avg,macro avg,weighted avg,samples avg
precision,0.93125,0.8409090909090909,0.6811594202898551,0.9768637532133676,0.9393939393939394,0.9925925925925926,0.8253968253968254,0.7551020408163265,0.9071257005604484,0.8678334578264997,0.8972645276839807,0.8759765625
recall,0.8418079096045198,0.578125,0.47,0.9819121447028424,0.9393939393939394,0.8993288590604027,0.8524590163934426,0.6032608695652174,0.8186416184971098,0.7707859673400455,0.8186416184971098,0.8330891927083333
f1-score,0.884272997032641,0.6851851851851852,0.5562130177514792,0.979381443298969,0.9393939393939394,0.9436619718309859,0.8387096774193549,0.6706948640483383,0.8606152677554121,0.8121891369951116,0.8526276904773279,0.8427873883928572
support,177.0,128.0,100.0,387.0,198.0,149.0,61.0,184.0,1384.0,1384.0,1384.0,1384.0
