index,abnormal QRS,atrial fibrillation,incomplete right bundle branch block,left anterior fascicular block,left axis deviation,left ventricular hypertrophy,myocardial infarction,myocardial ischemia,sinus rhythm,t wave abnormal,ventricular ectopics,micro avg,macro avg,weighted avg,samples avg
precision,0.7289156626506024,0.8362573099415205,0.6804123711340206,0.8461538461538461,0.8155339805825242,0.6945812807881774,0.7412844036697248,0.7485380116959064,0.923982869379015,0.7432432432432432,0.8428571428571429,0.8367444074250358,0.7819781929177929,0.8289229699073674,0.8464029404707372
recall,0.6894586894586895,0.89375,0.5789473684210527,0.7292817679558011,0.7513416815742398,0.6266666666666667,0.7318840579710145,0.6213592233009708,0.9680314077397645,0.22727272727272727,0.5042735042735043,0.7830734966592428,0.6656606449667666,0.7830734966592428,0.7941266932792358
f1-score,0.7086383601756955,0.8640483383685801,0.6255924170616114,0.7833827893175074,0.7821229050279329,0.6588785046728973,0.7365542388331815,0.6790450928381963,0.9454943850999725,0.34810126582278483,0.6310160427807486,0.8090197883110908,0.705715849090828,0.7964122689003227,0.7960815206577918
support,351.0,160.0,114.0,181.0,559.0,225.0,552.0,206.0,1783.0,242.0,117.0,4490.0,4490.0,4490.0,4490.0
