index,atrial fibrillation,left ventricular high voltage,nonspecific st t abnormality,sinus bradycardia,sinus rhythm,sinus tachycardia,supraventricular tachycardia,t wave abnormal,micro avg,macro avg,weighted avg,samples avg
precision,0.9693251533742331,0.7580645161290323,0.6363636363636364,0.9601990049751243,0.968421052631579,0.8895705521472392,0.7966101694915254,0.8161764705882353,0.8956254796623178,0.8493413194625756,0.886487904907299,0.886962890625
recall,0.8926553672316384,0.734375,0.42,0.9974160206718347,0.9292929292929293,0.9731543624161074,0.7704918032786885,0.6032608695652174,0.8432080924855492,0.790080794057052,0.8432080924855492,0.8533528645833333
f1-score,0.9294117647058824,0.7460317460317459,0.5060240963855421,0.9784537389100126,0.9484536082474226,0.9294871794871795,0.7833333333333333,0.69375,0.8686267212504651,0.8143681833876398,0.8605366256876059,0.8575195312499999
support,177.0,128.0,100.0,387.0,198.0,149.0,61.0,184.0,1384.0,1384.0,1384.0,1384.0
