index,abnormal QRS,atrial fibrillation,incomplete right bundle branch block,left anterior fascicular block,left axis deviation,left ventricular hypertrophy,myocardial infarction,myocardial ischemia,sinus rhythm,t wave abnormal,ventricular ectopics,micro avg,macro avg,weighted avg,samples avg
precision,0.8538812785388128,0.8741721854304636,0.75,0.8048780487804879,0.8387096774193549,0.7419354838709677,0.7464028776978417,0.6330645161290323,0.9219745222929936,0.5436507936507936,0.8472222222222222,0.8291598408612216,0.7778083278211789,0.829294374819007,0.8433937569530789
recall,0.5327635327635327,0.825,0.5,0.7292817679558011,0.6976744186046512,0.6133333333333333,0.7518115942028986,0.7621359223300971,0.9742007851934941,0.5661157024793388,0.5213675213675214,0.789086859688196,0.6794258707482425,0.789086859688196,0.8059769212311585
f1-score,0.656140350877193,0.8488745980707395,0.6,0.7652173913043478,0.76171875,0.6715328467153284,0.7490974729241877,0.6916299559471365,0.9473684210526314,0.554655870445344,0.6455026455026455,0.8086271824717564,0.7174307548035957,0.8028532782458653,0.8013731217121048
support,351.0,160.0,114.0,181.0,559.0,225.0,552.0,206.0,1783.0,242.0,117.0,4490.0,4490.0,4490.0,4490.0
