index,1st degree av block,atrial fibrillation,premature atrial contraction,right bundle branch block,sinus rhythm,st depression,ventricular ectopics,micro avg,macro avg,weighted avg,samples avg
precision,0.9137931034482759,0.9482758620689655,0.5185185185185185,0.9329896907216495,0.7125,0.7553191489361702,0.7808219178082192,0.8325859491778774,0.7946026059288285,0.8300862290161589,0.7416302765647744
recall,0.7571428571428571,0.9482758620689655,0.4666666666666667,0.923469387755102,0.6551724137931034,0.8255813953488372,0.6404494382022472,0.7911931818181818,0.7452511458539685,0.7911931818181818,0.7496360989810772
f1-score,0.8281250000000001,0.9482758620689655,0.4912280701754386,0.9282051282051282,0.6826347305389221,0.7888888888888889,0.7037037037037037,0.8113619810633649,0.767294483368721,0.8085709303546758,0.7418728772440563
support,70.0,116.0,60.0,196.0,87.0,86.0,89.0,704.0,704.0,704.0,704.0
