index,abnormal QRS,atrial fibrillation,incomplete right bundle branch block,left anterior fascicular block,left axis deviation,left ventricular hypertrophy,myocardial infarction,myocardial ischemia,sinus rhythm,t wave abnormal,ventricular ectopics,micro avg,macro avg,weighted avg,samples avg
precision,0.6384039900249376,0.844311377245509,0.7738095238095238,0.8269230769230769,0.770764119601329,0.62,0.7844311377245509,0.7521367521367521,0.9451428571428572,0.6470588235294118,0.7472527472527473,0.8256508239789826,0.7591122186718814,0.820616215217164,0.8263388085421983
recall,0.7293447293447294,0.88125,0.5701754385964912,0.712707182320442,0.8300536672629696,0.6888888888888889,0.7119565217391305,0.42718446601941745,0.9276500280426248,0.18181818181818182,0.5811965811965812,0.7699331848552339,0.6583841532026778,0.7699331848552339,0.7857491874441026
f1-score,0.6808510638297872,0.8623853211009174,0.6565656565656565,0.7655786350148367,0.7993109388458226,0.6526315789473685,0.7464387464387464,0.544891640866873,0.9363147466742145,0.28387096774193554,0.6538461538461539,0.7968191771349544,0.689335040897483,0.7846243532763879,0.7809182673589453
support,351.0,160.0,114.0,181.0,559.0,225.0,552.0,206.0,1783.0,242.0,117.0,4490.0,4490.0,4490.0,4490.0
