index,1st degree av block,atrial fibrillation,premature atrial contraction,right bundle branch block,sinus rhythm,st depression,ventricular ectopics,micro avg,macro avg,weighted avg,samples avg
precision,0.9193548387096774,0.9576271186440678,0.5238095238095238,0.9387755102040817,0.6907216494845361,0.797752808988764,0.8611111111111112,0.8520710059171598,0.8127360801359659,0.8468843321989176,0.7612809315866085
recall,0.8142857142857143,0.9741379310344828,0.36666666666666664,0.9387755102040817,0.7701149425287356,0.8255813953488372,0.6966292134831461,0.8181818181818182,0.7694559105073806,0.8181818181818182,0.7729257641921398
f1-score,0.8636363636363636,0.9658119658119658,0.4313725490196078,0.9387755102040817,0.7282608695652173,0.8114285714285714,0.7701863354037267,0.8347826086956522,0.7870674521527906,0.8296295782327736,0.7641921397379913
support,70.0,116.0,60.0,196.0,87.0,86.0,89.0,704.0,704.0,704.0,704.0
