index,1st degree av block,atrial fibrillation,premature atrial contraction,right bundle branch block,sinus rhythm,st depression,ventricular ectopics,micro avg,macro avg,weighted avg,samples avg
precision,0.8382352941176471,0.8968253968253969,0.4268292682926829,0.9625668449197861,0.6495726495726496,0.825,0.6708860759493671,0.7848443843031123,0.7528450756682185,0.8013533460143957,0.759825327510917
recall,0.8142857142857143,0.9741379310344828,0.5833333333333334,0.9183673469387755,0.8735632183908046,0.7674418604651163,0.5955056179775281,0.8238636363636364,0.7895192889179649,0.8238636363636364,0.7831149927219796
f1-score,0.8260869565217392,0.9338842975206612,0.4929577464788732,0.9399477806788511,0.7450980392156863,0.7951807228915662,0.630952380952381,0.8038808038808037,0.7663011320371084,0.8087041601646405,0.7655021834061135
support,70.0,116.0,60.0,196.0,87.0,86.0,89.0,704.0,704.0,704.0,704.0
