index,1st degree av block,atrial fibrillation,premature atrial contraction,right bundle branch block,sinus rhythm,st depression,ventricular ectopics,micro avg,macro avg,weighted avg,samples avg
precision,0.8636363636363636,0.9016393442622951,0.5789473684210527,0.9411764705882353,0.6178861788617886,0.8390804597701149,0.8813559322033898,0.8299120234604106,0.8033888739633201,0.836093515336415,0.7503639010189228
recall,0.8142857142857143,0.9482758620689655,0.36666666666666664,0.8979591836734694,0.8735632183908046,0.8488372093023255,0.5842696629213483,0.8039772727272727,0.7619796453298991,0.8039772727272727,0.759825327510917
f1-score,0.8382352941176471,0.9243697478991596,0.44897959183673464,0.9190600522193212,0.7238095238095238,0.8439306358381502,0.7027027027027027,0.8167388167388169,0.7715839354890343,0.8111760097780949,0.7520621057738961
support,70.0,116.0,60.0,196.0,87.0,86.0,89.0,704.0,704.0,704.0,704.0
