index,abnormal QRS,atrial fibrillation,incomplete right bundle branch block,left anterior fascicular block,left axis deviation,left ventricular hypertrophy,myocardial infarction,myocardial ischemia,sinus rhythm,t wave abnormal,ventricular ectopics,micro avg,macro avg,weighted avg,samples avg
precision,0.6483790523690773,0.8433734939759037,0.639344262295082,0.7341040462427746,0.7369230769230769,0.6839378238341969,0.7477477477477478,0.7329192546583851,0.9184753838009528,0.6363636363636364,0.9523809523809523,0.8051918735891648,0.7521771573265261,0.8019851222748378,0.8260257836529024
recall,0.7407407407407407,0.875,0.6842105263157895,0.7016574585635359,0.8568872987477638,0.5866666666666667,0.7518115942028986,0.5728155339805825,0.9730790802019069,0.2603305785123967,0.17094017094017094,0.7944320712694878,0.6521945135338594,0.7944320712694878,0.8067622101520406
f1-score,0.6914893617021277,0.8588957055214724,0.6610169491525425,0.7175141242937854,0.7923904052936311,0.631578947368421,0.7497741644083107,0.6430517711171663,0.9449891067538125,0.36950146627565983,0.2898550724637681,0.7997757847533633,0.6681870067591543,0.7850791863075778,0.7908390789746722
support,351.0,160.0,114.0,181.0,559.0,225.0,552.0,206.0,1783.0,242.0,117.0,4490.0,4490.0,4490.0,4490.0
