index,atrial fibrillation,left ventricular high voltage,nonspecific st t abnormality,sinus bradycardia,sinus rhythm,sinus tachycardia,supraventricular tachycardia,t wave abnormal,micro avg,macro avg,weighted avg,samples avg
precision,0.9261363636363636,0.5339366515837104,0.6984126984126984,0.9722222222222222,0.949238578680203,0.9583333333333334,0.7746478873239436,0.6284403669724771,0.8257065948855989,0.805171012770619,0.8468126817215783,0.848388671875
recall,0.9209039548022598,0.921875,0.44,0.9948320413436692,0.9444444444444444,0.9261744966442953,0.9016393442622951,0.7445652173913043,0.8865606936416185,0.8493043123610335,0.8865606936416185,0.8833821614583333
f1-score,0.9235127478753541,0.6762177650429799,0.5398773006134969,0.9833971902937421,0.9468354430379747,0.9419795221843005,0.8333333333333333,0.681592039800995,0.8550522648083624,0.815843167772772,0.8588545579394242,0.8492699032738096
support,177.0,128.0,100.0,387.0,198.0,149.0,61.0,184.0,1384.0,1384.0,1384.0,1384.0
