index,1st degree av block,atrial fibrillation,premature atrial contraction,right bundle branch block,sinus rhythm,st depression,ventricular ectopics,micro avg,macro avg,weighted avg,samples avg
precision,0.8805970149253731,0.8888888888888888,0.625,0.9679144385026738,0.693069306930693,0.8148148148148148,0.7341772151898734,0.843609022556391,0.800637382750331,0.8347684773172649,0.7503639010189228
recall,0.8428571428571429,0.9655172413793104,0.25,0.923469387755102,0.8045977011494253,0.7674418604651163,0.651685393258427,0.796875,0.7436526752663605,0.796875,0.7540029112081513
f1-score,0.8613138686131387,0.9256198347107438,0.35714285714285715,0.9451697127937337,0.7446808510638299,0.7904191616766467,0.6904761904761905,0.8195763330898467,0.7592603537824487,0.8076155819099928,0.7496360989810772
support,70.0,116.0,60.0,196.0,87.0,86.0,89.0,704.0,704.0,704.0,704.0
