index,abnormal QRS,atrial fibrillation,incomplete right bundle branch block,left anterior fascicular block,left axis deviation,left ventricular hypertrophy,myocardial infarction,myocardial ischemia,sinus rhythm,t wave abnormal,ventricular ectopics,micro avg,macro avg,weighted avg,samples avg
precision,0.6221198156682027,0.8497109826589595,0.6979166666666666,0.8066666666666666,0.7768456375838926,0.815068493150685,0.7673545966228893,0.7005347593582888,0.9432584269662921,0.6144578313253012,0.7948717948717948,0.8227702235538142,0.7626186974126944,0.8215929999521612,0.8300874724603539
recall,0.7692307692307693,0.91875,0.5877192982456141,0.6685082872928176,0.8282647584973166,0.5288888888888889,0.7409420289855072,0.6359223300970874,0.9416713404374649,0.4214876033057851,0.5299145299145299,0.7951002227171492,0.6882999849905256,0.7951002227171492,0.805551556399014
f1-score,0.6878980891719745,0.8828828828828829,0.638095238095238,0.7311178247734138,0.8017316017316017,0.6415094339622641,0.7539170506912442,0.6666666666666667,0.942464215548695,0.5,0.6358974358974359,0.8086986068637444,0.7165618581292197,0.8039210475802155,0.7944919716106157
support,351.0,160.0,114.0,181.0,559.0,225.0,552.0,206.0,1783.0,242.0,117.0,4490.0,4490.0,4490.0,4490.0
