index,1st degree av block,atrial fibrillation,premature atrial contraction,right bundle branch block,sinus rhythm,st depression,ventricular ectopics,micro avg,macro avg,weighted avg,samples avg
precision,0.8939393939393939,0.9416666666666667,0.5833333333333334,0.953125,0.6517857142857143,0.7549019607843137,0.8524590163934426,0.8388969521044993,0.8044587264861235,0.8396553538897945,0.7605531295487628
recall,0.8428571428571429,0.9741379310344828,0.35,0.9336734693877551,0.8390804597701149,0.8953488372093024,0.5842696629213483,0.8210227272727273,0.7741953575971637,0.8210227272727273,0.7758369723435226
f1-score,0.8676470588235294,0.9576271186440678,0.4375,0.9432989690721649,0.7336683417085426,0.8191489361702127,0.6933333333333332,0.8298636037329505,0.7788891082502644,0.8223569015972323,0.7646773410965552
support,70.0,116.0,60.0,196.0,87.0,86.0,89.0,704.0,704.0,704.0,704.0
