index,1st degree av block,atrial fibrillation,premature atrial contraction,right bundle branch block,sinus rhythm,st depression,ventricular ectopics,micro avg,macro avg,weighted avg,samples avg
precision,0.8636363636363636,0.9186991869918699,0.625,0.9086538461538461,0.7159090909090909,0.8023255813953488,0.8133333333333334,0.8436578171091446,0.8067939146314076,0.8327990945561276,0.75764192139738
recall,0.8142857142857143,0.9741379310344828,0.3333333333333333,0.9642857142857143,0.7241379310344828,0.8023255813953488,0.6853932584269663,0.8125,0.7568427805422918,0.8125,0.7678311499272198
f1-score,0.8382352941176471,0.9456066945606694,0.43478260869565216,0.9356435643564357,0.72,0.8023255813953488,0.7439024390243902,0.8277858176555716,0.7743565974500204,0.8177375843267675,0.759825327510917
support,70.0,116.0,60.0,196.0,87.0,86.0,89.0,704.0,704.0,704.0,704.0
