index,atrial fibrillation,left ventricular high voltage,nonspecific st t abnormality,sinus bradycardia,sinus rhythm,sinus tachycardia,supraventricular tachycardia,t wave abnormal,micro avg,macro avg,weighted avg,samples avg
precision,0.8624338624338624,0.635036496350365,0.5416666666666666,0.9842105263157894,0.9631578947368421,0.9166666666666666,0.7884615384615384,0.6309523809523809,0.8452380952380952,0.790323254073014,0.8384910361034231,0.8489583333333333
recall,0.9209039548022598,0.6796875,0.39,0.9664082687338501,0.9242424242424242,0.959731543624161,0.6721311475409836,0.5760869565217391,0.8208092485549133,0.7611489744331772,0.8208092485549133,0.8355305989583334
f1-score,0.8907103825136612,0.6566037735849056,0.45348837209302323,0.9752281616688397,0.9432989690721649,0.9377049180327869,0.7256637168141593,0.6022727272727272,0.8328445747800586,0.7731213776315335,0.8280621775331999,0.8264462425595238
support,177.0,128.0,100.0,387.0,198.0,149.0,61.0,184.0,1384.0,1384.0,1384.0,1384.0
