index,1st degree av block,atrial fibrillation,premature atrial contraction,right bundle branch block,sinus rhythm,st depression,ventricular ectopics,micro avg,macro avg,weighted avg,samples avg
precision,0.84375,0.9243697478991597,0.5,0.9346733668341709,0.6126126126126126,0.7674418604651163,0.803921568627451,0.8088235294117647,0.7695384509197872,0.8101302380126995,0.7212518195050946
recall,0.7714285714285715,0.9482758620689655,0.4166666666666667,0.9489795918367347,0.7816091954022989,0.7674418604651163,0.4606741573033708,0.78125,0.7278679864531034,0.78125,0.7387190684133915
f1-score,0.8059701492537314,0.9361702127659575,0.45454545454545453,0.9417721518987343,0.686868686868687,0.7674418604651162,0.5857142857142857,0.7947976878612717,0.7397832573588523,0.7880111809085778,0.725376031052887
support,70.0,116.0,60.0,196.0,87.0,86.0,89.0,704.0,704.0,704.0,704.0
