index,atrial fibrillation,left ventricular high voltage,nonspecific st t abnormality,sinus bradycardia,sinus rhythm,sinus tachycardia,supraventricular tachycardia,t wave abnormal,micro avg,macro avg,weighted avg,samples avg
precision,0.9147727272727273,0.6470588235294118,0.6363636363636364,0.9624060150375939,0.9668508287292817,0.9375,0.8431372549019608,0.8320610687022901,0.8813169984686064,0.8425187943171127,0.8789598026543269,0.8640950520833333
recall,0.9096045197740112,0.6875,0.56,0.9922480620155039,0.8838383838383839,0.9060402684563759,0.7049180327868853,0.592391304347826,0.8316473988439307,0.7795675714023733,0.8316473988439307,0.8419596354166667
f1-score,0.9121813031161472,0.6666666666666667,0.5957446808510639,0.9770992366412213,0.9234828496042216,0.9215017064846417,0.7678571428571429,0.692063492063492,0.8557620817843866,0.8070746347855746,0.8517583984045998,0.83857421875
support,177.0,128.0,100.0,387.0,198.0,149.0,61.0,184.0,1384.0,1384.0,1384.0,1384.0
