index,atrial fibrillation,left ventricular high voltage,nonspecific st t abnormality,sinus bradycardia,sinus rhythm,sinus tachycardia,supraventricular tachycardia,t wave abnormal,micro avg,macro avg,weighted avg,samples avg
precision,0.9152542372881356,0.7623762376237624,0.7058823529411765,0.9765013054830287,0.9518716577540107,0.9407894736842105,0.8412698412698413,0.7571428571428571,0.8977183320220299,0.8563859953983779,0.8868196277296813,0.8780924479166667
recall,0.9152542372881356,0.6015625,0.48,0.9664082687338501,0.898989898989899,0.959731543624161,0.8688524590163934,0.5760869565217391,0.8244219653179191,0.7833607330217723,0.8244219653179191,0.8382161458333334
f1-score,0.9152542372881356,0.6724890829694323,0.5714285714285713,0.9714285714285715,0.9246753246753248,0.9501661129568106,0.8548387096774194,0.6543209876543209,0.8595103578154426,0.8143251997598233,0.8514198013300566,0.8448056175595238
support,177.0,128.0,100.0,387.0,198.0,149.0,61.0,184.0,1384.0,1384.0,1384.0,1384.0
