index,abnormal QRS,atrial fibrillation,incomplete right bundle branch block,left anterior fascicular block,left axis deviation,left ventricular hypertrophy,myocardial infarction,myocardial ischemia,sinus rhythm,t wave abnormal,ventricular ectopics,micro avg,macro avg,weighted avg,samples avg
precision,0.7377049180327869,0.834319526627219,0.576,0.7891891891891892,0.768352365415987,0.9101123595505618,0.7974137931034483,0.6807511737089202,0.9124737945492662,0.7051282051282052,0.7307692307692307,0.8283564542675759,0.7674740505522558,0.8237652569708304,0.8442204916781189
recall,0.6410256410256411,0.88125,0.631578947368421,0.8066298342541437,0.8425760286225402,0.36,0.6702898550724637,0.7038834951456311,0.9764441951766686,0.22727272727272727,0.6495726495726496,0.7846325167037862,0.6718657612282624,0.7846325167037862,0.802796501101586
f1-score,0.6859756097560976,0.8571428571428571,0.602510460251046,0.7978142076502733,0.8037542662116042,0.5159235668789809,0.7283464566929133,0.6921241050119331,0.9433757789217015,0.34375,0.6877828054298643,0.8059018643486218,0.6962272830861157,0.7899140778085206,0.7985188095357587
support,351.0,160.0,114.0,181.0,559.0,225.0,552.0,206.0,1783.0,242.0,117.0,4490.0,4490.0,4490.0,4490.0
