index,atrial fibrillation,left ventricular high voltage,nonspecific st t abnormality,sinus bradycardia,sinus rhythm,sinus tachycardia,supraventricular tachycardia,t wave abnormal,micro avg,macro avg,weighted avg,samples avg
precision,0.9454545454545454,0.6693548387096774,0.6307692307692307,0.9769230769230769,0.9782608695652174,0.8950617283950617,0.8301886792452831,0.6906077348066298,0.872356495468278,0.8270775879835903,0.8662877240531839,0.864501953125
recall,0.8813559322033898,0.6484375,0.41,0.9844961240310077,0.9090909090909091,0.9731543624161074,0.7213114754098361,0.6793478260869565,0.8345375722543352,0.7758992661547758,0.8345375722543352,0.8430989583333333
f1-score,0.9122807017543859,0.6587301587301587,0.49696969696969695,0.9806949806949806,0.9424083769633508,0.932475884244373,0.7719298245614035,0.6849315068493151,0.8530280649926145,0.797552641345958,0.8480259781095292,0.8395693824404762
support,177.0,128.0,100.0,387.0,198.0,149.0,61.0,184.0,1384.0,1384.0,1384.0,1384.0
