index,1st degree av block,atrial fibrillation,premature atrial contraction,right bundle branch block,sinus rhythm,st depression,ventricular ectopics,micro avg,macro avg,weighted avg,samples avg
precision,0.890625,0.9193548387096774,0.6122448979591837,0.9722222222222222,0.638095238095238,0.8352941176470589,0.8833333333333333,0.8500749625187406,0.8215956639952449,0.8554622261676542,0.75764192139738
recall,0.8142857142857143,0.9827586206896551,0.5,0.8928571428571429,0.7701149425287356,0.8255813953488372,0.5955056179775281,0.8053977272727273,0.7687290619553732,0.8053977272727273,0.7605531295487628
f1-score,0.8507462686567163,0.95,0.5504587155963303,0.9308510638297872,0.6979166666666666,0.8304093567251463,0.7114093959731543,0.8271334792122537,0.788827352492543,0.8248238084834681,0.757399320718098
support,70.0,116.0,60.0,196.0,87.0,86.0,89.0,704.0,704.0,704.0,704.0
