index,1st degree av block,atrial fibrillation,premature atrial contraction,right bundle branch block,sinus rhythm,st depression,ventricular ectopics,micro avg,macro avg,weighted avg,samples avg
precision,0.875,0.8692307692307693,0.6046511627906976,0.9581151832460733,0.775,0.6902654867256637,0.8412698412698413,0.8347953216374269,0.8019332061804348,0.8349591798946938,0.7486656962639494
recall,0.8,0.9741379310344828,0.43333333333333335,0.9336734693877551,0.7126436781609196,0.9069767441860465,0.5955056179775281,0.8110795454545454,0.765181539154295,0.8110795454545454,0.7656477438136827
f1-score,0.8358208955223881,0.91869918699187,0.5048543689320388,0.9457364341085271,0.7425149700598801,0.7839195979899497,0.6973684210526315,0.8227665706051873,0.7755591249510408,0.8164969444529079,0.7532751091703057
support,70.0,116.0,60.0,196.0,87.0,86.0,89.0,704.0,704.0,704.0,704.0
