index,abnormal QRS,atrial fibrillation,incomplete right bundle branch block,left anterior fascicular block,left axis deviation,left ventricular hypertrophy,myocardial infarction,myocardial ischemia,sinus rhythm,t wave abnormal,ventricular ectopics,micro avg,macro avg,weighted avg,samples avg
precision,0.7849462365591398,0.8888888888888888,0.7733333333333333,0.7897727272727273,0.789272030651341,0.7129186602870813,0.7771317829457365,0.6270491803278688,0.924812030075188,0.6923076923076923,0.73,0.8334905660377359,0.7718575056953635,0.8263906826471371,0.8448061863316101
recall,0.6239316239316239,0.85,0.5087719298245614,0.7679558011049724,0.7370304114490162,0.6622222222222223,0.7264492753623188,0.7427184466019418,0.96578799775659,0.2975206611570248,0.6239316239316239,0.7870824053452116,0.682392726667445,0.7870824053452116,0.8009423467050586
f1-score,0.6952380952380952,0.8690095846645367,0.6137566137566138,0.7787114845938375,0.7622571692876966,0.6866359447004609,0.750936329588015,0.6799999999999999,0.9448559670781894,0.4161849710982659,0.6728110599078341,0.8096219931271477,0.7154906563557769,0.8002874572588095,0.7997447938125903
support,351.0,160.0,114.0,181.0,559.0,225.0,552.0,206.0,1783.0,242.0,117.0,4490.0,4490.0,4490.0,4490.0
