index,atrial fibrillation,left ventricular high voltage,nonspecific st t abnormality,sinus bradycardia,sinus rhythm,sinus tachycardia,supraventricular tachycardia,t wave abnormal,micro avg,macro avg,weighted avg,samples avg
precision,0.9451219512195121,0.6560509554140127,0.5137614678899083,0.9769820971867008,0.9211822660098522,0.9772727272727273,0.7878787878787878,0.6341463414634146,0.8367203924316748,0.8015495742918645,0.8478905953631162,0.8509114583333333
recall,0.8757062146892656,0.8046875,0.56,0.9870801033591732,0.9444444444444444,0.8657718120805369,0.8524590163934426,0.7065217391304348,0.8627167630057804,0.8245838537621621,0.8627167630057804,0.8592122395833333
f1-score,0.9090909090909091,0.7228070175438596,0.5358851674641149,0.982005141388175,0.9326683291770573,0.9181494661921707,0.8188976377952757,0.6683804627249358,0.8495197438633938,0.8109855164220623,0.8536562545555858,0.8410435267857143
support,177.0,128.0,100.0,387.0,198.0,149.0,61.0,184.0,1384.0,1384.0,1384.0,1384.0
