index,abnormal QRS,atrial fibrillation,incomplete right bundle branch block,left anterior fascicular block,left axis deviation,left ventricular hypertrophy,myocardial infarction,myocardial ischemia,sinus rhythm,t wave abnormal,ventricular ectopics,micro avg,macro avg,weighted avg,samples avg
precision,0.7421383647798742,0.8295454545454546,0.6666666666666666,0.7925531914893617,0.6942496493688639,0.6401673640167364,0.7429577464788732,0.6232558139534884,0.9297587131367292,0.5523255813953488,0.8088235294117647,0.7968548039638087,0.7293129159311964,0.7949557862400757,0.81599808040486
recall,0.6723646723646723,0.9125,0.7017543859649122,0.8232044198895028,0.8855098389982111,0.68,0.7644927536231884,0.6504854368932039,0.9725182277061133,0.3925619834710744,0.4700854700854701,0.8238307349665924,0.7204979262723954,0.8238307349665924,0.8296282965774491
f1-score,0.7055306427503737,0.869047619047619,0.6837606837606838,0.8075880758807588,0.7783018867924529,0.6594827586206897,0.7535714285714287,0.6365795724465558,0.9506578947368421,0.45893719806763283,0.5945945945945946,0.8101182654402103,0.7180047595699667,0.8055736360921859,0.8000018788154382
support,351.0,160.0,114.0,181.0,559.0,225.0,552.0,206.0,1783.0,242.0,117.0,4490.0,4490.0,4490.0,4490.0
