index,abnormal QRS,atrial fibrillation,incomplete right bundle branch block,left anterior fascicular block,left axis deviation,left ventricular hypertrophy,myocardial infarction,myocardial ischemia,sinus rhythm,t wave abnormal,ventricular ectopics,micro avg,macro avg,weighted avg,samples avg
precision,0.7870722433460076,0.8670886075949367,0.6428571428571429,0.7861271676300579,0.7230769230769231,0.7531645569620253,0.691131498470948,0.773109243697479,0.9434069043576684,0.56353591160221,0.55625,0.8056248582444999,0.7351654726904907,0.8081402748347329,0.8292378334751216
recall,0.5897435897435898,0.85625,0.7105263157894737,0.7513812154696132,0.8407871198568873,0.5288888888888889,0.8188405797101449,0.44660194174757284,0.9349411104879417,0.4214876033057851,0.7606837606837606,0.7910913140311804,0.6963756477894235,0.7910913140311804,0.8080961106384835
f1-score,0.6742671009771987,0.8616352201257861,0.6749999999999999,0.768361581920904,0.7775020678246484,0.6214099216710182,0.7495854063018241,0.5661538461538461,0.9391549295774648,0.48226950354609927,0.6425992779783394,0.7982919429149343,0.7052671687342845,0.7932737491504018,0.7959882129373655
support,351.0,160.0,114.0,181.0,559.0,225.0,552.0,206.0,1783.0,242.0,117.0,4490.0,4490.0,4490.0,4490.0
