index,atrial fibrillation,left ventricular high voltage,nonspecific st t abnormality,sinus bradycardia,sinus rhythm,sinus tachycardia,supraventricular tachycardia,t wave abnormal,micro avg,macro avg,weighted avg,samples avg
precision,0.8956043956043956,0.8260869565217391,0.6056338028169014,0.9846547314578005,0.9641025641025641,0.9333333333333333,0.8059701492537313,0.7333333333333333,0.8941176470588236,0.8435899083029748,0.8814612403247144,0.8870442708333334
recall,0.9209039548022598,0.4453125,0.43,0.9948320413436692,0.9494949494949495,0.9395973154362416,0.8852459016393442,0.5978260869565217,0.8236994219653179,0.7704015937091233,0.8236994219653179,0.8448079427083333
f1-score,0.9080779944289693,0.5786802030456852,0.5029239766081871,0.9897172236503856,0.9567430025445293,0.9364548494983278,0.84375,0.6586826347305389,0.8574652124858969,0.7968787355633279,0.8451929740511416,0.8508324032738095
support,177.0,128.0,100.0,387.0,198.0,149.0,61.0,184.0,1384.0,1384.0,1384.0,1384.0
