index,atrial fibrillation,left ventricular high voltage,nonspecific st t abnormality,sinus bradycardia,sinus rhythm,sinus tachycardia,supraventricular tachycardia,t wave abnormal,micro avg,macro avg,weighted avg,samples avg
precision,0.9226190476190477,0.7920792079207921,0.6716417910447762,0.9596977329974811,0.968421052631579,0.9266666666666666,0.7681159420289855,0.6650717703349283,0.8704663212435233,0.8342891514055321,0.8687181298964713,0.8687337239583333
recall,0.8757062146892656,0.625,0.45,0.9844961240310077,0.9292929292929293,0.9328859060402684,0.8688524590163934,0.7554347826086957,0.8497109826589595,0.80270855195982,0.8497109826589595,0.8544108072916667
f1-score,0.8985507246376813,0.6986899563318777,0.5389221556886228,0.971938775510204,0.9484536082474226,0.9297658862876254,0.8153846153846154,0.707379134860051,0.859963436928702,0.8136356071185125,0.8560212920557932,0.8497535342261904
support,177.0,128.0,100.0,387.0,198.0,149.0,61.0,184.0,1384.0,1384.0,1384.0,1384.0
