index,abnormal QRS,atrial fibrillation,incomplete right bundle branch block,left anterior fascicular block,left axis deviation,left ventricular hypertrophy,myocardial infarction,myocardial ischemia,sinus rhythm,t wave abnormal,ventricular ectopics,micro avg,macro avg,weighted avg,samples avg
precision,0.726984126984127,0.7823834196891192,0.5774647887323944,0.8382352941176471,0.8551068883610451,0.7891156462585034,0.7970401691331924,0.7151898734177216,0.9154488517745303,0.5330578512396694,0.7608695652173914,0.8259727858677489,0.753717861356849,0.8220539977738214,0.8455336692624827
recall,0.6524216524216524,0.94375,0.7192982456140351,0.6298342541436464,0.6440071556350626,0.5155555555555555,0.6829710144927537,0.5485436893203883,0.9837352776219854,0.5330578512396694,0.29914529914529914,0.7706013363028953,0.6502109086536407,0.7706013363028953,0.7933555831860918
f1-score,0.6876876876876877,0.8555240793201133,0.6406249999999999,0.7192429022082019,0.7346938775510203,0.6236559139784946,0.735609756097561,0.6208791208791209,0.9483644228169776,0.5330578512396694,0.4294478527607362,0.7973268809770712,0.6844353149581439,0.7876680965452322,0.7949869644784898
support,351.0,160.0,114.0,181.0,559.0,225.0,552.0,206.0,1783.0,242.0,117.0,4490.0,4490.0,4490.0,4490.0
