index,atrial fibrillation,left ventricular high voltage,nonspecific st t abnormality,sinus bradycardia,sinus rhythm,sinus tachycardia,supraventricular tachycardia,t wave abnormal,micro avg,macro avg,weighted avg,samples avg
precision,0.9272727272727272,0.8275862068965517,0.7115384615384616,0.979539641943734,0.9783783783783784,0.94,0.8448275862068966,0.726027397260274,0.9092382495948136,0.8668962999371279,0.8953731485328992,0.881591796875
recall,0.864406779661017,0.5625,0.37,0.9896640826873385,0.9141414141414141,0.9463087248322147,0.8032786885245902,0.5760869565217391,0.8106936416184971,0.7532983307960393,0.8106936416184971,0.830810546875
f1-score,0.8947368421052632,0.6697674418604651,0.48684210526315785,0.9845758354755785,0.9451697127937337,0.94314381270903,0.823529411764706,0.6424242424242426,0.8571428571428572,0.798773675549522,0.8453230479889077,0.8414248511904762
support,177.0,128.0,100.0,387.0,198.0,149.0,61.0,184.0,1384.0,1384.0,1384.0,1384.0
