index,abnormal QRS,atrial fibrillation,incomplete right bundle branch block,left anterior fascicular block,left axis deviation,left ventricular hypertrophy,myocardial infarction,myocardial ischemia,sinus rhythm,t wave abnormal,ventricular ectopics,micro avg,macro avg,weighted avg,samples avg
precision,0.8266666666666667,0.844311377245509,0.7032967032967034,0.7525773195876289,0.8161350844277674,0.7277486910994765,0.8122171945701357,0.5957446808510638,0.9299191374663073,0.6619718309859155,0.6847826086956522,0.8353108685334599,0.7595792086266205,0.8309654728617848,0.8543856204873154
recall,0.5299145299145299,0.88125,0.5614035087719298,0.8066298342541437,0.778175313059034,0.6177777777777778,0.6503623188405797,0.8155339805825242,0.9674705552439709,0.3884297520661157,0.5384615384615384,0.7839643652561247,0.6850371917247403,0.7839643652561247,0.8038304648474139
f1-score,0.6458333333333334,0.8623853211009174,0.6243902439024389,0.7786666666666667,0.7967032967032968,0.6682692307692307,0.7223340040241448,0.6885245901639344,0.9483232545354591,0.4895833333333333,0.6028708133971292,0.8088235294117647,0.711625826175444,0.8002106628271413,0.8044680010781705
support,351.0,160.0,114.0,181.0,559.0,225.0,552.0,206.0,1783.0,242.0,117.0,4490.0,4490.0,4490.0,4490.0
