index,1st degree av block,atrial fibrillation,premature atrial contraction,right bundle branch block,sinus rhythm,st depression,ventricular ectopics,micro avg,macro avg,weighted avg,samples avg
precision,0.8507462686567164,0.9411764705882353,0.5263157894736842,0.9375,0.7439024390243902,0.7380952380952381,0.84375,0.8360902255639098,0.7973551722626092,0.8342998713550269,0.7372634643377002
recall,0.8142857142857143,0.9655172413793104,0.5,0.9183673469387755,0.7011494252873564,0.7209302325581395,0.6067415730337079,0.7897727272727273,0.7467130762118578,0.7897727272727273,0.74745269286754
f1-score,0.832116788321168,0.9531914893617022,0.5128205128205129,0.9278350515463918,0.7218934911242605,0.7294117647058824,0.7058823529411764,0.8122717311906501,0.769021635831585,0.8093763689276194,0.7384764677341097
support,70.0,116.0,60.0,196.0,87.0,86.0,89.0,704.0,704.0,704.0,704.0
