index,atrial fibrillation,left ventricular high voltage,nonspecific st t abnormality,sinus bradycardia,sinus rhythm,sinus tachycardia,supraventricular tachycardia,t wave abnormal,micro avg,macro avg,weighted avg,samples avg
precision,0.9064327485380117,0.7473684210526316,0.5523809523809524,0.979539641943734,0.9835164835164835,0.9328859060402684,0.746268656716418,0.7844827586206896,0.8824451410658307,0.8291094461011486,0.8771858167907929,0.8734375
recall,0.8757062146892656,0.5546875,0.58,0.9896640826873385,0.9040404040404041,0.9328859060402684,0.819672131147541,0.4945652173913043,0.8135838150289018,0.7689026819995152,0.8135838150289018,0.8353678385416666
f1-score,0.8908045977011494,0.6367713004484304,0.5658536585365854,0.9845758354755785,0.9421052631578947,0.9328859060402684,0.7812500000000001,0.6066666666666667,0.8466165413533835,0.7926141535033218,0.8393172783274131,0.8402622767857142
support,177.0,128.0,100.0,387.0,198.0,149.0,61.0,184.0,1384.0,1384.0,1384.0,1384.0
