index,abnormal QRS,atrial fibrillation,incomplete right bundle branch block,left anterior fascicular block,left axis deviation,left ventricular hypertrophy,myocardial infarction,myocardial ischemia,sinus rhythm,t wave abnormal,ventricular ectopics,micro avg,macro avg,weighted avg,samples avg
precision,0.7728813559322034,0.8865248226950354,0.6767676767676768,0.7121951219512195,0.7668308702791461,0.73224043715847,0.7932489451476793,0.7206703910614525,0.9194488606253313,0.5182186234817814,0.6666666666666666,0.8161915621436716,0.7423357974333329,0.8110722624259529,0.8282867613376088
recall,0.6495726495726496,0.78125,0.5877192982456141,0.8066298342541437,0.8354203935599285,0.5955555555555555,0.6811594202898551,0.6262135922330098,0.9730790802019069,0.5289256198347108,0.37606837606837606,0.7971046770601337,0.6765085290741589,0.7971046770601337,0.8124282878520167
f1-score,0.7058823529411764,0.8305647840531561,0.6291079812206574,0.7564766839378237,0.7996575342465754,0.6568627450980392,0.732943469785575,0.67012987012987,0.9455040871934606,0.523517382413088,0.4808743169398907,0.8065352112676057,0.7028655643599374,0.8007833358427437,0.7973188134205084
support,351.0,160.0,114.0,181.0,559.0,225.0,552.0,206.0,1783.0,242.0,117.0,4490.0,4490.0,4490.0,4490.0
