index,atrial fibrillation,left ventricular high voltage,nonspecific st t abnormality,sinus bradycardia,sinus rhythm,sinus tachycardia,supraventricular tachycardia,t wave abnormal,micro avg,macro avg,weighted avg,samples avg
precision,0.9042553191489362,0.6690140845070423,0.6029411764705882,0.9770992366412213,0.958974358974359,0.972027972027972,0.7936507936507936,0.706766917293233,0.8754716981132076,0.8230912323392682,0.8650906204026148,0.8780110677083333
recall,0.96045197740113,0.7421875,0.41,0.9922480620155039,0.9444444444444444,0.9328859060402684,0.819672131147541,0.5108695652173914,0.838150289017341,0.7890949482832849,0.838150289017341,0.8517252604166666
f1-score,0.9315068493150686,0.7037037037037037,0.488095238095238,0.9846153846153846,0.9516539440203563,0.9520547945205479,0.8064516129032259,0.5930599369085173,0.8564045773348098,0.8013926830102552,0.8478372009655888,0.8506998697916666
support,177.0,128.0,100.0,387.0,198.0,149.0,61.0,184.0,1384.0,1384.0,1384.0,1384.0
