index,abnormal QRS,atrial fibrillation,incomplete right bundle branch block,left anterior fascicular block,left axis deviation,left ventricular hypertrophy,myocardial infarction,myocardial ischemia,sinus rhythm,t wave abnormal,ventricular ectopics,micro avg,macro avg,weighted avg,samples avg
precision,0.7888888888888889,0.8920863309352518,0.6548672566371682,0.6693548387096774,0.7736486486486487,0.8461538461538461,0.7555555555555555,0.7777777777777778,0.9281886387995713,0.5257352941176471,0.7671232876712328,0.8194444444444444,0.761761851263206,0.821275437348434,0.8330050389372424
recall,0.6068376068376068,0.775,0.6491228070175439,0.9171270718232044,0.8193202146690519,0.44,0.7391304347826086,0.6116504854368932,0.971396522714526,0.5909090909090909,0.47863247863247865,0.8015590200445434,0.6908297011657277,0.8015590200445434,0.8130456121981545
f1-score,0.6859903381642511,0.8294314381270902,0.6519823788546256,0.7738927738927739,0.7958297132927888,0.5789473684210525,0.7472527472527473,0.6847826086956521,0.9493011784050424,0.556420233463035,0.5894736842105263,0.8104030623733394,0.7130276784345078,0.8046323033868841,0.8000569364976146
support,351.0,160.0,114.0,181.0,559.0,225.0,552.0,206.0,1783.0,242.0,117.0,4490.0,4490.0,4490.0,4490.0
