index,1st degree av block,atrial fibrillation,premature atrial contraction,right bundle branch block,sinus rhythm,st depression,ventricular ectopics,micro avg,macro avg,weighted avg,samples avg
precision,0.8840579710144928,0.9262295081967213,0.46153846153846156,0.9326424870466321,0.6346153846153846,0.7553191489361702,0.8387096774193549,0.821376281112738,0.7761589483953169,0.8162373048801895,0.7358078602620087
recall,0.8714285714285714,0.9741379310344828,0.3,0.9183673469387755,0.7586206896551724,0.8255813953488372,0.5842696629213483,0.796875,0.7474865139038839,0.796875,0.75254730713246
f1-score,0.8776978417266188,0.9495798319327732,0.3636363636363637,0.9254498714652956,0.6910994764397905,0.7888888888888889,0.6887417218543046,0.8089401586157174,0.7550134279920051,0.8012280940201478,0.7404172731683648
support,70.0,116.0,60.0,196.0,87.0,86.0,89.0,704.0,704.0,704.0,704.0
