index,1st degree av block,atrial fibrillation,premature atrial contraction,right bundle branch block,sinus rhythm,st depression,ventricular ectopics,micro avg,macro avg,weighted avg,samples avg
precision,0.9047619047619048,0.9495798319327731,0.5882352941176471,0.9732620320855615,0.7126436781609196,0.8533333333333334,0.8235294117647058,0.8676923076923077,0.8293350694509779,0.863947235919161,0.75254730713246
recall,0.8142857142857143,0.9741379310344828,0.5,0.9285714285714286,0.7126436781609196,0.7441860465116279,0.6292134831460674,0.8011363636363636,0.7575768973871772,0.8011363636363636,0.7561863173216885
f1-score,0.857142857142857,0.9617021276595743,0.5405405405405405,0.9503916449086162,0.7126436781609196,0.7950310559006211,0.7133757961783439,0.8330871491875922,0.7901182429273532,0.8297297703272128,0.75254730713246
support,70.0,116.0,60.0,196.0,87.0,86.0,89.0,704.0,704.0,704.0,704.0
