index,abnormal QRS,atrial fibrillation,incomplete right bundle branch block,left anterior fascicular block,left axis deviation,left ventricular hypertrophy,myocardial infarction,myocardial ischemia,sinus rhythm,t wave abnormal,ventricular ectopics,micro avg,macro avg,weighted avg,samples avg
precision,0.716374269005848,0.8597560975609756,0.6666666666666666,0.7552083333333334,0.7236255572065379,0.6527196652719666,0.6548295454545454,0.7398843930635838,0.9280730005367687,0.5155038759689923,0.6528925619834711,0.7807199007033513,0.7150485423684263,0.7845982818005385,0.8034487271775407
recall,0.698005698005698,0.88125,0.6140350877192983,0.8011049723756906,0.8711985688729875,0.6933333333333334,0.8351449275362319,0.6213592233009708,0.9697139652271453,0.5495867768595041,0.6752136752136753,0.8405345211581292,0.7463587480404122,0.8405345211581292,0.8449839670178653
f1-score,0.7070707070707072,0.8703703703703702,0.639269406392694,0.7774798927613941,0.7905844155844155,0.6724137931034483,0.734076433121019,0.6754617414248021,0.9484366428963248,0.532,0.6638655462184875,0.8095238095238096,0.7282753589948784,0.809823063502816,0.800246658721235
support,351.0,160.0,114.0,181.0,559.0,225.0,552.0,206.0,1783.0,242.0,117.0,4490.0,4490.0,4490.0,4490.0
