index,atrial fibrillation,left ventricular high voltage,nonspecific st t abnormality,sinus bradycardia,sinus rhythm,sinus tachycardia,supraventricular tachycardia,t wave abnormal,micro avg,macro avg,weighted avg,samples avg
precision,0.937888198757764,0.7175572519083969,0.6063829787234043,0.9529702970297029,0.9943820224719101,0.8881987577639752,0.8541666666666666,0.7419354838709677,0.8731231231231231,0.8366852071490984,0.8707665414034896,0.8595377604166667
recall,0.8531073446327684,0.734375,0.57,0.9948320413436692,0.8939393939393939,0.959731543624161,0.6721311475409836,0.625,0.8403179190751445,0.787889558885122,0.8403179190751445,0.8447265625
f1-score,0.8934911242603552,0.7258687258687258,0.5876288659793814,0.9734513274336283,0.9414893617021277,0.9225806451612903,0.7522935779816513,0.6784660766961652,0.8564064801178204,0.8094087131354157,0.853435514692963,0.839848400297619
support,177.0,128.0,100.0,387.0,198.0,149.0,61.0,184.0,1384.0,1384.0,1384.0,1384.0
