index,1st degree av block,atrial fibrillation,premature atrial contraction,right bundle branch block,sinus rhythm,st depression,ventricular ectopics,micro avg,macro avg,weighted avg,samples avg
precision,0.8472222222222222,0.9411764705882353,0.5111111111111111,0.956989247311828,0.6416666666666667,0.7976190476190477,0.8055555555555556,0.8252148997134671,0.7859057601535238,0.8278881645216738,0.7610383309073264
recall,0.8714285714285714,0.9655172413793104,0.38333333333333336,0.9081632653061225,0.8850574712643678,0.7790697674418605,0.651685393258427,0.8181818181818182,0.7777507204874278,0.8181818181818182,0.7758369723435226
f1-score,0.8591549295774648,0.9531914893617022,0.4380952380952381,0.9319371727748691,0.7439613526570049,0.788235294117647,0.7204968944099379,0.8216833095577746,0.7764389101419805,0.8185987990962076,0.7639495390587092
support,70.0,116.0,60.0,196.0,87.0,86.0,89.0,704.0,704.0,704.0,704.0
