index,1st degree av block,atrial fibrillation,premature atrial contraction,right bundle branch block,sinus rhythm,st depression,ventricular ectopics,micro avg,macro avg,weighted avg,samples avg
precision,0.8955223880597015,0.9338842975206612,0.5813953488372093,0.9574468085106383,0.7126436781609196,0.7777777777777778,0.8307692307692308,0.8532526475037822,0.8127770756623055,0.84714174929296,0.75254730713246
recall,0.8571428571428571,0.9741379310344828,0.4166666666666667,0.9183673469387755,0.7126436781609196,0.813953488372093,0.6067415730337079,0.8011363636363636,0.7570933630499289,0.8011363636363636,0.7583697234352256
f1-score,0.8759124087591241,0.9535864978902953,0.4854368932038835,0.9375000000000001,0.7126436781609196,0.7954545454545455,0.7012987012987013,0.8263736263736264,0.7802618178239242,0.8204982830757405,0.7530325084910237
support,70.0,116.0,60.0,196.0,87.0,86.0,89.0,704.0,704.0,704.0,704.0
