index,abnormal QRS,atrial fibrillation,incomplete right bundle branch block,left anterior fascicular block,left axis deviation,left ventricular hypertrophy,myocardial infarction,myocardial ischemia,sinus rhythm,t wave abnormal,ventricular ectopics,micro avg,macro avg,weighted avg,samples avg
precision,0.6612021857923497,0.8372093023255814,0.6370967741935484,0.8397435897435898,0.8114285714285714,0.7241379310344828,0.7660377358490567,0.7012987012987013,0.9204665959703076,0.5510204081632653,0.8307692307692308,0.8187672493100276,0.7527646387789713,0.8120794934398602,0.8363708745064677
recall,0.6894586894586895,0.9,0.6929824561403509,0.7237569060773481,0.7620751341681574,0.56,0.7355072463768116,0.5242718446601942,0.9736399326977005,0.4462809917355372,0.46153846153846156,0.7928730512249443,0.679046514804841,0.7928730512249443,0.8122864995746352
f1-score,0.6750348675034867,0.8674698795180723,0.6638655462184874,0.7774480712166172,0.7859778597785979,0.6315789473684211,0.7504621072088725,0.6,0.9463068956118834,0.4931506849315068,0.5934065934065935,0.8056121294410501,0.7077001320693217,0.7989954107766466,0.7992781306340628
support,351.0,160.0,114.0,181.0,559.0,225.0,552.0,206.0,1783.0,242.0,117.0,4490.0,4490.0,4490.0,4490.0
