index,1st degree av block,atrial fibrillation,premature atrial contraction,right bundle branch block,sinus rhythm,st depression,ventricular ectopics,micro avg,macro avg,weighted avg,samples avg
precision,0.8840579710144928,0.954954954954955,0.5,0.93,0.693069306930693,0.7777777777777778,0.8405797101449275,0.8367346938775511,0.7972056744032637,0.8337163999155497,0.7634643377001455
recall,0.8714285714285714,0.9137931034482759,0.38333333333333336,0.9489795918367347,0.8045977011494253,0.813953488372093,0.651685393258427,0.8153409090909091,0.7696815975466944,0.8153409090909091,0.7743813682678311
f1-score,0.8776978417266188,0.9339207048458151,0.43396226415094347,0.9393939393939393,0.7446808510638299,0.7954545454545455,0.7341772151898734,0.8258992805755396,0.7798981945465094,0.8216913291999849,0.7646773410965552
support,70.0,116.0,60.0,196.0,87.0,86.0,89.0,704.0,704.0,704.0,704.0
