index,atrial fibrillation,left ventricular high voltage,nonspecific st t abnormality,sinus bradycardia,sinus rhythm,sinus tachycardia,supraventricular tachycardia,t wave abnormal,micro avg,macro avg,weighted avg,samples avg
precision,0.94,0.6402439024390244,0.696969696969697,0.9192399049881235,0.96045197740113,0.9513888888888888,0.8490566037735849,0.6648936170212766,0.8481291269258987,0.8277805739352155,0.8524807418869511,0.8479817708333333
recall,0.7966101694915254,0.8203125,0.46,1.0,0.8585858585858586,0.9194630872483222,0.7377049180327869,0.6793478260869565,0.8352601156069365,0.7840030449306812,0.8352601156069365,0.8373209635416666
f1-score,0.8623853211009174,0.7191780821917809,0.5542168674698795,0.9579207920792079,0.9066666666666666,0.9351535836177475,0.7894736842105263,0.6720430107526882,0.841645431379687,0.7996297510111767,0.8392382386643301,0.8289341517857143
support,177.0,128.0,100.0,387.0,198.0,149.0,61.0,184.0,1384.0,1384.0,1384.0,1384.0
