index,atrial fibrillation,left ventricular high voltage,nonspecific st t abnormality,sinus bradycardia,sinus rhythm,sinus tachycardia,supraventricular tachycardia,t wave abnormal,micro avg,macro avg,weighted avg,samples avg
precision,0.9539473684210527,0.6387096774193548,0.7777777777777778,0.9770992366412213,0.9887640449438202,0.89937106918239,0.7857142857142857,0.7863247863247863,0.8896769109535066,0.8509635308030861,0.8879426355473401,0.8695475260416666
recall,0.8192090395480226,0.7734375,0.35,0.9922480620155039,0.8888888888888888,0.959731543624161,0.9016393442622951,0.5,0.8157514450867052,0.7731442972923589,0.8157514450867052,0.833251953125
f1-score,0.8814589665653496,0.6996466431095406,0.48275862068965514,0.9846153846153846,0.9361702127659574,0.9285714285714286,0.8396946564885497,0.6112956810631229,0.8511119487372784,0.7955264492336235,0.8398219997553656,0.8381370907738095
support,177.0,128.0,100.0,387.0,198.0,149.0,61.0,184.0,1384.0,1384.0,1384.0,1384.0
