index,abnormal QRS,atrial fibrillation,incomplete right bundle branch block,left anterior fascicular block,left axis deviation,left ventricular hypertrophy,myocardial infarction,myocardial ischemia,sinus rhythm,t wave abnormal,ventricular ectopics,micro avg,macro avg,weighted avg,samples avg
precision,0.7111801242236024,0.8853503184713376,0.6083333333333333,0.7796610169491526,0.8143712574850299,0.7777777777777778,0.7887323943661971,0.6898395721925134,0.9160506863780359,0.726027397260274,0.8545454545454545,0.8377515954835543,0.7774426666347917,0.8281667054014406,0.8451290273324172
recall,0.6524216524216524,0.86875,0.6403508771929824,0.7624309392265194,0.7298747763864043,0.56,0.6086956521739131,0.6262135922330098,0.9730790802019069,0.2190082644628099,0.4017094017094017,0.7601336302895323,0.640230385091691,0.7601336302895323,0.7826014876862334
f1-score,0.6805349182763744,0.8769716088328076,0.6239316239316238,0.770949720670391,0.7698113207547169,0.6511627906976745,0.6871165644171779,0.6564885496183206,0.9437041066086483,0.3365079365079365,0.5465116279069768,0.7970574497898179,0.6857900698384225,0.7815625083451179,0.7893063215097114
support,351.0,160.0,114.0,181.0,559.0,225.0,552.0,206.0,1783.0,242.0,117.0,4490.0,4490.0,4490.0,4490.0
