index,atrial fibrillation,left ventricular high voltage,nonspecific st t abnormality,sinus bradycardia,sinus rhythm,sinus tachycardia,supraventricular tachycardia,t wave abnormal,micro avg,macro avg,weighted avg,samples avg
precision,0.8586387434554974,0.6474820143884892,0.6162790697674418,0.9484029484029484,0.9664804469273743,0.952054794520548,0.8,0.775,0.8636709824828637,0.8205422521827874,0.8584796938708213,0.8575032552083333
recall,0.9265536723163842,0.703125,0.53,0.9974160206718347,0.8737373737373737,0.9328859060402684,0.5901639344262295,0.5054347826086957,0.819364161849711,0.7574145862250983,0.819364161849711,0.8272298177083333
f1-score,0.8913043478260869,0.6741573033707865,0.5698924731182796,0.9722921914357682,0.9177718832891246,0.9423728813559323,0.6792452830188679,0.611842105263158,0.8409343715239154,0.7823598085847505,0.8334282020520237,0.8280924479166667
support,177.0,128.0,100.0,387.0,198.0,149.0,61.0,184.0,1384.0,1384.0,1384.0,1384.0
