index,atrial fibrillation,left ventricular high voltage,nonspecific st t abnormality,sinus bradycardia,sinus rhythm,sinus tachycardia,supraventricular tachycardia,t wave abnormal,micro avg,macro avg,weighted avg,samples avg
precision,0.9111111111111111,0.6518987341772152,0.6216216216216216,0.9387254901960784,0.9725274725274725,0.8980891719745223,0.8135593220338984,0.7426900584795322,0.8560115190784737,0.8187778727651815,0.8546361611982224,0.8627115885416666
recall,0.9265536723163842,0.8046875,0.46,0.9896640826873385,0.8939393939393939,0.9463087248322147,0.7868852459016393,0.6902173913043478,0.8591040462427746,0.8122820013726648,0.8591040462427746,0.860595703125
f1-score,0.9187675070028011,0.7202797202797204,0.5287356321839081,0.9635220125786164,0.9315789473684211,0.9215686274509803,0.8,0.7154929577464788,0.8575549945906958,0.8124931755763658,0.8546179886677102,0.8485258556547619
support,177.0,128.0,100.0,387.0,198.0,149.0,61.0,184.0,1384.0,1384.0,1384.0,1384.0
