index,1st degree av block,atrial fibrillation,premature atrial contraction,right bundle branch block,sinus rhythm,st depression,ventricular ectopics,micro avg,macro avg,weighted avg,samples avg
precision,0.8939393939393939,0.9262295081967213,0.5918367346938775,0.9774011299435028,0.5983606557377049,0.8,0.8333333333333334,0.8294460641399417,0.8030143936920763,0.8410841616377606,0.7540029112081513
recall,0.8428571428571429,0.9741379310344828,0.48333333333333334,0.8826530612244898,0.8390804597701149,0.8372093023255814,0.5617977528089888,0.8082386363636364,0.7744384261934477,0.8082386363636364,0.764919941775837
f1-score,0.8676470588235294,0.9495798319327732,0.5321100917431193,0.9276139410187667,0.6985645933014353,0.8181818181818183,0.6711409395973154,0.818705035971223,0.7806911820855367,0.8174656138794553,0.7559437166424064
support,70.0,116.0,60.0,196.0,87.0,86.0,89.0,704.0,704.0,704.0,704.0
