index,atrial fibrillation,left ventricular high voltage,nonspecific st t abnormality,sinus bradycardia,sinus rhythm,sinus tachycardia,supraventricular tachycardia,t wave abnormal,micro avg,macro avg,weighted avg,samples avg
precision,0.9065934065934066,0.7227722772277227,0.6901408450704225,0.9819587628865979,0.9444444444444444,0.9640287769784173,0.8571428571428571,0.7272727272727273,0.89,0.8492942622020745,0.8806056315534808,0.88037109375
recall,0.9322033898305084,0.5703125,0.49,0.9844961240310077,0.9444444444444444,0.8993288590604027,0.7868852459016393,0.6521739130434783,0.8359826589595376,0.782480559538935,0.8359826589595376,0.846435546875
f1-score,0.9192200557103064,0.6375545851528385,0.5730994152046783,0.9832258064516128,0.9444444444444444,0.9305555555555556,0.8205128205128205,0.6876790830945559,0.8621460506706409,0.8120364707658516,0.8557545350404535,0.8490978422619048
support,177.0,128.0,100.0,387.0,198.0,149.0,61.0,184.0,1384.0,1384.0,1384.0,1384.0
