index,abnormal QRS,atrial fibrillation,incomplete right bundle branch block,left anterior fascicular block,left axis deviation,left ventricular hypertrophy,myocardial infarction,myocardial ischemia,sinus rhythm,t wave abnormal,ventricular ectopics,micro avg,macro avg,weighted avg,samples avg
precision,0.7371794871794872,0.7437185929648241,0.6470588235294118,0.8283582089552238,0.7447129909365559,0.6274509803921569,0.7636363636363637,0.6521739130434783,0.9343629343629344,0.5930232558139535,0.7142857142857143,0.8097527472527473,0.725996478645464,0.8035280214612778,0.819261392142748
recall,0.6552706552706553,0.925,0.6754385964912281,0.6132596685082873,0.8819320214669052,0.7111111111111111,0.6847826086956522,0.7281553398058253,0.950084127874369,0.21074380165289255,0.38461538461538464,0.7877505567928731,0.674581210499301,0.7877505567928731,0.8013764369696573
f1-score,0.693815987933635,0.8245125348189416,0.6609442060085837,0.7047619047619047,0.8075348075348074,0.6666666666666666,0.7220630372492837,0.6880733944954129,0.9421579532814238,0.31097560975609756,0.5,0.7986001354707608,0.6837732820460687,0.7870197245175927,0.7855353431624618
support,351.0,160.0,114.0,181.0,559.0,225.0,552.0,206.0,1783.0,242.0,117.0,4490.0,4490.0,4490.0,4490.0
