index,abnormal QRS,atrial fibrillation,incomplete right bundle branch block,left anterior fascicular block,left axis deviation,left ventricular hypertrophy,myocardial infarction,myocardial ischemia,sinus rhythm,t wave abnormal,ventricular ectopics,micro avg,macro avg,weighted avg,samples avg
precision,0.7793594306049823,0.8972602739726028,0.6869565217391305,0.8148148148148148,0.8260869565217391,0.7258064516129032,0.8072033898305084,0.6939890710382514,0.9170146137787056,0.594059405940594,0.8181818181818182,0.8389610389610389,0.7782484316396409,0.8309721858349469,0.8520908317518486
recall,0.6239316239316239,0.81875,0.6929824561403509,0.7292817679558011,0.7477638640429338,0.6,0.6902173913043478,0.616504854368932,0.9854178351093662,0.49586776859504134,0.46153846153846156,0.7913140311804009,0.6783869111806236,0.7913140311804009,0.8104846977728333
f1-score,0.6930379746835443,0.8562091503267975,0.6899563318777292,0.7696793002915453,0.7849765258215964,0.6569343065693432,0.744140625,0.652956298200514,0.9499864828331982,0.5405405405405406,0.5901639344262295,0.8144412607449856,0.7207801336882762,0.8070800395824043,0.8094700382835975
support,351.0,160.0,114.0,181.0,559.0,225.0,552.0,206.0,1783.0,242.0,117.0,4490.0,4490.0,4490.0,4490.0
