index,1st degree av block,atrial fibrillation,premature atrial contraction,right bundle branch block,sinus rhythm,st depression,ventricular ectopics,micro avg,macro avg,weighted avg,samples avg
precision,0.9285714285714286,0.9180327868852459,0.6428571428571429,0.9333333333333333,0.6907216494845361,0.7926829268292683,0.9166666666666666,0.8551401869158879,0.831837990661089,0.8563116672290562,0.745269286754003
recall,0.7428571428571429,0.9655172413793104,0.45,0.9285714285714286,0.7701149425287356,0.7558139534883721,0.4943820224719101,0.7798295454545454,0.7296081044709857,0.7798295454545454,0.7416302765647744
f1-score,0.8253968253968255,0.9411764705882353,0.5294117647058824,0.9309462915601023,0.7282608695652173,0.7738095238095238,0.6423357664233577,0.8157503714710252,0.7673339302927349,0.8071855473091162,0.7404172731683648
support,70.0,116.0,60.0,196.0,87.0,86.0,89.0,704.0,704.0,704.0,704.0
