index,abnormal QRS,atrial fibrillation,incomplete right bundle branch block,left anterior fascicular block,left axis deviation,left ventricular hypertrophy,myocardial infarction,myocardial ischemia,sinus rhythm,t wave abnormal,ventricular ectopics,micro avg,macro avg,weighted avg,samples avg
precision,0.7612456747404844,0.8057142857142857,0.6106870229007634,0.7421052631578947,0.7565359477124183,0.71875,0.8012958963282938,0.708994708994709,0.9322774440196614,0.6666666666666666,0.7727272727272727,0.829285545861825,0.7524545620874954,0.8211658323646577,0.8343454834980258
recall,0.6267806267806267,0.88125,0.7017543859649122,0.7790055248618785,0.8282647584973166,0.6133333333333333,0.6721014492753623,0.6504854368932039,0.957375210319686,0.2231404958677686,0.5811965811965812,0.7832962138084633,0.6831534366355154,0.7832962138084633,0.797845908862858
f1-score,0.6875,0.8417910447761193,0.6530612244897959,0.7601078167115902,0.7907771135781383,0.6618705035971223,0.7310344827586207,0.6784810126582278,0.9446596568898727,0.3343653250773994,0.6634146341463416,0.8056350933455503,0.7042784376984753,0.7940211678327828,0.7922148879775999
support,351.0,160.0,114.0,181.0,559.0,225.0,552.0,206.0,1783.0,242.0,117.0,4490.0,4490.0,4490.0,4490.0
