index,abnormal QRS,atrial fibrillation,incomplete right bundle branch block,left anterior fascicular block,left axis deviation,left ventricular hypertrophy,myocardial infarction,myocardial ischemia,sinus rhythm,t wave abnormal,ventricular ectopics,micro avg,macro avg,weighted avg,samples avg
precision,0.7236024844720497,0.8910256410256411,0.6014492753623188,0.8484848484848485,0.8028673835125448,0.6829268292682927,0.837378640776699,0.6104417670682731,0.9289529914529915,0.5520361990950227,0.7792207792207793,0.8228926761860894,0.7507624399763148,0.8218752210211681,0.8382452064655455
recall,0.6638176638176638,0.86875,0.7280701754385965,0.6187845303867403,0.8014311270125224,0.6222222222222222,0.625,0.7378640776699029,0.9753224901850813,0.5041322314049587,0.5128205128205128,0.7957683741648107,0.6962013664507455,0.7957683741648107,0.8127173178020636
f1-score,0.6924219910846954,0.8797468354430381,0.6587301587301587,0.7156549520766774,0.8021486123545212,0.6511627906976744,0.7157676348547717,0.6681318681318681,0.9515731874145008,0.5269978401727862,0.6185567010309277,0.8091032608695652,0.7164447792719654,0.8045967935308177,0.8015538718928549
support,351.0,160.0,114.0,181.0,559.0,225.0,552.0,206.0,1783.0,242.0,117.0,4490.0,4490.0,4490.0,4490.0
