index,1st degree av block,atrial fibrillation,premature atrial contraction,right bundle branch block,sinus rhythm,st depression,ventricular ectopics,micro avg,macro avg,weighted avg,samples avg
precision,0.8769230769230769,0.9491525423728814,0.5789473684210527,0.9621621621621622,0.696969696969697,0.8152173913043478,0.8392857142857143,0.8575803981623277,0.8169511360627046,0.8526256023421628,0.7489082969432315
recall,0.8142857142857143,0.9655172413793104,0.36666666666666664,0.9081632653061225,0.7931034482758621,0.872093023255814,0.5280898876404494,0.7954545454545454,0.7497027495442771,0.7954545454545454,0.75254730713246
f1-score,0.8444444444444444,0.9572649572649573,0.44897959183673464,0.9343832020997376,0.7419354838709677,0.8426966292134831,0.6482758620689656,0.8253500368459838,0.7739971672570415,0.8166883213194184,0.7481804949053857
support,70.0,116.0,60.0,196.0,87.0,86.0,89.0,704.0,704.0,704.0,704.0
