index,abnormal QRS,atrial fibrillation,incomplete right bundle branch block,left anterior fascicular block,left axis deviation,left ventricular hypertrophy,myocardial infarction,myocardial ischemia,sinus rhythm,t wave abnormal,ventricular ectopics,micro avg,macro avg,weighted avg,samples avg
precision,0.6340057636887608,0.8055555555555556,0.7142857142857143,0.8242424242424242,0.7643097643097643,0.6225490196078431,0.7161084529505582,0.7010869565217391,0.9268689057421452,0.5755813953488372,0.8470588235294118,0.8024471635150167,0.7392411614347959,0.7973460284763492,0.8175817463953057
recall,0.6267806267806267,0.90625,0.5701754385964912,0.7513812154696132,0.8121645796064401,0.5644444444444444,0.8134057971014492,0.6262135922330098,0.9596186203028604,0.4090909090909091,0.6153846153846154,0.8033407572383073,0.6959008944554963,0.8033407572383073,0.8133749972733023
f1-score,0.6303724928366763,0.8529411764705882,0.6341463414634146,0.7861271676300577,0.787510841283608,0.5920745920745921,0.7616624257845632,0.6615384615384616,0.942959492973271,0.47826086956521746,0.7128712871287128,0.8028937117417917,0.7127695589771966,0.7979743443415018,0.7923016465389346
support,351.0,160.0,114.0,181.0,559.0,225.0,552.0,206.0,1783.0,242.0,117.0,4490.0,4490.0,4490.0,4490.0
