index,atrial fibrillation,left ventricular high voltage,nonspecific st t abnormality,sinus bradycardia,sinus rhythm,sinus tachycardia,supraventricular tachycardia,t wave abnormal,micro avg,macro avg,weighted avg,samples avg
precision,0.8950276243093923,0.5849056603773585,0.48760330578512395,0.9820971867007673,0.9781420765027322,0.9391891891891891,0.8571428571428571,0.7333333333333333,0.8541820873427091,0.8071801541675943,0.8547327484238089,0.8592936197916666
recall,0.9152542372881356,0.484375,0.59,0.9922480620155039,0.9040404040404041,0.9328859060402684,0.7868852459016393,0.657608695652174,0.8338150289017341,0.7829121938672656,0.8338150289017341,0.8466796875
f1-score,0.9050279329608939,0.5299145299145298,0.5339366515837103,0.9871465295629821,0.9396325459317586,0.936026936026936,0.8205128205128205,0.6934097421203439,0.8438756855575867,0.7932009610767469,0.8429135175045595,0.8384021577380952
support,177.0,128.0,100.0,387.0,198.0,149.0,61.0,184.0,1384.0,1384.0,1384.0,1384.0
