index,atrial fibrillation,left ventricular high voltage,nonspecific st t abnormality,sinus bradycardia,sinus rhythm,sinus tachycardia,supraventricular tachycardia,t wave abnormal,micro avg,macro avg,weighted avg,samples avg
precision,0.888268156424581,0.6477272727272727,0.5463917525773195,0.9770408163265306,0.9447236180904522,0.9784172661870504,0.8448275862068966,0.7295597484276729,0.8703279938977879,0.8196195271209721,0.860910008154215,0.8666178385416667
recall,0.8983050847457628,0.4453125,0.53,0.9896640826873385,0.9494949494949495,0.912751677852349,0.8032786885245902,0.6304347826086957,0.8244219653179191,0.7699052207392107,0.8244219653179191,0.84326171875
f1-score,0.8932584269662921,0.5277777777777778,0.5380710659898477,0.9833119383825417,0.947103274559194,0.9444444444444444,0.823529411764706,0.6763848396501457,0.8467532467532466,0.7917351474418687,0.8402817189883196,0.8402739025297619
support,177.0,128.0,100.0,387.0,198.0,149.0,61.0,184.0,1384.0,1384.0,1384.0,1384.0
