index,atrial fibrillation,left ventricular high voltage,nonspecific st t abnormality,sinus bradycardia,sinus rhythm,sinus tachycardia,supraventricular tachycardia,t wave abnormal,micro avg,macro avg,weighted avg,samples avg
precision,0.9285714285714286,0.625,0.55,0.9746192893401016,0.9833333333333333,0.8805031446540881,0.8679245283018868,0.6774193548387096,0.8657407407407407,0.8109213848799435,0.8526144031083518,0.855712890625
recall,0.8813559322033898,0.46875,0.33,0.9922480620155039,0.8939393939393939,0.9395973154362416,0.7540983606557377,0.6847826086956522,0.8106936416184971,0.7430964591182398,0.8106936416184971,0.8282063802083333
f1-score,0.9043478260869564,0.5357142857142857,0.4125,0.9833546734955186,0.9365079365079364,0.9090909090909091,0.8070175438596491,0.6810810810810811,0.8373134328358209,0.771201781979542,0.8279475133013439,0.8273763020833333
support,177.0,128.0,100.0,387.0,198.0,149.0,61.0,184.0,1384.0,1384.0,1384.0,1384.0
