index,1st degree av block,atrial fibrillation,premature atrial contraction,right bundle branch block,sinus rhythm,st depression,ventricular ectopics,micro avg,macro avg,weighted avg,samples avg
precision,0.8787878787878788,0.9473684210526315,0.6,0.9223300970873787,0.6230769230769231,0.8513513513513513,0.8888888888888888,0.836940836940837,0.8159719371778645,0.8447750099735832,0.772197962154294
recall,0.8285714285714286,0.9310344827586207,0.4,0.9693877551020408,0.9310344827586207,0.7325581395348837,0.6292134831460674,0.8238636363636364,0.7745428245530945,0.8238636363636364,0.7852983988355168
f1-score,0.8529411764705883,0.9391304347826087,0.48,0.9452736318407962,0.7465437788018434,0.7875,0.7368421052631579,0.8303507516105942,0.7840330181655705,0.8252441772055416,0.7734109655507035
support,70.0,116.0,60.0,196.0,87.0,86.0,89.0,704.0,704.0,704.0,704.0
