index,1st degree av block,atrial fibrillation,premature atrial contraction,right bundle branch block,sinus rhythm,st depression,ventricular ectopics,micro avg,macro avg,weighted avg,samples avg
precision,0.9032258064516129,0.9173553719008265,0.5303030303030303,0.9430051813471503,0.7191011235955056,0.8313253012048193,0.7746478873239436,0.8350364963503649,0.8027091003038411,0.8370534979866284,0.75764192139738
recall,0.8,0.9568965517241379,0.5833333333333334,0.9285714285714286,0.735632183908046,0.8023255813953488,0.6179775280898876,0.8125,0.7749623724317402,0.8125,0.7692867540029112
f1-score,0.8484848484848486,0.9367088607594937,0.5555555555555556,0.9357326478149101,0.7272727272727273,0.8165680473372782,0.6875,0.8236141108711303,0.7868318124606877,0.8231167313790192,0.759825327510917
support,70.0,116.0,60.0,196.0,87.0,86.0,89.0,704.0,704.0,704.0,704.0
