index,abnormal QRS,atrial fibrillation,incomplete right bundle branch block,left anterior fascicular block,left axis deviation,left ventricular hypertrophy,myocardial infarction,myocardial ischemia,sinus rhythm,t wave abnormal,ventricular ectopics,micro avg,macro avg,weighted avg,samples avg
precision,0.6103151862464183,0.8896551724137931,0.693069306930693,0.7551020408163265,0.7760141093474426,0.688,0.7604562737642585,0.7007299270072993,0.9337712096332786,0.6363636363636364,0.8421052631578947,0.8223021582733813,0.7532347386982766,0.8112256851021733,0.8290262417381061
recall,0.6068376068376068,0.80625,0.6140350877192983,0.8176795580110497,0.7871198568872988,0.38222222222222224,0.7246376811594203,0.46601941747572817,0.9568143578238923,0.3181818181818182,0.5470085470085471,0.7636971046770601,0.6388005593933529,0.7636971046770601,0.7833933206814562
f1-score,0.6085714285714285,0.8459016393442622,0.6511627906976745,0.7851458885941645,0.7815275310834813,0.4914285714285714,0.7421150278293135,0.5597667638483965,0.9451523545706372,0.4242424242424242,0.6632124352331606,0.7919168591224018,0.6816569868585013,0.7802161992536235,0.7814924552212688
support,351.0,160.0,114.0,181.0,559.0,225.0,552.0,206.0,1783.0,242.0,117.0,4490.0,4490.0,4490.0,4490.0
