index,abnormal QRS,atrial fibrillation,incomplete right bundle branch block,left anterior fascicular block,left axis deviation,left ventricular hypertrophy,myocardial infarction,myocardial ischemia,sinus rhythm,t wave abnormal,ventricular ectopics,micro avg,macro avg,weighted avg,samples avg
precision,0.6707317073170732,0.8502994011976048,0.6056338028169014,0.776536312849162,0.7771929824561403,0.6273584905660378,0.6986089644513137,0.6488888888888888,0.9131799163179917,0.6097560975609756,0.8275862068965517,0.7940859054608245,0.727797524665331,0.7903269953846199,0.8255676984490544
recall,0.6267806267806267,0.8875,0.7543859649122807,0.7679558011049724,0.7924865831842576,0.5911111111111111,0.8188405797101449,0.7087378640776699,0.9792484576556366,0.4132231404958678,0.6153846153846154,0.8193763919821826,0.7232413404015621,0.8193763919821826,0.8294385184215692
f1-score,0.6480117820324006,0.8685015290519879,0.671875,0.7722222222222223,0.7847652790079717,0.6086956521739131,0.7539616346955795,0.6774941995359629,0.9450608930987823,0.49261083743842365,0.7058823529411765,0.8065329387262961,0.7208255801998563,0.8020073324886888,0.8044019044019044
support,351.0,160.0,114.0,181.0,559.0,225.0,552.0,206.0,1783.0,242.0,117.0,4490.0,4490.0,4490.0,4490.0
