index,abnormal QRS,atrial fibrillation,incomplete right bundle branch block,left anterior fascicular block,left axis deviation,left ventricular hypertrophy,myocardial infarction,myocardial ischemia,sinus rhythm,t wave abnormal,ventricular ectopics,micro avg,macro avg,weighted avg,samples avg
precision,0.5616113744075829,0.8859060402684564,0.6142857142857143,0.8726114649681529,0.7516233766233766,0.6836158192090396,0.7161936560934892,0.6752577319587629,0.9213720316622691,0.5707317073170731,0.7596153846153846,0.7896092743666809,0.728438572855391,0.7895441489697087,0.8148037868376852
recall,0.6752136752136753,0.825,0.7543859649122807,0.7569060773480663,0.8282647584973166,0.5377777777777778,0.7771739130434783,0.6359223300970874,0.9792484576556366,0.4834710743801653,0.6752136752136753,0.8191536748329621,0.7207797912853781,0.8191536748329621,0.828231136705713
f1-score,0.6131953428201811,0.8543689320388349,0.6771653543307086,0.8106508875739645,0.7880851063829788,0.6019900497512438,0.7454387489139878,0.655,0.9494290375203915,0.5234899328859061,0.7149321266968327,0.8041101880192393,0.721249592628639,0.8020976340855452,0.798334924606111
support,351.0,160.0,114.0,181.0,559.0,225.0,552.0,206.0,1783.0,242.0,117.0,4490.0,4490.0,4490.0,4490.0
