index,1st degree av block,atrial fibrillation,premature atrial contraction,right bundle branch block,sinus rhythm,st depression,ventricular ectopics,micro avg,macro avg,weighted avg,samples avg
precision,0.8888888888888888,0.9572649572649573,0.6060606060606061,0.9263157894736842,0.7857142857142857,0.8636363636363636,0.7866666666666666,0.8694267515923567,0.8306496511007789,0.857712630438408,0.7365356622998545
recall,0.8,0.9655172413793104,0.3333333333333333,0.8979591836734694,0.7586206896551724,0.6627906976744186,0.6629213483146067,0.7755681818181818,0.7258774991471872,0.7755681818181818,0.7365356622998545
f1-score,0.8421052631578948,0.9613733905579399,0.4301075268817204,0.911917098445596,0.7719298245614034,0.75,0.7195121951219511,0.8198198198198199,0.7695636141037865,0.8106581885464622,0.7331392527899078
support,70.0,116.0,60.0,196.0,87.0,86.0,89.0,704.0,704.0,704.0,704.0
