index,abnormal QRS,atrial fibrillation,incomplete right bundle branch block,left anterior fascicular block,left axis deviation,left ventricular hypertrophy,myocardial infarction,myocardial ischemia,sinus rhythm,t wave abnormal,ventricular ectopics,micro avg,macro avg,weighted avg,samples avg
precision,0.6626865671641791,0.8588957055214724,0.6875,0.8313253012048193,0.6911357340720221,0.6714285714285714,0.7298657718120806,0.5827338129496403,0.9137029288702929,0.7228915662650602,0.6949152542372882,0.7890574909168626,0.7315528375932207,0.7894418082092111,0.8145332984316035
recall,0.6324786324786325,0.875,0.5789473684210527,0.7624309392265194,0.8926654740608229,0.6266666666666667,0.7880434782608695,0.7864077669902912,0.9798093101514301,0.24793388429752067,0.7008547008547008,0.822271714922049,0.7155671110371369,0.822271714922049,0.8278810287284863
f1-score,0.6472303206997084,0.8668730650154799,0.6285714285714286,0.7953890489913545,0.7790788446526151,0.6482758620689655,0.7578397212543555,0.6694214876033058,0.9456021650879566,0.36923076923076925,0.6978723404255319,0.805322281601047,0.7095804594183156,0.7964608373570439,0.7983601703940687
support,351.0,160.0,114.0,181.0,559.0,225.0,552.0,206.0,1783.0,242.0,117.0,4490.0,4490.0,4490.0,4490.0
