index,abnormal QRS,atrial fibrillation,incomplete right bundle branch block,left anterior fascicular block,left axis deviation,left ventricular hypertrophy,myocardial infarction,myocardial ischemia,sinus rhythm,t wave abnormal,ventricular ectopics,micro avg,macro avg,weighted avg,samples avg
precision,0.7011070110701108,0.7865168539325843,0.631578947368421,0.7900552486187845,0.7577235772357723,0.6461538461538462,0.7504950495049505,0.7365591397849462,0.9310344827586207,0.673469387755102,0.8089887640449438,0.8199107771777413,0.7466983916570983,0.8105909939165434,0.8322644678576882
recall,0.5413105413105413,0.875,0.631578947368421,0.7900552486187845,0.8336314847942755,0.56,0.6865942028985508,0.6650485436893204,0.9540100953449243,0.2727272727272727,0.6153846153846154,0.777728285077951,0.6750309956487914,0.777728285077951,0.7956383744519337
f1-score,0.6109324758842445,0.8284023668639053,0.631578947368421,0.7900552486187845,0.7938671209540034,0.6000000000000002,0.7171239356669821,0.6989795918367346,0.942382271468144,0.38823529411764707,0.6990291262135923,0.7982626585895533,0.7000533071811327,0.7876620369097073,0.790531705785943
support,351.0,160.0,114.0,181.0,559.0,225.0,552.0,206.0,1783.0,242.0,117.0,4490.0,4490.0,4490.0,4490.0
