index,abnormal QRS,atrial fibrillation,incomplete right bundle branch block,left anterior fascicular block,left axis deviation,left ventricular hypertrophy,myocardial infarction,myocardial ischemia,sinus rhythm,t wave abnormal,ventricular ectopics,micro avg,macro avg,weighted avg,samples avg
precision,0.6441717791411042,0.8235294117647058,0.5695364238410596,0.8506493506493507,0.7459016393442623,0.6045454545454545,0.7677902621722846,0.5641025641025641,0.9281045751633987,0.6326530612244898,0.7654320987654321,0.7965416573096789,0.7178560564285552,0.7944852640590012,0.8116779006609515
recall,0.5982905982905983,0.875,0.7543859649122807,0.7237569060773481,0.813953488372093,0.5911111111111111,0.7427536231884058,0.7475728155339806,0.9556926528323051,0.256198347107438,0.5299145299145299,0.789977728285078,0.6898754579400083,0.789977728285078,0.8009336212726044
f1-score,0.620384047267356,0.8484848484848485,0.649056603773585,0.782089552238806,0.7784431137724551,0.597752808988764,0.7550644567219152,0.6430062630480168,0.9416966012710694,0.36470588235294116,0.6262626262626262,0.7932461142793246,0.6915406185620349,0.785866053880167,0.7827482183414387
support,351.0,160.0,114.0,181.0,559.0,225.0,552.0,206.0,1783.0,242.0,117.0,4490.0,4490.0,4490.0,4490.0
