index,1st degree av block,atrial fibrillation,premature atrial contraction,right bundle branch block,sinus rhythm,st depression,ventricular ectopics,micro avg,macro avg,weighted avg,samples avg
precision,0.8169014084507042,0.9454545454545454,0.5161290322580645,0.9417989417989417,0.6547619047619048,0.6239316239316239,0.7894736842105263,0.802731411229135,0.7554930201237589,0.8001444938345105,0.7045123726346434
recall,0.8285714285714286,0.896551724137931,0.26666666666666666,0.9081632653061225,0.632183908045977,0.8488372093023255,0.5056179775280899,0.7514204545454546,0.6980845970797915,0.7514204545454546,0.7117903930131004
f1-score,0.822695035460993,0.920353982300885,0.3516483516483517,0.9246753246753245,0.6432748538011697,0.7192118226600985,0.6164383561643837,0.7762289068231842,0.7140425323873151,0.7661436390518996,0.7035419699175158
support,70.0,116.0,60.0,196.0,87.0,86.0,89.0,704.0,704.0,704.0,704.0
