index,1st degree av block,atrial fibrillation,premature atrial contraction,right bundle branch block,sinus rhythm,st depression,ventricular ectopics,micro avg,macro avg,weighted avg,samples avg
precision,0.890625,0.9083333333333333,0.43478260869565216,0.9390862944162437,0.7272727272727273,0.7191011235955056,0.8787878787878788,0.8436482084690554,0.7854269951573345,0.8255480568296186,0.7183406113537117
recall,0.8142857142857143,0.9396551724137931,0.16666666666666666,0.9438775510204082,0.735632183908046,0.7441860465116279,0.3258426966292135,0.7357954545454546,0.6671637187764956,0.7357954545454546,0.7088791848617176
f1-score,0.8507462686567163,0.9237288135593221,0.24096385542168672,0.94147582697201,0.7314285714285715,0.7314285714285713,0.4754098360655738,0.7860394537177542,0.6993116776474932,0.7592904728091555,0.7088791848617176
support,70.0,116.0,60.0,196.0,87.0,86.0,89.0,704.0,704.0,704.0,704.0
