index,atrial fibrillation,left ventricular high voltage,nonspecific st t abnormality,sinus bradycardia,sinus rhythm,sinus tachycardia,supraventricular tachycardia,t wave abnormal,micro avg,macro avg,weighted avg,samples avg
precision,0.9461077844311377,0.6410256410256411,0.65,0.9922077922077922,0.9689119170984456,0.9574468085106383,0.828125,0.7851239669421488,0.9048006509357202,0.8461186137769754,0.8872683124645532,0.870849609375
recall,0.8926553672316384,0.390625,0.52,0.9870801033591732,0.9444444444444444,0.9060402684563759,0.8688524590163934,0.5163043478260869,0.8034682080924855,0.753250248791764,0.8034682080924855,0.8236490885416666
f1-score,0.9186046511627907,0.4854368932038835,0.5777777777777778,0.9896373056994819,0.9565217391304347,0.9310344827586208,0.8480000000000001,0.6229508196721311,0.8511289705319556,0.7912454586756401,0.8381233769999429,0.8329845610119047
support,177.0,128.0,100.0,387.0,198.0,149.0,61.0,184.0,1384.0,1384.0,1384.0,1384.0
