index,atrial fibrillation,left ventricular high voltage,nonspecific st t abnormality,sinus bradycardia,sinus rhythm,sinus tachycardia,supraventricular tachycardia,t wave abnormal,micro avg,macro avg,weighted avg,samples avg
precision,0.8542713567839196,0.6016949152542372,0.5466666666666666,0.9573934837092731,0.972972972972973,0.9050632911392406,0.8653846153846154,0.8142857142857143,0.8642533936651584,0.81471662702458,0.8551452573416765,0.8670247395833333
recall,0.96045197740113,0.5546875,0.41,0.9870801033591732,0.9090909090909091,0.959731543624161,0.7377049180327869,0.6195652173913043,0.8280346820809249,0.767289021112433,0.8280346820809249,0.84423828125
f1-score,0.9042553191489361,0.5772357723577236,0.4685714285714285,0.9720101781170484,0.9399477806788512,0.9315960912052117,0.7964601769911505,0.7037037037037036,0.8457564575645757,0.7867225563467567,0.8381123429057237,0.8413364955357142
support,177.0,128.0,100.0,387.0,198.0,149.0,61.0,184.0,1384.0,1384.0,1384.0,1384.0
