index,atrial fibrillation,left ventricular high voltage,nonspecific st t abnormality,sinus bradycardia,sinus rhythm,sinus tachycardia,supraventricular tachycardia,t wave abnormal,micro avg,macro avg,weighted avg,samples avg
precision,0.9235294117647059,0.6419753086419753,0.6582278481012658,0.9845360824742269,0.9945652173913043,0.9266666666666666,0.8103448275862069,0.6903553299492385,0.8783473603672532,0.8287750865719488,0.8698912252069424,0.8702799479166667
recall,0.8870056497175142,0.40625,0.52,0.9870801033591732,0.9242424242424242,0.9328859060402684,0.7704918032786885,0.7391304347826086,0.8294797687861272,0.7708857901775847,0.8294797687861272,0.8430989583333333
f1-score,0.904899135446686,0.49760765550239233,0.5810055865921788,0.9858064516129033,0.9581151832460733,0.9297658862876254,0.7899159663865546,0.7139107611548555,0.8532144184318098,0.7951283282786585,0.8462824852987234,0.842861793154762
support,177.0,128.0,100.0,387.0,198.0,149.0,61.0,184.0,1384.0,1384.0,1384.0,1384.0
