index,atrial fibrillation,left ventricular high voltage,nonspecific st t abnormality,sinus bradycardia,sinus rhythm,sinus tachycardia,supraventricular tachycardia,t wave abnormal,micro avg,macro avg,weighted avg,samples avg
precision,0.8383838383838383,0.625,0.6625,0.9671717171717171,0.9581151832460733,0.9084967320261438,0.8245614035087719,0.7225433526011561,0.8601190476190477,0.8133465283672126,0.8506202570712859,0.8662109375
recall,0.9378531073446328,0.46875,0.53,0.9896640826873385,0.9242424242424242,0.9328859060402684,0.7704918032786885,0.6793478260869565,0.8352601156069365,0.7791543937100387,0.8352601156069365,0.8489583333333334
f1-score,0.8853333333333334,0.5357142857142857,0.588888888888889,0.9782886334610471,0.9408740359897172,0.9205298013245033,0.7966101694915254,0.7002801120448179,0.8475073313782991,0.7933149075310149,0.8407939155262191,0.8426362537202381
support,177.0,128.0,100.0,387.0,198.0,149.0,61.0,184.0,1384.0,1384.0,1384.0,1384.0
