index,atrial fibrillation,left ventricular high voltage,nonspecific st t abnormality,sinus bradycardia,sinus rhythm,sinus tachycardia,supraventricular tachycardia,t wave abnormal,micro avg,macro avg,weighted avg,samples avg
precision,0.8743455497382199,0.5798319327731093,0.611764705882353,0.9948186528497409,0.9639175257731959,0.9395973154362416,0.8703703703703703,0.7692307692307693,0.8750946252838758,0.82548460275675,0.8675113173221495,0.875244140625
recall,0.943502824858757,0.5390625,0.52,0.9922480620155039,0.9444444444444444,0.9395973154362416,0.7704918032786885,0.5978260869565217,0.8352601156069365,0.7808966296237696,0.8352601156069365,0.8519694010416667
f1-score,0.9076086956521738,0.5587044534412955,0.5621621621621622,0.9935316946959897,0.9540816326530612,0.9395973154362416,0.817391304347826,0.672782874617737,0.854713493530499,0.8007325166258108,0.8493027261522196,0.8487304687499999
support,177.0,128.0,100.0,387.0,198.0,149.0,61.0,184.0,1384.0,1384.0,1384.0,1384.0
