index,abnormal QRS,atrial fibrillation,incomplete right bundle branch block,left anterior fascicular block,left axis deviation,left ventricular hypertrophy,myocardial infarction,myocardial ischemia,sinus rhythm,t wave abnormal,ventricular ectopics,micro avg,macro avg,weighted avg,samples avg
precision,0.6867924528301886,0.875,0.7340425531914894,0.786096256684492,0.8247191011235955,0.7152317880794702,0.7032457496136012,0.669683257918552,0.9273504273504274,0.6842105263157895,0.7789473684210526,0.8236533957845433,0.7623017710480599,0.8163255146259499,0.8434177518923281
recall,0.5185185185185185,0.875,0.6052631578947368,0.8121546961325967,0.6565295169946332,0.48,0.8242753623188406,0.7184466019417476,0.9736399326977005,0.3760330578512397,0.6324786324786325,0.7832962138084633,0.6793035888026041,0.7832962138084633,0.7971315140806666
f1-score,0.5909090909090909,0.875,0.6634615384615384,0.7989130434782609,0.7310756972111554,0.5744680851063829,0.7589658048373645,0.6932084309133489,0.9499316005471956,0.48533333333333334,0.6981132075471698,0.8029680365296804,0.710852712031349,0.792913500627384,0.796491132931811
support,351.0,160.0,114.0,181.0,559.0,225.0,552.0,206.0,1783.0,242.0,117.0,4490.0,4490.0,4490.0,4490.0
