index,1st degree av block,atrial fibrillation,premature atrial contraction,right bundle branch block,sinus rhythm,st depression,ventricular ectopics,micro avg,macro avg,weighted avg,samples avg
precision,0.8507462686567164,0.9230769230769231,0.6041666666666666,0.9615384615384616,0.7349397590361446,0.7326732673267327,0.828125,0.8413897280966768,0.8050380494716636,0.8408998371742548,0.7379912663755459
recall,0.8142857142857143,0.9310344827586207,0.48333333333333334,0.8928571428571429,0.7011494252873564,0.8604651162790697,0.5955056179775281,0.7911931818181818,0.7540901189683951,0.7911931818181818,0.7467248908296943
f1-score,0.832116788321168,0.927038626609442,0.537037037037037,0.9259259259259259,0.7176470588235295,0.7914438502673797,0.69281045751634,0.8155197657393851,0.7748599635001174,0.8119999368359045,0.7394468704512372
support,70.0,116.0,60.0,196.0,87.0,86.0,89.0,704.0,704.0,704.0,704.0
