index,atrial fibrillation,left ventricular high voltage,nonspecific st t abnormality,sinus bradycardia,sinus rhythm,sinus tachycardia,supraventricular tachycardia,t wave abnormal,micro avg,macro avg,weighted avg,samples avg
precision,0.8711340206185567,0.7727272727272727,0.5869565217391305,0.9921465968586387,0.9891891891891892,0.9452054794520548,0.8627450980392157,0.6896551724137931,0.8797224363916731,0.8387199188797314,0.8757046794213347,0.870849609375
recall,0.9548022598870056,0.265625,0.54,0.979328165374677,0.9242424242424242,0.9261744966442953,0.7213114754098361,0.7608695652173914,0.8244219653179191,0.7590441733469537,0.8244219653179191,0.8397623697916667
f1-score,0.9110512129380054,0.39534883720930236,0.5625000000000001,0.9856957087126137,0.9556135770234986,0.9355932203389831,0.7857142857142857,0.7235142118863049,0.8511749347258487,0.7818788817278742,0.8376047829634478,0.8424246651785714
support,177.0,128.0,100.0,387.0,198.0,149.0,61.0,184.0,1384.0,1384.0,1384.0,1384.0
