index,1st degree av block,atrial fibrillation,premature atrial contraction,right bundle branch block,sinus rhythm,st depression,ventricular ectopics,micro avg,macro avg,weighted avg,samples avg
precision,0.9,0.9478260869565217,0.4810126582278481,0.9668508287292817,0.6481481481481481,0.8441558441558441,0.7777777777777778,0.819364161849711,0.7951101919993459,0.8373861672160232,0.7467248908296943
recall,0.7714285714285715,0.9396551724137931,0.6333333333333333,0.8928571428571429,0.8045977011494253,0.7558139534883721,0.6292134831460674,0.8053977272727273,0.7752713368309578,0.8053977272727273,0.7605531295487628
f1-score,0.8307692307692307,0.9437229437229439,0.5467625899280576,0.9283819628647214,0.7179487179487181,0.7975460122699386,0.6956521739130433,0.8123209169054441,0.7801119473452361,0.8172696970708672,0.750121300339641
support,70.0,116.0,60.0,196.0,87.0,86.0,89.0,704.0,704.0,704.0,704.0
