index,atrial fibrillation,left ventricular high voltage,nonspecific st t abnormality,sinus bradycardia,sinus rhythm,sinus tachycardia,supraventricular tachycardia,t wave abnormal,micro avg,macro avg,weighted avg,samples avg
precision,0.9415204678362573,0.5488721804511278,0.6219512195121951,0.9871134020618557,0.9679144385026738,0.8987341772151899,0.7777777777777778,0.6584158415841584,0.8475433526011561,0.8002874381176546,0.8491793215162152,0.8584798177083334
recall,0.9096045197740112,0.5703125,0.51,0.9896640826873385,0.9141414141414141,0.9530201342281879,0.8032786885245902,0.7228260869565217,0.8475433526011561,0.7966059282890079,0.8475433526011561,0.8544108072916666
f1-score,0.925287356321839,0.5593869731800767,0.5604395604395604,0.9883870967741935,0.9402597402597402,0.9250814332247557,0.7903225806451613,0.689119170984456,0.8475433526011561,0.7972854889787229,0.8475024018309221,0.8417550223214285
support,177.0,128.0,100.0,387.0,198.0,149.0,61.0,184.0,1384.0,1384.0,1384.0,1384.0
