index,abnormal QRS,atrial fibrillation,incomplete right bundle branch block,left anterior fascicular block,left axis deviation,left ventricular hypertrophy,myocardial infarction,myocardial ischemia,sinus rhythm,t wave abnormal,ventricular ectopics,micro avg,macro avg,weighted avg,samples avg
precision,0.6169154228855721,0.844311377245509,0.6458333333333334,0.9032258064516129,0.7425431711145997,0.780952380952381,0.7327586206896551,0.72,0.9228737453777074,0.5698924731182796,0.801980198019802,0.8067622033139275,0.752844229926223,0.803911855549953,0.8320430600091616
recall,0.7065527065527065,0.88125,0.543859649122807,0.6187845303867403,0.8461538461538461,0.36444444444444446,0.769927536231884,0.6116504854368932,0.9798093101514301,0.4380165289256198,0.6923076923076923,0.8024498886414254,0.6775233390649149,0.8024498886414254,0.8178860458521475
f1-score,0.6586985391766268,0.8623853211009174,0.5904761904761905,0.7344262295081968,0.7909698996655519,0.496969696969697,0.7508833922261484,0.6614173228346456,0.9504896626768228,0.4953271028037384,0.7431192660550459,0.8046002679767753,0.7031966021357802,0.7963646793287591,0.8024275770038483
support,351.0,160.0,114.0,181.0,559.0,225.0,552.0,206.0,1783.0,242.0,117.0,4490.0,4490.0,4490.0,4490.0
