index,atrial fibrillation,left ventricular high voltage,nonspecific st t abnormality,sinus bradycardia,sinus rhythm,sinus tachycardia,supraventricular tachycardia,t wave abnormal,micro avg,macro avg,weighted avg,samples avg
precision,0.9080459770114943,0.5070422535211268,0.75,0.96,0.9343434343434344,0.9328358208955224,0.8541666666666666,0.6621004566210046,0.84159881569208,0.813566826132406,0.8454253861127912,0.8373209635416666
recall,0.8926553672316384,0.5625,0.27,0.9922480620155039,0.9343434343434344,0.8389261744966443,0.6721311475409836,0.7880434782608695,0.8215317919075145,0.7438559579861344,0.8215317919075145,0.83203125
f1-score,0.9002849002849003,0.5333333333333333,0.3970588235294118,0.9758576874205844,0.9343434343434344,0.88339222614841,0.7522935779816513,0.7196029776674938,0.8314442413162706,0.7620208700886524,0.8236287566803568,0.8201171875
support,177.0,128.0,100.0,387.0,198.0,149.0,61.0,184.0,1384.0,1384.0,1384.0,1384.0
