index,atrial fibrillation,left ventricular high voltage,nonspecific st t abnormality,sinus bradycardia,sinus rhythm,sinus tachycardia,supraventricular tachycardia,t wave abnormal,micro avg,macro avg,weighted avg,samples avg
precision,0.8601036269430051,0.734375,0.5486725663716814,0.9821428571428571,0.9833333333333333,0.9266666666666666,0.8032786885245902,0.7218934911242604,0.867624810892587,0.8200582787632993,0.8640148988587881,0.8694661458333333
recall,0.9378531073446328,0.3671875,0.62,0.9948320413436692,0.8939393939393939,0.9328859060402684,0.8032786885245902,0.6630434782608695,0.828757225433526,0.776627514431678,0.828757225433526,0.845947265625
f1-score,0.8972972972972972,0.4895833333333333,0.5821596244131455,0.9884467265725289,0.9365079365079364,0.9297658862876254,0.8032786885245902,0.6912181303116147,0.8477457501847746,0.789782202906009,0.8398706346646938,0.84375
support,177.0,128.0,100.0,387.0,198.0,149.0,61.0,184.0,1384.0,1384.0,1384.0,1384.0
