index,atrial fibrillation,left ventricular high voltage,nonspecific st t abnormality,sinus bradycardia,sinus rhythm,sinus tachycardia,supraventricular tachycardia,t wave abnormal,micro avg,macro avg,weighted avg,samples avg
precision,0.9190751445086706,0.6949152542372882,0.6212121212121212,0.9770992366412213,0.9680851063829787,0.9455782312925171,0.8253968253968254,0.7514450867052023,0.8938193343898574,0.837850875797103,0.8764965170889817,0.8816731770833334
recall,0.8983050847457628,0.3203125,0.41,0.9922480620155039,0.9191919191919192,0.9328859060402684,0.8524590163934426,0.7065217391304348,0.815028901734104,0.7539905284396664,0.815028901734104,0.837646484375
f1-score,0.9085714285714287,0.43850267379679153,0.4939759036144578,0.9846153846153846,0.9430051813471503,0.9391891891891893,0.8387096774193549,0.7282913165266107,0.8526077097505669,0.784357594385046,0.8375797232443162,0.845707775297619
support,177.0,128.0,100.0,387.0,198.0,149.0,61.0,184.0,1384.0,1384.0,1384.0,1384.0
