index,abnormal QRS,atrial fibrillation,incomplete right bundle branch block,left anterior fascicular block,left axis deviation,left ventricular hypertrophy,myocardial infarction,myocardial ischemia,sinus rhythm,t wave abnormal,ventricular ectopics,micro avg,macro avg,weighted avg,samples avg
precision,0.6706827309236948,0.86,0.6545454545454545,0.819672131147541,0.7401574803149606,0.7310924369747899,0.7296819787985865,0.69,0.9306768558951966,0.6833333333333333,0.75,0.8180112570356473,0.7508947638121416,0.8088352469822085,0.8294995964487489
recall,0.4757834757834758,0.80625,0.631578947368421,0.8287292817679558,0.8407871198568873,0.38666666666666666,0.7481884057971014,0.6699029126213593,0.9562535053280987,0.33884297520661155,0.6410256410256411,0.7768374164810691,0.6658189937656563,0.7768374164810691,0.7948487228148245
f1-score,0.5566666666666666,0.8322580645161289,0.6428571428571428,0.8241758241758241,0.7872696817420436,0.5058139534883721,0.738819320214669,0.6798029556650246,0.9432918395573998,0.4530386740331492,0.6912442396313365,0.7968928489833219,0.6959307602316144,0.7851164096040155,0.7880412278717365
support,351.0,160.0,114.0,181.0,559.0,225.0,552.0,206.0,1783.0,242.0,117.0,4490.0,4490.0,4490.0,4490.0
