index,1st degree av block,atrial fibrillation,premature atrial contraction,right bundle branch block,sinus rhythm,st depression,ventricular ectopics,micro avg,macro avg,weighted avg,samples avg
precision,0.8428571428571429,0.9098360655737705,0.4852941176470588,0.9562841530054644,0.7176470588235294,0.8666666666666667,0.6746987951807228,0.8152011922503726,0.7790405713934793,0.8211749216995976,0.7268316351285783
recall,0.8428571428571429,0.9568965517241379,0.55,0.8928571428571429,0.7011494252873564,0.6046511627906976,0.6292134831460674,0.7769886363636364,0.7396607012375064,0.7769886363636364,0.7387190684133915
f1-score,0.8428571428571429,0.9327731092436975,0.5156249999999999,0.9234828496042217,0.7093023255813954,0.7123287671232877,0.6511627906976744,0.7956363636363637,0.7553617121582027,0.7955467100354738,0.7270742358078602
support,70.0,116.0,60.0,196.0,87.0,86.0,89.0,704.0,704.0,704.0,704.0
