index,abnormal QRS,atrial fibrillation,incomplete right bundle branch block,left anterior fascicular block,left axis deviation,left ventricular hypertrophy,myocardial infarction,myocardial ischemia,sinus rhythm,t wave abnormal,ventricular ectopics,micro avg,macro avg,weighted avg,samples avg
precision,0.6379821958456974,0.8121546961325967,0.6666666666666666,0.7313432835820896,0.669260700389105,0.6324324324324324,0.7793240556660039,0.6935483870967742,0.9302702702702703,0.6439393939393939,0.8058252427184466,0.7952600394996708,0.7275224840672251,0.7929862562046935,0.8205985646663614
recall,0.6125356125356125,0.91875,0.631578947368421,0.8121546961325967,0.9230769230769231,0.52,0.7101449275362319,0.6262135922330098,0.9652271452607964,0.3512396694214876,0.7094017094017094,0.8071269487750556,0.7073021111787989,0.8071269487750556,0.8192995659097354
f1-score,0.6250000000000001,0.8621700879765396,0.6486486486486486,0.7696335078534032,0.7759398496240602,0.5707317073170732,0.7431279620853081,0.6581632653061225,0.9474263693916873,0.45454545454545453,0.7545454545454546,0.8011495523377915,0.7099938461176137,0.794224529523652,0.7970305766915936
support,351.0,160.0,114.0,181.0,559.0,225.0,552.0,206.0,1783.0,242.0,117.0,4490.0,4490.0,4490.0,4490.0
