index,1st degree av block,atrial fibrillation,premature atrial contraction,right bundle branch block,sinus rhythm,st depression,ventricular ectopics,micro avg,macro avg,weighted avg,samples avg
precision,0.96,0.9652173913043478,0.5862068965517241,0.9438775510204082,0.6328125,0.7954545454545454,0.86,0.8460365853658537,0.8205098406187179,0.8513372295362196,0.7554585152838428
recall,0.6857142857142857,0.9568965517241379,0.2833333333333333,0.9438775510204082,0.9310344827586207,0.813953488372093,0.48314606741573035,0.7883522727272727,0.728279394334087,0.7883522727272727,0.7569141193595342
f1-score,0.7999999999999999,0.961038961038961,0.38202247191011235,0.9438775510204082,0.7534883720930232,0.8045977011494252,0.6187050359712231,0.8161764705882354,0.7519614418833075,0.8028629356072566,0.7506065016982049
support,70.0,116.0,60.0,196.0,87.0,86.0,89.0,704.0,704.0,704.0,704.0
