index,1st degree av block,atrial fibrillation,premature atrial contraction,right bundle branch block,sinus rhythm,st depression,ventricular ectopics,micro avg,macro avg,weighted avg,samples avg
precision,0.9090909090909091,0.963302752293578,0.5098039215686274,0.925,0.7444444444444445,0.7555555555555555,0.7625,0.8338192419825073,0.7956710832790164,0.8307878730695749,0.759825327510917
recall,0.8571428571428571,0.9051724137931034,0.43333333333333335,0.9438775510204082,0.7701149425287356,0.7906976744186046,0.6853932584269663,0.8125,0.7693902900948583,0.8125,0.7714701601164483
f1-score,0.8823529411764706,0.9333333333333333,0.46846846846846846,0.9343434343434343,0.7570621468926554,0.7727272727272727,0.7218934911242604,0.8230215827338129,0.7814544411522706,0.820792992518049,0.7617661329451723
support,70.0,116.0,60.0,196.0,87.0,86.0,89.0,704.0,704.0,704.0,704.0
