index,abnormal QRS,atrial fibrillation,incomplete right bundle branch block,left anterior fascicular block,left axis deviation,left ventricular hypertrophy,myocardial infarction,myocardial ischemia,sinus rhythm,t wave abnormal,ventricular ectopics,micro avg,macro avg,weighted avg,samples avg
precision,0.6732673267326733,0.8176470588235294,0.8275862068965517,0.8888888888888888,0.7468152866242038,0.6666666666666666,0.8394160583941606,0.7282608695652174,0.9282245008094981,0.6884057971014492,0.75,0.8340139322603891,0.7777435145911672,0.8268578427614378,0.8467323255458848
recall,0.5811965811965812,0.86875,0.42105263157894735,0.6629834254143646,0.8389982110912343,0.5066666666666667,0.625,0.6504854368932039,0.9646662927650028,0.3925619834710744,0.717948717948718,0.7732739420935412,0.6573009042750722,0.7732739420935412,0.7954660471609624
f1-score,0.6238532110091743,0.8424242424242424,0.5581395348837209,0.7594936708860759,0.7902274641954506,0.5757575757575758,0.7165109034267912,0.6871794871794872,0.9460946094609461,0.5,0.7336244541484715,0.8024962440771986,0.7030277412156306,0.7921899704108541,0.7965981949032797
support,351.0,160.0,114.0,181.0,559.0,225.0,552.0,206.0,1783.0,242.0,117.0,4490.0,4490.0,4490.0,4490.0
