index,atrial fibrillation,left ventricular high voltage,nonspecific st t abnormality,sinus bradycardia,sinus rhythm,sinus tachycardia,supraventricular tachycardia,t wave abnormal,micro avg,macro avg,weighted avg,samples avg
precision,0.8648648648648649,0.7051282051282052,0.56,0.9770408163265306,0.9065420560747663,0.9635036496350365,0.8431372549019608,0.641860465116279,0.8462099125364432,0.8077596640059554,0.8454070493386545,0.8583984375
recall,0.903954802259887,0.4296875,0.56,0.9896640826873385,0.9797979797979798,0.8859060402684564,0.7049180327868853,0.75,0.8388728323699421,0.7754910547250684,0.8388728323699421,0.8492024739583333
f1-score,0.8839779005524863,0.5339805825242718,0.56,0.9833119383825417,0.9417475728155339,0.9230769230769231,0.7678571428571429,0.6917293233082705,0.8425253991291726,0.7857101729396463,0.83777260496668,0.8390811011904762
support,177.0,128.0,100.0,387.0,198.0,149.0,61.0,184.0,1384.0,1384.0,1384.0,1384.0
