index,1st degree av block,atrial fibrillation,premature atrial contraction,right bundle branch block,sinus rhythm,st depression,ventricular ectopics,micro avg,macro avg,weighted avg,samples avg
precision,0.8787878787878788,0.9243697478991597,0.4745762711864407,0.9513513513513514,0.6695652173913044,0.8227848101265823,0.8333333333333334,0.8258992805755395,0.7935383728680072,0.833607695537076,0.7634643377001455
recall,0.8285714285714286,0.9482758620689655,0.4666666666666667,0.8979591836734694,0.8850574712643678,0.7558139534883721,0.6741573033707865,0.8153409090909091,0.7795002670148652,0.8153409090909091,0.7765647743813683
f1-score,0.8529411764705883,0.9361702127659575,0.47058823529411764,0.9238845144356954,0.7623762376237625,0.787878787878788,0.7453416149068324,0.8205861329521086,0.7827401113393917,0.8210767019011175,0.7646773410965549
support,70.0,116.0,60.0,196.0,87.0,86.0,89.0,704.0,704.0,704.0,704.0
