index,1st degree av block,atrial fibrillation,premature atrial contraction,right bundle branch block,sinus rhythm,st depression,ventricular ectopics,micro avg,macro avg,weighted avg,samples avg
precision,0.8142857142857143,0.923728813559322,0.4375,0.9029126213592233,0.7407407407407407,0.7558139534883721,0.7619047619047619,0.8216463414634146,0.762412372191162,0.8020275346779225,0.722707423580786
recall,0.8142857142857143,0.9396551724137931,0.23333333333333334,0.9489795918367347,0.6896551724137931,0.7558139534883721,0.5393258426966292,0.765625,0.7030069686383386,0.765625,0.7321688500727802
f1-score,0.8142857142857143,0.9316239316239315,0.3043478260869565,0.9253731343283583,0.7142857142857143,0.755813953488372,0.631578947368421,0.7926470588235293,0.7253298887810669,0.7784883003133498,0.7212518195050946
support,70.0,116.0,60.0,196.0,87.0,86.0,89.0,704.0,704.0,704.0,704.0
