index,atrial fibrillation,left ventricular high voltage,nonspecific st t abnormality,sinus bradycardia,sinus rhythm,sinus tachycardia,supraventricular tachycardia,t wave abnormal,micro avg,macro avg,weighted avg,samples avg
precision,0.8894736842105263,0.5773195876288659,0.53125,0.9846153846153847,0.9623655913978495,0.9701492537313433,0.8153846153846154,0.831858407079646,0.8780487804878049,0.8203020655060289,0.8695129606298936,0.8672688802083334
recall,0.9548022598870056,0.4375,0.51,0.9922480620155039,0.9040404040404041,0.87248322147651,0.8688524590163934,0.5108695652173914,0.8063583815028902,0.7563494964566511,0.8063583815028902,0.82958984375
f1-score,0.9209809264305178,0.49777777777777776,0.5204081632653061,0.9884169884169884,0.9322916666666667,0.9187279151943463,0.8412698412698412,0.632996632996633,0.8406779661016949,0.7816087390022597,0.8313297836202751,0.8328845796130953
support,177.0,128.0,100.0,387.0,198.0,149.0,61.0,184.0,1384.0,1384.0,1384.0,1384.0
