index,atrial fibrillation,left ventricular high voltage,nonspecific st t abnormality,sinus bradycardia,sinus rhythm,sinus tachycardia,supraventricular tachycardia,t wave abnormal,micro avg,macro avg,weighted avg,samples avg
precision,0.9176470588235294,0.5748031496062992,0.7017543859649122,0.9722222222222222,0.9682539682539683,0.8819875776397516,0.8363636363636363,0.602996254681648,0.8340365682137834,0.8070035316944959,0.8435864874422514,0.84228515625
recall,0.8813559322033898,0.5703125,0.4,0.9948320413436692,0.9242424242424242,0.9530201342281879,0.7540983606557377,0.875,0.8569364161849711,0.7941076740841762,0.8569364161849711,0.85986328125
f1-score,0.8991354466858789,0.5725490196078432,0.5095541401273885,0.9833971902937421,0.9457364341085271,0.9161290322580646,0.793103448275862,0.7139689578713969,0.8453314326443335,0.791696708653588,0.8435491427620853,0.8361886160714286
support,177.0,128.0,100.0,387.0,198.0,149.0,61.0,184.0,1384.0,1384.0,1384.0,1384.0
