index,atrial fibrillation,left ventricular high voltage,nonspecific st t abnormality,sinus bradycardia,sinus rhythm,sinus tachycardia,supraventricular tachycardia,t wave abnormal,micro avg,macro avg,weighted avg,samples avg
precision,0.8783068783068783,0.6170212765957447,0.6,0.9625935162094763,0.9536082474226805,0.9562043795620438,0.8245614035087719,0.7553956834532374,0.8721920991479474,0.8184614231323541,0.8580510610921288,0.8666178385416666
recall,0.9378531073446328,0.453125,0.48,0.9974160206718347,0.9343434343434344,0.8791946308724832,0.7704918032786885,0.5706521739130435,0.8135838150289018,0.7528845213030146,0.8135838150289018,0.8326822916666667
f1-score,0.9071038251366121,0.5225225225225225,0.5333333333333332,0.9796954314720813,0.9438775510204083,0.9160839160839161,0.7966101694915254,0.6501547987616099,0.8418691588785048,0.7811726934777511,0.8320243404297367,0.8347516741071428
support,177.0,128.0,100.0,387.0,198.0,149.0,61.0,184.0,1384.0,1384.0,1384.0,1384.0
