index,atrial fibrillation,left ventricular high voltage,nonspecific st t abnormality,sinus bradycardia,sinus rhythm,sinus tachycardia,supraventricular tachycardia,t wave abnormal,micro avg,macro avg,weighted avg,samples avg
precision,0.9096045197740112,0.6857142857142857,0.7714285714285715,0.964824120603015,0.9830508474576272,0.9452054794520548,0.8214285714285714,0.7577639751552795,0.9016393442622951,0.854877546376677,0.8846218344713389,0.8750813802083333
recall,0.9096045197740112,0.375,0.27,0.9922480620155039,0.8787878787878788,0.9261744966442953,0.7540983606557377,0.6630434782608695,0.7947976878612717,0.721119599517287,0.7947976878612717,0.8201497395833334
f1-score,0.9096045197740112,0.4848484848484848,0.4,0.9783439490445859,0.9279999999999999,0.9355932203389831,0.7863247863247863,0.7072463768115942,0.8448540706605222,0.7662451671428057,0.8258137640682908,0.8334821428571428
support,177.0,128.0,100.0,387.0,198.0,149.0,61.0,184.0,1384.0,1384.0,1384.0,1384.0
