index,1st degree av block,atrial fibrillation,premature atrial contraction,right bundle branch block,sinus rhythm,st depression,ventricular ectopics,micro avg,macro avg,weighted avg,samples avg
precision,0.9344262295081968,0.925,0.5111111111111111,0.9518716577540107,0.6260162601626016,0.8636363636363636,0.8571428571428571,0.8364779874213837,0.8098863541878771,0.8451210281883729,0.7263464337700145
recall,0.8142857142857143,0.9568965517241379,0.38333333333333336,0.9081632653061225,0.8850574712643678,0.4418604651162791,0.5393258426966292,0.7556818181818182,0.704131806246655,0.7556818181818182,0.7219796215429404
f1-score,0.8702290076335878,0.9406779661016949,0.4380952380952381,0.9295039164490861,0.7333333333333334,0.5846153846153846,0.6620689655172413,0.7940298507462685,0.7369319731065094,0.7833866726134098,0.7200388161086851
support,70.0,116.0,60.0,196.0,87.0,86.0,89.0,704.0,704.0,704.0,704.0
