index,abnormal QRS,atrial fibrillation,incomplete right bundle branch block,left anterior fascicular block,left axis deviation,left ventricular hypertrophy,myocardial infarction,myocardial ischemia,sinus rhythm,t wave abnormal,ventricular ectopics,micro avg,macro avg,weighted avg,samples avg
precision,0.6714801444043321,0.8461538461538461,0.5449101796407185,0.9102564102564102,0.781190019193858,0.7560975609756098,0.7342419080068143,0.62882096069869,0.9219745222929936,0.676056338028169,0.8947368421052632,0.8164689462665736,0.7605380665233367,0.8133110372953449,0.8385096961368148
recall,0.5299145299145299,0.825,0.7982456140350878,0.7845303867403315,0.7280858676207513,0.41333333333333333,0.7807971014492754,0.6990291262135923,0.9742007851934941,0.39669421487603307,0.4358974358974359,0.7817371937639198,0.6696116722976242,0.7817371937639198,0.799646619985603
f1-score,0.5923566878980892,0.8354430379746836,0.6476868327402135,0.8427299703264095,0.7537037037037037,0.5344827586206896,0.7568042142230026,0.6620689655172414,0.9473684210526314,0.5,0.5862068965517242,0.7987256798270566,0.6962592262371263,0.7889585151293345,0.7944012749097495
support,351.0,160.0,114.0,181.0,559.0,225.0,552.0,206.0,1783.0,242.0,117.0,4490.0,4490.0,4490.0,4490.0
