index,1st degree av block,atrial fibrillation,premature atrial contraction,right bundle branch block,sinus rhythm,st depression,ventricular ectopics,micro avg,macro avg,weighted avg,samples avg
precision,0.8888888888888888,0.9105691056910569,0.4852941176470588,0.9572192513368984,0.6991150442477876,0.788235294117647,0.8125,0.8221906116642959,0.7916888145613339,0.8316826746405052,0.7639495390587094
recall,0.8,0.9655172413793104,0.55,0.9132653061224489,0.9080459770114943,0.7790697674418605,0.5842696629213483,0.8210227272727273,0.785738279268066,0.8210227272727273,0.7787481804949054
f1-score,0.8421052631578948,0.9372384937238494,0.5156249999999999,0.9347258485639687,0.7899999999999999,0.7836257309941521,0.6797385620915032,0.8216062544420754,0.783294128361624,0.8216325921920425,0.7668607472100922
support,70.0,116.0,60.0,196.0,87.0,86.0,89.0,704.0,704.0,704.0,704.0
