index,1st degree av block,atrial fibrillation,premature atrial contraction,right bundle branch block,sinus rhythm,st depression,ventricular ectopics,micro avg,macro avg,weighted avg,samples avg
precision,0.8507462686567164,0.9322033898305084,0.5333333333333333,0.9468085106382979,0.75,0.7578947368421053,0.828125,0.8410104011887073,0.7998730341858515,0.8372079154543133,0.7540029112081513
recall,0.8142857142857143,0.9482758620689655,0.4,0.9081632653061225,0.8275862068965517,0.8372093023255814,0.5955056179775281,0.8039772727272727,0.7615751384086377,0.8039772727272727,0.7627365356622998
f1-score,0.832116788321168,0.94017094017094,0.4571428571428572,0.9270833333333334,0.7868852459016394,0.7955801104972375,0.69281045751634,0.8220769789397241,0.7759699618405023,0.8167385591184303,0.7544881125667151
support,70.0,116.0,60.0,196.0,87.0,86.0,89.0,704.0,704.0,704.0,704.0
