index,atrial fibrillation,left ventricular high voltage,nonspecific st t abnormality,sinus bradycardia,sinus rhythm,sinus tachycardia,supraventricular tachycardia,t wave abnormal,micro avg,macro avg,weighted avg,samples avg
precision,0.9034090909090909,0.6373626373626373,0.574468085106383,0.9640102827763496,0.9484536082474226,0.9844961240310077,0.8181818181818182,0.7702702702702703,0.8746081504702194,0.8250814896106224,0.8656988238228632,0.8549479166666667
recall,0.8983050847457628,0.453125,0.54,0.9689922480620154,0.9292929292929293,0.8523489932885906,0.7377049180327869,0.6195652173913043,0.8063583815028902,0.7499167988516737,0.8063583815028902,0.8208821614583333
f1-score,0.9008498583569404,0.5296803652968036,0.5567010309278351,0.9664948453608248,0.9387755102040816,0.9136690647482014,0.7758620689655172,0.6867469879518072,0.8390977443609022,0.7835974664765013,0.8328442150234908,0.8237103174603174
support,177.0,128.0,100.0,387.0,198.0,149.0,61.0,184.0,1384.0,1384.0,1384.0,1384.0
