index,abnormal QRS,atrial fibrillation,incomplete right bundle branch block,left anterior fascicular block,left axis deviation,left ventricular hypertrophy,myocardial infarction,myocardial ischemia,sinus rhythm,t wave abnormal,ventricular ectopics,micro avg,macro avg,weighted avg,samples avg
precision,0.6366197183098592,0.8903225806451613,0.7692307692307693,0.7722772277227723,0.7632933104631218,0.6724137931034483,0.7919191919191919,0.6651785714285714,0.9330430048992924,0.625,0.8823529411764706,0.8225128444652032,0.7637864644453326,0.8159511882948868,0.8365857382806535
recall,0.6438746438746439,0.8625,0.5263157894736842,0.861878453038674,0.7960644007155635,0.52,0.7101449275362319,0.7233009708737864,0.9613011777902412,0.3305785123966942,0.38461538461538464,0.7844097995545657,0.6655067509377186,0.7844097995545657,0.7981774752961194
f1-score,0.6402266288951841,0.8761904761904762,0.625,0.8146214099216711,0.7793345008756567,0.5864661654135338,0.7488061127029608,0.6930232558139534,0.9469613259668508,0.43243243243243246,0.5357142857142858,0.8030095759233926,0.6980705994479096,0.7935573275104386,0.7927526969899851
support,351.0,160.0,114.0,181.0,559.0,225.0,552.0,206.0,1783.0,242.0,117.0,4490.0,4490.0,4490.0,4490.0
