index,abnormal QRS,atrial fibrillation,incomplete right bundle branch block,left anterior fascicular block,left axis deviation,left ventricular hypertrophy,myocardial infarction,myocardial ischemia,sinus rhythm,t wave abnormal,ventricular ectopics,micro avg,macro avg,weighted avg,samples avg
precision,0.6830188679245283,0.8614457831325302,0.6206896551724138,0.8461538461538461,0.8097345132743363,0.6564102564102564,0.735494880546075,0.7748344370860927,0.9334775554353705,0.611764705882353,0.8024691358024691,0.8275614998805828,0.7577721488018428,0.8182077533527237,0.8426400977248435
recall,0.5156695156695157,0.89375,0.631578947368421,0.7292817679558011,0.6547406082289803,0.5688888888888889,0.7807971014492754,0.5679611650485437,0.9680314077397645,0.4297520661157025,0.5555555555555556,0.7717149220489977,0.6632733658200408,0.7717149220489977,0.7917032044150688
f1-score,0.5876623376623378,0.8773006134969326,0.6260869565217391,0.7833827893175074,0.7240356083086054,0.6095238095238095,0.7574692442882249,0.6554621848739496,0.9504405286343612,0.5048543689320389,0.6565656565656566,0.7986631324190389,0.702980372556833,0.7903027112165344,0.7921992167754881
support,351.0,160.0,114.0,181.0,559.0,225.0,552.0,206.0,1783.0,242.0,117.0,4490.0,4490.0,4490.0,4490.0
