index,1st degree av block,atrial fibrillation,premature atrial contraction,right bundle branch block,sinus rhythm,st depression,ventricular ectopics,micro avg,macro avg,weighted avg,samples avg
precision,0.9591836734693877,0.9495798319327731,0.5,0.946524064171123,0.648,0.9056603773584906,0.7125,0.838810641627543,0.8030639924188249,0.8387615435758936,0.7263464337700145
recall,0.6714285714285714,0.9741379310344828,0.21666666666666667,0.9030612244897959,0.9310344827586207,0.5581395348837209,0.6404494382022472,0.7613636363636364,0.6992739784948722,0.7613636363636364,0.7256186317321689
f1-score,0.7899159663865546,0.9617021276595743,0.3023255813953488,0.9242819843342036,0.7641509433962264,0.6906474820143885,0.6745562130177516,0.7982129560685033,0.729654328314864,0.7841799527785274,0.7217370208636584
support,70.0,116.0,60.0,196.0,87.0,86.0,89.0,704.0,704.0,704.0,704.0
