index,1st degree av block,atrial fibrillation,premature atrial contraction,right bundle branch block,sinus rhythm,st depression,ventricular ectopics,micro avg,macro avg,weighted avg,samples avg
precision,0.9464285714285714,0.956140350877193,0.5909090909090909,0.9393939393939394,0.7157894736842105,0.9041095890410958,0.8142857142857143,0.8692307692307693,0.8381509613742593,0.8653928632343765,0.7532751091703057
recall,0.7571428571428571,0.9396551724137931,0.43333333333333335,0.9489795918367347,0.7816091954022989,0.7674418604651163,0.6404494382022472,0.8025568181818182,0.7526587783994829,0.8025568181818182,0.7583697234352256
f1-score,0.8412698412698413,0.9478260869565217,0.5,0.9441624365482234,0.7472527472527474,0.8301886792452831,0.7169811320754716,0.8345642540620385,0.7896687033354413,0.8297032510228658,0.7535177098495875
support,70.0,116.0,60.0,196.0,87.0,86.0,89.0,704.0,704.0,704.0,704.0
