index,1st degree av block,atrial fibrillation,premature atrial contraction,right bundle branch block,sinus rhythm,st depression,ventricular ectopics,micro avg,macro avg,weighted avg,samples avg
precision,0.8333333333333334,0.8345864661654135,0.5192307692307693,0.9760479041916168,0.6336633663366337,0.7169811320754716,0.8679245283018868,0.799410029498525,0.7688239285193036,0.8119871761826278,0.7241630276564774
recall,0.7857142857142857,0.9568965517241379,0.45,0.8316326530612245,0.735632183908046,0.8837209302325582,0.5168539325842697,0.7698863636363636,0.7372072196035031,0.7698863636363636,0.7328966521106259
f1-score,0.8088235294117647,0.891566265060241,0.48214285714285715,0.8980716253443527,0.6808510638297872,0.7916666666666666,0.647887323943662,0.7843704775687409,0.7430013330570473,0.781206379999129,0.7231926249393499
support,70.0,116.0,60.0,196.0,87.0,86.0,89.0,704.0,704.0,704.0,704.0
