index,atrial fibrillation,left ventricular high voltage,nonspecific st t abnormality,sinus bradycardia,sinus rhythm,sinus tachycardia,supraventricular tachycardia,t wave abnormal,micro avg,macro avg,weighted avg,samples avg
precision,0.9454545454545454,0.6631578947368421,0.5625,0.9895561357702349,0.9253731343283582,0.9328859060402684,0.8679245283018868,0.7966101694915254,0.8906752411575563,0.8354327892654576,0.8765761832548569,0.8707682291666666
recall,0.8813559322033898,0.4921875,0.45,0.979328165374677,0.9393939393939394,0.9328859060402684,0.7540983606557377,0.5108695652173914,0.8005780346820809,0.7425149211106754,0.8005780346820809,0.8212890625
f1-score,0.9122807017543859,0.5650224215246638,0.5,0.9844155844155844,0.9323308270676692,0.9328859060402684,0.8070175438596491,0.6225165562913908,0.843226788432268,0.7820586926192015,0.8324696572449187,0.8309988839285714
support,177.0,128.0,100.0,387.0,198.0,149.0,61.0,184.0,1384.0,1384.0,1384.0,1384.0
