index,1st degree av block,atrial fibrillation,premature atrial contraction,right bundle branch block,sinus rhythm,st depression,ventricular ectopics,micro avg,macro avg,weighted avg,samples avg
precision,0.9047619047619048,0.9105691056910569,0.5897435897435898,0.9384615384615385,0.78125,0.8133333333333334,0.7560975609756098,0.8549141965678627,0.8134595761381476,0.8430263154972568,0.735080058224163
recall,0.8142857142857143,0.9655172413793104,0.38333333333333336,0.9336734693877551,0.5747126436781609,0.7093023255813954,0.6966292134831461,0.7784090909090909,0.7253505630184023,0.7784090909090909,0.7394468704512372
f1-score,0.857142857142857,0.9372384937238494,0.46464646464646464,0.9360613810741688,0.6622516556291391,0.7577639751552795,0.7251461988304092,0.8148698884758364,0.7628930037431668,0.8059489935231351,0.7333818534691897
support,70.0,116.0,60.0,196.0,87.0,86.0,89.0,704.0,704.0,704.0,704.0
