index,abnormal QRS,atrial fibrillation,incomplete right bundle branch block,left anterior fascicular block,left axis deviation,left ventricular hypertrophy,myocardial infarction,myocardial ischemia,sinus rhythm,t wave abnormal,ventricular ectopics,micro avg,macro avg,weighted avg,samples avg
precision,0.639871382636656,0.8162162162162162,0.7227722772277227,0.7412935323383084,0.7291338582677165,0.6918604651162791,0.7685009487666035,0.6170212765957447,0.9228329809725159,0.65625,0.7708333333333334,0.8058863176814199,0.7342351155882816,0.7974931318601238,0.83036995833606
recall,0.5669515669515669,0.94375,0.6403508771929824,0.8232044198895028,0.8282647584973166,0.5288888888888889,0.7336956521739131,0.7038834951456311,0.9792484576556366,0.2603305785123967,0.6324786324786325,0.7988864142538975,0.6946406661260425,0.7988864142538975,0.8125449905110922
f1-score,0.6012084592145015,0.8753623188405797,0.6790697674418604,0.7801047120418848,0.7755443886097152,0.5994962216624685,0.7506950880444857,0.6575963718820862,0.9502040816326531,0.3727810650887574,0.6948356807511736,0.8023710994295941,0.7033543777463788,0.791465973459304,0.7985568612687257
support,351.0,160.0,114.0,181.0,559.0,225.0,552.0,206.0,1783.0,242.0,117.0,4490.0,4490.0,4490.0,4490.0
