index,abnormal QRS,atrial fibrillation,incomplete right bundle branch block,left anterior fascicular block,left axis deviation,left ventricular hypertrophy,myocardial infarction,myocardial ischemia,sinus rhythm,t wave abnormal,ventricular ectopics,micro avg,macro avg,weighted avg,samples avg
precision,0.7828571428571428,0.8089887640449438,0.6826923076923077,0.7536945812807881,0.7649122807017544,0.7565217391304347,0.809322033898305,0.7518796992481203,0.9222222222222223,0.5855855855855856,0.8450704225352113,0.8330510525042342,0.7694315253815287,0.8246793345262703,0.8440677966101694
recall,0.3903133903133903,0.9,0.6228070175438597,0.8453038674033149,0.7799642218246869,0.38666666666666666,0.6920289855072463,0.4854368932038835,0.9775659001682557,0.5371900826446281,0.5128205128205128,0.766815144766147,0.6481906852814949,0.766815144766147,0.7940481643871474
f1-score,0.520912547528517,0.8520710059171598,0.6513761467889908,0.7968749999999999,0.7723649247121348,0.511764705882353,0.7460937499999999,0.5899705014749262,0.9490879390144296,0.560344827586207,0.6382978723404255,0.798561985387916,0.6899235655677404,0.7840640847454494,0.7956385015707049
support,351.0,160.0,114.0,181.0,559.0,225.0,552.0,206.0,1783.0,242.0,117.0,4490.0,4490.0,4490.0,4490.0
