index,abnormal QRS,atrial fibrillation,incomplete right bundle branch block,left anterior fascicular block,left axis deviation,left ventricular hypertrophy,myocardial infarction,myocardial ischemia,sinus rhythm,t wave abnormal,ventricular ectopics,micro avg,macro avg,weighted avg,samples avg
precision,0.6212121212121212,0.7912087912087912,0.8771929824561403,0.834319526627219,0.7766323024054983,0.6477987421383647,0.7522281639928698,0.7432432432432432,0.9359605911330049,0.6329113924050633,0.7669902912621359,0.8222637979420019,0.7617907407349502,0.8141650510347904,0.8340499094736382
recall,0.584045584045584,0.9,0.43859649122807015,0.7790055248618785,0.8085867620751341,0.4577777777777778,0.7644927536231884,0.5339805825242718,0.9590577678070668,0.4132231404958678,0.6752136752136753,0.7830734966592428,0.6649072781502287,0.7830734966592428,0.7976844883624544
f1-score,0.6020558002936858,0.8421052631578948,0.5847953216374269,0.8057142857142857,0.7922874671340929,0.5364583333333334,0.7583108715184187,0.6214689265536723,0.9473684210526315,0.5,0.7181818181818184,0.8021902806297057,0.7007951371433875,0.7935293022114912,0.791846574049964
support,351.0,160.0,114.0,181.0,559.0,225.0,552.0,206.0,1783.0,242.0,117.0,4490.0,4490.0,4490.0,4490.0
