index,1st degree av block,atrial fibrillation,premature atrial contraction,right bundle branch block,sinus rhythm,st depression,ventricular ectopics,micro avg,macro avg,weighted avg,samples avg
precision,0.8529411764705882,0.8888888888888888,0.6666666666666666,0.9664804469273743,0.7096774193548387,0.71,0.6153846153846154,0.8144796380090498,0.7728627448132818,0.8094010331177831,0.7239204269771956
recall,0.8285714285714286,0.9655172413793104,0.06666666666666667,0.8826530612244898,0.7586206896551724,0.8255813953488372,0.6292134831460674,0.7670454545454546,0.7081177094274246,0.7670454545454546,0.7343522561863173
f1-score,0.8405797101449276,0.9256198347107438,0.1212121212121212,0.9226666666666666,0.7333333333333333,0.7634408602150538,0.6222222222222222,0.7900512070226775,0.7041535355007242,0.7658544974890021,0.7223677826297913
support,70.0,116.0,60.0,196.0,87.0,86.0,89.0,704.0,704.0,704.0,704.0
