index,abnormal QRS,atrial fibrillation,incomplete right bundle branch block,left anterior fascicular block,left axis deviation,left ventricular hypertrophy,myocardial infarction,myocardial ischemia,sinus rhythm,t wave abnormal,ventricular ectopics,micro avg,macro avg,weighted avg,samples avg
precision,0.6075949367088608,0.7978142076502732,0.625,0.8238993710691824,0.7845601436265709,0.7430555555555556,0.75,0.7337662337662337,0.9268817204301075,0.6143790849673203,0.796875,0.8137549042234018,0.7458023867067368,0.8077391019386295,0.8357371899744781
recall,0.6837606837606838,0.9125,0.6578947368421053,0.7237569060773481,0.7817531305903399,0.47555555555555556,0.7391304347826086,0.5485436893203883,0.9669097027481772,0.3884297520661157,0.4358974358974359,0.7853006681514476,0.6649210934218872,0.7853006681514476,0.802552188992867
f1-score,0.64343163538874,0.8513119533527697,0.6410256410256411,0.7705882352941177,0.7831541218637993,0.5799457994579946,0.7445255474452556,0.6277777777777778,0.9464726873455943,0.4759493670886076,0.56353591160221,0.7992746231440553,0.6934289706947735,0.7910586511503478,0.7952734723921165
support,351.0,160.0,114.0,181.0,559.0,225.0,552.0,206.0,1783.0,242.0,117.0,4490.0,4490.0,4490.0,4490.0
