index,abnormal QRS,atrial fibrillation,incomplete right bundle branch block,left anterior fascicular block,left axis deviation,left ventricular hypertrophy,myocardial infarction,myocardial ischemia,sinus rhythm,t wave abnormal,ventricular ectopics,micro avg,macro avg,weighted avg,samples avg
precision,0.6497175141242938,0.8054054054054054,0.6390977443609023,0.8389261744966443,0.7359375,0.768,0.6586059743954481,0.7868852459016393,0.9175039661554732,0.6075268817204301,0.6838235294117647,0.7906574394463668,0.7355845396338183,0.7916246868058535,0.8141853718124905
recall,0.6552706552706553,0.93125,0.7456140350877193,0.6906077348066298,0.8425760286225402,0.4266666666666667,0.8387681159420289,0.46601941747572817,0.9730790802019069,0.4669421487603306,0.7948717948717948,0.8142538975501113,0.7119696070641819,0.8142538975501113,0.8261326702004668
f1-score,0.6524822695035462,0.863768115942029,0.688259109311741,0.7575757575757575,0.7856547122602169,0.5485714285714286,0.7378486055776892,0.5853658536585367,0.9444746869896571,0.5280373831775701,0.7351778656126481,0.8022822032038621,0.7115650716528018,0.7953437642209367,0.7963685523007556
support,351.0,160.0,114.0,181.0,559.0,225.0,552.0,206.0,1783.0,242.0,117.0,4490.0,4490.0,4490.0,4490.0
