index,abnormal QRS,atrial fibrillation,incomplete right bundle branch block,left anterior fascicular block,left axis deviation,left ventricular hypertrophy,myocardial infarction,myocardial ischemia,sinus rhythm,t wave abnormal,ventricular ectopics,micro avg,macro avg,weighted avg,samples avg
precision,0.7489177489177489,0.8630952380952381,0.7228915662650602,0.8,0.8007518796992481,0.6648648648648648,0.8428571428571429,0.7298850574712644,0.919431279620853,0.6693548387096774,0.7790697674418605,0.8447387785136129,0.7764653985402689,0.8315109959654127,0.8546037562986715
recall,0.4928774928774929,0.90625,0.5263157894736842,0.7734806629834254,0.7620751341681574,0.5466666666666666,0.6413043478260869,0.616504854368932,0.9792484576556366,0.34297520661157027,0.5726495726495726,0.7670378619153675,0.650940744116475,0.7670378619153675,0.7886754793534455
f1-score,0.5945017182130583,0.8841463414634146,0.6091370558375634,0.7865168539325843,0.780934922089826,0.6,0.728395061728395,0.6684210526315789,0.9483976099945682,0.45355191256830607,0.6600985221674877,0.8040154079607796,0.7012819136933439,0.7909198560298538,0.7970129224366512
support,351.0,160.0,114.0,181.0,559.0,225.0,552.0,206.0,1783.0,242.0,117.0,4490.0,4490.0,4490.0,4490.0
