index,1st degree av block,atrial fibrillation,premature atrial contraction,right bundle branch block,sinus rhythm,st depression,ventricular ectopics,micro avg,macro avg,weighted avg,samples avg
precision,0.8923076923076924,0.9186991869918699,0.5897435897435898,0.9315789473684211,0.660377358490566,0.8227848101265823,0.7936507936507936,0.8360902255639098,0.8013060540970737,0.8321761047100954,0.7409024745269287
recall,0.8285714285714286,0.9741379310344828,0.38333333333333336,0.9030612244897959,0.8045977011494253,0.7558139534883721,0.5617977528089888,0.7897727272727273,0.744473332125118,0.7897727272727273,0.7496360989810772
f1-score,0.8592592592592593,0.9456066945606694,0.46464646464646464,0.917098445595855,0.7253886010362693,0.787878787878788,0.6578947368421053,0.8122717311906501,0.765396141402773,0.8052381016469315,0.7409024745269287
support,70.0,116.0,60.0,196.0,87.0,86.0,89.0,704.0,704.0,704.0,704.0
