index,1st degree av block,atrial fibrillation,premature atrial contraction,right bundle branch block,sinus rhythm,st depression,ventricular ectopics,micro avg,macro avg,weighted avg,samples avg
precision,0.873015873015873,0.9482758620689655,0.5588235294117647,0.9296482412060302,0.5517241379310345,0.7526881720430108,0.8571428571428571,0.8031161473087819,0.7816169532599336,0.8179949932295627,0.7481804949053857
recall,0.7857142857142857,0.9482758620689655,0.31666666666666665,0.9438775510204082,0.9195402298850575,0.813953488372093,0.5393258426966292,0.8053977272727273,0.7524791323463008,0.8053977272727273,0.7663755458515283
f1-score,0.8270676691729324,0.9482758620689655,0.4042553191489362,0.9367088607594937,0.689655172413793,0.782122905027933,0.6620689655172413,0.8042553191489362,0.7500221077298993,0.7981984381581518,0.7510917030567685
support,70.0,116.0,60.0,196.0,87.0,86.0,89.0,704.0,704.0,704.0,704.0
