index,1st degree av block,atrial fibrillation,premature atrial contraction,right bundle branch block,sinus rhythm,st depression,ventricular ectopics,micro avg,macro avg,weighted avg,samples avg
precision,0.8405797101449275,0.9491525423728814,0.5625,0.934010152284264,0.6015625,0.7564102564102564,0.8059701492537313,0.8156748911465893,0.7785979014951516,0.8165864024261066,0.745026686074721
recall,0.8285714285714286,0.9655172413793104,0.3,0.9387755102040817,0.8850574712643678,0.686046511627907,0.6067415730337079,0.7982954545454546,0.7443871051544005,0.7982954545454546,0.7590975254730713
f1-score,0.8345323741007195,0.9572649572649573,0.3913043478260869,0.9363867684478372,0.7162790697674419,0.7195121951219512,0.6923076923076924,0.8068916008614502,0.7496553435480982,0.7986928709954071,0.7464822901504125
support,70.0,116.0,60.0,196.0,87.0,86.0,89.0,704.0,704.0,704.0,704.0
