index,abnormal QRS,atrial fibrillation,incomplete right bundle branch block,left anterior fascicular block,left axis deviation,left ventricular hypertrophy,myocardial infarction,myocardial ischemia,sinus rhythm,t wave abnormal,ventricular ectopics,micro avg,macro avg,weighted avg,samples avg
precision,0.5935162094763092,0.8614457831325302,0.5548387096774193,0.7777777777777778,0.7432646592709984,0.5087209302325582,0.7756653992395437,0.6844660194174758,0.9248,0.6223776223776224,0.7238095238095238,0.7816842105263158,0.7064256940374326,0.7869752469096958,0.8022587963265929
recall,0.6780626780626781,0.89375,0.7543859649122807,0.850828729281768,0.8389982110912343,0.7777777777777778,0.7391304347826086,0.6844660194174758,0.9725182277061133,0.3677685950413223,0.6495726495726496,0.8269487750556793,0.7461144806950825,0.8269487750556793,0.8301180114739437
f1-score,0.6329787234042553,0.8773006134969326,0.6394052044609665,0.8126649076517151,0.788235294117647,0.6151142355008787,0.7569573283858998,0.6844660194174758,0.9480590486604701,0.4623376623376623,0.6846846846846847,0.8036796536796535,0.7183821565562353,0.8023999900872678,0.7931504592521541
support,351.0,160.0,114.0,181.0,559.0,225.0,552.0,206.0,1783.0,242.0,117.0,4490.0,4490.0,4490.0,4490.0
