index,atrial fibrillation,left ventricular high voltage,nonspecific st t abnormality,sinus bradycardia,sinus rhythm,sinus tachycardia,supraventricular tachycardia,t wave abnormal,micro avg,macro avg,weighted avg,samples avg
precision,0.9464285714285714,0.5811965811965812,0.6046511627906976,0.9896373056994818,0.9494949494949495,0.9391891891891891,0.875,0.6617647058823529,0.8597785977859779,0.8184203082102279,0.8587027949366554,0.8567708333333333
recall,0.8983050847457628,0.53125,0.52,0.9870801033591732,0.9494949494949495,0.9328859060402684,0.6885245901639344,0.7336956521739131,0.8417630057803468,0.7801545357472501,0.8417630057803468,0.85205078125
f1-score,0.9217391304347826,0.5551020408163265,0.5591397849462365,0.9883570504527814,0.9494949494949495,0.936026936026936,0.7706422018348624,0.6958762886597939,0.850675428988682,0.7970472978333336,0.8490805413472821,0.8397879464285714
support,177.0,128.0,100.0,387.0,198.0,149.0,61.0,184.0,1384.0,1384.0,1384.0,1384.0
