index,abnormal QRS,atrial fibrillation,incomplete right bundle branch block,left anterior fascicular block,left axis deviation,left ventricular hypertrophy,myocardial infarction,myocardial ischemia,sinus rhythm,t wave abnormal,ventricular ectopics,micro avg,macro avg,weighted avg,samples avg
precision,0.5738095238095238,0.9,0.6875,0.8726114649681529,0.7758007117437722,0.5877192982456141,0.7635009310986964,0.7150837988826816,0.9188906331763474,0.5945945945945946,0.819672131147541,0.8044705351095055,0.746289371606084,0.8005722861274621,0.8249809131165063
recall,0.6866096866096866,0.73125,0.5789473684210527,0.7569060773480663,0.7799642218246869,0.5955555555555555,0.7427536231884058,0.6213592233009708,0.9848569826135727,0.36363636363636365,0.42735042735042733,0.7935412026726057,0.6608354118044353,0.7935412026726057,0.8099229980585912
f1-score,0.6251621271076524,0.8068965517241379,0.6285714285714286,0.8106508875739645,0.7778768956289027,0.5916114790286975,0.7529843893480257,0.664935064935065,0.9507309149972929,0.4512820512820513,0.5617977528089887,0.7989684942258101,0.6929545039096552,0.7923349436664826,0.7928523123438377
support,351.0,160.0,114.0,181.0,559.0,225.0,552.0,206.0,1783.0,242.0,117.0,4490.0,4490.0,4490.0,4490.0
