index,1st degree av block,atrial fibrillation,premature atrial contraction,right bundle branch block,sinus rhythm,st depression,ventricular ectopics,micro avg,macro avg,weighted avg,samples avg
precision,0.9180327868852459,0.9391304347826087,0.38202247191011235,0.9402985074626866,0.6333333333333333,0.9375,0.8490566037735849,0.8049490538573508,0.7999105911639389,0.8405004531674606,0.7372634643377002
recall,0.8,0.9310344827586207,0.5666666666666667,0.9642857142857143,0.8735632183908046,0.5232558139534884,0.5056179775280899,0.7855113636363636,0.7377748390833406,0.7855113636363636,0.7489082969432315
f1-score,0.8549618320610688,0.935064935064935,0.45637583892617445,0.9521410579345089,0.7342995169082125,0.6716417910447762,0.6338028169014085,0.7951114306254494,0.7483268269772978,0.7959811947551593,0.7375060650169821
support,70.0,116.0,60.0,196.0,87.0,86.0,89.0,704.0,704.0,704.0,704.0
