index,abnormal QRS,atrial fibrillation,incomplete right bundle branch block,left anterior fascicular block,left axis deviation,left ventricular hypertrophy,myocardial infarction,myocardial ischemia,sinus rhythm,t wave abnormal,ventricular ectopics,micro avg,macro avg,weighted avg,samples avg
precision,0.67601246105919,0.8674698795180723,0.6528925619834711,0.8055555555555556,0.7679180887372014,0.6275510204081632,0.7681992337164751,0.6454545454545455,0.9273412271259419,0.6026490066225165,0.7821782178217822,0.8127544097693351,0.7384747089093558,0.8050313999556243,0.8276454420522217
recall,0.6182336182336182,0.9,0.6929824561403509,0.8011049723756906,0.8050089445438283,0.5466666666666666,0.7264492753623188,0.6893203883495146,0.9663488502523836,0.3760330578512397,0.6752136752136753,0.800445434298441,0.7088510822717533,0.800445434298441,0.8137491001897782
f1-score,0.6458333333333334,0.8834355828220859,0.672340425531915,0.8033240997229918,0.7860262008733625,0.5843230403800473,0.7467411545623837,0.6666666666666666,0.9464432848118649,0.4631043256997456,0.7247706422018348,0.8065529622980252,0.7202735233278393,0.8006368003594725,0.7983508576728916
support,351.0,160.0,114.0,181.0,559.0,225.0,552.0,206.0,1783.0,242.0,117.0,4490.0,4490.0,4490.0,4490.0
