index,atrial fibrillation,left ventricular high voltage,nonspecific st t abnormality,sinus bradycardia,sinus rhythm,sinus tachycardia,supraventricular tachycardia,t wave abnormal,micro avg,macro avg,weighted avg,samples avg
precision,0.8924731182795699,0.6320754716981132,0.6617647058823529,0.9896640826873385,0.96875,0.9276315789473685,0.8666666666666667,0.8347826086956521,0.8976818545163869,0.8467260291071328,0.884787676900941,0.87841796875
recall,0.9378531073446328,0.5234375,0.45,0.9896640826873385,0.9393939393939394,0.9463087248322147,0.639344262295082,0.5217391304347826,0.8114161849710982,0.7434675933734989,0.8114161849710982,0.8294270833333333
f1-score,0.9146005509641872,0.5726495726495726,0.5357142857142857,0.9896640826873385,0.9538461538461539,0.9368770764119602,0.7358490566037736,0.6421404682274248,0.8523719165085388,0.7851676558880871,0.8404998069688091,0.8384207589285714
support,177.0,128.0,100.0,387.0,198.0,149.0,61.0,184.0,1384.0,1384.0,1384.0,1384.0
