index,1st degree av block,atrial fibrillation,premature atrial contraction,right bundle branch block,sinus rhythm,st depression,ventricular ectopics,micro avg,macro avg,weighted avg,samples avg
precision,0.9310344827586207,0.8809523809523809,0.4727272727272727,0.9764705882352941,0.5954198473282443,0.8181818181818182,0.8448275862068966,0.8103703703703704,0.7885162823415038,0.8302124714416776,0.7299854439592431
recall,0.7714285714285715,0.9568965517241379,0.43333333333333335,0.8469387755102041,0.896551724137931,0.7325581395348837,0.550561797752809,0.7769886363636364,0.7411812704888386,0.7769886363636364,0.7387190684133915
f1-score,0.8437500000000001,0.9173553719008265,0.4521739130434783,0.907103825136612,0.7155963302752294,0.7730061349693251,0.6666666666666667,0.7933284989122552,0.7536646059988769,0.7932773427905125,0.7297428432799612
support,70.0,116.0,60.0,196.0,87.0,86.0,89.0,704.0,704.0,704.0,704.0
