index,1st degree av block,atrial fibrillation,premature atrial contraction,right bundle branch block,sinus rhythm,st depression,ventricular ectopics,micro avg,macro avg,weighted avg,samples avg
precision,0.9047619047619048,0.8976377952755905,0.6578947368421053,0.9393939393939394,0.7441860465116279,0.776595744680851,0.7941176470588235,0.8501483679525222,0.8163696877892631,0.8427018531169608,0.7620087336244541
recall,0.8142857142857143,0.9827586206896551,0.4166666666666667,0.9489795918367347,0.735632183908046,0.8488372093023255,0.6067415730337079,0.8139204545454546,0.7648430799604071,0.8139204545454546,0.7707423580786026
f1-score,0.857142857142857,0.9382716049382717,0.5102040816326531,0.9441624365482234,0.7398843930635838,0.8111111111111111,0.6878980891719746,0.8316400580551524,0.784096367658382,0.8236591140946641,0.7632217370208637
support,70.0,116.0,60.0,196.0,87.0,86.0,89.0,704.0,704.0,704.0,704.0
