index,1st degree av block,atrial fibrillation,premature atrial contraction,right bundle branch block,sinus rhythm,st depression,ventricular ectopics,micro avg,macro avg,weighted avg,samples avg
precision,0.8133333333333334,0.940677966101695,0.5217391304347826,0.9453551912568307,0.6134453781512605,0.782051282051282,0.8524590163934426,0.8161764705882353,0.7812944711032325,0.8226433996138381,0.737748665696264
recall,0.8714285714285714,0.9568965517241379,0.4,0.8826530612244898,0.8390804597701149,0.7093023255813954,0.5842696629213483,0.7883522727272727,0.7490900903785797,0.7883522727272727,0.7489082969432315
f1-score,0.8413793103448276,0.9487179487179486,0.4528301886792453,0.9129287598944592,0.70873786407767,0.7439024390243903,0.6933333333333332,0.8020231213872833,0.7574042634388392,0.7988553304446168,0.7382338670548277
support,70.0,116.0,60.0,196.0,87.0,86.0,89.0,704.0,704.0,704.0,704.0
