index,abnormal QRS,atrial fibrillation,incomplete right bundle branch block,left anterior fascicular block,left axis deviation,left ventricular hypertrophy,myocardial infarction,myocardial ischemia,sinus rhythm,t wave abnormal,ventricular ectopics,micro avg,macro avg,weighted avg,samples avg
precision,0.7591623036649214,0.8709677419354839,0.6666666666666666,0.7333333333333333,0.7777777777777778,0.6363636363636364,0.7808219178082192,0.7005347593582888,0.9049079754601227,0.5181518151815182,0.7731958762886598,0.8044692737430168,0.7383530730762389,0.8011459181942178,0.8323637196518551
recall,0.4131054131054131,0.84375,0.6491228070175439,0.850828729281768,0.7889087656529516,0.5288888888888889,0.7228260869565217,0.6359223300970874,0.9927089175546832,0.6487603305785123,0.6410256410256411,0.8017817371937639,0.7014407191053647,0.8017817371937639,0.8216925157603123
f1-score,0.5350553505535055,0.8571428571428571,0.6577777777777777,0.7877237851662405,0.783303730017762,0.5776699029126213,0.7507055503292568,0.6666666666666667,0.9467772131585985,0.5761467889908256,0.7009345794392524,0.8031232571109872,0.7127185638323058,0.7954605583766591,0.8033994279756992
support,351.0,160.0,114.0,181.0,559.0,225.0,552.0,206.0,1783.0,242.0,117.0,4490.0,4490.0,4490.0,4490.0
