index,atrial fibrillation,left ventricular high voltage,nonspecific st t abnormality,sinus bradycardia,sinus rhythm,sinus tachycardia,supraventricular tachycardia,t wave abnormal,micro avg,macro avg,weighted avg,samples avg
precision,0.8556701030927835,0.7297297297297297,0.5447154471544715,0.9673366834170855,0.9836065573770492,0.9225806451612903,0.8421052631578947,0.7532467532467533,0.8662182361733931,0.8248738977921322,0.8640710209468275,0.8663736979166666
recall,0.9378531073446328,0.421875,0.67,0.9948320413436692,0.9090909090909091,0.959731543624161,0.7868852459016393,0.6304347826086957,0.8374277456647399,0.7888378287392134,0.8374277456647399,0.8500162760416666
f1-score,0.8948787061994609,0.5346534653465346,0.6008968609865469,0.9808917197452229,0.9448818897637795,0.9407894736842105,0.8135593220338982,0.6863905325443787,0.8515797207935343,0.799617746288004,0.8451670365506692,0.8437523251488095
support,177.0,128.0,100.0,387.0,198.0,149.0,61.0,184.0,1384.0,1384.0,1384.0,1384.0
