index,1st degree av block,atrial fibrillation,premature atrial contraction,right bundle branch block,sinus rhythm,st depression,ventricular ectopics,micro avg,macro avg,weighted avg,samples avg
precision,0.855072463768116,0.9866666666666667,0.47619047619047616,0.9214659685863874,0.7032967032967034,0.8024691358024691,0.7678571428571429,0.8407534246575342,0.7875740795954231,0.8267409215789392,0.6783114992721979
recall,0.8428571428571429,0.6379310344827587,0.16666666666666666,0.8979591836734694,0.735632183908046,0.7558139534883721,0.48314606741573035,0.6974431818181818,0.6457151760703123,0.6974431818181818,0.6717612809315866
f1-score,0.8489208633093526,0.774869109947644,0.2469135802469136,0.9095607235142119,0.7191011235955056,0.7784431137724551,0.5931034482758621,0.7624223602484471,0.6958445660945635,0.745301287276951,0.6686074721009219
support,70.0,116.0,60.0,196.0,87.0,86.0,89.0,704.0,704.0,704.0,704.0
