index,1st degree av block,atrial fibrillation,premature atrial contraction,right bundle branch block,sinus rhythm,st depression,ventricular ectopics,micro avg,macro avg,weighted avg,samples avg
precision,0.9423076923076923,0.9090909090909091,0.40625,0.9261083743842364,0.6907216494845361,0.7325581395348837,0.8484848484848485,0.8301282051282052,0.7793602304695867,0.81806286976662,0.7096069868995634
recall,0.7,0.9482758620689655,0.21666666666666667,0.9591836734693877,0.7701149425287356,0.7325581395348837,0.3146067415730337,0.7357954545454546,0.6630580036916676,0.7357954545454546,0.7037845705967977
f1-score,0.8032786885245902,0.9282700421940928,0.28260869565217395,0.9423558897243107,0.7282608695652173,0.7325581395348836,0.45901639344262296,0.7801204819277108,0.6966212455196986,0.7567873066546859,0.7020863658418244
support,70.0,116.0,60.0,196.0,87.0,86.0,89.0,704.0,704.0,704.0,704.0
