index,1st degree av block,atrial fibrillation,premature atrial contraction,right bundle branch block,sinus rhythm,st depression,ventricular ectopics,micro avg,macro avg,weighted avg,samples avg
precision,0.890625,0.875968992248062,0.6,0.9408602150537635,0.6752136752136753,0.7346938775510204,0.8863636363636364,0.831306990881459,0.8005321994900225,0.8312192927566108,0.74235807860262
recall,0.8142857142857143,0.9741379310344828,0.2,0.8928571428571429,0.9080459770114943,0.8372093023255814,0.43820224719101125,0.7769886363636364,0.7235340449579182,0.7769886363636364,0.7459970887918487
f1-score,0.8507462686567163,0.9224489795918366,0.3,0.9162303664921467,0.7745098039215687,0.782608695652174,0.5864661654135338,0.803230543318649,0.7332871828182823,0.7826983831820339,0.7379912663755459
support,70.0,116.0,60.0,196.0,87.0,86.0,89.0,704.0,704.0,704.0,704.0
