index,abnormal QRS,atrial fibrillation,incomplete right bundle branch block,left anterior fascicular block,left axis deviation,left ventricular hypertrophy,myocardial infarction,myocardial ischemia,sinus rhythm,t wave abnormal,ventricular ectopics,micro avg,macro avg,weighted avg,samples avg
precision,0.7813953488372093,0.8675496688741722,0.7530864197530864,0.7802197802197802,0.7868217054263565,0.5367647058823529,0.7584905660377359,0.8,0.9313884386817937,0.6326530612244898,0.7383177570093458,0.8264938804895609,0.7606079501769384,0.8205773576167286,0.8320048862421744
recall,0.47863247863247865,0.81875,0.5350877192982456,0.7845303867403315,0.7262969588550984,0.6488888888888888,0.7282608695652174,0.44660194174757284,0.9669097027481772,0.384297520661157,0.6752136752136753,0.7670378619153675,0.6539518311228039,0.7670378619153675,0.7904543768950548
f1-score,0.5936395759717316,0.842443729903537,0.6256410256410257,0.7823691460055097,0.7553488372093022,0.5875251509054324,0.7430683918669132,0.5732087227414331,0.9488167308750688,0.47814910025706947,0.7053571428571429,0.7956566940048516,0.6941425049303788,0.785914785651772,0.7869907336009031
support,351.0,160.0,114.0,181.0,559.0,225.0,552.0,206.0,1783.0,242.0,117.0,4490.0,4490.0,4490.0,4490.0
