index,abnormal QRS,atrial fibrillation,incomplete right bundle branch block,left anterior fascicular block,left axis deviation,left ventricular hypertrophy,myocardial infarction,myocardial ischemia,sinus rhythm,t wave abnormal,ventricular ectopics,micro avg,macro avg,weighted avg,samples avg
precision,0.6819672131147541,0.8588957055214724,0.6538461538461539,0.8535031847133758,0.7970204841713222,0.6307692307692307,0.7418803418803419,0.6536796536796536,0.9201703033528472,0.5637254901960784,0.7887323943661971,0.8092981268336719,0.7403809232374026,0.8032999414822991,0.8299576816525968
recall,0.5925925925925926,0.875,0.5964912280701754,0.7403314917127072,0.7656529516994633,0.5466666666666666,0.7862318840579711,0.7330097087378641,0.9697139652271453,0.47520661157024796,0.47863247863247865,0.7986636971046771,0.6872299617243011,0.7986636971046771,0.8116495430054752
f1-score,0.6341463414634146,0.8668730650154799,0.6238532110091742,0.7928994082840237,0.7810218978102191,0.5857142857142857,0.7634124890061565,0.6910755148741418,0.9442927362097214,0.515695067264574,0.5957446808510638,0.8039457459926017,0.7086116997729323,0.7987161699258848,0.7983482059753246
support,351.0,160.0,114.0,181.0,559.0,225.0,552.0,206.0,1783.0,242.0,117.0,4490.0,4490.0,4490.0,4490.0
