index,abnormal QRS,atrial fibrillation,incomplete right bundle branch block,left anterior fascicular block,left axis deviation,left ventricular hypertrophy,myocardial infarction,myocardial ischemia,sinus rhythm,t wave abnormal,ventricular ectopics,micro avg,macro avg,weighted avg,samples avg
precision,0.6147308781869688,0.8100558659217877,0.6666666666666666,0.7759562841530054,0.7380585516178737,0.7152777777777778,0.7581818181818182,0.7014925373134329,0.927536231884058,0.5517241379310345,0.6973684210526315,0.8004882379050156,0.723368106426096,0.7944922202654503,0.8213925790196976
recall,0.6182336182336182,0.90625,0.6140350877192983,0.7845303867403315,0.8568872987477638,0.4577777777777778,0.7554347826086957,0.6844660194174758,0.9691531127313516,0.4628099173553719,0.452991452991453,0.8033407572383073,0.6875063140293762,0.8033407572383073,0.8189429138581681
f1-score,0.6164772727272727,0.855457227138643,0.639269406392694,0.7802197802197802,0.793046357615894,0.5582655826558266,0.7568058076225046,0.6928746928746929,0.947888096544158,0.503370786516854,0.5492227979274611,0.8019119608714984,0.6993543462032529,0.7957514717139159,0.7959808273367596
support,351.0,160.0,114.0,181.0,559.0,225.0,552.0,206.0,1783.0,242.0,117.0,4490.0,4490.0,4490.0,4490.0
