index,atrial fibrillation,left ventricular high voltage,nonspecific st t abnormality,sinus bradycardia,sinus rhythm,sinus tachycardia,supraventricular tachycardia,t wave abnormal,micro avg,macro avg,weighted avg,samples avg
precision,0.8888888888888888,0.5702479338842975,0.5545454545454546,0.9323671497584541,0.9736842105263158,0.9637681159420289,0.8275862068965517,0.75625,0.8450074515648286,0.8084172450552489,0.847275565651628,0.8353678385416667
recall,0.9491525423728814,0.5390625,0.61,0.9974160206718347,0.7474747474747475,0.8926174496644296,0.7868852459016393,0.657608695652174,0.819364161849711,0.7725271502172133,0.819364161849711,0.824462890625
f1-score,0.9180327868852458,0.5542168674698795,0.580952380952381,0.9637952559300875,0.8457142857142858,0.9268292682926829,0.8067226890756303,0.7034883720930233,0.8319882611885545,0.787468988301652,0.8299974700150167,0.8161737351190476
support,177.0,128.0,100.0,387.0,198.0,149.0,61.0,184.0,1384.0,1384.0,1384.0,1384.0
