index,atrial fibrillation,left ventricular high voltage,nonspecific st t abnormality,sinus bradycardia,sinus rhythm,sinus tachycardia,supraventricular tachycardia,t wave abnormal,micro avg,macro avg,weighted avg,samples avg
precision,0.9132947976878613,0.6470588235294118,0.5904761904761905,0.9921259842519685,0.9261083743842364,0.875,0.8888888888888888,0.76,0.874806800618238,0.8241191324023196,0.8636443380823324,0.8726399739583334
recall,0.8926553672316384,0.34375,0.62,0.9767441860465116,0.9494949494949495,0.9395973154362416,0.7868852459016393,0.6195652173913043,0.8179190751445087,0.7660865351877856,0.8179190751445087,0.84130859375
f1-score,0.9028571428571429,0.4489795918367347,0.6048780487804878,0.9843749999999999,0.9376558603491272,0.9061488673139159,0.8347826086956522,0.6826347305389221,0.8454070201643018,0.7877889812964978,0.8351984126064755,0.8431175595238095
support,177.0,128.0,100.0,387.0,198.0,149.0,61.0,184.0,1384.0,1384.0,1384.0,1384.0
