index,1st degree av block,atrial fibrillation,premature atrial contraction,right bundle branch block,sinus rhythm,st depression,ventricular ectopics,micro avg,macro avg,weighted avg,samples avg
precision,0.9166666666666666,0.7862068965517242,0.5294117647058824,0.92,0.7065217391304348,0.8867924528301887,0.8545454545454545,0.837620578778135,0.8000207106329073,0.8256213924024277,0.7147016011644832
recall,0.7857142857142857,0.9827586206896551,0.15,0.9387755102040817,0.7471264367816092,0.5465116279069767,0.5280898876404494,0.7400568181818182,0.6684251955624368,0.7400568181818182,0.7117903930131004
f1-score,0.8461538461538461,0.8735632183908046,0.23376623376623373,0.9292929292929293,0.7262569832402235,0.6762589928057554,0.6527777777777777,0.7858220211161387,0.7054385687753673,0.7616070225524253,0.7078602620087335
support,70.0,116.0,60.0,196.0,87.0,86.0,89.0,704.0,704.0,704.0,704.0
