index,1st degree av block,atrial fibrillation,premature atrial contraction,right bundle branch block,sinus rhythm,st depression,ventricular ectopics,micro avg,macro avg,weighted avg,samples avg
precision,0.9298245614035088,0.9491525423728814,0.6,0.9038461538461539,0.7395833333333334,0.825,0.75,0.8534351145038168,0.813915227279411,0.8386179124536166,0.7561863173216885
recall,0.7571428571428571,0.9655172413793104,0.2,0.9591836734693877,0.8160919540229885,0.7674418604651163,0.6404494382022472,0.7940340909090909,0.7294038606688439,0.7940340909090909,0.7612809315866085
f1-score,0.8346456692913385,0.9572649572649573,0.3,0.9306930693069307,0.7759562841530055,0.7951807228915662,0.6909090909090909,0.8226637233259751,0.7549499705452699,0.8057790077531,0.7527899078117418
support,70.0,116.0,60.0,196.0,87.0,86.0,89.0,704.0,704.0,704.0,704.0
