index,atrial fibrillation,left ventricular high voltage,nonspecific st t abnormality,sinus bradycardia,sinus rhythm,sinus tachycardia,supraventricular tachycardia,t wave abnormal,micro avg,macro avg,weighted avg,samples avg
precision,0.9325153374233128,0.6016949152542372,0.5571428571428572,0.9439024390243902,0.9513513513513514,0.9290780141843972,0.8823529411764706,0.7183908045977011,0.8582317073170732,0.8145535825193397,0.8496274007456488,0.843505859375
recall,0.8587570621468926,0.5546875,0.39,1.0,0.8888888888888888,0.8791946308724832,0.7377049180327869,0.6793478260869565,0.8135838150289018,0.7485726032535011,0.8135838150289018,0.8251139322916667
f1-score,0.8941176470588234,0.5772357723577236,0.45882352941176474,0.9711417816813048,0.9190600522193211,0.9034482758620689,0.8035714285714285,0.6983240223463686,0.8353115727002968,0.7782153136886005,0.8294482554483416,0.8200753348214285
support,177.0,128.0,100.0,387.0,198.0,149.0,61.0,184.0,1384.0,1384.0,1384.0,1384.0
