index,1st degree av block,atrial fibrillation,premature atrial contraction,right bundle branch block,sinus rhythm,st depression,ventricular ectopics,micro avg,macro avg,weighted avg,samples avg
precision,0.8615384615384616,0.923728813559322,0.625,0.9479166666666666,0.6759259259259259,0.6979166666666666,0.8275862068965517,0.8346094946401225,0.7942303916076564,0.8284566230822761,0.7299854439592431
recall,0.8,0.9396551724137931,0.16666666666666666,0.9285714285714286,0.8390804597701149,0.7790697674418605,0.5393258426966292,0.7741477272727273,0.713195619651499,0.7741477272727273,0.7372634643377002
f1-score,0.8296296296296297,0.9316239316239315,0.2631578947368421,0.9381443298969072,0.7487179487179486,0.7362637362637364,0.653061224489796,0.8032424465733236,0.7286569564798274,0.78464176750453,0.7282872392042699
support,70.0,116.0,60.0,196.0,87.0,86.0,89.0,704.0,704.0,704.0,704.0
