index,atrial fibrillation,left ventricular high voltage,nonspecific st t abnormality,sinus bradycardia,sinus rhythm,sinus tachycardia,supraventricular tachycardia,t wave abnormal,micro avg,macro avg,weighted avg,samples avg
precision,0.9186046511627907,0.75,0.6091954022988506,0.9796437659033079,0.9504950495049505,0.9032258064516129,0.8909090909090909,0.74375,0.8873456790123457,0.8432279707788255,0.8761624424848298,0.880859375
recall,0.8926553672316384,0.421875,0.53,0.9948320413436692,0.9696969696969697,0.9395973154362416,0.8032786885245902,0.6467391304347826,0.8309248554913294,0.7748343140834865,0.8309248554913294,0.849365234375
f1-score,0.9054441260744986,0.54,0.5668449197860963,0.9871794871794871,0.96,0.9210526315789472,0.8448275862068965,0.6918604651162791,0.8582089552238807,0.8021511519927755,0.8484539120502431,0.849609375
support,177.0,128.0,100.0,387.0,198.0,149.0,61.0,184.0,1384.0,1384.0,1384.0,1384.0
