index,abnormal QRS,atrial fibrillation,incomplete right bundle branch block,left anterior fascicular block,left axis deviation,left ventricular hypertrophy,myocardial infarction,myocardial ischemia,sinus rhythm,t wave abnormal,ventricular ectopics,micro avg,macro avg,weighted avg,samples avg
precision,0.7625570776255708,0.8395061728395061,0.6695652173913044,0.77,0.7654941373534339,0.7086092715231788,0.7799227799227799,0.7368421052631579,0.9168858495528669,0.6382978723404256,0.797752808988764,0.830448185914157,0.7623121175273625,0.8173600773428074,0.8470180834587614
recall,0.4757834757834758,0.85,0.6754385964912281,0.850828729281768,0.817531305903399,0.47555555555555556,0.7318840579710145,0.6116504854368932,0.9775659001682557,0.24793388429752067,0.6068376068376068,0.7799554565701559,0.6655463270660651,0.7799554565701559,0.7984250594420086
f1-score,0.5859649122807018,0.84472049689441,0.6724890829694323,0.8083989501312336,0.7906574394463668,0.5691489361702128,0.7551401869158878,0.6684350132625995,0.9462540716612378,0.35714285714285715,0.6893203883495145,0.8044102446307568,0.698879303202223,0.7890053476574242,0.7980541090710582
support,351.0,160.0,114.0,181.0,559.0,225.0,552.0,206.0,1783.0,242.0,117.0,4490.0,4490.0,4490.0,4490.0
