index,1st degree av block,atrial fibrillation,premature atrial contraction,right bundle branch block,sinus rhythm,st depression,ventricular ectopics,micro avg,macro avg,weighted avg,samples avg
precision,0.90625,0.9411764705882353,0.5,0.9574468085106383,0.7216494845360825,0.7888888888888889,0.7605633802816901,0.8374816983894583,0.7965678618293621,0.836067664063174,0.75764192139738
recall,0.8285714285714286,0.9655172413793104,0.45,0.9183673469387755,0.8045977011494253,0.8255813953488372,0.6067415730337079,0.8125,0.7713395266316407,0.8125,0.7685589519650655
f1-score,0.8656716417910447,0.9531914893617022,0.4736842105263158,0.9375000000000001,0.7608695652173912,0.8068181818181818,0.675,0.8248017303532806,0.7818192983878051,0.822436500189185,0.759825327510917
support,70.0,116.0,60.0,196.0,87.0,86.0,89.0,704.0,704.0,704.0,704.0
