index,atrial fibrillation,left ventricular high voltage,nonspecific st t abnormality,sinus bradycardia,sinus rhythm,sinus tachycardia,supraventricular tachycardia,t wave abnormal,micro avg,macro avg,weighted avg,samples avg
precision,0.8125,0.78125,0.5555555555555556,0.9553349875930521,0.9885714285714285,0.9391891891891891,0.85,0.7083333333333334,0.8582202111613876,0.8238418117803199,0.8576173129578989,0.8638509114583333
recall,0.9548022598870056,0.1953125,0.6,0.9948320413436692,0.8737373737373737,0.9328859060402684,0.8360655737704918,0.7391304347826086,0.8222543352601156,0.7658457611951772,0.8222543352601156,0.8400065104166667
f1-score,0.8779220779220779,0.3125,0.576923076923077,0.9746835443037974,0.9276139410187668,0.936026936026936,0.8429752066115703,0.723404255319149,0.8398523985239852,0.7715061297656718,0.8222185632238754,0.8379417782738094
support,177.0,128.0,100.0,387.0,198.0,149.0,61.0,184.0,1384.0,1384.0,1384.0,1384.0
