index,abnormal QRS,atrial fibrillation,incomplete right bundle branch block,left anterior fascicular block,left axis deviation,left ventricular hypertrophy,myocardial infarction,myocardial ischemia,sinus rhythm,t wave abnormal,ventricular ectopics,micro avg,macro avg,weighted avg,samples avg
precision,0.6970802919708029,0.8653846153846154,0.6355140186915887,0.797979797979798,0.7837338262476895,0.6016949152542372,0.788546255506608,0.5703703703703704,0.9286094832179009,0.6966292134831461,0.6382978723404256,0.811650932535114,0.7276218782224713,0.8074071015486302,0.8315271688153044
recall,0.5441595441595442,0.84375,0.5964912280701754,0.8729281767955801,0.7584973166368515,0.6311111111111111,0.6485507246376812,0.7475728155339806,0.9775659001682557,0.256198347107438,0.7692307692307693,0.7850779510022272,0.6950959939501261,0.7850779510022272,0.7990260236022948
f1-score,0.6112,0.8544303797468354,0.6153846153846153,0.8337730870712401,0.7709090909090909,0.616052060737527,0.7117296222664016,0.6470588235294118,0.9524590163934425,0.37462235649546827,0.6976744186046512,0.7981433261632516,0.6986630428307895,0.7880949986132801,0.7909490290846223
support,351.0,160.0,114.0,181.0,559.0,225.0,552.0,206.0,1783.0,242.0,117.0,4490.0,4490.0,4490.0,4490.0
