index,1st degree av block,atrial fibrillation,premature atrial contraction,right bundle branch block,sinus rhythm,st depression,ventricular ectopics,micro avg,macro avg,weighted avg,samples avg
precision,0.8656716417910447,0.9105691056910569,0.6666666666666666,0.9438775510204082,0.6826923076923077,0.8289473684210527,0.7142857142857143,0.8350364963503649,0.8018157650811787,0.8316451196170533,0.75254730713246
recall,0.8285714285714286,0.9655172413793104,0.4666666666666667,0.9438775510204082,0.8160919540229885,0.7325581395348837,0.6179775280898876,0.8125,0.767322929897939,0.8125,0.7692867540029112
f1-score,0.8467153284671534,0.9372384937238494,0.5490196078431373,0.9438775510204082,0.7434554973821988,0.7777777777777778,0.6626506024096385,0.8236141108711303,0.780104979803452,0.8188584311233714,0.7564289180009706
support,70.0,116.0,60.0,196.0,87.0,86.0,89.0,704.0,704.0,704.0,704.0
