index,abnormal QRS,atrial fibrillation,incomplete right bundle branch block,left anterior fascicular block,left axis deviation,left ventricular hypertrophy,myocardial infarction,myocardial ischemia,sinus rhythm,t wave abnormal,ventricular ectopics,micro avg,macro avg,weighted avg,samples avg
precision,0.6901408450704225,0.8580246913580247,0.6013986013986014,0.7802197802197802,0.7752212389380531,0.5461847389558233,0.7803921568627451,0.5714285714285714,0.9140177175612298,0.656,0.813953488372093,0.8000445335114674,0.7260892572877585,0.7968177620715777,0.8284787208516022
recall,0.5584045584045584,0.86875,0.7543859649122807,0.7845303867403315,0.7835420393559929,0.6044444444444445,0.7210144927536232,0.7378640776699029,0.9837352776219854,0.33884297520661155,0.5982905982905983,0.8002227171492204,0.7030731650363936,0.8002227171492204,0.8147743385031521
f1-score,0.6173228346456692,0.8633540372670807,0.669260700389105,0.7823691460055097,0.7793594306049823,0.5738396624472574,0.7495291902071564,0.6440677966101696,0.9475958941112912,0.44686648501362397,0.6896551724137931,0.8001336154103107,0.7057473045196034,0.7933875823598495,0.7987454292539038
support,351.0,160.0,114.0,181.0,559.0,225.0,552.0,206.0,1783.0,242.0,117.0,4490.0,4490.0,4490.0,4490.0
