index,atrial fibrillation,left ventricular high voltage,nonspecific st t abnormality,sinus bradycardia,sinus rhythm,sinus tachycardia,supraventricular tachycardia,t wave abnormal,micro avg,macro avg,weighted avg,samples avg
precision,0.9204545454545454,0.5185185185185185,0.6071428571428571,0.9697732997481109,0.9787234042553191,0.9032258064516129,0.8387096774193549,0.6864864864864865,0.8473227206946454,0.8028793244346006,0.846206691237404,0.8648274739583333
recall,0.9152542372881356,0.546875,0.51,0.9948320413436692,0.9292929292929293,0.9395973154362416,0.8524590163934426,0.6902173913043478,0.8460982658959537,0.7973159913823458,0.8460982658959537,0.8597005208333333
f1-score,0.9178470254957507,0.532319391634981,0.5543478260869565,0.9821428571428571,0.9533678756476683,0.9210526315789472,0.8455284552845529,0.6883468834688347,0.8467100506146059,0.7993691182925686,0.8456333943490836,0.8454985119047619
support,177.0,128.0,100.0,387.0,198.0,149.0,61.0,184.0,1384.0,1384.0,1384.0,1384.0
