index,atrial fibrillation,left ventricular high voltage,nonspecific st t abnormality,sinus bradycardia,sinus rhythm,sinus tachycardia,supraventricular tachycardia,t wave abnormal,micro avg,macro avg,weighted avg,samples avg
precision,0.9055555555555556,0.61,0.7321428571428571,0.9672544080604534,0.9781420765027322,0.9765625,0.8448275862068966,0.6619718309859155,0.8692015209125475,0.8345571018068012,0.8659120796781682,0.8539225260416666
recall,0.9209039548022598,0.4765625,0.41,0.9922480620155039,0.9040404040404041,0.8389261744966443,0.8032786885245902,0.7663043478260869,0.8258670520231214,0.7640330164631861,0.8258670520231214,0.8399251302083334
f1-score,0.9131652661064426,0.5350877192982457,0.5256410256410257,0.9795918367346937,0.9396325459317586,0.9025270758122744,0.823529411764706,0.7103274559193954,0.8469803630974435,0.7911877921510677,0.8404963496739724,0.8334867931547618
support,177.0,128.0,100.0,387.0,198.0,149.0,61.0,184.0,1384.0,1384.0,1384.0,1384.0
