index,abnormal QRS,atrial fibrillation,incomplete right bundle branch block,left anterior fascicular block,left axis deviation,left ventricular hypertrophy,myocardial infarction,myocardial ischemia,sinus rhythm,t wave abnormal,ventricular ectopics,micro avg,macro avg,weighted avg,samples avg
precision,0.6768707482993197,0.8362573099415205,0.6218487394957983,0.8253012048192772,0.7450980392156863,0.6138613861386139,0.7123745819397993,0.6606334841628959,0.9280692266089778,0.5387755102040817,0.8021978021978022,0.7937828371278459,0.7237534575476157,0.791668420213794,0.8136814780882579
recall,0.5669515669515669,0.89375,0.6491228070175439,0.7569060773480663,0.815742397137746,0.5511111111111111,0.7717391304347826,0.7087378640776699,0.9624228827818284,0.5454545454545454,0.6239316239316239,0.8075723830734967,0.7132609096587713,0.8075723830734967,0.8188142137294679
f1-score,0.6170542635658915,0.8640483383685801,0.6351931330472103,0.7896253602305476,0.7788215200683177,0.5807962529274004,0.7408695652173913,0.6838407494145199,0.9449339207048458,0.542094455852156,0.701923076923077,0.8006182380216382,0.7162909669381761,0.7982558146901825,0.7932298576366373
support,351.0,160.0,114.0,181.0,559.0,225.0,552.0,206.0,1783.0,242.0,117.0,4490.0,4490.0,4490.0,4490.0
