index,abnormal QRS,atrial fibrillation,incomplete right bundle branch block,left anterior fascicular block,left axis deviation,left ventricular hypertrophy,myocardial infarction,myocardial ischemia,sinus rhythm,t wave abnormal,ventricular ectopics,micro avg,macro avg,weighted avg,samples avg
precision,0.6868327402135231,0.8218390804597702,0.735632183908046,0.8242424242424242,0.7044476327116213,0.6627906976744186,0.7980198019801981,0.5632183908045977,0.9211087420042644,0.6355140186915887,0.7433628318584071,0.8046417305092384,0.736091685868078,0.7991472775384554,0.8257291189494579
recall,0.5498575498575499,0.89375,0.5614035087719298,0.7513812154696132,0.8783542039355993,0.5066666666666667,0.730072463768116,0.7135922330097088,0.9691531127313516,0.2809917355371901,0.717948717948718,0.7953229398663697,0.6866519461542221,0.7953229398663697,0.8092511397596144
f1-score,0.6107594936708861,0.8562874251497007,0.6368159203980099,0.7861271676300577,0.7818471337579618,0.5743073047858942,0.7625354777672658,0.6295503211991434,0.9445203607543043,0.38968481375358166,0.7304347826086957,0.7999551971326165,0.7002609274068637,0.7899758667103423,0.7957594627086152
support,351.0,160.0,114.0,181.0,559.0,225.0,552.0,206.0,1783.0,242.0,117.0,4490.0,4490.0,4490.0,4490.0
