index,abnormal QRS,atrial fibrillation,incomplete right bundle branch block,left anterior fascicular block,left axis deviation,left ventricular hypertrophy,myocardial infarction,myocardial ischemia,sinus rhythm,t wave abnormal,ventricular ectopics,micro avg,macro avg,weighted avg,samples avg
precision,0.7317073170731707,0.8186813186813187,0.6083333333333333,0.8652482269503546,0.7713754646840149,0.628140703517588,0.7083333333333334,0.6375,0.9184210526315789,0.5813953488372093,0.821917808219178,0.8030948643193541,0.7355503552055527,0.7980045759981922,0.8258196453111708
recall,0.5128205128205128,0.93125,0.6403508771929824,0.6740331491712708,0.7423971377459749,0.5555555555555556,0.8315217391304348,0.7427184466019418,0.978687605159843,0.4132231404958678,0.5128205128205128,0.7975501113585746,0.6850344251540815,0.7975501113585746,0.8142519032349541
f1-score,0.6030150753768844,0.8713450292397661,0.6239316239316238,0.7577639751552797,0.7566089334548769,0.589622641509434,0.7650000000000001,0.6860986547085202,0.9475970676079283,0.4830917874396135,0.631578947368421,0.8003128841211308,0.7014230668902134,0.7926394905846863,0.7964205133696659
support,351.0,160.0,114.0,181.0,559.0,225.0,552.0,206.0,1783.0,242.0,117.0,4490.0,4490.0,4490.0,4490.0
