index,1st degree av block,atrial fibrillation,premature atrial contraction,right bundle branch block,sinus rhythm,st depression,ventricular ectopics,micro avg,macro avg,weighted avg,samples avg
precision,0.7721518987341772,0.923728813559322,0.5882352941176471,0.9427083333333334,0.6893203883495146,0.8,0.9111111111111111,0.8477564102564102,0.8038936913150152,0.8396702967897197,0.7197962154294032
recall,0.8714285714285714,0.9396551724137931,0.16666666666666666,0.923469387755102,0.8160919540229885,0.6511627906976745,0.4606741573033708,0.7514204545454546,0.6898783857554525,0.7514204545454546,0.7168850072780204
f1-score,0.8187919463087248,0.9316239316239315,0.2597402597402597,0.9329896907216495,0.7473684210526317,0.7179487179487181,0.6119402985074627,0.7966867469879518,0.7172004665576255,0.774235136673549,0.7142163998059194
support,70.0,116.0,60.0,196.0,87.0,86.0,89.0,704.0,704.0,704.0,704.0
