index,atrial fibrillation,left ventricular high voltage,nonspecific st t abnormality,sinus bradycardia,sinus rhythm,sinus tachycardia,supraventricular tachycardia,t wave abnormal,micro avg,macro avg,weighted avg,samples avg
precision,0.824390243902439,0.5978260869565217,0.6020408163265306,0.9721518987341772,0.9533678756476683,0.9161290322580645,0.8571428571428571,0.603112840466926,0.8242591316333563,0.7907702064293981,0.829042067095567,0.8502604166666666
recall,0.9548022598870056,0.4296875,0.59,0.9922480620155039,0.9292929292929293,0.9530201342281879,0.7868852459016393,0.842391304347826,0.8641618497109826,0.8097909294591366,0.8641618497109826,0.8682454427083333
f1-score,0.8848167539267016,0.5,0.5959595959595959,0.9820971867007673,0.9411764705882352,0.9342105263157895,0.8205128205128205,0.7029478458049886,0.8437389770723104,0.7952151499761123,0.8419249505571573,0.8437616257440476
support,177.0,128.0,100.0,387.0,198.0,149.0,61.0,184.0,1384.0,1384.0,1384.0,1384.0
