index,atrial fibrillation,left ventricular high voltage,nonspecific st t abnormality,sinus bradycardia,sinus rhythm,sinus tachycardia,supraventricular tachycardia,t wave abnormal,micro avg,macro avg,weighted avg,samples avg
precision,0.9574468085106383,0.8333333333333334,0.6338028169014085,0.9344660194174758,0.9770114942528736,0.9452054794520548,0.8059701492537313,0.680628272251309,0.8780290791599353,0.8459830466716031,0.8741597228879315,0.8536783854166666
recall,0.7627118644067796,0.234375,0.45,0.9948320413436692,0.8585858585858586,0.9261744966442953,0.8852459016393442,0.7065217391304348,0.7854046242774566,0.7273058627187977,0.7854046242774566,0.8095703125
f1-score,0.8490566037735849,0.3658536585365853,0.5263157894736842,0.9637046307884857,0.9139784946236559,0.9355932203389831,0.84375,0.6933333333333335,0.8291380625476736,0.761448216358539,0.8107736801462757,0.8170526413690475
support,177.0,128.0,100.0,387.0,198.0,149.0,61.0,184.0,1384.0,1384.0,1384.0,1384.0
