index,1st degree av block,atrial fibrillation,premature atrial contraction,right bundle branch block,sinus rhythm,st depression,ventricular ectopics,micro avg,macro avg,weighted avg,samples avg
precision,0.8108108108108109,0.9180327868852459,0.5740740740740741,0.934010152284264,0.6388888888888888,0.7692307692307693,0.8235294117647058,0.8149210903873745,0.7812252705626799,0.8178839367355735,0.7561863173216885
recall,0.8571428571428571,0.9655172413793104,0.5166666666666667,0.9387755102040817,0.7931034482758621,0.813953488372093,0.47191011235955055,0.8068181818181818,0.7652956177714888,0.8068181818181818,0.7692867540029112
f1-score,0.8333333333333334,0.9411764705882353,0.543859649122807,0.9363867684478372,0.7076923076923076,0.7909604519774011,0.6,0.8108493932905069,0.7647727115945602,0.8049219021647733,0.7569141193595342
support,70.0,116.0,60.0,196.0,87.0,86.0,89.0,704.0,704.0,704.0,704.0
