index,atrial fibrillation,left ventricular high voltage,nonspecific st t abnormality,sinus bradycardia,sinus rhythm,sinus tachycardia,supraventricular tachycardia,t wave abnormal,micro avg,macro avg,weighted avg,samples avg
precision,0.8564102564102564,0.7166666666666667,0.5567010309278351,0.9920844327176781,0.9393939393939394,0.896774193548387,0.8064516129032258,0.6906077348066298,0.8590806330067822,0.8068862334218273,0.8517409347562861,0.8678385416666667
recall,0.943502824858757,0.3359375,0.54,0.9715762273901809,0.9393939393939394,0.9328859060402684,0.819672131147541,0.6793478260869565,0.8236994219653179,0.7702895443647054,0.8236994219653179,0.8404947916666667
f1-score,0.8978494623655914,0.45744680851063824,0.5482233502538071,0.9817232375979112,0.9393939393939394,0.9144736842105262,0.8130081300813008,0.6849315068493151,0.8410180745112505,0.7796312649078787,0.8309965653514779,0.8393043154761906
support,177.0,128.0,100.0,387.0,198.0,149.0,61.0,184.0,1384.0,1384.0,1384.0,1384.0
