index,abnormal QRS,atrial fibrillation,incomplete right bundle branch block,left anterior fascicular block,left axis deviation,left ventricular hypertrophy,myocardial infarction,myocardial ischemia,sinus rhythm,t wave abnormal,ventricular ectopics,micro avg,macro avg,weighted avg,samples avg
precision,0.6161879895561357,0.8181818181818182,0.6909090909090909,0.75,0.7734241908006815,0.7,0.7105691056910569,0.6976744186046512,0.9334061135371179,0.5668202764976958,0.7857142857142857,0.7985642810528606,0.7311715717720485,0.7975202872196501,0.8166666666666667
recall,0.6723646723646723,0.9,0.6666666666666666,0.861878453038674,0.8121645796064401,0.5288888888888889,0.7916666666666666,0.7281553398058253,0.9590577678070668,0.5082644628099173,0.5641025641025641,0.8175946547884188,0.7266554601597619,0.8175946547884188,0.8232238291560325
f1-score,0.6430517711171662,0.8571428571428572,0.6785714285714286,0.8020565552699229,0.7923211169284468,0.6025316455696202,0.7489288774635817,0.7125890736342043,0.9460580912863071,0.5359477124183005,0.6567164179104477,0.8079674259931771,0.725083231573844,0.8056613288140151,0.7970280877060537
support,351.0,160.0,114.0,181.0,559.0,225.0,552.0,206.0,1783.0,242.0,117.0,4490.0,4490.0,4490.0,4490.0
