index,abnormal QRS,atrial fibrillation,incomplete right bundle branch block,left anterior fascicular block,left axis deviation,left ventricular hypertrophy,myocardial infarction,myocardial ischemia,sinus rhythm,t wave abnormal,ventricular ectopics,micro avg,macro avg,weighted avg,samples avg
precision,0.6396648044692738,0.8985507246376812,0.7647058823529411,0.8166666666666667,0.762214983713355,0.7111111111111111,0.7674858223062382,0.7425149700598802,0.9161894846434149,0.6116504854368932,0.7578947368421053,0.8217341040462428,0.7626045156581419,0.8098509991118605,0.8410760639574199
recall,0.6524216524216524,0.775,0.5701754385964912,0.8121546961325967,0.8372093023255814,0.4266666666666667,0.7355072463768116,0.6019417475728155,0.9871003925967471,0.2603305785123967,0.6153846153846154,0.7915367483296214,0.6612629396896704,0.7915367483296214,0.8050182143402481
f1-score,0.6459802538787024,0.8322147651006713,0.6532663316582914,0.814404432132964,0.7979539641943735,0.5333333333333334,0.7511563367252544,0.6648793565683646,0.9503239740820735,0.3652173913043478,0.6792452830188679,0.8063528077141238,0.698906856545204,0.7932549352917413,0.7997734870616227
support,351.0,160.0,114.0,181.0,559.0,225.0,552.0,206.0,1783.0,242.0,117.0,4490.0,4490.0,4490.0,4490.0
