index,1st degree av block,atrial fibrillation,premature atrial contraction,right bundle branch block,sinus rhythm,st depression,ventricular ectopics,micro avg,macro avg,weighted avg,samples avg
precision,0.9137931034482759,0.9541284403669725,0.52,0.9578947368421052,0.6228070175438597,0.7326732673267327,0.8275862068965517,0.8205882352941176,0.7898403960606425,0.8301719725500122,0.735080058224163
recall,0.7571428571428571,0.896551724137931,0.43333333333333335,0.9285714285714286,0.8160919540229885,0.8604651162790697,0.5393258426966292,0.7926136363636364,0.7473546080263197,0.7926136363636364,0.7481804949053857
f1-score,0.8281250000000001,0.9244444444444444,0.4727272727272728,0.9430051813471502,0.7064676616915422,0.7914438502673797,0.653061224489796,0.8063583815028901,0.7598963764239407,0.8040429888252614,0.7379912663755459
support,70.0,116.0,60.0,196.0,87.0,86.0,89.0,704.0,704.0,704.0,704.0
