index,abnormal QRS,atrial fibrillation,incomplete right bundle branch block,left anterior fascicular block,left axis deviation,left ventricular hypertrophy,myocardial infarction,myocardial ischemia,sinus rhythm,t wave abnormal,ventricular ectopics,micro avg,macro avg,weighted avg,samples avg
precision,0.6904761904761905,0.8208092485549133,0.5895522388059702,0.6872427983539094,0.7435483870967742,0.6359447004608295,0.7578558225508318,0.5719424460431655,0.9291938997821351,0.6028368794326241,0.7714285714285715,0.7924487123526844,0.7091664711805378,0.791329750393538,0.8152215169164322
recall,0.5783475783475783,0.8875,0.6929824561403509,0.9226519337016574,0.8246869409660107,0.6133333333333333,0.7427536231884058,0.7718446601941747,0.9568143578238923,0.3512396694214876,0.6923076923076923,0.8086859688195991,0.7304056586749621,0.8086859688195991,0.8148517767161836
f1-score,0.6294573643410851,0.8528528528528528,0.6370967741935485,0.7877358490566038,0.7820186598812553,0.6244343891402715,0.7502287282708143,0.6570247933884298,0.9428018789720918,0.44386422976501305,0.7297297297297296,0.8004850088183421,0.7124768408719724,0.7958873092071107,0.7924877687589551
support,351.0,160.0,114.0,181.0,559.0,225.0,552.0,206.0,1783.0,242.0,117.0,4490.0,4490.0,4490.0,4490.0
