index,abnormal QRS,atrial fibrillation,incomplete right bundle branch block,left anterior fascicular block,left axis deviation,left ventricular hypertrophy,myocardial infarction,myocardial ischemia,sinus rhythm,t wave abnormal,ventricular ectopics,micro avg,macro avg,weighted avg,samples avg
precision,0.6914498141263941,0.8372093023255814,0.5424836601307189,0.6666666666666666,0.6761517615176151,0.6043478260869565,0.8065934065934066,0.6055776892430279,0.9128847157016171,0.518796992481203,0.7946428571428571,0.7787988886514212,0.6960731538196404,0.7771254725157486,0.811382326636564
recall,0.5299145299145299,0.9,0.7280701754385965,0.9171270718232044,0.8926654740608229,0.6177777777777778,0.6648550724637681,0.7378640776699029,0.981491867638811,0.28512396694214875,0.7606837606837606,0.8115812917594655,0.7286885249466657,0.8115812917594655,0.8220884322579237
f1-score,0.6,0.8674698795180723,0.6217228464419475,0.772093023255814,0.7694680030840401,0.6109890109890109,0.7288977159880834,0.6652078774617067,0.9459459459459459,0.368,0.7772925764192139,0.7948522194350528,0.7024624435548941,0.7870001734227806,0.7920672852876244
support,351.0,160.0,114.0,181.0,559.0,225.0,552.0,206.0,1783.0,242.0,117.0,4490.0,4490.0,4490.0,4490.0
