index,atrial fibrillation,left ventricular high voltage,nonspecific st t abnormality,sinus bradycardia,sinus rhythm,sinus tachycardia,supraventricular tachycardia,t wave abnormal,micro avg,macro avg,weighted avg,samples avg
precision,0.9294117647058824,0.717948717948718,0.6779661016949152,0.9846547314578005,0.9641025641025641,0.9337748344370861,0.7941176470588235,0.7074468085106383,0.8884615384615384,0.8386778962395535,0.8770935381170639,0.887451171875
recall,0.8926553672316384,0.4375,0.4,0.9948320413436692,0.9494949494949495,0.9463087248322147,0.8852459016393442,0.7228260869565217,0.8345375722543352,0.7786078839372922,0.8345375722543352,0.85205078125
f1-score,0.9106628242074928,0.5436893203883495,0.5031446540880503,0.9897172236503856,0.9567430025445293,0.9400000000000001,0.8372093023255813,0.7150537634408604,0.860655737704918,0.7995275113306561,0.8498911548227852,0.8552734375
support,177.0,128.0,100.0,387.0,198.0,149.0,61.0,184.0,1384.0,1384.0,1384.0,1384.0
