index,atrial fibrillation,left ventricular high voltage,nonspecific st t abnormality,sinus bradycardia,sinus rhythm,sinus tachycardia,supraventricular tachycardia,t wave abnormal,micro avg,macro avg,weighted avg,samples avg
precision,0.9044943820224719,0.5673076923076923,0.7142857142857143,0.9771573604060914,0.9786096256684492,0.9383561643835616,0.8095238095238095,0.7792207792207793,0.8861154446177847,0.8336194409773212,0.873292420716886,0.8719889322916666
recall,0.9096045197740112,0.4609375,0.4,0.9948320413436692,0.9242424242424242,0.9194630872483222,0.8360655737704918,0.6521739130434783,0.8208092485549133,0.7621648824277996,0.8208092485549133,0.840576171875
f1-score,0.9070422535211267,0.5086206896551724,0.5128205128205129,0.9859154929577465,0.9506493506493506,0.9288135593220338,0.8225806451612904,0.7100591715976331,0.8522130532633159,0.7908127094606083,0.8424359630795941,0.8419410342261904
support,177.0,128.0,100.0,387.0,198.0,149.0,61.0,184.0,1384.0,1384.0,1384.0,1384.0
