index,atrial fibrillation,left ventricular high voltage,nonspecific st t abnormality,sinus bradycardia,sinus rhythm,sinus tachycardia,supraventricular tachycardia,t wave abnormal,micro avg,macro avg,weighted avg,samples avg
precision,0.8882978723404256,0.6213592233009708,0.5510204081632653,0.9820971867007673,0.9219512195121952,0.9139072847682119,0.8571428571428571,0.7661290322580645,0.8655015197568389,0.8127381355233447,0.855425100557355,0.87255859375
recall,0.943502824858757,0.5,0.54,0.9922480620155039,0.9545454545454546,0.9261744966442953,0.7868852459016393,0.5163043478260869,0.8229768786127167,0.7699575539739671,0.8229768786127167,0.8463541666666667
f1-score,0.9150684931506848,0.5541125541125541,0.5454545454545455,0.9871465295629821,0.9379652605459058,0.92,0.8205128205128205,0.6168831168831169,0.8437037037037037,0.7871429150278262,0.8351297607270749,0.8450520833333333
support,177.0,128.0,100.0,387.0,198.0,149.0,61.0,184.0,1384.0,1384.0,1384.0,1384.0
