index,1st degree av block,atrial fibrillation,premature atrial contraction,right bundle branch block,sinus rhythm,st depression,ventricular ectopics,micro avg,macro avg,weighted avg,samples avg
precision,0.8529411764705882,0.963963963963964,0.5,0.9562841530054644,0.652542372881356,0.8589743589743589,0.7317073170731707,0.827485380116959,0.7880590489098431,0.8305714896218993,0.7404172731683649
recall,0.8285714285714286,0.9224137931034483,0.36666666666666664,0.8928571428571429,0.8850574712643678,0.7790697674418605,0.6741573033707865,0.8039772727272727,0.7641133676108144,0.8039772727272727,0.7605531295487628
f1-score,0.8405797101449276,0.9427312775330396,0.423076923076923,0.9234828496042217,0.7512195121951221,0.8170731707317073,0.7017543859649121,0.8155619596541785,0.7714168327501219,0.8134448755764204,0.7454633672974286
support,70.0,116.0,60.0,196.0,87.0,86.0,89.0,704.0,704.0,704.0,704.0
