index,abnormal QRS,atrial fibrillation,incomplete right bundle branch block,left anterior fascicular block,left axis deviation,left ventricular hypertrophy,myocardial infarction,myocardial ischemia,sinus rhythm,t wave abnormal,ventricular ectopics,micro avg,macro avg,weighted avg,samples avg
precision,0.49534450651769085,0.8452380952380952,0.6106870229007634,0.8424242424242424,0.7630252100840336,0.672316384180791,0.7124600638977636,0.743455497382199,0.92590618336887,0.6291390728476821,0.8529411764705882,0.7850586979722519,0.7357215868466109,0.7925099533069319,0.8125842549571364
recall,0.7578347578347578,0.8875,0.7017543859649122,0.7679558011049724,0.8121645796064401,0.5288888888888889,0.8079710144927537,0.6893203883495146,0.9742007851934941,0.3925619834710744,0.49572649572649574,0.8191536748329621,0.7105344618757549,0.8191536748329621,0.8271709966625221
f1-score,0.5990990990990991,0.8658536585365854,0.6530612244897959,0.8034682080924856,0.7868284228769498,0.5920398009950248,0.7572156196943973,0.7153652392947103,0.9494397376332331,0.48346055979643765,0.627027027027027,0.8017438692098092,0.7120780543214315,0.7996218416964994,0.7945052478950784
support,351.0,160.0,114.0,181.0,559.0,225.0,552.0,206.0,1783.0,242.0,117.0,4490.0,4490.0,4490.0,4490.0
