index,abnormal QRS,atrial fibrillation,incomplete right bundle branch block,left anterior fascicular block,left axis deviation,left ventricular hypertrophy,myocardial infarction,myocardial ischemia,sinus rhythm,t wave abnormal,ventricular ectopics,micro avg,macro avg,weighted avg,samples avg
precision,0.6782006920415224,0.8933333333333333,0.6515151515151515,0.8171428571428572,0.7504105090311987,0.6686746987951807,0.7693798449612403,0.7206703910614525,0.9365773646801531,0.6206896551724138,0.6766917293233082,0.8202637057598889,0.7439351115507101,0.8119246520083243,0.8318052919747835
recall,0.5584045584045584,0.8375,0.7543859649122807,0.7900552486187845,0.817531305903399,0.49333333333333335,0.7192028985507246,0.6262135922330098,0.9607403252944475,0.371900826446281,0.7692307692307693,0.7897550111358574,0.6998635293570534,0.7897550111358574,0.8057882337543354
f1-score,0.6125,0.8645161290322579,0.6991869918699187,0.8033707865168539,0.7825342465753424,0.5677749360613811,0.7434456928838952,0.67012987012987,0.9485049833887043,0.46511627906976744,0.72,0.8047202995574718,0.7160981741389083,0.7973329209716963,0.79539574285337
support,351.0,160.0,114.0,181.0,559.0,225.0,552.0,206.0,1783.0,242.0,117.0,4490.0,4490.0,4490.0,4490.0
