index,atrial fibrillation,left ventricular high voltage,nonspecific st t abnormality,sinus bradycardia,sinus rhythm,sinus tachycardia,supraventricular tachycardia,t wave abnormal,micro avg,macro avg,weighted avg,samples avg
precision,0.930635838150289,0.7551020408163265,0.5858585858585859,0.9794344473007712,0.9292929292929293,0.9271523178807947,0.8253968253968254,0.7654320987654321,0.8855140186915887,0.8372881354327443,0.875966042019243,0.8783365885416667
recall,0.9096045197740112,0.2890625,0.58,0.9844961240310077,0.9292929292929293,0.9395973154362416,0.8524590163934426,0.6739130434782609,0.8215317919075145,0.7698031810507366,0.8215317919075145,0.8414713541666667
f1-score,0.92,0.4180790960451978,0.5829145728643216,0.981958762886598,0.9292929292929293,0.9333333333333333,0.8387096774193549,0.7167630057803468,0.8523238380809595,0.7901314222027602,0.8387109630564754,0.8459449404761905
support,177.0,128.0,100.0,387.0,198.0,149.0,61.0,184.0,1384.0,1384.0,1384.0,1384.0
