index,1st degree av block,atrial fibrillation,premature atrial contraction,right bundle branch block,sinus rhythm,st depression,ventricular ectopics,micro avg,macro avg,weighted avg,samples avg
precision,0.8285714285714286,0.9032258064516129,0.4909090909090909,0.956989247311828,0.7415730337078652,0.776595744680851,0.7833333333333333,0.827433628318584,0.78302824070943,0.8250275370992259,0.745026686074721
recall,0.8285714285714286,0.9655172413793104,0.45,0.9081632653061225,0.7586206896551724,0.8488372093023255,0.5280898876404494,0.796875,0.7553999602649727,0.796875,0.7569141193595342
f1-score,0.8285714285714286,0.9333333333333333,0.46956521739130436,0.9319371727748691,0.75,0.8111111111111111,0.6308724832214764,0.8118668596237337,0.765055820914789,0.8071782274663156,0.7464822901504123
support,70.0,116.0,60.0,196.0,87.0,86.0,89.0,704.0,704.0,704.0,704.0
