index,atrial fibrillation,left ventricular high voltage,nonspecific st t abnormality,sinus bradycardia,sinus rhythm,sinus tachycardia,supraventricular tachycardia,t wave abnormal,micro avg,macro avg,weighted avg,samples avg
precision,0.8638743455497382,0.59,0.6153846153846154,0.9796437659033079,0.9227053140096618,0.9271523178807947,0.9019607843137255,0.782608695652174,0.8724216959511077,0.8229162298367522,0.8590659779527703,0.8758138020833333
recall,0.9322033898305084,0.4609375,0.48,0.9948320413436692,0.9646464646464646,0.9395973154362416,0.7540983606557377,0.5869565217391305,0.8251445086705202,0.764158949206469,0.8251445086705202,0.84521484375
f1-score,0.8967391304347826,0.5175438596491228,0.5393258426966293,0.9871794871794871,0.9432098765432099,0.9333333333333333,0.8214285714285715,0.6708074534161491,0.8481247679168215,0.7886959443351607,0.8383651896229083,0.8458124069940476
support,177.0,128.0,100.0,387.0,198.0,149.0,61.0,184.0,1384.0,1384.0,1384.0,1384.0
