index,atrial fibrillation,left ventricular high voltage,nonspecific st t abnormality,sinus bradycardia,sinus rhythm,sinus tachycardia,supraventricular tachycardia,t wave abnormal,micro avg,macro avg,weighted avg,samples avg
precision,0.8967391304347826,0.65625,0.6756756756756757,0.9921875,0.9736842105263158,0.9266666666666666,0.78125,0.7985611510791367,0.8930523028883685,0.8376267917978222,0.8813014920308014,0.8817545572916667
recall,0.9322033898305084,0.4921875,0.5,0.9844961240310077,0.9343434343434344,0.9328859060402684,0.819672131147541,0.6032608695652174,0.8265895953757225,0.7748811693697472,0.8265895953757225,0.8448079427083334
f1-score,0.9141274238227147,0.5625,0.5747126436781609,0.9883268482490272,0.9536082474226805,0.9297658862876254,0.8,0.6873065015479877,0.8585365853658538,0.8012934438760246,0.8499770628527362,0.8494838169642858
support,177.0,128.0,100.0,387.0,198.0,149.0,61.0,184.0,1384.0,1384.0,1384.0,1384.0
