index,1st degree av block,atrial fibrillation,premature atrial contraction,right bundle branch block,sinus rhythm,st depression,ventricular ectopics,micro avg,macro avg,weighted avg,samples avg
precision,0.8688524590163934,0.9478260869565217,0.5454545454545454,0.953125,0.8,0.6574074074074074,0.7681159420289855,0.8433544303797469,0.7915402058376932,0.8306912312826614,0.7171276079573022
recall,0.7571428571428571,0.9396551724137931,0.2,0.9336734693877551,0.5977011494252874,0.8255813953488372,0.5955056179775281,0.7571022727272727,0.692751380242294,0.7571022727272727,0.722707423580786
f1-score,0.8091603053435115,0.9437229437229439,0.29268292682926833,0.9432989690721649,0.6842105263157896,0.7319587628865979,0.6708860759493671,0.7979041916167664,0.7251315014456633,0.7823072252145206,0.714410480349345
support,70.0,116.0,60.0,196.0,87.0,86.0,89.0,704.0,704.0,704.0,704.0
