index,abnormal QRS,atrial fibrillation,incomplete right bundle branch block,left anterior fascicular block,left axis deviation,left ventricular hypertrophy,myocardial infarction,myocardial ischemia,sinus rhythm,t wave abnormal,ventricular ectopics,micro avg,macro avg,weighted avg,samples avg
precision,0.6877076411960132,0.8881118881118881,0.7096774193548387,0.8958333333333334,0.8081632653061225,0.7133757961783439,0.7747035573122529,0.700507614213198,0.9215270413573701,0.64375,0.7102803738317757,0.8326959847036329,0.7685125391086488,0.8224318738054629,0.8465948999847305
recall,0.5897435897435898,0.79375,0.5789473684210527,0.712707182320442,0.7084078711985689,0.49777777777777776,0.7101449275362319,0.6699029126213593,0.9747616376892877,0.4256198347107438,0.6495726495726496,0.775946547884187,0.6646668865083366,0.775946547884187,0.7956994524791134
f1-score,0.6349693251533742,0.8382838283828383,0.6376811594202899,0.7938461538461538,0.7550047664442325,0.5863874345549738,0.7410207939508507,0.684863523573201,0.9473971109294085,0.5124378109452736,0.6785714285714286,0.8033202674659903,0.7100421214338205,0.7951232759917701,0.7979513310021783
support,351.0,160.0,114.0,181.0,559.0,225.0,552.0,206.0,1783.0,242.0,117.0,4490.0,4490.0,4490.0,4490.0
