index,atrial fibrillation,left ventricular high voltage,nonspecific st t abnormality,sinus bradycardia,sinus rhythm,sinus tachycardia,supraventricular tachycardia,t wave abnormal,micro avg,macro avg,weighted avg,samples avg
precision,0.9367816091954023,0.5901639344262295,0.5822784810126582,0.9722222222222222,0.9941520467836257,0.9333333333333333,0.8305084745762712,0.8073394495412844,0.8833333333333333,0.8308474438863784,0.8749634567413169,0.8612467447916666
recall,0.9209039548022598,0.5625,0.46,0.9948320413436692,0.8585858585858586,0.9395973154362416,0.8032786885245902,0.4782608695652174,0.8041907514450867,0.7522448410322295,0.8041907514450867,0.822265625
f1-score,0.9287749287749287,0.576,0.5139664804469275,0.9833971902937421,0.921409214092141,0.9364548494983278,0.8166666666666667,0.6006825938566553,0.8419062027231466,0.7846689904536737,0.8326629942076006,0.8271763392857142
support,177.0,128.0,100.0,387.0,198.0,149.0,61.0,184.0,1384.0,1384.0,1384.0,1384.0
