index,abnormal QRS,atrial fibrillation,incomplete right bundle branch block,left anterior fascicular block,left axis deviation,left ventricular hypertrophy,myocardial infarction,myocardial ischemia,sinus rhythm,t wave abnormal,ventricular ectopics,micro avg,macro avg,weighted avg,samples avg
precision,0.8125,0.84472049689441,0.8717948717948718,0.78125,0.761384335154827,0.6367924528301887,0.7655677655677655,0.6272727272727273,0.9249201277955271,0.6617647058823529,0.6788321167883211,0.82238385734397,0.7606181454528176,0.8174922901747969,0.8420293174530462
recall,0.4444444444444444,0.85,0.2982456140350877,0.8287292817679558,0.7477638640429338,0.6,0.7572463768115942,0.6699029126213593,0.9742007851934941,0.371900826446281,0.7948717948717948,0.7806236080178174,0.6670278091122678,0.7806236080178174,0.7983454398708636
f1-score,0.574585635359116,0.8473520249221184,0.4444444444444444,0.804289544235925,0.7545126353790614,0.6178489702517163,0.761384335154827,0.647887323943662,0.9489210598197214,0.47619047619047616,0.7322834645669292,0.8009597806215722,0.6917909012970906,0.7886142515911665,0.7956690075334143
support,351.0,160.0,114.0,181.0,559.0,225.0,552.0,206.0,1783.0,242.0,117.0,4490.0,4490.0,4490.0,4490.0
