index,1st degree av block,atrial fibrillation,premature atrial contraction,right bundle branch block,sinus rhythm,st depression,ventricular ectopics,micro avg,macro avg,weighted avg,samples avg
precision,0.896551724137931,0.9473684210526315,0.5,0.9438775510204082,0.7159090909090909,0.8023255813953488,0.7536231884057971,0.8634146341463415,0.7942365081316011,0.8324004434786467,0.7295002426006794
recall,0.7428571428571429,0.9310344827586207,0.03333333333333333,0.9438775510204082,0.7241379310344828,0.8023255813953488,0.5842696629213483,0.7542613636363636,0.6802622407600978,0.7542613636363636,0.722707423580786
f1-score,0.8125,0.9391304347826087,0.0625,0.9438775510204082,0.72,0.8023255813953488,0.6582278481012659,0.8051554207733131,0.705508773614233,0.7738443308463001,0.7212032993692383
support,70.0,116.0,60.0,196.0,87.0,86.0,89.0,704.0,704.0,704.0,704.0
