index,1st degree av block,atrial fibrillation,premature atrial contraction,right bundle branch block,sinus rhythm,st depression,ventricular ectopics,micro avg,macro avg,weighted avg,samples avg
precision,0.8484848484848485,0.9557522123893806,0.5333333333333333,0.9572192513368984,0.6923076923076923,0.8636363636363636,0.8448275862068966,0.8686371100164204,0.8136516125279163,0.8516609672855823,0.7314410480349345
recall,0.8,0.9310344827586207,0.13333333333333333,0.9132653061224489,0.8275862068965517,0.6627906976744186,0.550561797752809,0.7514204545454546,0.6883674035054546,0.7514204545454546,0.722707423580786
f1-score,0.823529411764706,0.943231441048035,0.21333333333333335,0.9347258485639687,0.7539267015706805,0.75,0.6666666666666667,0.8057882711348058,0.7264876289924844,0.7847913759568492,0.7219796215429404
support,70.0,116.0,60.0,196.0,87.0,86.0,89.0,704.0,704.0,704.0,704.0
