index,abnormal QRS,atrial fibrillation,incomplete right bundle branch block,left anterior fascicular block,left axis deviation,left ventricular hypertrophy,myocardial infarction,myocardial ischemia,sinus rhythm,t wave abnormal,ventricular ectopics,micro avg,macro avg,weighted avg,samples avg
precision,0.7182539682539683,0.9038461538461539,0.6818181818181818,0.7853403141361257,0.7950191570881227,0.7476635514018691,0.796812749003984,0.7394366197183099,0.9286100594916171,0.6410256410256411,0.7572815533980582,0.8434954332263639,0.7722825408347301,0.8286955164805395,0.8490761948389067
recall,0.5156695156695157,0.88125,0.6578947368421053,0.8287292817679558,0.7423971377459749,0.35555555555555557,0.7246376811594203,0.5097087378640777,0.9629837352776219,0.30991735537190085,0.6666666666666666,0.7610244988864142,0.6504918549018904,0.7610244988864142,0.7832438976506773
f1-score,0.6003316749585407,0.8924050632911393,0.6696428571428572,0.8064516129032259,0.7678075855689177,0.4819277108433735,0.759013282732448,0.603448275862069,0.9454845814977973,0.4178272980501393,0.7090909090909091,0.8001404987706358,0.6957664410855834,0.78543629379907,0.7903499310278971
support,351.0,160.0,114.0,181.0,559.0,225.0,552.0,206.0,1783.0,242.0,117.0,4490.0,4490.0,4490.0,4490.0
