index,1st degree av block,atrial fibrillation,premature atrial contraction,right bundle branch block,sinus rhythm,st depression,ventricular ectopics,micro avg,macro avg,weighted avg,samples avg
precision,0.8870967741935484,0.956140350877193,0.5238095238095238,0.925,0.6434782608695652,0.8115942028985508,0.828125,0.8418604651162791,0.7964634446640544,0.8312790645863661,0.7321688500727802
recall,0.7857142857142857,0.9396551724137931,0.18333333333333332,0.9438775510204082,0.8505747126436781,0.6511627906976745,0.5955056179775281,0.7713068181818182,0.7071176376858145,0.7713068181818182,0.7372634643377002
f1-score,0.8333333333333333,0.9478260869565217,0.2716049382716049,0.9343434343434343,0.7326732673267327,0.7225806451612903,0.69281045751634,0.8050407709414382,0.7335960232727511,0.7887122291308952,0.7287724405628336
support,70.0,116.0,60.0,196.0,87.0,86.0,89.0,704.0,704.0,704.0,704.0
