index,atrial fibrillation,left ventricular high voltage,nonspecific st t abnormality,sinus bradycardia,sinus rhythm,sinus tachycardia,supraventricular tachycardia,t wave abnormal,micro avg,macro avg,weighted avg,samples avg
precision,0.783410138248848,0.6986301369863014,0.6309523809523809,0.9895287958115183,0.9444444444444444,0.9324324324324325,0.8461538461538461,0.7536231884057971,0.8707430340557275,0.8223969204294461,0.8600763134343006,0.8771158854166667
recall,0.96045197740113,0.3984375,0.53,0.9767441860465116,0.9444444444444444,0.9261744966442953,0.7213114754098361,0.5652173913043478,0.8128612716763006,0.7528476839063206,0.8128612716763006,0.8343912760416667
f1-score,0.8629441624365483,0.5074626865671642,0.5760869565217391,0.9830949284785435,0.9444444444444444,0.9292929292929293,0.7787610619469026,0.6459627329192545,0.8408071748878925,0.7785062378259408,0.8291827945851059,0.8412481398809524
support,177.0,128.0,100.0,387.0,198.0,149.0,61.0,184.0,1384.0,1384.0,1384.0,1384.0
