index,abnormal QRS,atrial fibrillation,incomplete right bundle branch block,left anterior fascicular block,left axis deviation,left ventricular hypertrophy,myocardial infarction,myocardial ischemia,sinus rhythm,t wave abnormal,ventricular ectopics,micro avg,macro avg,weighted avg,samples avg
precision,0.6581920903954802,0.847953216374269,0.64,0.7771739130434783,0.711738484398217,0.7816901408450704,0.7987551867219918,0.7417582417582418,0.922422954303932,0.5353982300884956,0.7875,0.8067096200844257,0.7456893143571978,0.80493709825309,0.8299794952337325
recall,0.6638176638176638,0.90625,0.7017543859649122,0.7900552486187845,0.8568872987477638,0.49333333333333335,0.697463768115942,0.6553398058252428,0.9736399326977005,0.5,0.5384615384615384,0.8086859688195991,0.7070002705075347,0.8086859688195991,0.8205778417642824
f1-score,0.6609929078014185,0.8761329305135951,0.6694560669456067,0.7835616438356164,0.7775974025974025,0.6049046321525886,0.7446808510638298,0.6958762886597939,0.9473396998635744,0.5170940170940171,0.6395939086294417,0.8076965854743632,0.7197482135597167,0.8028069462198443,0.8032041303227744
support,351.0,160.0,114.0,181.0,559.0,225.0,552.0,206.0,1783.0,242.0,117.0,4490.0,4490.0,4490.0,4490.0
