index,atrial fibrillation,left ventricular high voltage,nonspecific st t abnormality,sinus bradycardia,sinus rhythm,sinus tachycardia,supraventricular tachycardia,t wave abnormal,micro avg,macro avg,weighted avg,samples avg
precision,0.8434343434343434,0.48314606741573035,0.6901408450704225,0.946078431372549,0.9831460674157303,0.9621212121212122,0.8225806451612904,0.7515151515151515,0.8369252873563219,0.8102703454383037,0.8473643078419891,0.8413899739583334
recall,0.943502824858757,0.671875,0.49,0.9974160206718347,0.8838383838383839,0.8523489932885906,0.8360655737704918,0.6739130434782609,0.8417630057803468,0.7936199799882898,0.8417630057803468,0.845947265625
f1-score,0.8906666666666667,0.5620915032679739,0.5730994152046783,0.9710691823899371,0.9308510638297872,0.9039145907473309,0.829268292682927,0.7106017191977078,0.8393371757925072,0.7964453042483761,0.8403448658738157,0.8291713169642856
support,177.0,128.0,100.0,387.0,198.0,149.0,61.0,184.0,1384.0,1384.0,1384.0,1384.0
