index,atrial fibrillation,left ventricular high voltage,nonspecific st t abnormality,sinus bradycardia,sinus rhythm,sinus tachycardia,supraventricular tachycardia,t wave abnormal,micro avg,macro avg,weighted avg,samples avg
precision,0.8858695652173914,0.6164383561643836,0.5975609756097561,0.9946380697050938,0.9056603773584906,0.9548872180451128,0.8679245283018868,0.6553398058252428,0.8571428571428571,0.8097898620284197,0.8493561588680123,0.8567708333333333
recall,0.9209039548022598,0.3515625,0.49,0.958656330749354,0.9696969696969697,0.8523489932885906,0.7540983606557377,0.7336956521739131,0.815028901734104,0.753870345170853,0.815028901734104,0.831787109375
f1-score,0.9030470914127424,0.44776119402985076,0.5384615384615385,0.9763157894736841,0.9365853658536586,0.900709219858156,0.8070175438596491,0.6923076923076924,0.8355555555555555,0.7752756794071214,0.8273810651346022,0.8293061755952381
support,177.0,128.0,100.0,387.0,198.0,149.0,61.0,184.0,1384.0,1384.0,1384.0,1384.0
