index,1st degree av block,atrial fibrillation,premature atrial contraction,right bundle branch block,sinus rhythm,st depression,ventricular ectopics,micro avg,macro avg,weighted avg,samples avg
precision,0.8461538461538461,0.9186991869918699,0.49019607843137253,0.9253731343283582,0.7558139534883721,0.8023255813953488,0.7125,0.8236994219653179,0.7787231115413097,0.8164106362351634,0.7462396894711305
recall,0.7857142857142857,0.9741379310344828,0.4166666666666667,0.9489795918367347,0.7471264367816092,0.8023255813953488,0.6404494382022472,0.8096590909090909,0.7593428473759107,0.8096590909090909,0.7678311499272198
f1-score,0.8148148148148148,0.9456066945606694,0.45045045045045046,0.9370277078085643,0.7514450867052023,0.8023255813953488,0.6745562130177516,0.8166189111747851,0.768032364107543,0.8122487171385124,0.751285783600194
support,70.0,116.0,60.0,196.0,87.0,86.0,89.0,704.0,704.0,704.0,704.0
