index,atrial fibrillation,left ventricular high voltage,nonspecific st t abnormality,sinus bradycardia,sinus rhythm,sinus tachycardia,supraventricular tachycardia,t wave abnormal,micro avg,macro avg,weighted avg,samples avg
precision,0.8870056497175142,0.5964912280701754,0.7183098591549296,0.9459459459459459,0.9823529411764705,0.9507042253521126,0.8421052631578947,0.8306451612903226,0.8827258320126783,0.8441950342331707,0.8754558430997207,0.8521321614583333
recall,0.8870056497175142,0.53125,0.51,0.9948320413436692,0.8434343434343434,0.9060402684563759,0.7868852459016393,0.5597826086956522,0.8049132947976878,0.7524037696936493,0.8049132947976878,0.8196614583333333
f1-score,0.8870056497175142,0.5619834710743801,0.5964912280701754,0.9697732997481109,0.9076086956521738,0.9278350515463918,0.8135593220338982,0.6688311688311689,0.8420256991685563,0.7916359858342267,0.8341988961239905,0.822353980654762
support,177.0,128.0,100.0,387.0,198.0,149.0,61.0,184.0,1384.0,1384.0,1384.0,1384.0
