index,1st degree av block,atrial fibrillation,premature atrial contraction,right bundle branch block,sinus rhythm,st depression,ventricular ectopics,micro avg,macro avg,weighted avg,samples avg
precision,0.8939393939393939,0.9193548387096774,0.4838709677419355,0.9717514124293786,0.6548672566371682,0.7888888888888889,0.8888888888888888,0.8279883381924198,0.80022309246219,0.8418259384229313,0.7554585152838428
recall,0.8428571428571429,0.9827586206896551,0.5,0.8775510204081632,0.8505747126436781,0.8255813953488372,0.5393258426966292,0.8068181818181818,0.7740926763777293,0.8068181818181818,0.7671033478893741
f1-score,0.8676470588235294,0.95,0.4918032786885246,0.9222520107238605,0.7399999999999999,0.8068181818181818,0.6713286713286712,0.8172661870503598,0.7785498859118238,0.8163629265986514,0.7564289180009706
support,70.0,116.0,60.0,196.0,87.0,86.0,89.0,704.0,704.0,704.0,704.0
