index,atrial fibrillation,left ventricular high voltage,nonspecific st t abnormality,sinus bradycardia,sinus rhythm,sinus tachycardia,supraventricular tachycardia,t wave abnormal,micro avg,macro avg,weighted avg,samples avg
precision,0.9294117647058824,0.6363636363636364,0.55,0.9439024390243902,0.9583333333333334,0.9779411764705882,0.8064516129032258,0.7671232876712328,0.8784313725490196,0.8211909063090361,0.8613136852042247,0.8675944010416666
recall,0.8926553672316384,0.4921875,0.33,1.0,0.9292929292929293,0.8926174496644296,0.819672131147541,0.6086956521739131,0.8092485549132948,0.7456401286888064,0.8092485549132948,0.8343098958333333
f1-score,0.9106628242074928,0.5550660792951543,0.4125,0.9711417816813048,0.9435897435897437,0.9333333333333333,0.8130081300813008,0.6787878787878787,0.8424219631440392,0.777261221372026,0.8307121019324682,0.8358863467261906
support,177.0,128.0,100.0,387.0,198.0,149.0,61.0,184.0,1384.0,1384.0,1384.0,1384.0
