index,1st degree av block,atrial fibrillation,premature atrial contraction,right bundle branch block,sinus rhythm,st depression,ventricular ectopics,micro avg,macro avg,weighted avg,samples avg
precision,0.8656716417910447,0.8888888888888888,0.6388888888888888,0.9668508287292817,0.6966292134831461,0.8,0.8507462686567164,0.8533541341653667,0.8153822472054237,0.8475388938696565,0.735080058224163
recall,0.8285714285714286,0.9655172413793104,0.38333333333333336,0.8928571428571429,0.7126436781609196,0.6976744186046512,0.6404494382022472,0.7769886363636364,0.7315780973012905,0.7769886363636364,0.7358078602620087
f1-score,0.8467153284671534,0.9256198347107438,0.4791666666666667,0.9283819628647214,0.7045454545454545,0.7453416149068322,0.7307692307692307,0.8133828996282528,0.7657914418472576,0.8065172350945115,0.7326540514313441
support,70.0,116.0,60.0,196.0,87.0,86.0,89.0,704.0,704.0,704.0,704.0
