index,atrial fibrillation,left ventricular high voltage,nonspecific st t abnormality,sinus bradycardia,sinus rhythm,sinus tachycardia,supraventricular tachycardia,t wave abnormal,micro avg,macro avg,weighted avg,samples avg
precision,0.9050279329608939,0.5384615384615384,0.5909090909090909,0.9672544080604534,0.9774011299435028,0.9337748344370861,0.8636363636363636,0.7612903225806451,0.8614685844057532,0.8172194526236968,0.8583442902196937,0.8544921875
recall,0.9152542372881356,0.546875,0.52,0.9922480620155039,0.8737373737373737,0.9463087248322147,0.6229508196721312,0.6413043478260869,0.8222543352601156,0.7573348206714308,0.8222543352601156,0.83154296875
f1-score,0.9101123595505618,0.5426356589147288,0.5531914893617023,0.9795918367346937,0.9226666666666666,0.9400000000000001,0.7238095238095238,0.6961651917404129,0.8414048059149724,0.7835215908472862,0.8381237124036476,0.8296316964285715
support,177.0,128.0,100.0,387.0,198.0,149.0,61.0,184.0,1384.0,1384.0,1384.0,1384.0
