index,abnormal QRS,atrial fibrillation,incomplete right bundle branch block,left anterior fascicular block,left axis deviation,left ventricular hypertrophy,myocardial infarction,myocardial ischemia,sinus rhythm,t wave abnormal,ventricular ectopics,micro avg,macro avg,weighted avg,samples avg
precision,0.6937269372693727,0.9078014184397163,0.5985915492957746,0.8172043010752689,0.7798319327731092,0.654054054054054,0.7923728813559322,0.7391304347826086,0.9248400852878464,0.5636363636363636,0.875,0.8220673635307781,0.7587445416336407,0.8163482364744985,0.8341273476866697
recall,0.5356125356125356,0.8,0.7456140350877193,0.8397790055248618,0.8300536672629696,0.5377777777777778,0.677536231884058,0.5776699029126213,0.9730790802019069,0.512396694214876,0.4188034188034188,0.788195991091314,0.6771202135711586,0.788195991091314,0.8090842658639268
f1-score,0.604501607717042,0.8504983388704319,0.6640625,0.8283378746594006,0.8041594454072791,0.5902439024390244,0.73046875,0.6485013623978202,0.948346542771249,0.5367965367965368,0.5664739884393064,0.804775440591245,0.7065809863180083,0.7973532788062363,0.798289474560661
support,351.0,160.0,114.0,181.0,559.0,225.0,552.0,206.0,1783.0,242.0,117.0,4490.0,4490.0,4490.0,4490.0
