index,atrial fibrillation,left ventricular high voltage,nonspecific st t abnormality,sinus bradycardia,sinus rhythm,sinus tachycardia,supraventricular tachycardia,t wave abnormal,micro avg,macro avg,weighted avg,samples avg
precision,0.8950276243093923,0.6666666666666666,0.7321428571428571,0.9795918367346939,0.9629629629629629,0.952054794520548,0.8333333333333334,0.7346938775510204,0.8932270916334661,0.8445592441526844,0.8776079387425271,0.8743489583333333
recall,0.9152542372881356,0.46875,0.41,0.9922480620155039,0.9191919191919192,0.9328859060402684,0.7377049180327869,0.5869565217391305,0.809971098265896,0.745373945538468,0.809971098265896,0.8326009114583333
f1-score,0.9050279329608939,0.5504587155963303,0.5256410256410257,0.9858793324775352,0.9405684754521964,0.9423728813559323,0.782608695652174,0.6525679758308157,0.8495642288745738,0.7856406293708629,0.8375764591131061,0.8389183407738094
support,177.0,128.0,100.0,387.0,198.0,149.0,61.0,184.0,1384.0,1384.0,1384.0,1384.0
