index,abnormal QRS,atrial fibrillation,incomplete right bundle branch block,left anterior fascicular block,left axis deviation,left ventricular hypertrophy,myocardial infarction,myocardial ischemia,sinus rhythm,t wave abnormal,ventricular ectopics,micro avg,macro avg,weighted avg,samples avg
precision,0.7159090909090909,0.8284023668639053,0.6212121212121212,0.8064516129032258,0.7233082706766917,0.7310344827586207,0.797270955165692,0.75,0.9337316675719718,0.6069364161849711,0.6637168141592921,0.8198672465094987,0.7434521634914166,0.8136741839188485,0.8307756909451824
recall,0.5384615384615384,0.875,0.7192982456140351,0.8287292817679558,0.8604651162790697,0.4711111111111111,0.7409420289855072,0.6116504854368932,0.9641054402692092,0.43388429752066116,0.6410256410256411,0.7977728285077951,0.698606653315602,0.7977728285077951,0.8083120650917262
f1-score,0.6146341463414634,0.851063829787234,0.6666666666666667,0.8174386920980926,0.7859477124183005,0.5729729729729729,0.768075117370892,0.6737967914438502,0.9486754966887417,0.5060240963855421,0.6521739130434783,0.808669150016932,0.7143154032015667,0.8011485712997539,0.7972485421637965
support,351.0,160.0,114.0,181.0,559.0,225.0,552.0,206.0,1783.0,242.0,117.0,4490.0,4490.0,4490.0,4490.0
