index,1st degree av block,atrial fibrillation,premature atrial contraction,right bundle branch block,sinus rhythm,st depression,ventricular ectopics,micro avg,macro avg,weighted avg,samples avg
precision,0.8769230769230769,0.95,0.46153846153846156,0.9615384615384616,0.7362637362637363,0.7619047619047619,0.8115942028985508,0.8401206636500754,0.7942518144381499,0.8374276991124816,0.74745269286754
recall,0.8142857142857143,0.9827586206896551,0.4,0.8928571428571429,0.7701149425287356,0.7441860465116279,0.6292134831460674,0.7911931818181818,0.7476308500027061,0.7911931818181818,0.75254730713246
f1-score,0.8444444444444444,0.9661016949152542,0.42857142857142855,0.9259259259259259,0.752808988764045,0.7529411764705882,0.708860759493671,0.8149231894659839,0.7685220597979082,0.8120889285666576,0.7457544881125667
support,70.0,116.0,60.0,196.0,87.0,86.0,89.0,704.0,704.0,704.0,704.0
