index,abnormal QRS,atrial fibrillation,incomplete right bundle branch block,left anterior fascicular block,left axis deviation,left ventricular hypertrophy,myocardial infarction,myocardial ischemia,sinus rhythm,t wave abnormal,ventricular ectopics,micro avg,macro avg,weighted avg,samples avg
precision,0.662613981762918,0.8011363636363636,0.5815602836879432,0.8187134502923976,0.8251599147121536,0.6790123456790124,0.7256637168141593,0.6330645161290323,0.9267379679144385,0.6534653465346535,0.7738095238095238,0.8130213160333642,0.7346306737247814,0.8065283495920633,0.8343105817682088
recall,0.6210826210826211,0.88125,0.7192982456140351,0.7734806629834254,0.6923076923076923,0.4888888888888889,0.7427536231884058,0.7621359223300971,0.9719573752103197,0.2727272727272727,0.5555555555555556,0.7815144766146993,0.6801307145353012,0.7815144766146993,0.7955663896341862
f1-score,0.6411764705882352,0.8392857142857142,0.6431372549019607,0.7954545454545455,0.7529182879377431,0.5684754521963825,0.7341092211280215,0.6916299559471365,0.9488091979195182,0.3848396501457726,0.6467661691542288,0.7969566204860321,0.6951456290599325,0.7870056955354713,0.7910663419137995
support,351.0,160.0,114.0,181.0,559.0,225.0,552.0,206.0,1783.0,242.0,117.0,4490.0,4490.0,4490.0,4490.0
