index,abnormal QRS,atrial fibrillation,incomplete right bundle branch block,left anterior fascicular block,left axis deviation,left ventricular hypertrophy,myocardial infarction,myocardial ischemia,sinus rhythm,t wave abnormal,ventricular ectopics,micro avg,macro avg,weighted avg,samples avg
precision,0.751131221719457,0.8636363636363636,0.7936507936507936,0.7925531914893617,0.781190019193858,0.7480314960629921,0.7771084337349398,0.708994708994709,0.9167103195390257,0.6885245901639344,0.7735849056603774,0.8387018057589067,0.7813741858041648,0.825700033959748,0.8529535588857623
recall,0.47293447293447294,0.83125,0.43859649122807015,0.8232044198895028,0.7280858676207513,0.4222222222222222,0.7010869565217391,0.6504854368932039,0.981491867638811,0.34710743801652894,0.7008547008547008,0.765478841870824,0.6452108976200003,0.765478841870824,0.7864657635844077
f1-score,0.5804195804195804,0.8471337579617835,0.5649717514124294,0.8075880758807588,0.7537037037037037,0.5397727272727273,0.7371428571428572,0.6784810126582278,0.9479956663055256,0.46153846153846156,0.7354260089686099,0.8004191895668374,0.6958339639331514,0.7855905342802151,0.7955523887727277
support,351.0,160.0,114.0,181.0,559.0,225.0,552.0,206.0,1783.0,242.0,117.0,4490.0,4490.0,4490.0,4490.0
