index,1st degree av block,atrial fibrillation,premature atrial contraction,right bundle branch block,sinus rhythm,st depression,ventricular ectopics,micro avg,macro avg,weighted avg,samples avg
precision,0.9019607843137255,0.9224137931034483,0.5,0.8826291079812206,0.6526315789473685,0.7906976744186046,0.6923076923076923,0.8161094224924013,0.7632343758674371,0.7947825171165991,0.7176128093158661
recall,0.6571428571428571,0.9224137931034483,0.05,0.9591836734693877,0.7126436781609196,0.7906976744186046,0.7078651685393258,0.7627840909090909,0.6857066921192203,0.7627840909090909,0.7256186317321689
f1-score,0.7603305785123967,0.9224137931034483,0.09090909090909091,0.9193154034229829,0.6813186813186813,0.7906976744186046,0.7,0.788546255506608,0.6949978888121721,0.7605656680341522,0.7161572052401747
support,70.0,116.0,60.0,196.0,87.0,86.0,89.0,704.0,704.0,704.0,704.0
