index,1st degree av block,atrial fibrillation,premature atrial contraction,right bundle branch block,sinus rhythm,st depression,ventricular ectopics,micro avg,macro avg,weighted avg,samples avg
precision,0.896551724137931,0.888,0.4603174603174603,0.9441624365482234,0.7761194029850746,0.7802197802197802,0.819672131147541,0.8323262839879154,0.7950061336222873,0.8324057027029663,0.7394468704512372
recall,0.7428571428571429,0.9568965517241379,0.48333333333333334,0.9489795918367347,0.5977011494252874,0.8255813953488372,0.5617977528089888,0.7826704545454546,0.7310209881906375,0.7826704545454546,0.7467248908296943
f1-score,0.8125,0.9211618257261411,0.4715447154471545,0.9465648854961832,0.6753246753246753,0.8022598870056498,0.6666666666666667,0.8067349926793558,0.75657466509521,0.8020313957917323,0.7375060650169821
support,70.0,116.0,60.0,196.0,87.0,86.0,89.0,704.0,704.0,704.0,704.0
