index,abnormal QRS,atrial fibrillation,incomplete right bundle branch block,left anterior fascicular block,left axis deviation,left ventricular hypertrophy,myocardial infarction,myocardial ischemia,sinus rhythm,t wave abnormal,ventricular ectopics,micro avg,macro avg,weighted avg,samples avg
precision,0.7456896551724138,0.8392857142857143,0.5968992248062015,0.7875647668393783,0.7779783393501805,0.6372549019607843,0.7782340862422998,0.6286919831223629,0.9218585005279831,0.5576923076923077,0.8169014084507042,0.8145664739884393,0.7352773534954845,0.8058350191838785,0.8343771131906724
recall,0.4928774928774929,0.88125,0.6754385964912281,0.8397790055248618,0.7710196779964222,0.5777777777777777,0.6865942028985508,0.7233009708737864,0.9792484576556366,0.359504132231405,0.49572649572649574,0.7846325167037862,0.6802288009139689,0.7846325167037862,0.8021977182994132
f1-score,0.5934819897084048,0.8597560975609757,0.6337448559670782,0.8128342245989304,0.7744833782569632,0.6060606060606061,0.7295476419634264,0.672686230248307,0.9496872450367148,0.43718592964824127,0.6170212765957447,0.7993193420306296,0.6987717705132175,0.7900020960069799,0.7942634756194078
support,351.0,160.0,114.0,181.0,559.0,225.0,552.0,206.0,1783.0,242.0,117.0,4490.0,4490.0,4490.0,4490.0
