index,atrial fibrillation,left ventricular high voltage,nonspecific st t abnormality,sinus bradycardia,sinus rhythm,sinus tachycardia,supraventricular tachycardia,t wave abnormal,micro avg,macro avg,weighted avg,samples avg
precision,0.875,0.7230769230769231,0.6428571428571429,0.9695431472081218,0.9672131147540983,0.9333333333333333,0.8518518518518519,0.8050847457627118,0.8973727422003284,0.845995032355523,0.8797696372690633,0.877197265625
recall,0.9096045197740112,0.3671875,0.45,0.9870801033591732,0.8939393939393939,0.9395973154362416,0.7540983606557377,0.5163043478260869,0.7897398843930635,0.7272264426238306,0.7897398843930635,0.8202311197916667
f1-score,0.89196675900277,0.48704663212435223,0.5294117647058824,0.9782330345710628,0.9291338582677166,0.9364548494983278,0.7999999999999999,0.629139072847682,0.8401229823212913,0.7726732463772241,0.82355441620031,0.8336542038690475
support,177.0,128.0,100.0,387.0,198.0,149.0,61.0,184.0,1384.0,1384.0,1384.0,1384.0
