index,atrial fibrillation,left ventricular high voltage,nonspecific st t abnormality,sinus bradycardia,sinus rhythm,sinus tachycardia,supraventricular tachycardia,t wave abnormal,micro avg,macro avg,weighted avg,samples avg
precision,0.9090909090909091,0.625,0.75,0.9794871794871794,0.9682539682539683,0.9361702127659575,0.8125,0.6903553299492385,0.878716744913928,0.8338571999434066,0.8690478016601898,0.85498046875
recall,0.847457627118644,0.4296875,0.33,0.9870801033591732,0.9242424242424242,0.8859060402684564,0.8524590163934426,0.7391304347826086,0.8114161849710982,0.7494953932705937,0.8114161849710982,0.8296712239583334
f1-score,0.8771929824561402,0.5092592592592593,0.4583333333333333,0.9832689832689833,0.9457364341085271,0.9103448275862069,0.8319999999999999,0.7139107611548555,0.8437265214124718,0.7787558226459133,0.8322366663689872,0.8288876488095238
support,177.0,128.0,100.0,387.0,198.0,149.0,61.0,184.0,1384.0,1384.0,1384.0,1384.0
