index,abnormal QRS,atrial fibrillation,incomplete right bundle branch block,left anterior fascicular block,left axis deviation,left ventricular hypertrophy,myocardial infarction,myocardial ischemia,sinus rhythm,t wave abnormal,ventricular ectopics,micro avg,macro avg,weighted avg,samples avg
precision,0.6764705882352942,0.7891891891891892,0.7096774193548387,0.8333333333333334,0.8,0.708029197080292,0.7518796992481203,0.6244897959183674,0.9231991525423728,0.6166666666666667,0.8412698412698413,0.8220079943569245,0.7522004438943924,0.8105485659048578,0.8459230416857536
recall,0.5242165242165242,0.9125,0.5789473684210527,0.7734806629834254,0.7871198568872988,0.4311111111111111,0.7246376811594203,0.7427184466019418,0.9775659001682557,0.30578512396694213,0.452991452991453,0.7786191536748329,0.655552193500675,0.7786191536748329,0.7979986039308073
f1-score,0.5906902086677367,0.846376811594203,0.6376811594202899,0.8022922636103152,0.7935076645626692,0.5359116022099447,0.7380073800738007,0.6784922394678492,0.9496050122582402,0.4088397790055249,0.5888888888888889,0.7997254946814596,0.6882084554326785,0.786848204561134,0.7981556845963625
support,351.0,160.0,114.0,181.0,559.0,225.0,552.0,206.0,1783.0,242.0,117.0,4490.0,4490.0,4490.0,4490.0
