index,1st degree av block,atrial fibrillation,premature atrial contraction,right bundle branch block,sinus rhythm,st depression,ventricular ectopics,micro avg,macro avg,weighted avg,samples avg
precision,0.8939393939393939,0.9186991869918699,0.631578947368421,0.9521276595744681,0.6666666666666666,0.8192771084337349,0.6477272727272727,0.8262773722627738,0.7900023193859752,0.8235258238402612,0.7462396894711305
recall,0.8428571428571429,0.9741379310344828,0.4,0.9132653061224489,0.7586206896551724,0.7906976744186046,0.6404494382022472,0.8039772727272727,0.7600040260414426,0.8039772727272727,0.7590975254730713
f1-score,0.8676470588235294,0.9456066945606694,0.4897959183673469,0.9322916666666666,0.7096774193548386,0.8047337278106508,0.6440677966101696,0.8149748020158387,0.7705457545991244,0.8108148614052333,0.7493449781659388
support,70.0,116.0,60.0,196.0,87.0,86.0,89.0,704.0,704.0,704.0,704.0
