index,atrial fibrillation,left ventricular high voltage,nonspecific st t abnormality,sinus bradycardia,sinus rhythm,sinus tachycardia,supraventricular tachycardia,t wave abnormal,micro avg,macro avg,weighted avg,samples avg
precision,0.9142857142857143,0.5897435897435898,0.640625,0.9673366834170855,0.9487179487179487,0.9324324324324325,0.8,0.7372262773722628,0.8706697459584296,0.8162959557461291,0.8576342259488771,0.8755696614583333
recall,0.903954802259887,0.5390625,0.41,0.9948320413436692,0.9343434343434344,0.9261744966442953,0.8524590163934426,0.5489130434782609,0.8171965317919075,0.7637174168078738,0.8171965317919075,0.8394368489583333
f1-score,0.9090909090909091,0.563265306122449,0.5,0.9808917197452229,0.94147582697201,0.9292929292929293,0.8253968253968254,0.6292834890965732,0.8430860976518824,0.7848371257146148,0.8335450680507557,0.8428943452380953
support,177.0,128.0,100.0,387.0,198.0,149.0,61.0,184.0,1384.0,1384.0,1384.0,1384.0
