index,atrial fibrillation,left ventricular high voltage,nonspecific st t abnormality,sinus bradycardia,sinus rhythm,sinus tachycardia,supraventricular tachycardia,t wave abnormal,micro avg,macro avg,weighted avg,samples avg
precision,0.9349112426035503,0.6022727272727273,0.6588235294117647,0.9625935162094763,0.9828571428571429,0.9387755102040817,0.7910447761194029,0.7021276595744681,0.8696969696969697,0.8216757630315767,0.8619253820499202,0.857177734375
recall,0.8926553672316384,0.4140625,0.56,0.9974160206718347,0.8686868686868687,0.9261744966442953,0.8688524590163934,0.717391304347826,0.8294797687861272,0.7806548770748571,0.8294797687861272,0.8387858072916666
f1-score,0.9132947976878614,0.49074074074074076,0.6054054054054056,0.9796954314720813,0.9222520107238606,0.9324324324324326,0.828125,0.7096774193548387,0.849112426035503,0.7977029047271526,0.8430529387592842,0.8344959077380952
support,177.0,128.0,100.0,387.0,198.0,149.0,61.0,184.0,1384.0,1384.0,1384.0,1384.0
