index,1st degree av block,atrial fibrillation,premature atrial contraction,right bundle branch block,sinus rhythm,st depression,ventricular ectopics,micro avg,macro avg,weighted avg,samples avg
precision,0.9047619047619048,0.9083333333333333,0.5833333333333334,0.9447513812154696,0.6857142857142857,0.8333333333333334,0.7746478873239436,0.8459119496855346,0.8049822084308005,0.836844804281069,0.7404172731683649
recall,0.8142857142857143,0.9396551724137931,0.23333333333333334,0.8724489795918368,0.8275862068965517,0.6976744186046512,0.6179775280898876,0.7642045454545454,0.7147087647451098,0.7642045454545454,0.7343522561863173
f1-score,0.857142857142857,0.9237288135593221,0.33333333333333337,0.9071618037135278,0.75,0.759493670886076,0.6875,0.8029850746268656,0.7454800683764452,0.7907815505638286,0.7321203299369239
support,70.0,116.0,60.0,196.0,87.0,86.0,89.0,704.0,704.0,704.0,704.0
