index,abnormal QRS,atrial fibrillation,incomplete right bundle branch block,left anterior fascicular block,left axis deviation,left ventricular hypertrophy,myocardial infarction,myocardial ischemia,sinus rhythm,t wave abnormal,ventricular ectopics,micro avg,macro avg,weighted avg,samples avg
precision,0.7107142857142857,0.8827586206896552,0.7333333333333333,0.7397260273972602,0.7297709923664122,0.7441860465116279,0.7563176895306859,0.7638888888888888,0.9203166226912929,0.5764705882352941,0.680672268907563,0.814139110604333,0.7489232149332999,0.8059006462268719,0.8324542460135681
recall,0.5669515669515669,0.8,0.4824561403508772,0.8950276243093923,0.855098389982111,0.4266666666666667,0.7590579710144928,0.5339805825242718,0.9781267526640494,0.4049586776859504,0.6923076923076923,0.7951002227171492,0.6722392785870065,0.7951002227171492,0.8118851296817399
f1-score,0.6307448494453248,0.839344262295082,0.582010582010582,0.81,0.7874794069192752,0.5423728813559322,0.7576853526220615,0.6285714285714286,0.948341489940185,0.4757281553398058,0.6864406779661016,0.8045070422535212,0.6989744624059799,0.79397356250677,0.798643388473897
support,351.0,160.0,114.0,181.0,559.0,225.0,552.0,206.0,1783.0,242.0,117.0,4490.0,4490.0,4490.0,4490.0
