index,atrial fibrillation,left ventricular high voltage,nonspecific st t abnormality,sinus bradycardia,sinus rhythm,sinus tachycardia,supraventricular tachycardia,t wave abnormal,micro avg,macro avg,weighted avg,samples avg
precision,0.926829268292683,0.7142857142857143,0.5979381443298969,0.9771573604060914,0.9682539682539683,0.9769230769230769,0.8421052631578947,0.7716535433070866,0.8986820428336079,0.8468932923695515,0.8844360997279502,0.8642578125
recall,0.8587570621468926,0.3125,0.58,0.9948320413436692,0.9242424242424242,0.8523489932885906,0.7868852459016393,0.532608695652174,0.7882947976878613,0.7302718078219237,0.7882947976878613,0.81298828125
f1-score,0.8914956011730205,0.43478260869565216,0.5888324873096447,0.9859154929577465,0.9457364341085271,0.9103942652329748,0.8135593220338982,0.6302250803858521,0.8398768283294842,0.7751176614871645,0.8254136797214933,0.8243908110119047
support,177.0,128.0,100.0,387.0,198.0,149.0,61.0,184.0,1384.0,1384.0,1384.0,1384.0
