index,abnormal QRS,atrial fibrillation,incomplete right bundle branch block,left anterior fascicular block,left axis deviation,left ventricular hypertrophy,myocardial infarction,myocardial ischemia,sinus rhythm,t wave abnormal,ventricular ectopics,micro avg,macro avg,weighted avg,samples avg
precision,0.6837060702875399,0.8562091503267973,0.7560975609756098,0.8280254777070064,0.7504105090311987,0.7543859649122807,0.7766990291262136,0.8050847457627118,0.9280730005367687,0.62,0.8611111111111112,0.8342981186685963,0.7836184199797489,0.8245852620166931,0.8382959230416858
recall,0.6096866096866097,0.81875,0.543859649122807,0.7182320441988951,0.817531305903399,0.38222222222222224,0.7246376811594203,0.46116504854368934,0.9697139652271453,0.384297520661157,0.5299145299145299,0.7703786191536748,0.6327282342399886,0.7703786191536748,0.7918471740505638
f1-score,0.644578313253012,0.8370607028753994,0.6326530612244897,0.7692307692307694,0.7825342465753424,0.5073746312684366,0.7497656982193065,0.5864197530864197,0.9484366428963248,0.47448979591836726,0.6560846560846562,0.8010653080129689,0.6898752973302295,0.7885189217604461,0.7901353036946257
support,351.0,160.0,114.0,181.0,559.0,225.0,552.0,206.0,1783.0,242.0,117.0,4490.0,4490.0,4490.0,4490.0
