index,abnormal QRS,atrial fibrillation,incomplete right bundle branch block,left anterior fascicular block,left axis deviation,left ventricular hypertrophy,myocardial infarction,myocardial ischemia,sinus rhythm,t wave abnormal,ventricular ectopics,micro avg,macro avg,weighted avg,samples avg
precision,0.659375,0.8076923076923077,0.6461538461538462,0.7789473684210526,0.7257575757575757,0.6287128712871287,0.7771317829457365,0.6965174129353234,0.9257265877287406,0.5818181818181818,0.8405797101449275,0.803694636100601,0.7334920586258927,0.7983650223881139,0.8235074057107955
recall,0.6011396011396012,0.91875,0.7368421052631579,0.8176795580110497,0.8568872987477638,0.5644444444444444,0.7264492753623188,0.6796116504854369,0.9646662927650028,0.39669421487603307,0.49572649572649574,0.8042316258351893,0.7053537215292095,0.8042316258351893,0.8165423292541936
f1-score,0.6289120715350224,0.8596491228070176,0.6885245901639344,0.7978436657681941,0.7858900738310091,0.594847775175644,0.750936329588015,0.687960687960688,0.9447953858829992,0.47174447174447176,0.6236559139784946,0.8039630413002338,0.7122509171304992,0.797835999333234,0.7975619916297882
support,351.0,160.0,114.0,181.0,559.0,225.0,552.0,206.0,1783.0,242.0,117.0,4490.0,4490.0,4490.0,4490.0
