index,1st degree av block,atrial fibrillation,premature atrial contraction,right bundle branch block,sinus rhythm,st depression,ventricular ectopics,micro avg,macro avg,weighted avg,samples avg
precision,0.8484848484848485,0.9401709401709402,0.4927536231884058,0.9211822660098522,0.7307692307692307,0.7659574468085106,0.8571428571428571,0.8251121076233184,0.7937801732249492,0.8299796701295072,0.7244056283357593
recall,0.8,0.9482758620689655,0.5666666666666667,0.9540816326530612,0.6551724137931034,0.8372093023255814,0.4044943820224719,0.7840909090909091,0.7379857513614071,0.7840909090909091,0.74235807860262
f1-score,0.823529411764706,0.944206008583691,0.5271317829457365,0.93734335839599,0.6909090909090909,0.8,0.549618320610687,0.8040786598689001,0.7532482818871288,0.7959478444389743,0.7279961183891315
support,70.0,116.0,60.0,196.0,87.0,86.0,89.0,704.0,704.0,704.0,704.0
