index,1st degree av block,atrial fibrillation,premature atrial contraction,right bundle branch block,sinus rhythm,st depression,ventricular ectopics,micro avg,macro avg,weighted avg,samples avg
precision,0.859375,0.9322033898305084,0.49056603773584906,0.9393939393939394,0.5642857142857143,0.9302325581395349,0.76,0.8002894356005789,0.7822938056265066,0.8218464129951125,0.7438136826783115
recall,0.7857142857142857,0.9482758620689655,0.43333333333333335,0.9489795918367347,0.9080459770114943,0.46511627906976744,0.6404494382022472,0.7855113636363636,0.7328449667481183,0.7855113636363636,0.7496360989810772
f1-score,0.8208955223880597,0.94017094017094,0.46017699115044247,0.9441624365482234,0.696035242290749,0.6201550387596899,0.6951219512195121,0.792831541218638,0.7395311603610881,0.7882716274582907,0.7413876758854925
support,70.0,116.0,60.0,196.0,87.0,86.0,89.0,704.0,704.0,704.0,704.0
