index,abnormal QRS,atrial fibrillation,incomplete right bundle branch block,left anterior fascicular block,left axis deviation,left ventricular hypertrophy,myocardial infarction,myocardial ischemia,sinus rhythm,t wave abnormal,ventricular ectopics,micro avg,macro avg,weighted avg,samples avg
precision,0.6779661016949152,0.85625,0.717948717948718,0.9090909090909091,0.8179723502304147,0.7874015748031497,0.8079625292740047,0.7225433526011561,0.9242262540021344,0.588957055214724,0.744,0.8420920291677143,0.7776653495327387,0.8303073214340515,0.8519337739676722
recall,0.5698005698005698,0.85625,0.49122807017543857,0.6077348066298343,0.6350626118067979,0.4444444444444444,0.625,0.6067961165048543,0.971396522714526,0.39669421487603307,0.7948717948717948,0.745879732739421,0.6362981047112994,0.745879732739421,0.7745053770477499
f1-score,0.6191950464396285,0.85625,0.5833333333333334,0.728476821192053,0.715005035246727,0.5681818181818181,0.7048008171603678,0.6596306068601583,0.9472245009570686,0.4740740740740741,0.768595041322314,0.7910712176685958,0.6931606449788675,0.7792221106420281,0.7866981239862596
support,351.0,160.0,114.0,181.0,559.0,225.0,552.0,206.0,1783.0,242.0,117.0,4490.0,4490.0,4490.0,4490.0
