index,atrial fibrillation,left ventricular high voltage,nonspecific st t abnormality,sinus bradycardia,sinus rhythm,sinus tachycardia,supraventricular tachycardia,t wave abnormal,micro avg,macro avg,weighted avg,samples avg
precision,0.875,0.7735849056603774,0.6292134831460674,0.979539641943734,0.983957219251337,0.9655172413793104,0.819672131147541,0.7548387096774194,0.8947368421052632,0.8476654165257234,0.8840122677957278,0.8833821614583334
recall,0.9491525423728814,0.3203125,0.56,0.9896640826873385,0.9292929292929293,0.9395973154362416,0.819672131147541,0.6358695652173914,0.8229768786127167,0.7679451332692904,0.8229768786127167,0.8434244791666667
f1-score,0.9105691056910569,0.4530386740331492,0.5925925925925927,0.9845758354755785,0.9558441558441558,0.9523809523809523,0.819672131147541,0.6902654867256638,0.85735792246895,0.7948673667363363,0.8436564623492018,0.8499581473214285
support,177.0,128.0,100.0,387.0,198.0,149.0,61.0,184.0,1384.0,1384.0,1384.0,1384.0
