index,1st degree av block,atrial fibrillation,premature atrial contraction,right bundle branch block,sinus rhythm,st depression,ventricular ectopics,micro avg,macro avg,weighted avg,samples avg
precision,0.8656716417910447,0.9024390243902439,0.5555555555555556,0.9378238341968912,0.7586206896551724,0.7168141592920354,0.8115942028985508,0.8257790368271954,0.792645586825642,0.8271372845847323,0.7634643377001455
recall,0.8285714285714286,0.9568965517241379,0.5,0.923469387755102,0.7586206896551724,0.9418604651162791,0.6292134831460674,0.828125,0.7912331437097411,0.828125,0.7831149927219796
f1-score,0.8467153284671534,0.9288702928870294,0.5263157894736842,0.9305912596401028,0.7586206896551724,0.814070351758794,0.708860759493671,0.8269503546099292,0.7877206387679438,0.8239950554995317,0.7690441533236294
support,70.0,116.0,60.0,196.0,87.0,86.0,89.0,704.0,704.0,704.0,704.0
