index,1st degree av block,atrial fibrillation,premature atrial contraction,right bundle branch block,sinus rhythm,st depression,ventricular ectopics,micro avg,macro avg,weighted avg,samples avg
precision,0.8082191780821918,0.9256198347107438,0.5576923076923077,0.9613259668508287,0.6513761467889908,0.8433734939759037,0.782608695652174,0.8270348837209303,0.7900308033933058,0.8305123443495936,0.7489082969432315
recall,0.8428571428571429,0.9655172413793104,0.48333333333333334,0.8877551020408163,0.8160919540229885,0.813953488372093,0.6067415730337079,0.8082386363636364,0.7737499764341988,0.8082386363636364,0.764919941775837
f1-score,0.8251748251748252,0.9451476793248945,0.5178571428571428,0.923076923076923,0.7244897959183673,0.8284023668639053,0.6835443037974683,0.8175287356321839,0.7782418624305038,0.8160547342210219,0.75254730713246
support,70.0,116.0,60.0,196.0,87.0,86.0,89.0,704.0,704.0,704.0,704.0
