index,abnormal QRS,atrial fibrillation,incomplete right bundle branch block,left anterior fascicular block,left axis deviation,left ventricular hypertrophy,myocardial infarction,myocardial ischemia,sinus rhythm,t wave abnormal,ventricular ectopics,micro avg,macro avg,weighted avg,samples avg
precision,0.7263157894736842,0.8111111111111111,0.652542372881356,0.6468253968253969,0.7487844408427877,0.5107033639143731,0.7886497064579256,0.6209677419354839,0.9245182012847966,0.5551020408163265,0.636986301369863,0.7796682262866865,0.6929551333557368,0.7862339962941797,0.8041074973278364
recall,0.39316239316239315,0.9125,0.6754385964912281,0.9005524861878453,0.8264758497316637,0.7422222222222222,0.730072463768116,0.7475728155339806,0.968592260235558,0.5619834710743802,0.7948717948717948,0.8164810690423162,0.7503131230253802,0.8164810690423162,0.8307004340902645
f1-score,0.5101663585951941,0.8588235294117648,0.6637931034482758,0.7528868360277137,0.7857142857142857,0.605072463768116,0.7582314205079963,0.6784140969162995,0.946042180224596,0.5585215605749487,0.7072243346007604,0.797650130548303,0.7113536517990865,0.794382716699795,0.7935207003003614
support,351.0,160.0,114.0,181.0,559.0,225.0,552.0,206.0,1783.0,242.0,117.0,4490.0,4490.0,4490.0,4490.0
