index,abnormal QRS,atrial fibrillation,incomplete right bundle branch block,left anterior fascicular block,left axis deviation,left ventricular hypertrophy,myocardial infarction,myocardial ischemia,sinus rhythm,t wave abnormal,ventricular ectopics,micro avg,macro avg,weighted avg,samples avg
precision,0.6380368098159509,0.8553459119496856,0.6666666666666666,0.8898305084745762,0.7801556420233463,0.6967741935483871,0.7726432532347505,0.6442307692307693,0.917910447761194,0.65,0.8125,0.8188268684957427,0.7567358366095752,0.8104575118565733,0.8398446873023144
recall,0.5925925925925926,0.85,0.6491228070175439,0.580110497237569,0.7173524150268337,0.48,0.7572463768115942,0.6504854368932039,0.96578799775659,0.3760330578512397,0.5555555555555556,0.7710467706013363,0.6522078851584294,0.7710467706013363,0.7930087472460354
f1-score,0.6144756277695717,0.852664576802508,0.6577777777777777,0.7023411371237458,0.7474370922646785,0.5684210526315789,0.7648673376029277,0.6473429951690821,0.941240776168352,0.47643979057591623,0.6598984771573604,0.7942188575361321,0.6939006037312272,0.7853514574512801,0.792280102449594
support,351.0,160.0,114.0,181.0,559.0,225.0,552.0,206.0,1783.0,242.0,117.0,4490.0,4490.0,4490.0,4490.0
