index,1st degree av block,atrial fibrillation,premature atrial contraction,right bundle branch block,sinus rhythm,st depression,ventricular ectopics,micro avg,macro avg,weighted avg,samples avg
precision,0.8870967741935484,0.9469026548672567,0.4074074074074074,0.9195979899497487,0.7263157894736842,0.8148148148148148,0.7903225806451613,0.8273273273273273,0.7846368587645173,0.8241837927108655,0.7387190684133915
recall,0.7857142857142857,0.9224137931034483,0.36666666666666664,0.9336734693877551,0.7931034482758621,0.7674418604651163,0.550561797752809,0.7826704545454546,0.7313679030522776,0.7826704545454546,0.7467248908296943
f1-score,0.8333333333333333,0.9344978165938865,0.38596491228070173,0.9265822784810125,0.7582417582417583,0.7904191616766467,0.6490066225165563,0.8043795620437956,0.7540065547319851,0.80001103927918,0.7370208636584182
support,70.0,116.0,60.0,196.0,87.0,86.0,89.0,704.0,704.0,704.0,704.0
