index,abnormal QRS,atrial fibrillation,incomplete right bundle branch block,left anterior fascicular block,left axis deviation,left ventricular hypertrophy,myocardial infarction,myocardial ischemia,sinus rhythm,t wave abnormal,ventricular ectopics,micro avg,macro avg,weighted avg,samples avg
precision,0.7575757575757576,0.8414634146341463,0.6818181818181818,0.766497461928934,0.8072289156626506,0.6051502145922747,0.796,0.6820512820512821,0.9238551650692226,0.6212121212121212,0.7299270072992701,0.8264754291088643,0.7466163201676218,0.816763792724718,0.8462360665750496
recall,0.4985754985754986,0.8625,0.5263157894736842,0.8342541436464088,0.7191413237924866,0.6266666666666667,0.7210144927536232,0.6456310679611651,0.9730790802019069,0.33884297520661155,0.8547008547008547,0.7828507795100222,0.6909747175435369,0.7828507795100222,0.8004984403289489
f1-score,0.6013745704467354,0.8518518518518519,0.594059405940594,0.7989417989417988,0.760643330179754,0.6157205240174674,0.7566539923954372,0.6633416458852868,0.9478284621688065,0.4385026737967914,0.7874015748031495,0.8040718288916848,0.7105745300388794,0.7942071069255303,0.7998626405406066
support,351.0,160.0,114.0,181.0,559.0,225.0,552.0,206.0,1783.0,242.0,117.0,4490.0,4490.0,4490.0,4490.0
