index,1st degree av block,atrial fibrillation,premature atrial contraction,right bundle branch block,sinus rhythm,st depression,ventricular ectopics,micro avg,macro avg,weighted avg,samples avg
precision,0.873015873015873,0.9186991869918699,0.5853658536585366,0.9368421052631579,0.6698113207547169,0.8,0.7294117647058823,0.823953823953824,0.7875923006271481,0.8216114383774759,0.7532751091703057
recall,0.7857142857142857,0.9741379310344828,0.4,0.9081632653061225,0.8160919540229885,0.7906976744186046,0.6966292134831461,0.8110795454545454,0.7673477605685186,0.8110795454545454,0.7707423580786026
f1-score,0.8270676691729324,0.9456066945606694,0.4752475247524752,0.922279792746114,0.7357512953367875,0.7953216374269007,0.7126436781609194,0.8174659985683608,0.7734168988795427,0.8134944817384454,0.7564289180009706
support,70.0,116.0,60.0,196.0,87.0,86.0,89.0,704.0,704.0,704.0,704.0
