index,atrial fibrillation,left ventricular high voltage,nonspecific st t abnormality,sinus bradycardia,sinus rhythm,sinus tachycardia,supraventricular tachycardia,t wave abnormal,micro avg,macro avg,weighted avg,samples avg
precision,0.85,0.6708860759493671,0.6263736263736264,0.9895561357702349,0.8837209302325582,0.9448275862068966,0.8421052631578947,0.72,0.862453531598513,0.8159337022113222,0.8537019367669569,0.8720703125
recall,0.96045197740113,0.4140625,0.57,0.979328165374677,0.9595959595959596,0.9194630872483222,0.7868852459016393,0.6847826086956522,0.838150289017341,0.7843211930271725,0.838150289017341,0.852783203125
f1-score,0.9018567639257294,0.5120772946859904,0.5968586387434556,0.9844155844155844,0.9200968523002421,0.9319727891156463,0.8135593220338982,0.701949860724234,0.8501282521069989,0.7953483882430975,0.8422386209023436,0.8475306919642858
support,177.0,128.0,100.0,387.0,198.0,149.0,61.0,184.0,1384.0,1384.0,1384.0,1384.0
