index,1st degree av block,atrial fibrillation,premature atrial contraction,right bundle branch block,sinus rhythm,st depression,ventricular ectopics,micro avg,macro avg,weighted avg,samples avg
precision,0.873015873015873,0.896,0.5333333333333333,0.9651162790697675,0.6470588235294118,0.788235294117647,0.803030303030303,0.8207407407407408,0.7865414151566192,0.8263664086926975,0.7530325084910237
recall,0.7857142857142857,0.9655172413793104,0.4,0.8469387755102041,0.8850574712643678,0.7790697674418605,0.5955056179775281,0.7869318181818182,0.7511147370410794,0.7869318181818182,0.7540029112081513
f1-score,0.8270676691729324,0.9294605809128631,0.4571428571428572,0.9021739130434784,0.7475728155339806,0.7836257309941521,0.6838709677419355,0.8034807831762147,0.7615592192203141,0.800088049089597,0.7479378942261037
support,70.0,116.0,60.0,196.0,87.0,86.0,89.0,704.0,704.0,704.0,704.0
