index,atrial fibrillation,left ventricular high voltage,nonspecific st t abnormality,sinus bradycardia,sinus rhythm,sinus tachycardia,supraventricular tachycardia,t wave abnormal,micro avg,macro avg,weighted avg,samples avg
precision,0.937888198757764,0.6956521739130435,0.5855855855855856,0.9746835443037974,0.9353233830845771,0.8834355828220859,0.8727272727272727,0.8290598290598291,0.88871096877502,0.8392944462817444,0.8767486152599214,0.8763834635416666
recall,0.8531073446327684,0.25,0.65,0.9948320413436692,0.9494949494949495,0.9664429530201343,0.7868852459016393,0.5271739130434783,0.8020231213872833,0.7472420559295798,0.8020231213872833,0.8280436197916666
f1-score,0.8934911242603552,0.367816091954023,0.6161137440758293,0.9846547314578006,0.9423558897243107,0.923076923076923,0.8275862068965518,0.6445182724252493,0.843144701860995,0.7749516229838804,0.8244943588849423,0.8363699776785714
support,177.0,128.0,100.0,387.0,198.0,149.0,61.0,184.0,1384.0,1384.0,1384.0,1384.0
