index,atrial fibrillation,left ventricular high voltage,nonspecific st t abnormality,sinus bradycardia,sinus rhythm,sinus tachycardia,supraventricular tachycardia,t wave abnormal,micro avg,macro avg,weighted avg,samples avg
precision,0.9333333333333333,0.6382978723404256,0.6444444444444445,0.979328165374677,0.9227053140096618,0.9701492537313433,0.8059701492537313,0.7081081081081081,0.8785046728971962,0.8252920800744656,0.8649209061273638,0.8627115885416667
recall,0.8700564971751412,0.46875,0.29,0.979328165374677,0.9646464646464646,0.87248322147651,0.8852459016393442,0.7119565217391305,0.815028901734104,0.7553083465064084,0.815028901734104,0.8333333333333334
f1-score,0.9005847953216375,0.5405405405405406,0.4,0.979328165374677,0.9432098765432099,0.9187279151943463,0.84375,0.7100271002710027,0.8455772113943029,0.7795210491556768,0.8333471454700121,0.8345052083333333
support,177.0,128.0,100.0,387.0,198.0,149.0,61.0,184.0,1384.0,1384.0,1384.0,1384.0
