index,atrial fibrillation,left ventricular high voltage,nonspecific st t abnormality,sinus bradycardia,sinus rhythm,sinus tachycardia,supraventricular tachycardia,t wave abnormal,micro avg,macro avg,weighted avg,samples avg
precision,0.8914285714285715,0.6063829787234043,0.5729166666666666,0.9600997506234414,0.9174757281553398,0.9637681159420289,0.864406779661017,0.6882352941176471,0.8536221060492906,0.8080892356647646,0.8445635113471678,0.8595377604166666
recall,0.8813559322033898,0.4453125,0.55,0.9948320413436692,0.9545454545454546,0.8926174496644296,0.8360655737704918,0.6358695652173914,0.8258670520231214,0.7738248145931033,0.8258670520231214,0.840576171875
f1-score,0.8863636363636365,0.5135135135135135,0.5612244897959183,0.9771573604060912,0.9356435643564357,0.9268292682926829,0.85,0.6610169491525424,0.8395152405435182,0.7889685977351025,0.8336203368389409,0.8346354166666666
support,177.0,128.0,100.0,387.0,198.0,149.0,61.0,184.0,1384.0,1384.0,1384.0,1384.0
