index,abnormal QRS,atrial fibrillation,incomplete right bundle branch block,left anterior fascicular block,left axis deviation,left ventricular hypertrophy,myocardial infarction,myocardial ischemia,sinus rhythm,t wave abnormal,ventricular ectopics,micro avg,macro avg,weighted avg,samples avg
precision,0.668918918918919,0.8648648648648649,0.6290322580645161,0.8818897637795275,0.7304216867469879,0.5933609958506224,0.7317073170731707,0.6488888888888888,0.9213305174234424,0.6710526315789473,0.6893939393939394,0.7991557431681848,0.730078343871257,0.7950272340741693,0.8213620400061078
recall,0.5641025641025641,0.8,0.6842105263157895,0.6187845303867403,0.8676207513416816,0.6355555555555555,0.7608695652173914,0.7087378640776699,0.978687605159843,0.21074380165289255,0.7777777777777778,0.8011135857461025,0.6915536855989005,0.8011135857461025,0.8140817573020963
f1-score,0.6120556414219475,0.8311688311688312,0.6554621848739496,0.7272727272727272,0.7931316434995911,0.6137339055793991,0.7460035523978686,0.6774941995359629,0.9491433233614358,0.32075471698113206,0.7309236947791166,0.8001334668001335,0.6961040382610875,0.7889642179710044,0.7943489172302731
support,351.0,160.0,114.0,181.0,559.0,225.0,552.0,206.0,1783.0,242.0,117.0,4490.0,4490.0,4490.0,4490.0
