index,1st degree av block,atrial fibrillation,premature atrial contraction,right bundle branch block,sinus rhythm,st depression,ventricular ectopics,micro avg,macro avg,weighted avg,samples avg
precision,0.9166666666666666,0.9024390243902439,0.4875,0.9523809523809523,0.7619047619047619,0.8484848484848485,0.7710843373493976,0.8306569343065694,0.8057800844538388,0.8418297975029961,0.7605531295487628
recall,0.7857142857142857,0.9568965517241379,0.65,0.9183673469387755,0.735632183908046,0.6511627906976745,0.7191011235955056,0.8082386363636364,0.7738391832254894,0.8082386363636364,0.772197962154294
f1-score,0.8461538461538461,0.9288702928870294,0.5571428571428572,0.935064935064935,0.7485380116959063,0.736842105263158,0.744186046511628,0.8192944564434845,0.7852568706741944,0.8215977388020932,0.7603105288694807
support,70.0,116.0,60.0,196.0,87.0,86.0,89.0,704.0,704.0,704.0,704.0
