index,atrial fibrillation,left ventricular high voltage,nonspecific st t abnormality,sinus bradycardia,sinus rhythm,sinus tachycardia,supraventricular tachycardia,t wave abnormal,micro avg,macro avg,weighted avg,samples avg
precision,0.8586387434554974,0.5819672131147541,0.6,0.9819587628865979,0.93717277486911,0.9444444444444444,0.8181818181818182,0.7246376811594203,0.8576864535768646,0.8058751797639553,0.8497209234076266,0.85302734375
recall,0.9265536723163842,0.5546875,0.51,0.9844961240310077,0.9040404040404041,0.912751677852349,0.7377049180327869,0.5434782608695652,0.8143063583815029,0.759214069642812,0.8143063583815029,0.8319498697916666
f1-score,0.8913043478260869,0.5680000000000001,0.5513513513513514,0.9832258064516128,0.9203084832904885,0.9283276450511946,0.7758620689655172,0.6211180124223603,0.8354336545589325,0.7799372144198264,0.8296702247788167,0.82744140625
support,177.0,128.0,100.0,387.0,198.0,149.0,61.0,184.0,1384.0,1384.0,1384.0,1384.0
