index,atrial fibrillation,left ventricular high voltage,nonspecific st t abnormality,sinus bradycardia,sinus rhythm,sinus tachycardia,supraventricular tachycardia,t wave abnormal,micro avg,macro avg,weighted avg,samples avg
precision,0.8994413407821229,0.5769230769230769,0.6103896103896104,0.9846547314578005,0.9593908629441624,0.8910256410256411,0.8490566037735849,0.601593625498008,0.8359375,0.7965594365992509,0.8384071564850478,0.85107421875
recall,0.9096045197740112,0.46875,0.47,0.9948320413436692,0.9545454545454546,0.9328859060402684,0.7377049180327869,0.8206521739130435,0.8504335260115607,0.7861218767061542,0.8504335260115607,0.8553873697916666
f1-score,0.9044943820224719,0.5172413793103449,0.5310734463276836,0.9897172236503856,0.9569620253164557,0.9114754098360656,0.7894736842105263,0.6942528735632184,0.8431232091690545,0.786836303029644,0.8407652116371933,0.838432384672619
support,177.0,128.0,100.0,387.0,198.0,149.0,61.0,184.0,1384.0,1384.0,1384.0,1384.0
