index,abnormal QRS,atrial fibrillation,incomplete right bundle branch block,left anterior fascicular block,left axis deviation,left ventricular hypertrophy,myocardial infarction,myocardial ischemia,sinus rhythm,t wave abnormal,ventricular ectopics,micro avg,macro avg,weighted avg,samples avg
precision,0.6298076923076923,0.7752808988764045,0.6017699115044248,0.7755102040816326,0.7570621468926554,0.7126436781609196,0.7463002114164905,0.6852791878172588,0.9449388209121246,0.5042016806722689,0.5967741935483871,0.8028368794326242,0.7026880569263873,0.7945233102040384,0.8239469493706781
recall,0.3732193732193732,0.8625,0.5964912280701754,0.8397790055248618,0.7191413237924866,0.5511111111111111,0.6394927536231884,0.6553398058252428,0.9528883903533371,0.49586776859504134,0.6324786324786325,0.756347438752784,0.6653008538721319,0.756347438752784,0.7855561372510526
f1-score,0.46869409660107336,0.8165680473372781,0.5991189427312775,0.806366047745358,0.7376146788990827,0.6215538847117794,0.6887804878048781,0.6699751861042182,0.9488969561574979,0.4999999999999999,0.6141078838174274,0.7788990825688075,0.6792432919918063,0.77161384677064,0.7784284174114683
support,351.0,160.0,114.0,181.0,559.0,225.0,552.0,206.0,1783.0,242.0,117.0,4490.0,4490.0,4490.0,4490.0
