index,1st degree av block,atrial fibrillation,premature atrial contraction,right bundle branch block,sinus rhythm,st depression,ventricular ectopics,micro avg,macro avg,weighted avg,samples avg
precision,0.8333333333333334,0.9,0.43478260869565216,0.943502824858757,0.6741573033707865,0.896551724137931,0.7833333333333333,0.8414839797639123,0.7808087325328277,0.8227537554874659,0.6717612809315866
recall,0.7857142857142857,0.9310344827586207,0.16666666666666666,0.8520408163265306,0.6896551724137931,0.6046511627906976,0.5280898876404494,0.7088068181818182,0.6511217820444349,0.7088068181818182,0.673216885007278
f1-score,0.8088235294117647,0.9152542372881356,0.24096385542168672,0.8954423592493297,0.6818181818181819,0.7222222222222221,0.6308724832214764,0.7694680030840401,0.6993424098046852,0.7533076935488942,0.6671518680252304
support,70.0,116.0,60.0,196.0,87.0,86.0,89.0,704.0,704.0,704.0,704.0
