index,1st degree av block,atrial fibrillation,premature atrial contraction,right bundle branch block,sinus rhythm,st depression,ventricular ectopics,micro avg,macro avg,weighted avg,samples avg
precision,0.835820895522388,0.908256880733945,0.5789473684210527,0.9259259259259259,0.7571428571428571,0.7894736842105263,0.8064516129032258,0.8428805237315876,0.8002884606942745,0.8318521923300715,0.680980106744299
recall,0.8,0.853448275862069,0.36666666666666664,0.8928571428571429,0.6091954022988506,0.6976744186046512,0.5617977528089888,0.7315340909090909,0.6830913798711956,0.7315340909090909,0.6943231441048034
f1-score,0.8175182481751825,0.88,0.44897959183673464,0.9090909090909091,0.6751592356687899,0.7407407407407408,0.662251655629139,0.7832699619771865,0.7333914830202136,0.7752980477587598,0.6819019893255701
support,70.0,116.0,60.0,196.0,87.0,86.0,89.0,704.0,704.0,704.0,704.0
