index,1st degree av block,atrial fibrillation,premature atrial contraction,right bundle branch block,sinus rhythm,st depression,ventricular ectopics,micro avg,macro avg,weighted avg,samples avg
precision,0.8813559322033898,0.8333333333333334,0.5909090909090909,0.8877005347593583,0.6633663366336634,0.855072463768116,0.7894736842105263,0.8165869218500797,0.7858873394024969,0.8086899051906353,0.6724890829694323
recall,0.7428571428571429,0.9482758620689655,0.21666666666666667,0.8469387755102041,0.7701149425287356,0.686046511627907,0.5056179775280899,0.7272727272727273,0.6737882683982445,0.7272727272727273,0.6877729257641921
f1-score,0.8062015503875969,0.8870967741935484,0.3170731707317074,0.8668407310704961,0.7127659574468086,0.7612903225806451,0.6164383561643837,0.7693463561232157,0.7096724089393123,0.753703306258155,0.6746724890829694
support,70.0,116.0,60.0,196.0,87.0,86.0,89.0,704.0,704.0,704.0,704.0
