index,1st degree av block,atrial fibrillation,premature atrial contraction,right bundle branch block,sinus rhythm,st depression,ventricular ectopics,micro avg,macro avg,weighted avg,samples avg
precision,0.828125,0.8512396694214877,0.5238095238095238,0.9385474860335196,0.6666666666666666,0.7032967032967034,0.7368421052631579,0.7980922098569158,0.7497895934987227,0.7899984292556411,0.6601164483260553
recall,0.7571428571428571,0.8879310344827587,0.36666666666666664,0.8571428571428571,0.5747126436781609,0.7441860465116279,0.47191011235955055,0.7130681818181818,0.6656703168549255,0.7130681818181818,0.6754002911208151
f1-score,0.7910447761194029,0.869198312236287,0.4313725490196078,0.8959999999999999,0.617283950617284,0.7231638418079095,0.5753424657534246,0.7531882970742686,0.7004865565077021,0.7454542117048049,0.6607957302280446
support,70.0,116.0,60.0,196.0,87.0,86.0,89.0,704.0,704.0,704.0,704.0
