index,atrial fibrillation,left ventricular high voltage,nonspecific st t abnormality,sinus bradycardia,sinus rhythm,sinus tachycardia,supraventricular tachycardia,t wave abnormal,micro avg,macro avg,weighted avg,samples avg
precision,0.875,0.7142857142857143,0.711864406779661,0.9870466321243523,0.9635416666666666,0.9121621621621622,0.7272727272727273,0.7333333333333333,0.8842777334397446,0.8280633303280771,0.871002485981065,0.868505859375
recall,0.8305084745762712,0.46875,0.42,0.9844961240310077,0.9343434343434344,0.9060402684563759,0.7868852459016393,0.5978260869565217,0.8005780346820809,0.7411062042831562,0.8005780346820809,0.8231608072916667
f1-score,0.8521739130434782,0.5660377358490566,0.5283018867924528,0.9857697283311773,0.9487179487179487,0.9090909090909091,0.7559055118110236,0.6586826347305389,0.8403488813045127,0.7755850335458232,0.8296381695465149,0.830898902529762
support,177.0,128.0,100.0,387.0,198.0,149.0,61.0,184.0,1384.0,1384.0,1384.0,1384.0
