index,1st degree av block,atrial fibrillation,premature atrial contraction,right bundle branch block,sinus rhythm,st depression,ventricular ectopics,micro avg,macro avg,weighted avg,samples avg
precision,0.8450704225352113,0.9074074074074074,0.5681818181818182,0.9222797927461139,0.6567164179104478,0.8472222222222222,0.796875,0.8352180936995154,0.7919647258576029,0.8241324599079426,0.6819505094614265
recall,0.8571428571428571,0.8448275862068966,0.4166666666666667,0.9081632653061225,0.5057471264367817,0.7093023255813954,0.5730337078651685,0.734375,0.6878405050294126,0.734375,0.6950509461426492
f1-score,0.851063829787234,0.875,0.48076923076923084,0.9151670951156813,0.5714285714285715,0.7721518987341772,0.6666666666666667,0.7815570672713529,0.7331781846430803,0.7737870098191649,0.6829209121785541
support,70.0,116.0,60.0,196.0,87.0,86.0,89.0,704.0,704.0,704.0,704.0
