index,1st degree av block,atrial fibrillation,premature atrial contraction,right bundle branch block,sinus rhythm,st depression,ventricular ectopics,micro avg,macro avg,weighted avg,samples avg
precision,0.7846153846153846,0.9444444444444444,0.40229885057471265,0.9040404040404041,0.6585365853658537,0.8125,0.7758620689655172,0.7824773413897281,0.7546139625723309,0.7983350706957311,0.6618146530810286
recall,0.7285714285714285,0.8793103448275862,0.5833333333333334,0.9132653061224489,0.6206896551724138,0.6046511627906976,0.5056179775280899,0.7357954545454546,0.690777029763714,0.7357954545454546,0.6957787481804949
f1-score,0.7555555555555555,0.9107142857142858,0.4761904761904762,0.9086294416243654,0.6390532544378699,0.6933333333333334,0.6122448979591837,0.7584187408491947,0.71367446354501,0.7598134103447142,0.6697234352256186
support,70.0,116.0,60.0,196.0,87.0,86.0,89.0,704.0,704.0,704.0,704.0
