index,abnormal QRS,atrial fibrillation,incomplete right bundle branch block,left anterior fascicular block,left axis deviation,left ventricular hypertrophy,myocardial infarction,myocardial ischemia,sinus rhythm,t wave abnormal,ventricular ectopics,micro avg,macro avg,weighted avg,samples avg
precision,0.604,0.745945945945946,0.6,0.7840909090909091,0.7614503816793893,0.7058823529411765,0.6666666666666666,0.6863905325443787,0.9325657894736842,0.43452380952380953,0.75,0.7780565693430657,0.6974105807150872,0.7775536999794727,0.8099364497669582
recall,0.4301994301994302,0.8625,0.47368421052631576,0.7624309392265194,0.7137745974955277,0.48,0.6920289855072463,0.5631067961165048,0.9540100953449243,0.6033057851239669,0.6666666666666666,0.7596881959910913,0.6547006823824639,0.7596881959910913,0.7861483759788844
f1-score,0.502495840266223,0.7999999999999999,0.5294117647058824,0.7731092436974789,0.7368421052631579,0.5714285714285713,0.679111111111111,0.6186666666666666,0.9431660659828112,0.5051903114186852,0.7058823529411765,0.768762677484787,0.6695730939528876,0.7647999938984744,0.7709488328132396
support,351.0,160.0,114.0,181.0,559.0,225.0,552.0,206.0,1783.0,242.0,117.0,4490.0,4490.0,4490.0,4490.0
