index,abnormal QRS,atrial fibrillation,incomplete right bundle branch block,left anterior fascicular block,left axis deviation,left ventricular hypertrophy,myocardial infarction,myocardial ischemia,sinus rhythm,t wave abnormal,ventricular ectopics,micro avg,macro avg,weighted avg,samples avg
precision,0.6334841628959276,0.8445945945945946,0.6,0.7005649717514124,0.8055555555555556,0.7464788732394366,0.8096446700507615,0.7278911564625851,0.9151738672286618,0.5460526315789473,0.7070707070707071,0.8222671042665993,0.7305919264025991,0.805000019859785,0.845239185917152
recall,0.39886039886039887,0.78125,0.6052631578947368,0.6850828729281768,0.6744186046511628,0.4711111111111111,0.5778985507246377,0.5194174757281553,0.9742007851934941,0.34297520661157027,0.5982905982905983,0.7253897550111359,0.6026153419994583,0.7253897550111359,0.7616484523264184
f1-score,0.4895104895104894,0.8116883116883117,0.6026200873362445,0.6927374301675977,0.7341772151898734,0.5776566757493187,0.6744186046511628,0.6062322946175637,0.943765281173594,0.4213197969543147,0.6481481481481481,0.7707963554608922,0.6547522122896926,0.7558662438367861,0.7738720560754458
support,351.0,160.0,114.0,181.0,559.0,225.0,552.0,206.0,1783.0,242.0,117.0,4490.0,4490.0,4490.0,4490.0
