index,abnormal QRS,atrial fibrillation,incomplete right bundle branch block,left anterior fascicular block,left axis deviation,left ventricular hypertrophy,myocardial infarction,myocardial ischemia,sinus rhythm,t wave abnormal,ventricular ectopics,micro avg,macro avg,weighted avg,samples avg
precision,0.6026200873362445,0.8136645962732919,0.6235294117647059,0.8446601941747572,0.7775551102204409,0.8111888111888111,0.7365269461077845,0.6527777777777778,0.9268423883808499,0.5877192982456141,0.7142857142857143,0.8189290161892901,0.7355791214323628,0.8022799993273734,0.8390735772091703
recall,0.39316239316239315,0.81875,0.4649122807017544,0.48066298342541436,0.6940966010733453,0.5155555555555555,0.6684782608695652,0.6844660194174758,0.9663488502523836,0.2768595041322314,0.6410256410256411,0.7322939866369711,0.6003925536014327,0.7322939866369711,0.7671869205767511
f1-score,0.4758620689655172,0.8161993769470405,0.5326633165829145,0.6126760563380282,0.7334593572778828,0.6304347826086957,0.7008547008547009,0.6682464454976303,0.9461834157056561,0.3764044943820225,0.6756756756756757,0.7731922398589066,0.6516963355305241,0.7578638334417253,0.7751288158067818
support,351.0,160.0,114.0,181.0,559.0,225.0,552.0,206.0,1783.0,242.0,117.0,4490.0,4490.0,4490.0,4490.0
