index,1st degree av block,atrial fibrillation,premature atrial contraction,right bundle branch block,sinus rhythm,st depression,ventricular ectopics,micro avg,macro avg,weighted avg,samples avg
precision,0.8688524590163934,0.9016393442622951,0.5882352941176471,0.9497206703910615,0.6666666666666666,0.8356164383561644,0.7966101694915254,0.8521008403361344,0.8010487203288219,0.8346740396202509,0.6877729257641921
recall,0.7571428571428571,0.9482758620689655,0.16666666666666666,0.8673469387755102,0.6436781609195402,0.7093023255813954,0.5280898876404494,0.7201704545454546,0.6600718141136265,0.7201704545454546,0.6885007278020379
f1-score,0.8091603053435115,0.9243697478991596,0.2597402597402597,0.9066666666666667,0.6549707602339181,0.7672955974842768,0.6351351351351352,0.7806004618937643,0.708191210357561,0.7622955950745118,0.6817079087821446
support,70.0,116.0,60.0,196.0,87.0,86.0,89.0,704.0,704.0,704.0,704.0
