index,atrial fibrillation,left ventricular high voltage,nonspecific st t abnormality,sinus bradycardia,sinus rhythm,sinus tachycardia,supraventricular tachycardia,t wave abnormal,micro avg,macro avg,weighted avg,samples avg
precision,0.8953488372093024,0.5670731707317073,0.5176470588235295,0.9896907216494846,0.9424083769633508,0.8910256410256411,0.7916666666666666,0.6722689075630253,0.8405139833711263,0.7833911725790884,0.8361170159033496,0.8363444010416667
recall,0.8700564971751412,0.7265625,0.44,0.9922480620155039,0.9090909090909091,0.9328859060402684,0.6229508196721312,0.43478260869565216,0.8034682080924855,0.7410721628362007,0.8034682080924855,0.8243001302083333
f1-score,0.8825214899713467,0.636986301369863,0.47567567567567565,0.990967741935484,0.9254498714652956,0.9114754098360656,0.6972477064220183,0.5280528052805281,0.8215736978204654,0.7560471252445347,0.8147076379161369,0.8133091517857143
support,177.0,128.0,100.0,387.0,198.0,149.0,61.0,184.0,1384.0,1384.0,1384.0,1384.0
