index,1st degree av block,atrial fibrillation,premature atrial contraction,right bundle branch block,sinus rhythm,st depression,ventricular ectopics,micro avg,macro avg,weighted avg,samples avg
precision,0.8382352941176471,0.8403361344537815,0.5588235294117647,0.9259259259259259,0.75,0.7727272727272727,0.7538461538461538,0.8252911813643927,0.7771277586403638,0.8096068303663557,0.6569626394953906
recall,0.8142857142857143,0.8620689655172413,0.31666666666666665,0.8928571428571429,0.5172413793103449,0.5930232558139535,0.550561797752809,0.7045454545454546,0.6495292746005532,0.7045454545454546,0.6681222707423581
f1-score,0.8260869565217392,0.851063829787234,0.4042553191489362,0.9090909090909091,0.6122448979591838,0.6710526315789475,0.6363636363636364,0.7601532567049808,0.7014511686357982,0.7480096940585189,0.6559437166424066
support,70.0,116.0,60.0,196.0,87.0,86.0,89.0,704.0,704.0,704.0,704.0
