index,1st degree av block,atrial fibrillation,premature atrial contraction,right bundle branch block,sinus rhythm,st depression,ventricular ectopics,micro avg,macro avg,weighted avg,samples avg
precision,0.9193548387096774,0.9032258064516129,0.5714285714285714,0.9606741573033708,0.6804123711340206,0.7910447761194029,0.8103448275862069,0.8566666666666667,0.8052121926761233,0.8395643438428131,0.6914119359534207
recall,0.8142857142857143,0.9655172413793104,0.13333333333333333,0.8724489795918368,0.7586206896551724,0.6162790697674418,0.5280898876404494,0.7301136363636364,0.6697964165218941,0.7301136363636364,0.6957787481804949
f1-score,0.8636363636363636,0.9333333333333333,0.21621621621621623,0.9144385026737968,0.717391304347826,0.6928104575163397,0.6394557823129251,0.7883435582822086,0.7110402800052574,0.7668046009499513,0.6877729257641921
support,70.0,116.0,60.0,196.0,87.0,86.0,89.0,704.0,704.0,704.0,704.0
