index,atrial fibrillation,left ventricular high voltage,nonspecific st t abnormality,sinus bradycardia,sinus rhythm,sinus tachycardia,supraventricular tachycardia,t wave abnormal,micro avg,macro avg,weighted avg,samples avg
precision,0.9017341040462428,0.6535433070866141,0.5142857142857142,0.9770408163265306,0.9390862944162437,0.88,0.8275862068965517,0.6198830409356725,0.8353969410050983,0.7891449354991962,0.834107060345,0.847705078125
recall,0.8813559322033898,0.6484375,0.54,0.9896640826873385,0.9343434343434344,0.8859060402684564,0.7868852459016393,0.5760869565217391,0.828757225433526,0.7803348989907497,0.828757225433526,0.843505859375
f1-score,0.8914285714285713,0.6509803921568627,0.5268292682926828,0.9833119383825417,0.9367088607594937,0.8829431438127091,0.8067226890756303,0.5971830985915493,0.8320638375045339,0.784513495312505,0.8312511931757076,0.8304036458333333
support,177.0,128.0,100.0,387.0,198.0,149.0,61.0,184.0,1384.0,1384.0,1384.0,1384.0
