index,abnormal QRS,atrial fibrillation,incomplete right bundle branch block,left anterior fascicular block,left axis deviation,left ventricular hypertrophy,myocardial infarction,myocardial ischemia,sinus rhythm,t wave abnormal,ventricular ectopics,micro avg,macro avg,weighted avg,samples avg
precision,0.6060606060606061,0.8278145695364238,0.5035971223021583,0.680628272251309,0.727427597955707,0.6887417218543046,0.7254098360655737,0.5517241379310345,0.9359605911330049,0.5310734463276836,0.7155172413793104,0.7843822843822844,0.6812686493451925,0.7756157538780197,0.8130645173018054
recall,0.39886039886039887,0.78125,0.6140350877192983,0.7182320441988951,0.7638640429338104,0.4622222222222222,0.6413043478260869,0.6213592233009708,0.9590577678070668,0.3884297520661157,0.7094017094017094,0.7494432071269488,0.641637872394234,0.7494432071269488,0.7786859498723906
f1-score,0.48109965635738833,0.8038585209003216,0.5533596837944663,0.6989247311827957,0.7452006980802792,0.5531914893617021,0.6807692307692308,0.5844748858447488,0.9473684210526315,0.44868735083532213,0.7124463519313305,0.7665148063781322,0.6553982745554743,0.7584387298527836,0.7691845437608149
support,351.0,160.0,114.0,181.0,559.0,225.0,552.0,206.0,1783.0,242.0,117.0,4490.0,4490.0,4490.0,4490.0
