index,atrial fibrillation,left ventricular high voltage,nonspecific st t abnormality,sinus bradycardia,sinus rhythm,sinus tachycardia,supraventricular tachycardia,t wave abnormal,micro avg,macro avg,weighted avg,samples avg
precision,0.8142076502732241,0.6712328767123288,0.5975609756097561,0.987146529562982,0.9736842105263158,0.9025974025974026,0.8070175438596491,0.7014925373134329,0.8676703645007924,0.8068674658068864,0.8507178833321692,0.8621256510416666
recall,0.8418079096045198,0.3828125,0.49,0.9922480620155039,0.9343434343434344,0.9328859060402684,0.7540983606557377,0.5108695652173914,0.7911849710982659,0.729883217234607,0.7911849710982659,0.8202311197916667
f1-score,0.8277777777777778,0.4875621890547264,0.5384615384615385,0.9896907216494846,0.9536082474226805,0.9174917491749175,0.7796610169491526,0.5911949685534592,0.8276643990929705,0.7606810261304671,0.8147695013400754,0.825004650297619
support,177.0,128.0,100.0,387.0,198.0,149.0,61.0,184.0,1384.0,1384.0,1384.0,1384.0
