index,atrial fibrillation,left ventricular high voltage,nonspecific st t abnormality,sinus bradycardia,sinus rhythm,sinus tachycardia,supraventricular tachycardia,t wave abnormal,micro avg,macro avg,weighted avg,samples avg
precision,0.9212121212121213,0.6136363636363636,0.5862068965517241,0.9845360824742269,0.9487179487179487,0.9054054054054054,0.7692307692307693,0.6867469879518072,0.854463615903976,0.8019615718975459,0.8506302279844413,0.8463657924107142
recall,0.8587570621468926,0.6328125,0.51,0.9870801033591732,0.9343434343434344,0.8993288590604027,0.6557377049180327,0.6195652173913043,0.8229768786127167,0.762203110152405,0.8229768786127167,0.833984375
f1-score,0.888888888888889,0.623076923076923,0.5454545454545454,0.9858064516129033,0.94147582697201,0.9023569023569022,0.7079646017699115,0.6514285714285714,0.8384247331615753,0.7808065889450819,0.8360201017697152,0.824906994047619
support,177.0,128.0,100.0,387.0,198.0,149.0,61.0,184.0,1384.0,1384.0,1384.0,1384.0
