index,atrial fibrillation,left ventricular high voltage,nonspecific st t abnormality,sinus bradycardia,sinus rhythm,sinus tachycardia,supraventricular tachycardia,t wave abnormal,micro avg,macro avg,weighted avg,samples avg
precision,0.7951219512195122,0.5178571428571429,0.40816326530612246,0.9871794871794872,0.9438775510204082,0.8910256410256411,0.5684210526315789,0.6894409937888198,0.8032554847841472,0.7251358856285892,0.8027879265918875,0.83984375
recall,0.9209039548022598,0.453125,0.4,0.9948320413436692,0.9343434343434344,0.9328859060402684,0.8852459016393442,0.6032608695652174,0.8200867052023122,0.7655746384667742,0.8200867052023122,0.841064453125
f1-score,0.8534031413612566,0.48333333333333334,0.4040404040404041,0.9909909909909911,0.9390862944162437,0.9114754098360656,0.6923076923076923,0.6434782608695652,0.8115838398283874,0.7397644408944439,0.8086822747080363,0.8213053385416667
support,177.0,128.0,100.0,387.0,198.0,149.0,61.0,184.0,1384.0,1384.0,1384.0,1384.0
