index,atrial fibrillation,left ventricular high voltage,nonspecific st t abnormality,sinus bradycardia,sinus rhythm,sinus tachycardia,supraventricular tachycardia,t wave abnormal,micro avg,macro avg,weighted avg,samples avg
precision,0.7891891891891892,0.7014925373134329,0.6,0.9745547073791349,0.9540816326530612,0.9084967320261438,0.875,0.7169811320754716,0.8623639191290824,0.8149744913295542,0.8498583147813723,0.859619140625
recall,0.8248587570621468,0.3671875,0.51,0.9896640826873385,0.9444444444444444,0.9328859060402684,0.6885245901639344,0.6195652173913043,0.8013005780346821,0.7346413122236796,0.8013005780346821,0.8241373697916667
f1-score,0.8066298342541436,0.482051282051282,0.5513513513513514,0.9820512820512821,0.949238578680203,0.9205298013245033,0.7706422018348624,0.6647230320699707,0.8307116104868915,0.7659021704521999,0.8194302147712148,0.8253301711309524
support,177.0,128.0,100.0,387.0,198.0,149.0,61.0,184.0,1384.0,1384.0,1384.0,1384.0
