index,abnormal QRS,atrial fibrillation,incomplete right bundle branch block,left anterior fascicular block,left axis deviation,left ventricular hypertrophy,myocardial infarction,myocardial ischemia,sinus rhythm,t wave abnormal,ventricular ectopics,micro avg,macro avg,weighted avg,samples avg
precision,0.5255255255255256,0.7677419354838709,0.5196850393700787,0.7987012987012987,0.7450980392156863,0.6478260869565218,0.7344064386317908,0.6958762886597938,0.9372900335946248,0.5206611570247934,0.73,0.7891028651949272,0.6929828948330896,0.7805609959164077,0.8115513818903649
recall,0.4985754985754986,0.74375,0.5789473684210527,0.6795580110497238,0.7477638640429338,0.6622222222222223,0.6612318840579711,0.6553398058252428,0.9388670779584969,0.2603305785123967,0.6239316239316239,0.7483296213808464,0.6409561758724694,0.7483296213808464,0.7739044128874638
f1-score,0.5116959064327485,0.7555555555555556,0.5477178423236515,0.7343283582089551,0.7464285714285714,0.654945054945055,0.6959008579599618,0.6749999999999999,0.9380778929672177,0.34710743801652894,0.6728110599078341,0.7681755829903978,0.6617789579769163,0.7614616210383907,0.7652482881296441
support,351.0,160.0,114.0,181.0,559.0,225.0,552.0,206.0,1783.0,242.0,117.0,4490.0,4490.0,4490.0,4490.0
