index,1st degree av block,atrial fibrillation,premature atrial contraction,right bundle branch block,sinus rhythm,st depression,ventricular ectopics,micro avg,macro avg,weighted avg,samples avg
precision,0.8387096774193549,0.9363636363636364,0.46153846153846156,0.9340659340659341,0.6442307692307693,0.8375,0.7605633802816901,0.8124054462934948,0.7732816941285494,0.8151424826348221,0.695293546821931
recall,0.7428571428571429,0.8879310344827587,0.4,0.8673469387755102,0.7701149425287356,0.7790697674418605,0.6067415730337079,0.7627840909090909,0.7220087713028166,0.7627840909090909,0.7219796215429404
f1-score,0.787878787878788,0.9115044247787611,0.42857142857142855,0.8994708994708994,0.7015706806282722,0.8072289156626506,0.675,0.7868131868131868,0.7444607338558286,0.7861220829518198,0.7011159631246968
support,70.0,116.0,60.0,196.0,87.0,86.0,89.0,704.0,704.0,704.0,704.0
