index,1st degree av block,atrial fibrillation,premature atrial contraction,right bundle branch block,sinus rhythm,st depression,ventricular ectopics,micro avg,macro avg,weighted avg,samples avg
precision,0.84375,0.8195488721804511,0.375,0.8918918918918919,0.6555555555555556,0.8352941176470589,0.6632653061224489,0.760778859527121,0.7263293919139152,0.7661082665903713,0.6848617176128093
recall,0.7714285714285715,0.9396551724137931,0.4,0.8418367346938775,0.6781609195402298,0.8255813953488372,0.7303370786516854,0.7769886363636364,0.7409999817252849,0.7769886363636364,0.7372634643377002
f1-score,0.8059701492537314,0.8755020080321285,0.38709677419354843,0.8661417322834645,0.6666666666666666,0.8304093567251463,0.6951871657754011,0.7687983134223471,0.7324248361328696,0.7702451587940814,0.6995633187772925
support,70.0,116.0,60.0,196.0,87.0,86.0,89.0,704.0,704.0,704.0,704.0
