index,abnormal QRS,atrial fibrillation,incomplete right bundle branch block,left anterior fascicular block,left axis deviation,left ventricular hypertrophy,myocardial infarction,myocardial ischemia,sinus rhythm,t wave abnormal,ventricular ectopics,micro avg,macro avg,weighted avg,samples avg
precision,0.5905511811023622,0.6666666666666666,0.6021505376344086,0.7668711656441718,0.7495291902071564,0.6767676767676768,0.687984496124031,0.59375,0.9338436303991252,0.5929203539823009,0.7319587628865979,0.7901381610290614,0.6902721510376816,0.7770395442956781,0.821089915581441
recall,0.42735042735042733,0.75,0.49122807017543857,0.6906077348066298,0.7119856887298748,0.5955555555555555,0.6431159420289855,0.6456310679611651,0.9579360628154795,0.2768595041322314,0.6068376068376068,0.7387527839643653,0.6179188782175812,0.7387527839643653,0.7657701284819929
f1-score,0.49586776859504134,0.7058823529411765,0.5410628019323671,0.7267441860465117,0.7302752293577982,0.6335697399527186,0.6647940074906367,0.6186046511627907,0.9457364341085271,0.3774647887323944,0.6635514018691588,0.7635819521178637,0.6457775783808292,0.7529217305622112,0.7661379186802916
support,351.0,160.0,114.0,181.0,559.0,225.0,552.0,206.0,1783.0,242.0,117.0,4490.0,4490.0,4490.0,4490.0
