index,atrial fibrillation,left ventricular high voltage,nonspecific st t abnormality,sinus bradycardia,sinus rhythm,sinus tachycardia,supraventricular tachycardia,t wave abnormal,micro avg,macro avg,weighted avg,samples avg
precision,0.8795180722891566,0.6842105263157895,0.7169811320754716,0.9745547073791349,0.9633507853403142,0.8650306748466258,0.7894736842105263,0.684931506849315,0.8690568978955573,0.8197563861632917,0.8568805991138148,0.8587565104166667
recall,0.8248587570621468,0.609375,0.38,0.9896640826873385,0.9292929292929293,0.9463087248322147,0.7377049180327869,0.5434782608695652,0.805635838150289,0.7450853340971226,0.805635838150289,0.8265787760416667
f1-score,0.8513119533527697,0.6446280991735538,0.4967320261437908,0.9820512820512821,0.9460154241645244,0.9038461538461537,0.7627118644067797,0.6060606060606061,0.8361454818147732,0.7741696761499326,0.8258283001137994,0.8275623139880952
support,177.0,128.0,100.0,387.0,198.0,149.0,61.0,184.0,1384.0,1384.0,1384.0,1384.0
