index,abnormal QRS,atrial fibrillation,incomplete right bundle branch block,left anterior fascicular block,left axis deviation,left ventricular hypertrophy,myocardial infarction,myocardial ischemia,sinus rhythm,t wave abnormal,ventricular ectopics,micro avg,macro avg,weighted avg,samples avg
precision,0.5928853754940712,0.7818181818181819,0.6122448979591837,0.8407643312101911,0.7664092664092664,0.6131687242798354,0.7427937915742794,0.618421052631579,0.9351701782820098,0.5303867403314917,0.7647058823529411,0.8000941841299741,0.70897894748573,0.7893548325512045,0.8270919224309056
recall,0.42735042735042733,0.80625,0.5263157894736842,0.7292817679558011,0.7101967799642218,0.6622222222222223,0.6068840579710145,0.6844660194174758,0.9708356702187325,0.39669421487603307,0.6666666666666666,0.7567928730512249,0.6533785105560254,0.7567928730512249,0.7858495299173265
f1-score,0.4966887417218543,0.7938461538461539,0.5660377358490565,0.7810650887573963,0.7372330547818013,0.6367521367521367,0.6679960119641077,0.6497695852534562,0.9526692350027518,0.4539007092198582,0.7123287671232877,0.7778413643126932,0.6771170200247146,0.7699373587672229,0.7794773201552864
support,351.0,160.0,114.0,181.0,559.0,225.0,552.0,206.0,1783.0,242.0,117.0,4490.0,4490.0,4490.0,4490.0
