index,abnormal QRS,atrial fibrillation,incomplete right bundle branch block,left anterior fascicular block,left axis deviation,left ventricular hypertrophy,myocardial infarction,myocardial ischemia,sinus rhythm,t wave abnormal,ventricular ectopics,micro avg,macro avg,weighted avg,samples avg
precision,0.6490384615384616,0.8170731707317073,0.6533333333333333,0.8584070796460177,0.7575187969924813,0.6871508379888268,0.786046511627907,0.6862745098039216,0.9373626373626374,0.5525114155251142,0.7247706422018348,0.8220889555222389,0.7372261269774767,0.8088088125500608,0.843836572650132
recall,0.38461538461538464,0.8375,0.4298245614035088,0.5359116022099447,0.7209302325581395,0.5466666666666666,0.6123188405797102,0.5097087378640777,0.9568143578238923,0.5,0.6752136752136753,0.732739420935412,0.6099549144486365,0.732739420935412,0.7681183604912419
f1-score,0.48300536672629696,0.8271604938271605,0.5185185185185186,0.6598639455782311,0.7387717690192485,0.6089108910891088,0.6883910386965377,0.5849582172701949,0.9469886205939495,0.5249457700650759,0.6991150442477876,0.7748469147432877,0.6618754250574646,0.7635217618130862,0.7775773140179919
support,351.0,160.0,114.0,181.0,559.0,225.0,552.0,206.0,1783.0,242.0,117.0,4490.0,4490.0,4490.0,4490.0
