index,abnormal QRS,atrial fibrillation,incomplete right bundle branch block,left anterior fascicular block,left axis deviation,left ventricular hypertrophy,myocardial infarction,myocardial ischemia,sinus rhythm,t wave abnormal,ventricular ectopics,micro avg,macro avg,weighted avg,samples avg
precision,0.6141732283464567,0.8148148148148148,0.6597938144329897,0.8484848484848485,0.7880658436213992,0.6898395721925134,0.7394789579158316,0.6347826086956522,0.9286100594916171,0.538961038961039,0.625,0.8071942446043165,0.7165458897233784,0.7948113688043967,0.8325273215103723
recall,0.4444444444444444,0.825,0.5614035087719298,0.6187845303867403,0.6851520572450805,0.5733333333333334,0.6684782608695652,0.7087378640776699,0.9629837352776219,0.34297520661157027,0.6410256410256411,0.7496659242761693,0.6393016892766906,0.7496659242761693,0.7755862399930196
f1-score,0.515702479338843,0.8198757763975155,0.6066350710900474,0.7156549520766774,0.7330143540669857,0.6262135922330097,0.7021883920076117,0.6697247706422018,0.9454845814977973,0.4191919191919192,0.6329113924050633,0.7773672055427251,0.6715088437225156,0.7680178401747122,0.7765903384547452
support,351.0,160.0,114.0,181.0,559.0,225.0,552.0,206.0,1783.0,242.0,117.0,4490.0,4490.0,4490.0,4490.0
