index,1st degree av block,atrial fibrillation,premature atrial contraction,right bundle branch block,sinus rhythm,st depression,ventricular ectopics,micro avg,macro avg,weighted avg,samples avg
precision,0.7808219178082192,0.8307692307692308,0.5483870967741935,0.9398907103825137,0.6666666666666666,0.7903225806451613,0.8387096774193549,0.8140625,0.7707954114950486,0.8078998200043137,0.6916545366327025
recall,0.8142857142857143,0.9310344827586207,0.2833333333333333,0.8775510204081632,0.7586206896551724,0.5697674418604651,0.5842696629213483,0.7400568181818182,0.6884089064604024,0.7400568181818182,0.7052401746724891
f1-score,0.7972027972027972,0.8780487804878049,0.37362637362637363,0.9076517150395779,0.7096774193548386,0.6621621621621622,0.6887417218543046,0.7752976190476191,0.7167301385325512,0.76414924372297,0.6911208151382823
support,70.0,116.0,60.0,196.0,87.0,86.0,89.0,704.0,704.0,704.0,704.0
