index,1st degree av block,atrial fibrillation,premature atrial contraction,right bundle branch block,sinus rhythm,st depression,ventricular ectopics,micro avg,macro avg,weighted avg,samples avg
precision,0.7945205479452054,0.907563025210084,0.7142857142857143,0.9611111111111111,0.6794871794871795,0.8709677419354839,0.7575757575757576,0.8530884808013356,0.8122158682215053,0.8431413675589963,0.6868025230470645
recall,0.8285714285714286,0.9310344827586207,0.25,0.8826530612244898,0.6091954022988506,0.627906976744186,0.5617977528089888,0.7258522727272727,0.670165586343795,0.7258522727272727,0.6914119359534207
f1-score,0.8111888111888111,0.9191489361702128,0.37037037037037035,0.9202127659574467,0.6424242424242425,0.7297297297297297,0.6451612903225806,0.7843438219493477,0.7197480208804848,0.7699651113852539,0.682920912178554
support,70.0,116.0,60.0,196.0,87.0,86.0,89.0,704.0,704.0,704.0,704.0
