index,atrial fibrillation,left ventricular high voltage,nonspecific st t abnormality,sinus bradycardia,sinus rhythm,sinus tachycardia,supraventricular tachycardia,t wave abnormal,micro avg,macro avg,weighted avg,samples avg
precision,0.8867924528301887,0.6239316239316239,0.5925925925925926,1.0,0.9444444444444444,0.9112903225806451,0.8333333333333334,0.7062146892655368,0.8675762439807384,0.8123249323722956,0.8574016369191898,0.8159993489583334
recall,0.7966101694915254,0.5703125,0.32,0.9689922480620154,0.9444444444444444,0.7583892617449665,0.5737704918032787,0.6793478260869565,0.7810693641618497,0.7014833677041483,0.7810693641618497,0.79541015625
f1-score,0.8392857142857143,0.5959183673469387,0.41558441558441556,0.9842519685039369,0.9444444444444444,0.8278388278388278,0.6796116504854368,0.6925207756232687,0.8220532319391636,0.7474320205141229,0.8139618457808693,0.7914109002976191
support,177.0,128.0,100.0,387.0,198.0,149.0,61.0,184.0,1384.0,1384.0,1384.0,1384.0
