index,atrial fibrillation,left ventricular high voltage,nonspecific st t abnormality,sinus bradycardia,sinus rhythm,sinus tachycardia,supraventricular tachycardia,t wave abnormal,micro avg,macro avg,weighted avg,samples avg
precision,0.7857142857142857,0.5925925925925926,0.5375,0.9922077922077922,0.9487179487179487,0.9256756756756757,0.7407407407407407,0.6588235294117647,0.8312545854732208,0.7727465706326,0.8271952602069909,0.840576171875
recall,0.8700564971751412,0.625,0.43,0.9870801033591732,0.9343434343434344,0.9194630872483222,0.6557377049180327,0.6086956521739131,0.8186416184971098,0.7537970599022521,0.8186416184971098,0.832763671875
f1-score,0.8257372654155495,0.6083650190114068,0.47777777777777775,0.9896373056994819,0.94147582697201,0.9225589225589227,0.6956521739130433,0.632768361581921,0.8248998907899527,0.7617465816162641,0.8219156704024537,0.8194800967261904
support,177.0,128.0,100.0,387.0,198.0,149.0,61.0,184.0,1384.0,1384.0,1384.0,1384.0
