index,atrial fibrillation,left ventricular high voltage,nonspecific st t abnormality,sinus bradycardia,sinus rhythm,sinus tachycardia,supraventricular tachycardia,t wave abnormal,micro avg,macro avg,weighted avg,samples avg
precision,0.8734939759036144,0.7323943661971831,0.7049180327868853,0.9820971867007673,0.9414893617021277,0.9139072847682119,0.7619047619047619,0.7733333333333333,0.8887993553585818,0.8354422879121106,0.8744761054892148,0.86728515625
recall,0.8192090395480226,0.40625,0.43,0.9922480620155039,0.8939393939393939,0.9261744966442953,0.7868852459016393,0.6304347826086957,0.7969653179190751,0.7356426275821938,0.7969653179190751,0.8189290364583333
f1-score,0.8454810495626822,0.5226130653266332,0.5341614906832297,0.9871465295629821,0.917098445595855,0.92,0.7741935483870968,0.6946107784431138,0.8403809523809523,0.774413113445199,0.827807916225958,0.8286016555059523
support,177.0,128.0,100.0,387.0,198.0,149.0,61.0,184.0,1384.0,1384.0,1384.0,1384.0
