index,1st degree av block,atrial fibrillation,premature atrial contraction,right bundle branch block,sinus rhythm,st depression,ventricular ectopics,micro avg,macro avg,weighted avg,samples avg
precision,0.873015873015873,0.9098360655737705,0.6,0.8907103825136612,0.6857142857142857,0.7176470588235294,0.8545454545454545,0.8236245954692557,0.7902098743123677,0.8162793537796277,0.6715186802523048
recall,0.7857142857142857,0.9568965517241379,0.4,0.8316326530612245,0.5517241379310345,0.7093023255813954,0.5280898876404494,0.7230113636363636,0.6804799773789325,0.7230113636363636,0.6855895196506551
f1-score,0.8270676691729324,0.9327731092436975,0.48,0.8601583113456465,0.6114649681528662,0.7134502923976608,0.6527777777777777,0.7700453857791226,0.7253845897272259,0.7615608609884107,0.6720038816108685
support,70.0,116.0,60.0,196.0,87.0,86.0,89.0,704.0,704.0,704.0,704.0
