index,1st degree av block,atrial fibrillation,premature atrial contraction,right bundle branch block,sinus rhythm,st depression,ventricular ectopics,micro avg,macro avg,weighted avg,samples avg
precision,0.8620689655172413,0.8780487804878049,0.6,0.88,0.6888888888888889,0.7761194029850746,0.7297297297297297,0.8067484662576687,0.7735508239441058,0.798727321106233,0.6860747210092188
recall,0.7142857142857143,0.9310344827586207,0.4,0.8979591836734694,0.7126436781609196,0.6046511627906976,0.6067415730337079,0.7471590909090909,0.6953308278147328,0.7471590909090909,0.7074235807860262
f1-score,0.7812500000000001,0.903765690376569,0.48,0.888888888888889,0.7005649717514124,0.6797385620915033,0.6625766871165645,0.7758112094395281,0.7281121143178483,0.7683558754851145,0.6897137311984474
support,70.0,116.0,60.0,196.0,87.0,86.0,89.0,704.0,704.0,704.0,704.0
