index,1st degree av block,atrial fibrillation,premature atrial contraction,right bundle branch block,sinus rhythm,st depression,ventricular ectopics,micro avg,macro avg,weighted avg,samples avg
precision,0.8529411764705882,0.8604651162790697,0.6052631578947368,0.9395604395604396,0.7108433734939759,0.6979166666666666,0.7575757575757576,0.8141993957703928,0.7749379554201764,0.8086334101141979,0.7020863658418244
recall,0.8285714285714286,0.9568965517241379,0.38333333333333336,0.8724489795918368,0.6781609195402298,0.7790697674418605,0.5617977528089888,0.765625,0.7228969618588309,0.765625,0.7270742358078602
f1-score,0.8405797101449276,0.9061224489795918,0.4693877551020408,0.9047619047619048,0.6941176470588235,0.7362637362637364,0.6451612903225806,0.7891654465592973,0.7423420703762293,0.7820648492652584,0.706889859291606
support,70.0,116.0,60.0,196.0,87.0,86.0,89.0,704.0,704.0,704.0,704.0
