index,1st degree av block,atrial fibrillation,premature atrial contraction,right bundle branch block,sinus rhythm,st depression,ventricular ectopics,micro avg,macro avg,weighted avg,samples avg
precision,0.8333333333333334,0.896551724137931,0.5384615384615384,0.9441340782122905,0.686046511627907,0.7567567567567568,0.7868852459016393,0.8369747899159664,0.7774527412044853,0.8160386639894738,0.6686074721009219
recall,0.7857142857142857,0.896551724137931,0.11666666666666667,0.8622448979591837,0.6781609195402298,0.6511627906976745,0.5393258426966292,0.7073863636363636,0.6471181610589429,0.7073863636363636,0.6746724890829694
f1-score,0.8088235294117647,0.896551724137931,0.1917808219178082,0.9013333333333333,0.6820809248554913,0.7000000000000001,0.64,0.7667436489607391,0.6886529048080469,0.7461461224000754,0.6664240659873847
support,70.0,116.0,60.0,196.0,87.0,86.0,89.0,704.0,704.0,704.0,704.0
