index,atrial fibrillation,left ventricular high voltage,nonspecific st t abnormality,sinus bradycardia,sinus rhythm,sinus tachycardia,supraventricular tachycardia,t wave abnormal,micro avg,macro avg,weighted avg,samples avg
precision,0.8674033149171271,0.6115702479338843,0.6612903225806451,0.9922279792746114,0.9375,0.8924050632911392,0.7222222222222222,0.7753623188405797,0.8664122137404581,0.807497683632526,0.8578383059001515,0.8663736979166667
recall,0.8870056497175142,0.578125,0.41,0.9896640826873385,0.9090909090909091,0.9463087248322147,0.8524590163934426,0.5815217391304348,0.8200867052023122,0.7692718902314818,0.8200867052023122,0.83984375
f1-score,0.8770949720670391,0.5943775100401606,0.5061728395061729,0.9909443725743855,0.923076923076923,0.9185667752442996,0.7819548872180451,0.6645962732919255,0.8426132145508538,0.7820980691273689,0.8345805853790155,0.8360956101190475
support,177.0,128.0,100.0,387.0,198.0,149.0,61.0,184.0,1384.0,1384.0,1384.0,1384.0
