index,abnormal QRS,atrial fibrillation,incomplete right bundle branch block,left anterior fascicular block,left axis deviation,left ventricular hypertrophy,myocardial infarction,myocardial ischemia,sinus rhythm,t wave abnormal,ventricular ectopics,micro avg,macro avg,weighted avg,samples avg
precision,0.5551839464882943,0.7300613496932515,0.5537190082644629,0.7633136094674556,0.7789256198347108,0.6620689655172414,0.6863799283154122,0.5879828326180258,0.9327548806941431,0.5021459227467812,0.7525773195876289,0.7786470317533364,0.6822830348388552,0.772834531420179,0.8177355321423118
recall,0.47293447293447294,0.74375,0.5877192982456141,0.712707182320442,0.6744186046511628,0.4266666666666667,0.6938405797101449,0.6650485436893204,0.9646662927650028,0.4834710743801653,0.6239316239316239,0.7536748329621381,0.6408322126631468,0.7536748329621381,0.7801583665990445
f1-score,0.5107692307692308,0.7368421052631579,0.570212765957447,0.7371428571428571,0.7229146692233941,0.518918918918919,0.69009009009009,0.6241457858769932,0.9484422387648194,0.4926315789473685,0.6822429906542056,0.7659574468085106,0.6576684756007711,0.760820367818845,0.770675428302547
support,351.0,160.0,114.0,181.0,559.0,225.0,552.0,206.0,1783.0,242.0,117.0,4490.0,4490.0,4490.0,4490.0
