index,1st degree av block,atrial fibrillation,premature atrial contraction,right bundle branch block,sinus rhythm,st depression,ventricular ectopics,micro avg,macro avg,weighted avg,samples avg
precision,0.7837837837837838,0.8974358974358975,0.5,0.9252873563218391,0.6082474226804123,0.8,0.7428571428571429,0.7904468412942989,0.7510873718684393,0.7928346055312372,0.6690926734594856
recall,0.8285714285714286,0.9051724137931034,0.43333333333333335,0.8214285714285714,0.6781609195402298,0.6046511627906976,0.5842696629213483,0.7286931818181818,0.6936553560541017,0.7286931818181818,0.6928675400291121
f1-score,0.8055555555555555,0.9012875536480686,0.4642857142857143,0.8702702702702703,0.6413043478260869,0.6887417218543046,0.6540880503144654,0.7583148558758316,0.7179333162506379,0.7565446928416304,0.673216885007278
support,70.0,116.0,60.0,196.0,87.0,86.0,89.0,704.0,704.0,704.0,704.0
