index,atrial fibrillation,left ventricular high voltage,nonspecific st t abnormality,sinus bradycardia,sinus rhythm,sinus tachycardia,supraventricular tachycardia,t wave abnormal,micro avg,macro avg,weighted avg,samples avg
precision,0.8636363636363636,0.7254901960784313,0.6029411764705882,0.9896640826873385,0.9540816326530612,0.9019607843137255,0.8448275862068966,0.7105263157894737,0.8772478498827209,0.8241410172294849,0.863144612789501,0.8681640625
recall,0.8587570621468926,0.2890625,0.41,0.9896640826873385,0.9444444444444444,0.9261744966442953,0.8032786885245902,0.7336956521739131,0.8106936416184971,0.7443846158276842,0.8106936416184971,0.8317057291666667
f1-score,0.8611898016997167,0.41340782122905023,0.488095238095238,0.9896640826873385,0.949238578680203,0.9139072847682119,0.823529411764706,0.7219251336898396,0.8426586556515209,0.770119669076788,0.8268405076252987,0.8360165550595238
support,177.0,128.0,100.0,387.0,198.0,149.0,61.0,184.0,1384.0,1384.0,1384.0,1384.0
