index,abnormal QRS,atrial fibrillation,incomplete right bundle branch block,left anterior fascicular block,left axis deviation,left ventricular hypertrophy,myocardial infarction,myocardial ischemia,sinus rhythm,t wave abnormal,ventricular ectopics,micro avg,macro avg,weighted avg,samples avg
precision,0.6051502145922747,0.7924528301886793,0.6195652173913043,0.7333333333333333,0.7630057803468208,0.6815286624203821,0.7516778523489933,0.5404255319148936,0.9257265877287406,0.5454545454545454,0.7912087912087912,0.7972681524083394,0.7045026679026143,0.7848160122693458,0.8219062888554414
recall,0.4017094017094017,0.7875,0.5,0.7900552486187845,0.7084078711985689,0.47555555555555556,0.6086956521739131,0.616504854368932,0.9646662927650028,0.4214876033057851,0.6153846153846154,0.7409799554565701,0.6263606450073236,0.7409799554565701,0.7709192243090549
f1-score,0.4828767123287672,0.7899686520376177,0.5533980582524273,0.7606382978723405,0.7346938775510203,0.5602094240837696,0.6726726726726727,0.5759637188208616,0.9447953858829992,0.4755244755244755,0.6923076923076924,0.7680941936973336,0.6584589970304222,0.758129077144249,0.769525305965984
support,351.0,160.0,114.0,181.0,559.0,225.0,552.0,206.0,1783.0,242.0,117.0,4490.0,4490.0,4490.0,4490.0
