index,1st degree av block,atrial fibrillation,premature atrial contraction,right bundle branch block,sinus rhythm,st depression,ventricular ectopics,micro avg,macro avg,weighted avg,samples avg
precision,0.7702702702702703,0.8604651162790697,0.23076923076923078,0.9431818181818182,0.6354166666666666,0.6707317073170732,0.8360655737704918,0.7872670807453416,0.7067000547506602,0.7667850504430729,0.6586608442503639
recall,0.8142857142857143,0.9568965517241379,0.1,0.8469387755102041,0.7011494252873564,0.6395348837209303,0.5730337078651685,0.7201704545454546,0.661691294056216,0.7201704545454546,0.6841339155749636
f1-score,0.7916666666666666,0.9061224489795918,0.13953488372093023,0.8924731182795699,0.6666666666666666,0.6547619047619049,0.6799999999999999,0.7522255192878339,0.6758893841536185,0.7367233221077765,0.6622998544395924
support,70.0,116.0,60.0,196.0,87.0,86.0,89.0,704.0,704.0,704.0,704.0
