index,atrial fibrillation,left ventricular high voltage,nonspecific st t abnormality,sinus bradycardia,sinus rhythm,sinus tachycardia,supraventricular tachycardia,t wave abnormal,micro avg,macro avg,weighted avg,samples avg
precision,0.8457142857142858,0.7087378640776699,0.639344262295082,0.9947643979057592,0.934010152284264,0.8838709677419355,0.8035714285714286,0.7151898734177216,0.8694638694638694,0.8156504040010184,0.8573422699349407,0.85703125
recall,0.8361581920903954,0.5703125,0.39,0.9819121447028424,0.9292929292929293,0.9194630872483222,0.7377049180327869,0.6141304347826086,0.8085260115606936,0.7473717757687356,0.8085260115606936,0.826904296875
f1-score,0.8409090909090908,0.632034632034632,0.48447204968944096,0.9882964889466841,0.9316455696202531,0.9013157894736842,0.7692307692307693,0.6608187134502924,0.8378884312991388,0.7760903879193559,0.8294327195064831,0.8273739769345239
support,177.0,128.0,100.0,387.0,198.0,149.0,61.0,184.0,1384.0,1384.0,1384.0,1384.0
