index,1st degree av block,atrial fibrillation,premature atrial contraction,right bundle branch block,sinus rhythm,st depression,ventricular ectopics,micro avg,macro avg,weighted avg,samples avg
precision,0.8615384615384616,0.8870967741935484,0.43902439024390244,0.9289617486338798,0.6666666666666666,0.6842105263157895,0.78125,0.8003048780487805,0.7498212239417498,0.7926168175059325,0.6758854924793789
recall,0.8,0.9482758620689655,0.3,0.8673469387755102,0.6436781609195402,0.7558139534883721,0.5617977528089888,0.7457386363636364,0.6967018097230538,0.7457386363636364,0.7037845705967977
f1-score,0.8296296296296297,0.9166666666666667,0.3564356435643565,0.8970976253298153,0.6549707602339181,0.7182320441988952,0.6535947712418301,0.7720588235294118,0.7180895915521589,0.7649787317725731,0.6823871906841339
support,70.0,116.0,60.0,196.0,87.0,86.0,89.0,704.0,704.0,704.0,704.0
