index,atrial fibrillation,left ventricular high voltage,nonspecific st t abnormality,sinus bradycardia,sinus rhythm,sinus tachycardia,supraventricular tachycardia,t wave abnormal,micro avg,macro avg,weighted avg,samples avg
precision,0.8539325842696629,0.8113207547169812,0.527027027027027,0.982051282051282,0.9353233830845771,0.9172413793103448,0.8148148148148148,0.6569767441860465,0.8642462509865825,0.812335996182592,0.8527471769349542,0.8637637183779762
recall,0.8587570621468926,0.3359375,0.39,0.9896640826873385,0.9494949494949495,0.8926174496644296,0.7213114754098361,0.6141304347826086,0.7911849710982659,0.7189891192732569,0.7911849710982659,0.8207194010416667
f1-score,0.856338028169014,0.4751381215469614,0.4482758620689655,0.9858429858429858,0.9423558897243107,0.9047619047619048,0.7652173913043478,0.6348314606741572,0.8261033572236892,0.7515952055115809,0.811865297601594,0.8237392056727995
support,177.0,128.0,100.0,387.0,198.0,149.0,61.0,184.0,1384.0,1384.0,1384.0,1384.0
