index,abnormal QRS,atrial fibrillation,incomplete right bundle branch block,left anterior fascicular block,left axis deviation,left ventricular hypertrophy,myocardial infarction,myocardial ischemia,sinus rhythm,t wave abnormal,ventricular ectopics,micro avg,macro avg,weighted avg,samples avg
precision,0.6124031007751938,0.8581081081081081,0.5163934426229508,0.7635135135135135,0.8475750577367206,0.5949367088607594,0.7484143763213531,0.5921052631578947,0.9390581717451524,0.6707317073170732,0.8717948717948718,0.8165503489531406,0.7286394838139628,0.8086251701949002,0.832991950788561
recall,0.45014245014245013,0.79375,0.5526315789473685,0.6243093922651933,0.6565295169946332,0.6266666666666667,0.6413043478260869,0.6553398058252428,0.9506449803701627,0.22727272727272727,0.5811965811965812,0.7296213808463252,0.6145261861370103,0.7296213808463252,0.7605250528979343
f1-score,0.5188834154351395,0.8246753246753247,0.5338983050847459,0.6869300911854103,0.7399193548387095,0.6103896103896105,0.6907317073170731,0.6221198156682027,0.9448160535117057,0.3395061728395061,0.6974358974358974,0.7706422018348624,0.6553914316710295,0.7590279660239895,0.7686555593335255
support,351.0,160.0,114.0,181.0,559.0,225.0,552.0,206.0,1783.0,242.0,117.0,4490.0,4490.0,4490.0,4490.0
