index,atrial fibrillation,left ventricular high voltage,nonspecific st t abnormality,sinus bradycardia,sinus rhythm,sinus tachycardia,supraventricular tachycardia,t wave abnormal,micro avg,macro avg,weighted avg,samples avg
precision,0.8741721854304636,0.6835443037974683,0.7288135593220338,0.9870801033591732,0.9623655913978495,0.9558823529411765,0.7796610169491526,0.725609756097561,0.8886158886158886,0.8371411086618599,0.8751082936996607,0.8481608072916667
recall,0.7457627118644068,0.421875,0.43,0.9870801033591732,0.9040404040404041,0.87248322147651,0.7540983606557377,0.6467391304347826,0.7839595375722543,0.7202598664788767,0.7839595375722543,0.8019205729166666
f1-score,0.8048780487804879,0.5217391304347825,0.540880503144654,0.9870801033591732,0.9322916666666667,0.9122807017543859,0.7666666666666666,0.6839080459770114,0.8330134357005758,0.7687156083479785,0.8225891584769539,0.8102701822916667
support,177.0,128.0,100.0,387.0,198.0,149.0,61.0,184.0,1384.0,1384.0,1384.0,1384.0
