index,atrial fibrillation,left ventricular high voltage,nonspecific st t abnormality,sinus bradycardia,sinus rhythm,sinus tachycardia,supraventricular tachycardia,t wave abnormal,micro avg,macro avg,weighted avg,samples avg
precision,0.8390804597701149,0.6964285714285714,0.5764705882352941,0.9947780678851175,0.972972972972973,0.9155844155844156,0.8,0.7058823529411765,0.8716323296354992,0.8126496786022078,0.8584099343418646,0.8529459635416667
recall,0.8248587570621468,0.3046875,0.49,0.9844961240310077,0.9090909090909091,0.9463087248322147,0.7213114754098361,0.6521739130434783,0.7947976878612717,0.7291159254336992,0.7947976878612717,0.8151041666666666
f1-score,0.8319088319088318,0.42391304347826086,0.5297297297297296,0.9896103896103896,0.9399477806788512,0.9306930693069307,0.7586206896551724,0.6779661016949153,0.8314436885865457,0.7602987045078853,0.8188334387624635,0.8189964657738095
support,177.0,128.0,100.0,387.0,198.0,149.0,61.0,184.0,1384.0,1384.0,1384.0,1384.0
