index,abnormal QRS,atrial fibrillation,incomplete right bundle branch block,left anterior fascicular block,left axis deviation,left ventricular hypertrophy,myocardial infarction,myocardial ischemia,sinus rhythm,t wave abnormal,ventricular ectopics,micro avg,macro avg,weighted avg,samples avg
precision,0.6763005780346821,0.7567567567567568,0.6222222222222222,0.8022598870056498,0.8,0.6776315789473685,0.75,0.6163793103448276,0.9288025889967637,0.53125,0.7075471698113207,0.8118569328760411,0.715377281101781,0.7979168675046676,0.8355463211395415
recall,0.3333333333333333,0.875,0.49122807017543857,0.7845303867403315,0.6654740608228981,0.4577777777777778,0.6195652173913043,0.6941747572815534,0.96578799775659,0.4214876033057851,0.6410256410256411,0.7380846325167038,0.6317622586918776,0.7380846325167038,0.7703847915712323
f1-score,0.4465648854961832,0.8115942028985507,0.5490196078431373,0.793296089385475,0.7265624999999999,0.5464190981432362,0.6785714285714286,0.6529680365296804,0.9469342864998626,0.4700460829493088,0.6726457399103138,0.7732151189920672,0.6631474507479251,0.7598628708011319,0.7759794463184293
support,351.0,160.0,114.0,181.0,559.0,225.0,552.0,206.0,1783.0,242.0,117.0,4490.0,4490.0,4490.0,4490.0
