index,atrial fibrillation,left ventricular high voltage,nonspecific st t abnormality,sinus bradycardia,sinus rhythm,sinus tachycardia,supraventricular tachycardia,t wave abnormal,micro avg,macro avg,weighted avg,samples avg
precision,0.9056603773584906,0.6063829787234043,0.5542168674698795,0.9948186528497409,0.958974358974359,0.9256756756756757,0.7540983606557377,0.6455696202531646,0.8590342679127726,0.7931746114950564,0.8460425016965806,0.8438313802083334
recall,0.8135593220338984,0.4453125,0.46,0.9922480620155039,0.9444444444444444,0.9194630872483222,0.7540983606557377,0.5543478260869565,0.7969653179190751,0.7354342003106078,0.7969653179190751,0.8186848958333333
f1-score,0.8571428571428572,0.5135135135135135,0.5027322404371585,0.9935316946959897,0.9516539440203563,0.9225589225589227,0.7540983606557377,0.5964912280701755,0.8268365817091454,0.761465345136839,0.8192609477437152,0.814457775297619
support,177.0,128.0,100.0,387.0,198.0,149.0,61.0,184.0,1384.0,1384.0,1384.0,1384.0
