index,abnormal QRS,atrial fibrillation,incomplete right bundle branch block,left anterior fascicular block,left axis deviation,left ventricular hypertrophy,myocardial infarction,myocardial ischemia,sinus rhythm,t wave abnormal,ventricular ectopics,micro avg,macro avg,weighted avg,samples avg
precision,0.6378600823045267,0.7986577181208053,0.5876288659793815,0.7172774869109948,0.7355516637478109,0.7478991596638656,0.7027027027027027,0.6983240223463687,0.9341317365269461,0.5529411764705883,0.8125,0.8042850264805007,0.720497692252181,0.7915633679351503,0.8282513142682634
recall,0.4415954415954416,0.74375,0.5,0.7569060773480663,0.7513416815742398,0.39555555555555555,0.6594202898550725,0.6067961165048543,0.9624228827818284,0.3884297520661157,0.5555555555555556,0.744097995545657,0.6147066684397027,0.744097995545657,0.7720993390484915
f1-score,0.521885521885522,0.7702265372168285,0.5402843601895734,0.7365591397849462,0.743362831858407,0.5174418604651162,0.6803738317757009,0.6493506493506493,0.9480662983425414,0.45631067961165045,0.6598984771573604,0.7730217491901897,0.6567054716034815,0.7618400962711137,0.7724633563616615
support,351.0,160.0,114.0,181.0,559.0,225.0,552.0,206.0,1783.0,242.0,117.0,4490.0,4490.0,4490.0,4490.0
