index,abnormal QRS,atrial fibrillation,incomplete right bundle branch block,left anterior fascicular block,left axis deviation,left ventricular hypertrophy,myocardial infarction,myocardial ischemia,sinus rhythm,t wave abnormal,ventricular ectopics,micro avg,macro avg,weighted avg,samples avg
precision,0.6407766990291263,0.8193548387096774,0.631578947368421,0.8492063492063492,0.7766393442622951,0.6851851851851852,0.7221006564551422,0.6975308641975309,0.9286097691894794,0.6288659793814433,0.7634408602150538,0.8250512295081968,0.7402990448363368,0.8039051428455798,0.8463178675043082
recall,0.37606837606837606,0.79375,0.5263157894736842,0.5911602209944752,0.6779964221824687,0.49333333333333335,0.5978260869565217,0.5485436893203883,0.9702748177229389,0.25206611570247933,0.6068376068376068,0.7173719376391983,0.5849247689629339,0.7173719376391983,0.7551272822459263
f1-score,0.47396768402154393,0.8063492063492063,0.5741626794258373,0.6970684039087948,0.7239732569245463,0.5736434108527132,0.6541129831516352,0.6141304347826086,0.9489851892484915,0.35988200589970504,0.6761904761904762,0.7674529425780321,0.64567870279596,0.7497997404385632,0.7708482437295996
support,351.0,160.0,114.0,181.0,559.0,225.0,552.0,206.0,1783.0,242.0,117.0,4490.0,4490.0,4490.0,4490.0
