index,atrial fibrillation,left ventricular high voltage,nonspecific st t abnormality,sinus bradycardia,sinus rhythm,sinus tachycardia,supraventricular tachycardia,t wave abnormal,micro avg,macro avg,weighted avg,samples avg
precision,0.8105263157894737,0.6818181818181818,0.5319148936170213,0.9922279792746114,0.9289340101522843,0.9241379310344827,0.8490566037735849,0.7278911564625851,0.8615023474178404,0.8058133839902781,0.849183174755806,0.8606363932291666
recall,0.8700564971751412,0.3515625,0.5,0.9896640826873385,0.9242424242424242,0.8993288590604027,0.7377049180327869,0.5815217391304348,0.7955202312138728,0.7317601275410661,0.7955202312138728,0.8202311197916667
f1-score,0.8392370572207083,0.4639175257731959,0.5154639175257731,0.9909443725743855,0.9265822784810126,0.9115646258503401,0.7894736842105263,0.6465256797583082,0.8271975957926372,0.7604636426742812,0.8160211752667709,0.8223384796626985
support,177.0,128.0,100.0,387.0,198.0,149.0,61.0,184.0,1384.0,1384.0,1384.0,1384.0
