index,1st degree av block,atrial fibrillation,premature atrial contraction,right bundle branch block,sinus rhythm,st depression,ventricular ectopics,micro avg,macro avg,weighted avg,samples avg
precision,0.859375,0.9224137931034483,0.5675675675675675,0.9213483146067416,0.6947368421052632,0.6551724137931034,0.6179775280898876,0.7943485086342229,0.7483702084665731,0.7863373672817332,0.6705482775351771
recall,0.7857142857142857,0.9224137931034483,0.35,0.8367346938775511,0.7586206896551724,0.4418604651162791,0.6179775280898876,0.71875,0.6733316365080891,0.71875,0.6885007278020379
f1-score,0.8208955223880597,0.9224137931034483,0.43298969072164945,0.877005347593583,0.7252747252747253,0.5277777777777777,0.6179775280898876,0.7546607009694257,0.7034763407070186,0.746907537111641,0.6720038816108685
support,70.0,116.0,60.0,196.0,87.0,86.0,89.0,704.0,704.0,704.0,704.0
