index,1st degree av block,atrial fibrillation,premature atrial contraction,right bundle branch block,sinus rhythm,st depression,ventricular ectopics,micro avg,macro avg,weighted avg,samples avg
precision,0.8169014084507042,0.8991596638655462,0.4444444444444444,0.9347826086956522,0.5747126436781609,0.75,0.9019607843137255,0.8056872037914692,0.7602802219211764,0.8041820843393306,0.6698204754973314
recall,0.8285714285714286,0.9224137931034483,0.3333333333333333,0.8775510204081632,0.5747126436781609,0.6627906976744186,0.5168539325842697,0.7244318181818182,0.6737466927647461,0.7244318181818182,0.6877729257641921
f1-score,0.822695035460993,0.9106382978723405,0.380952380952381,0.9052631578947369,0.5747126436781609,0.7037037037037037,0.6571428571428573,0.762902019446522,0.7078725823864535,0.7564142750627915,0.6719553614750121
support,70.0,116.0,60.0,196.0,87.0,86.0,89.0,704.0,704.0,704.0,704.0
