index,atrial fibrillation,left ventricular high voltage,nonspecific st t abnormality,sinus bradycardia,sinus rhythm,sinus tachycardia,supraventricular tachycardia,t wave abnormal,micro avg,macro avg,weighted avg,samples avg
precision,0.8444444444444444,0.6388888888888888,0.49122807017543857,0.979381443298969,0.958974358974359,0.8520710059171598,0.7575757575757576,0.6938775510204082,0.8392186326070623,0.7770551900369282,0.8310035863996715,0.858935546875
recall,0.8587570621468926,0.359375,0.56,0.9819121447028424,0.9444444444444444,0.9664429530201343,0.819672131147541,0.5543478260869565,0.8070809248554913,0.7556189451936015,0.8070809248554913,0.8324381510416667
f1-score,0.8515406162464986,0.45999999999999996,0.5233644859813084,0.9806451612903226,0.9516539440203563,0.9056603773584906,0.7874015748031497,0.6163141993957705,0.8228360957642726,0.759572544886987,0.8137666192105315,0.8283877418154761
support,177.0,128.0,100.0,387.0,198.0,149.0,61.0,184.0,1384.0,1384.0,1384.0,1384.0
