index,atrial fibrillation,left ventricular high voltage,nonspecific st t abnormality,sinus bradycardia,sinus rhythm,sinus tachycardia,supraventricular tachycardia,t wave abnormal,micro avg,macro avg,weighted avg,samples avg
precision,0.88125,0.68,0.5789473684210527,0.9844961240310077,0.9489795918367347,0.8588957055214724,0.8108108108108109,0.7134146341463414,0.8664546899841018,0.8070992793459275,0.8515297386494683,0.84521484375
recall,0.7966101694915254,0.3984375,0.44,0.9844961240310077,0.9393939393939394,0.9395973154362416,0.4918032786885246,0.6358695652173914,0.7875722543352601,0.7032759865323288,0.7875722543352601,0.81298828125
f1-score,0.8367952522255192,0.5024630541871921,0.5,0.9844961240310077,0.9441624365482234,0.8974358974358976,0.6122448979591837,0.6724137931034483,0.8251324753974263,0.743751431936309,0.8129777589891034,0.8134161086309524
support,177.0,128.0,100.0,387.0,198.0,149.0,61.0,184.0,1384.0,1384.0,1384.0,1384.0
