index,1st degree av block,atrial fibrillation,premature atrial contraction,right bundle branch block,sinus rhythm,st depression,ventricular ectopics,micro avg,macro avg,weighted avg,samples avg
precision,0.8852459016393442,0.864,0.5454545454545454,0.953757225433526,0.6261682242990654,0.8082191780821918,0.7910447761194029,0.8200312989045383,0.7819842644325822,0.8185246760379432,0.7016011644832606
recall,0.7714285714285715,0.9310344827586207,0.3,0.8418367346938775,0.7701149425287356,0.686046511627907,0.5955056179775281,0.7443181818181818,0.6994238372878915,0.7443181818181818,0.7125181950509462
f1-score,0.8244274809160306,0.8962655601659751,0.3870967741935483,0.8943089430894309,0.6907216494845361,0.7421383647798743,0.6794871794871795,0.7803425167535368,0.7306351360166536,0.7735484798169026,0.699126637554585
support,70.0,116.0,60.0,196.0,87.0,86.0,89.0,704.0,704.0,704.0,704.0
