index,1st degree av block,atrial fibrillation,premature atrial contraction,right bundle branch block,sinus rhythm,st depression,ventricular ectopics,micro avg,macro avg,weighted avg,samples avg
precision,0.6428571428571429,0.9,0.5714285714285714,0.9259259259259259,0.6736842105263158,0.7272727272727273,0.8169014084507042,0.7985185185185185,0.7511528552087696,0.7940730141769211,0.6892285298398836
recall,0.7714285714285715,0.9310344827586207,0.26666666666666666,0.8928571428571429,0.735632183908046,0.7441860465116279,0.651685393258427,0.765625,0.713355783912729,0.765625,0.722707423580786
f1-score,0.7012987012987013,0.9152542372881356,0.36363636363636365,0.9090909090909091,0.7032967032967034,0.735632183908046,0.725,0.7817258883248732,0.7218870140741227,0.7730633261636903,0.6985929160601649
support,70.0,116.0,60.0,196.0,87.0,86.0,89.0,704.0,704.0,704.0,704.0
