index,abnormal QRS,atrial fibrillation,incomplete right bundle branch block,left anterior fascicular block,left axis deviation,left ventricular hypertrophy,myocardial infarction,myocardial ischemia,sinus rhythm,t wave abnormal,ventricular ectopics,micro avg,macro avg,weighted avg,samples avg
precision,0.5938566552901023,0.806060606060606,0.6138613861386139,0.7087378640776699,0.758,0.7103825136612022,0.6847635726795096,0.5370370370370371,0.9288793103448276,0.5549738219895288,0.6890756302521008,0.7793490460157126,0.6896025815937453,0.7748262017199692,0.8181832558951203
recall,0.49572649572649574,0.83125,0.543859649122807,0.8066298342541437,0.6779964221824687,0.5777777777777777,0.7083333333333334,0.7038834951456311,0.9669097027481772,0.4380165289256198,0.7008547008547008,0.7732739420935412,0.677385267279196,0.7732739420935412,0.7956983618000566
f1-score,0.5403726708074534,0.8184615384615385,0.5767441860465117,0.7545219638242895,0.7157695939565627,0.6372549019607842,0.6963490650044525,0.6092436974789917,0.9475130530365485,0.489607390300231,0.6949152542372881,0.7762996087199552,0.680068483192241,0.7718339097009733,0.7791405647337851
support,351.0,160.0,114.0,181.0,559.0,225.0,552.0,206.0,1783.0,242.0,117.0,4490.0,4490.0,4490.0,4490.0
