index,1st degree av block,atrial fibrillation,premature atrial contraction,right bundle branch block,sinus rhythm,st depression,ventricular ectopics,micro avg,macro avg,weighted avg,samples avg
precision,0.8055555555555556,0.9469026548672567,0.4878048780487805,0.9361702127659575,0.6153846153846154,0.7638888888888888,0.7123287671232876,0.8100470957613815,0.7525765103763346,0.7977520134878179,0.6795245026686074
recall,0.8285714285714286,0.9224137931034483,0.3333333333333333,0.8979591836734694,0.5517241379310345,0.6395348837209303,0.5842696629213483,0.7329545454545454,0.6796866318935704,0.7329545454545454,0.6965065502183406
f1-score,0.8169014084507044,0.9344978165938865,0.39603960396039606,0.9166666666666666,0.5818181818181819,0.6962025316455697,0.6419753086419753,0.7695749440715883,0.7120145025396258,0.7622745599851807,0.6804949053857351
support,70.0,116.0,60.0,196.0,87.0,86.0,89.0,704.0,704.0,704.0,704.0
