index,abnormal QRS,atrial fibrillation,incomplete right bundle branch block,left anterior fascicular block,left axis deviation,left ventricular hypertrophy,myocardial infarction,myocardial ischemia,sinus rhythm,t wave abnormal,ventricular ectopics,micro avg,macro avg,weighted avg,samples avg
precision,0.6100917431192661,0.823170731707317,0.5137614678899083,0.7360406091370558,0.7203791469194313,0.6517857142857143,0.7410526315789474,0.6435643564356436,0.9236559139784947,0.5673758865248227,0.6981132075471698,0.7911757911757912,0.6935446735567065,0.7782813852664902,0.8180201993761316
recall,0.3789173789173789,0.84375,0.49122807017543857,0.8011049723756906,0.815742397137746,0.6488888888888888,0.6376811594202898,0.6310679611650486,0.9635445877734156,0.3305785123966942,0.6324786324786325,0.7628062360801782,0.6522711418844748,0.7628062360801782,0.7864450406823288
f1-score,0.4674868189806678,0.8333333333333331,0.5022421524663677,0.7671957671957672,0.7651006711409397,0.6503340757238308,0.685491723466407,0.6372549019607844,0.943178698874554,0.4177545691906005,0.663677130044843,0.776732055788638,0.6666408947616451,0.765624962016676,0.7766029511792223
support,351.0,160.0,114.0,181.0,559.0,225.0,552.0,206.0,1783.0,242.0,117.0,4490.0,4490.0,4490.0,4490.0
