index,atrial fibrillation,left ventricular high voltage,nonspecific st t abnormality,sinus bradycardia,sinus rhythm,sinus tachycardia,supraventricular tachycardia,t wave abnormal,micro avg,macro avg,weighted avg,samples avg
precision,0.8982035928143712,0.8051948051948052,0.5232558139534884,0.9770408163265306,0.9587628865979382,0.9251700680272109,0.8918918918918919,0.7777777777777778,0.8915171288743883,0.8446622065730018,0.8798332778220792,0.8549967447916667
recall,0.847457627118644,0.484375,0.45,0.9896640826873385,0.9393939393939394,0.912751677852349,0.5409836065573771,0.532608695652174,0.7897398843930635,0.7121543286577278,0.7897398843930635,0.8108723958333333
f1-score,0.872093023255814,0.6048780487804878,0.48387096774193555,0.9833119383825417,0.9489795918367346,0.9189189189189189,0.673469387755102,0.632258064516129,0.8375478927203065,0.7647224926484579,0.8258292391004624,0.8186453683035715
support,177.0,128.0,100.0,387.0,198.0,149.0,61.0,184.0,1384.0,1384.0,1384.0,1384.0
