index,1st degree av block,atrial fibrillation,premature atrial contraction,right bundle branch block,sinus rhythm,st depression,ventricular ectopics,micro avg,macro avg,weighted avg,samples avg
precision,0.9016393442622951,0.8879310344827587,0.6,0.9214659685863874,0.7021276595744681,0.8142857142857143,0.7903225806451613,0.8436482084690554,0.8025389002623978,0.8297932832816223,0.6974769529354683
recall,0.7857142857142857,0.8879310344827587,0.2,0.8979591836734694,0.7586206896551724,0.6627906976744186,0.550561797752809,0.7357954545454546,0.677653955564702,0.7357954545454546,0.7037845705967977
f1-score,0.8396946564885497,0.8879310344827587,0.3,0.9095607235142119,0.729281767955801,0.7307692307692307,0.6490066225165563,0.7860394537177542,0.7208920051038726,0.7700394670813439,0.6933527413876759
support,70.0,116.0,60.0,196.0,87.0,86.0,89.0,704.0,704.0,704.0,704.0
