index,atrial fibrillation,left ventricular high voltage,nonspecific st t abnormality,sinus bradycardia,sinus rhythm,sinus tachycardia,supraventricular tachycardia,t wave abnormal,micro avg,macro avg,weighted avg,samples avg
precision,0.8626373626373627,0.6990291262135923,0.5540540540540541,0.9896373056994818,0.9583333333333334,0.9197080291970803,0.8333333333333334,0.7397260273972602,0.875594294770206,0.8195573214831873,0.8629241349552399,0.849853515625
recall,0.8870056497175142,0.5625,0.41,0.9870801033591732,0.9292929292929293,0.8456375838926175,0.5737704918032787,0.5869565217391305,0.7984104046242775,0.7227804099755804,0.7984104046242775,0.81689453125
f1-score,0.8746518105849582,0.6233766233766233,0.4712643678160919,0.9883570504527814,0.9435897435897437,0.8811188811188813,0.6796116504854368,0.6545454545454545,0.8352229780801209,0.7645644477462464,0.8267603687904904,0.8183337983630953
support,177.0,128.0,100.0,387.0,198.0,149.0,61.0,184.0,1384.0,1384.0,1384.0,1384.0
