index,atrial fibrillation,left ventricular high voltage,nonspecific st t abnormality,sinus bradycardia,sinus rhythm,sinus tachycardia,supraventricular tachycardia,t wave abnormal,micro avg,macro avg,weighted avg,samples avg
precision,0.8982035928143712,0.6774193548387096,0.5180722891566265,0.9922480620155039,0.9536082474226805,0.9375,0.6911764705882353,0.6727272727272727,0.8583657587548638,0.792619411195425,0.8496708512576246,0.8398600260416667
recall,0.847457627118644,0.4921875,0.43,0.9922480620155039,0.9343434343434344,0.8053691275167785,0.7704918032786885,0.6032608695652174,0.7969653179190751,0.7344198029797834,0.7969653179190751,0.8168131510416667
f1-score,0.872093023255814,0.5701357466063348,0.46994535519125685,0.9922480620155039,0.9438775510204083,0.8664259927797834,0.7286821705426356,0.6361031518624641,0.8265267890595729,0.7599388816592751,0.8206721073504613,0.811669921875
support,177.0,128.0,100.0,387.0,198.0,149.0,61.0,184.0,1384.0,1384.0,1384.0,1384.0
