index,atrial fibrillation,left ventricular high voltage,nonspecific st t abnormality,sinus bradycardia,sinus rhythm,sinus tachycardia,supraventricular tachycardia,t wave abnormal,micro avg,macro avg,weighted avg,samples avg
precision,0.8950617283950617,0.7096774193548387,0.7014925373134329,0.9869451697127938,0.9444444444444444,0.9230769230769231,0.8214285714285714,0.7062937062937062,0.8896210873146623,0.8360525625024715,0.8713622228086604,0.8636997767857142
recall,0.8192090395480226,0.34375,0.47,0.9767441860465116,0.9444444444444444,0.8859060402684564,0.7540983606557377,0.5489130434782609,0.7803468208092486,0.7178831393051791,0.7803468208092486,0.80517578125
f1-score,0.855457227138643,0.4631578947368421,0.562874251497006,0.9818181818181818,0.9444444444444444,0.904109589041096,0.7863247863247863,0.6177370030581041,0.8314087759815243,0.764490422257388,0.816685657903771,0.8185360863095239
support,177.0,128.0,100.0,387.0,198.0,149.0,61.0,184.0,1384.0,1384.0,1384.0,1384.0
