index,abnormal QRS,atrial fibrillation,incomplete right bundle branch block,left anterior fascicular block,left axis deviation,left ventricular hypertrophy,myocardial infarction,myocardial ischemia,sinus rhythm,t wave abnormal,ventricular ectopics,micro avg,macro avg,weighted avg,samples avg
precision,0.6093189964157706,0.8269230769230769,0.5697674418604651,0.7578947368421053,0.7717996289424861,0.6700507614213198,0.7056603773584905,0.6178343949044586,0.9276848354020507,0.5584415584415584,0.735632183908046,0.7994323557237465,0.7046370902199843,0.7845391553503227,0.8289524391219306
recall,0.4843304843304843,0.80625,0.4298245614035088,0.7955801104972375,0.7441860465116279,0.5866666666666667,0.677536231884058,0.470873786407767,0.9641054402692092,0.35537190082644626,0.5470085470085471,0.7527839643652561,0.6237939796186865,0.7527839643652561,0.7765558536744978
f1-score,0.5396825396825397,0.8164556962025316,0.49000000000000005,0.7762803234501348,0.7577413479052824,0.6255924170616114,0.6913123844731978,0.5344352617079889,0.9455445544554456,0.4343434343434343,0.6274509803921569,0.7754072034870384,0.6580762672431203,0.7654545312328441,0.776091931176677
support,351.0,160.0,114.0,181.0,559.0,225.0,552.0,206.0,1783.0,242.0,117.0,4490.0,4490.0,4490.0,4490.0
