index,1st degree av block,atrial fibrillation,premature atrial contraction,right bundle branch block,sinus rhythm,st depression,ventricular ectopics,micro avg,macro avg,weighted avg,samples avg
precision,0.8870967741935484,0.9541284403669725,0.5263157894736842,0.9502762430939227,0.7471264367816092,0.7910447761194029,0.8727272727272727,0.8741379310344828,0.8183879618223446,0.8541354294175325,0.6933527413876759
recall,0.7857142857142857,0.896551724137931,0.16666666666666666,0.8775510204081632,0.7471264367816092,0.6162790697674418,0.5393258426966292,0.7201704545454546,0.6613164351675324,0.7201704545454546,0.6870451237263464
f1-score,0.8333333333333333,0.9244444444444444,0.25316455696202533,0.9124668435013261,0.7471264367816093,0.6928104575163397,0.6666666666666667,0.7897196261682243,0.7185732484579636,0.7720416140804104,0.6853469189713731
support,70.0,116.0,60.0,196.0,87.0,86.0,89.0,704.0,704.0,704.0,704.0
