index,abnormal QRS,atrial fibrillation,incomplete right bundle branch block,left anterior fascicular block,left axis deviation,left ventricular hypertrophy,myocardial infarction,myocardial ischemia,sinus rhythm,t wave abnormal,ventricular ectopics,micro avg,macro avg,weighted avg,samples avg
precision,0.6047297297297297,0.85,0.6477272727272727,0.7202072538860104,0.7268041237113402,0.7261904761904762,0.7343453510436433,0.6829268292682927,0.9339519650655022,0.5042372881355932,0.6557377049180327,0.7932692307692307,0.7078961813341722,0.7866725097991719,0.8183201361167463
recall,0.50997150997151,0.85,0.5,0.7679558011049724,0.7567084078711985,0.5422222222222223,0.7010869565217391,0.5436893203883495,0.9596186203028604,0.49173553719008267,0.6837606837606838,0.7717149220489977,0.6642499144848745,0.7717149220489977,0.7956460092053312
f1-score,0.5533230293663061,0.85,0.5643564356435643,0.7433155080213903,0.7414548641542507,0.6208651399491095,0.7173308619091752,0.6054054054054056,0.9466113416320885,0.497907949790795,0.6694560669456067,0.782343644163468,0.6827296911652447,0.777409644671044,0.7810805471822421
support,351.0,160.0,114.0,181.0,559.0,225.0,552.0,206.0,1783.0,242.0,117.0,4490.0,4490.0,4490.0,4490.0
