index,1st degree av block,atrial fibrillation,premature atrial contraction,right bundle branch block,sinus rhythm,st depression,ventricular ectopics,micro avg,macro avg,weighted avg,samples avg
precision,0.8059701492537313,0.9152542372881356,0.45652173913043476,0.9293478260869565,0.7702702702702703,0.726027397260274,0.8070175438596491,0.8239095315024233,0.7729155947356359,0.8144990217549151,0.6783114992721979
recall,0.7714285714285715,0.9310344827586207,0.35,0.8724489795918368,0.6551724137931034,0.6162790697674418,0.5168539325842697,0.7244318181818182,0.6733167785605492,0.7244318181818182,0.6906841339155749
f1-score,0.7883211678832117,0.923076923076923,0.39622641509433965,0.8999999999999999,0.7080745341614907,0.6666666666666667,0.6301369863013698,0.7709750566893424,0.7160718133120002,0.7634247149440528,0.6778262979136341
support,70.0,116.0,60.0,196.0,87.0,86.0,89.0,704.0,704.0,704.0,704.0
