index,abnormal QRS,atrial fibrillation,incomplete right bundle branch block,left anterior fascicular block,left axis deviation,left ventricular hypertrophy,myocardial infarction,myocardial ischemia,sinus rhythm,t wave abnormal,ventricular ectopics,micro avg,macro avg,weighted avg,samples avg
precision,0.6408163265306123,0.75,0.5609756097560976,0.8231292517006803,0.7001569858712716,0.6774193548387096,0.7902439024390244,0.6570048309178744,0.9429678848283499,0.5384615384615384,0.7777777777777778,0.805,0.7144503148292669,0.7964027427383247,0.8232630936020767
recall,0.4472934472934473,0.8625,0.6052631578947368,0.6685082872928176,0.7978533094812165,0.56,0.5869565217391305,0.6601941747572816,0.9551318003365115,0.34710743801652894,0.6581196581196581,0.7530066815144766,0.649902526811939,0.7530066815144766,0.779818074733329
f1-score,0.5268456375838926,0.8023255813953489,0.5822784810126583,0.7378048780487805,0.7458193979933111,0.613138686131387,0.6735966735966735,0.6585956416464892,0.9490108665366397,0.4221105527638191,0.712962962962963,0.7781357882623705,0.6749535781519965,0.7690949779309971,0.7757162240213087
support,351.0,160.0,114.0,181.0,559.0,225.0,552.0,206.0,1783.0,242.0,117.0,4490.0,4490.0,4490.0,4490.0
