index,1st degree av block,atrial fibrillation,premature atrial contraction,right bundle branch block,sinus rhythm,st depression,ventricular ectopics,micro avg,macro avg,weighted avg,samples avg
precision,0.873015873015873,0.9159663865546218,0.64,0.9395604395604396,0.7023809523809523,0.8620689655172413,0.8627450980392157,0.865979381443299,0.827962530724049,0.855037564946604,0.6858321203299369
recall,0.7857142857142857,0.9396551724137931,0.26666666666666666,0.8724489795918368,0.6781609195402298,0.5813953488372093,0.4943820224719101,0.7159090909090909,0.6597747707479903,0.7159090909090909,0.6841339155749636
f1-score,0.8270676691729324,0.9276595744680851,0.37647058823529406,0.9047619047619048,0.6900584795321637,0.6944444444444445,0.6285714285714286,0.7838258164852256,0.7212905841694648,0.7686434420344201,0.6790393013100436
support,70.0,116.0,60.0,196.0,87.0,86.0,89.0,704.0,704.0,704.0,704.0
