index,atrial fibrillation,left ventricular high voltage,nonspecific st t abnormality,sinus bradycardia,sinus rhythm,sinus tachycardia,supraventricular tachycardia,t wave abnormal,micro avg,macro avg,weighted avg,samples avg
precision,0.8729281767955801,0.6534653465346535,0.639344262295082,0.9896907216494846,0.9742268041237113,0.9251700680272109,0.5975609756097561,0.75,0.8709175738724728,0.8002982943794348,0.8600397789175264,0.8675944010416666
recall,0.8926553672316384,0.515625,0.39,0.9922480620155039,0.9545454545454546,0.912751677852349,0.8032786885245902,0.5380434782608695,0.8092485549132948,0.7498934660538007,0.8092485549132948,0.83447265625
f1-score,0.88268156424581,0.576419213973799,0.48447204968944096,0.990967741935484,0.9642857142857142,0.9189189189189189,0.6853146853146853,0.6265822784810126,0.8389513108614233,0.7662052708556082,0.828692805455436,0.8339239211309523
support,177.0,128.0,100.0,387.0,198.0,149.0,61.0,184.0,1384.0,1384.0,1384.0,1384.0
