index,atrial fibrillation,left ventricular high voltage,nonspecific st t abnormality,sinus bradycardia,sinus rhythm,sinus tachycardia,supraventricular tachycardia,t wave abnormal,micro avg,macro avg,weighted avg,samples avg
precision,0.8715083798882681,0.6666666666666666,0.5876288659793815,0.9869791666666666,0.9538461538461539,0.8701298701298701,0.8392857142857143,0.7175572519083969,0.864092664092664,0.8117002586713897,0.8540838097579174,0.8579427083333333
recall,0.8813559322033898,0.515625,0.57,0.979328165374677,0.9393939393939394,0.8993288590604027,0.7704918032786885,0.5108695652173914,0.8085260115606936,0.7582991580660611,0.8085260115606936,0.8277994791666666
f1-score,0.8764044943820224,0.5814977973568283,0.5786802030456853,0.9831387808041504,0.9465648854961831,0.8844884488448844,0.8034188034188035,0.5968253968253969,0.8353863381858903,0.7813773512717443,0.8279848903711119,0.8263857886904762
support,177.0,128.0,100.0,387.0,198.0,149.0,61.0,184.0,1384.0,1384.0,1384.0,1384.0
