index,abnormal QRS,atrial fibrillation,incomplete right bundle branch block,left anterior fascicular block,left axis deviation,left ventricular hypertrophy,myocardial infarction,myocardial ischemia,sinus rhythm,t wave abnormal,ventricular ectopics,micro avg,macro avg,weighted avg,samples avg
precision,0.5891089108910891,0.7944444444444444,0.5483870967741935,0.6893203883495146,0.7339130434782609,0.6838709677419355,0.715370018975332,0.6045197740112994,0.9362987369577156,0.5470588235294118,0.8088235294117647,0.7954000958313369,0.6955559758695419,0.7797675673397103,0.82667364701263
recall,0.33903133903133903,0.89375,0.4473684210526316,0.7845303867403315,0.7549194991055456,0.4711111111111111,0.6829710144927537,0.5194174757281553,0.9562535053280987,0.384297520661157,0.4700854700854701,0.7394209354120267,0.6094305221215085,0.7394209354120267,0.7708854132582946
f1-score,0.43037974683544306,0.8411764705882352,0.49275362318840576,0.7338501291989664,0.7442680776014109,0.5578947368421053,0.6987951807228916,0.5587467362924283,0.9461709211986681,0.45145631067961167,0.5945945945945946,0.7663896583564175,0.6409169570675238,0.7534307346804113,0.7709198853266649
support,351.0,160.0,114.0,181.0,559.0,225.0,552.0,206.0,1783.0,242.0,117.0,4490.0,4490.0,4490.0,4490.0
