index,atrial fibrillation,left ventricular high voltage,nonspecific st t abnormality,sinus bradycardia,sinus rhythm,sinus tachycardia,supraventricular tachycardia,t wave abnormal,micro avg,macro avg,weighted avg,samples avg
precision,0.8488372093023255,0.6635514018691588,0.5522388059701493,0.9870801033591732,0.9786096256684492,0.9411764705882353,0.7777777777777778,0.6778523489932886,0.8657664813343924,0.8033904679410697,0.8515693083395871,0.837158203125
recall,0.8248587570621468,0.5546875,0.37,0.9870801033591732,0.9242424242424242,0.8590604026845637,0.6885245901639344,0.5489130434782609,0.7875722543352601,0.7196708526238129,0.7875722543352601,0.8094889322916667
f1-score,0.836676217765043,0.6042553191489362,0.4431137724550898,0.9870801033591732,0.9506493506493506,0.8982456140350877,0.7304347826086957,0.6066066066066067,0.8248202799848657,0.7571327208284978,0.8164646343320311,0.8089006696428571
support,177.0,128.0,100.0,387.0,198.0,149.0,61.0,184.0,1384.0,1384.0,1384.0,1384.0
