index,abnormal QRS,atrial fibrillation,incomplete right bundle branch block,left anterior fascicular block,left axis deviation,left ventricular hypertrophy,myocardial infarction,myocardial ischemia,sinus rhythm,t wave abnormal,ventricular ectopics,micro avg,macro avg,weighted avg,samples avg
precision,0.6761904761904762,0.8355263157894737,0.6559139784946236,0.8461538461538461,0.7313432835820896,0.6649484536082474,0.7635574837310195,0.7337662337662337,0.9282245008094981,0.5259259259259259,0.7395833333333334,0.8192202632232432,0.7364667119440699,0.8015275254228121,0.8305161093296686
recall,0.4045584045584046,0.79375,0.5350877192982456,0.6685082872928176,0.7012522361359571,0.5733333333333334,0.6376811594202898,0.5485436893203883,0.9646662927650028,0.29338842975206614,0.6068376068376068,0.7347438752783965,0.611600650792192,0.7347438752783965,0.7655574460659207
f1-score,0.5062388591800357,0.814102564102564,0.5893719806763285,0.7469135802469135,0.7159817351598173,0.6157517899761337,0.6949654491609082,0.6277777777777778,0.9460946094609461,0.37665782493368705,0.6666666666666666,0.7746859222731008,0.663683894303798,0.7612661445013866,0.7716206250104555
support,351.0,160.0,114.0,181.0,559.0,225.0,552.0,206.0,1783.0,242.0,117.0,4490.0,4490.0,4490.0,4490.0
