index,atrial fibrillation,left ventricular high voltage,nonspecific st t abnormality,sinus bradycardia,sinus rhythm,sinus tachycardia,supraventricular tachycardia,t wave abnormal,micro avg,macro avg,weighted avg,samples avg
precision,0.8809523809523809,0.5789473684210527,0.631578947368421,0.9947780678851175,0.9484536082474226,0.9246575342465754,0.7647058823529411,0.6783625730994152,0.8642745709828393,0.8003045453216658,0.8491361278210983,0.8574381510416667
recall,0.8361581920903954,0.34375,0.48,0.9844961240310077,0.9292929292929293,0.9060402684563759,0.8524590163934426,0.6304347826086957,0.8005780346820809,0.7453289141091057,0.8005780346820809,0.8233235677083333
f1-score,0.8579710144927536,0.4313725490196078,0.5454545454545454,0.9896103896103896,0.9387755102040816,0.9152542372881356,0.8062015503875968,0.6535211267605634,0.8312078019504876,0.7672701154022092,0.8210100039294291,0.8233468191964286
support,177.0,128.0,100.0,387.0,198.0,149.0,61.0,184.0,1384.0,1384.0,1384.0,1384.0
