index,atrial fibrillation,left ventricular high voltage,nonspecific st t abnormality,sinus bradycardia,sinus rhythm,sinus tachycardia,supraventricular tachycardia,t wave abnormal,micro avg,macro avg,weighted avg,samples avg
precision,0.8654970760233918,0.7157894736842105,0.4943820224719101,0.9893899204244032,0.9783783783783784,0.9194630872483222,0.8269230769230769,0.7151898734177216,0.8675548589341693,0.8131266135714268,0.8597559970081227,0.8470865885416667
recall,0.8361581920903954,0.53125,0.44,0.9638242894056848,0.9141414141414141,0.9194630872483222,0.7049180327868853,0.6141304347826086,0.7998554913294798,0.7404856813069137,0.7998554913294798,0.8212890625
f1-score,0.8505747126436781,0.6098654708520179,0.4656084656084656,0.9764397905759162,0.9451697127937337,0.9194630872483222,0.7610619469026548,0.6608187134502924,0.8323308270676691,0.7736252375093852,0.8274686236197908,0.8190941220238095
support,177.0,128.0,100.0,387.0,198.0,149.0,61.0,184.0,1384.0,1384.0,1384.0,1384.0
