index,atrial fibrillation,left ventricular high voltage,nonspecific st t abnormality,sinus bradycardia,sinus rhythm,sinus tachycardia,supraventricular tachycardia,t wave abnormal,micro avg,macro avg,weighted avg,samples avg
precision,0.7451923076923077,0.6904761904761905,0.5227272727272727,0.9896640826873385,0.9494949494949495,0.9436619718309859,0.8695652173913043,0.725,0.853008377760853,0.8044727490375436,0.8458105709385149,0.8523925781249999
recall,0.8757062146892656,0.453125,0.46,0.9896640826873385,0.9494949494949495,0.8993288590604027,0.6557377049180327,0.6304347826086957,0.8092485549132948,0.7391864491823357,0.8092485549132948,0.8294270833333333
f1-score,0.8051948051948052,0.5471698113207547,0.4893617021276596,0.9896640826873385,0.9494949494949495,0.9209621993127148,0.7476635514018691,0.6744186046511628,0.8305524657026326,0.7654912132739068,0.8232783628397583,0.8259788876488094
support,177.0,128.0,100.0,387.0,198.0,149.0,61.0,184.0,1384.0,1384.0,1384.0,1384.0
