index,abnormal QRS,atrial fibrillation,incomplete right bundle branch block,left anterior fascicular block,left axis deviation,left ventricular hypertrophy,myocardial infarction,myocardial ischemia,sinus rhythm,t wave abnormal,ventricular ectopics,micro avg,macro avg,weighted avg,samples avg
precision,0.6115702479338843,0.8271604938271605,0.5798319327731093,0.735,0.7443082311733801,0.7152317880794702,0.7125256673511293,0.611336032388664,0.9347098214285714,0.5217391304347826,0.7653061224489796,0.7965295935345852,0.705338133439921,0.7850282446471832,0.8209922998058591
recall,0.42165242165242167,0.8375,0.6052631578947368,0.8121546961325967,0.7602862254025045,0.48,0.6286231884057971,0.7330097087378641,0.9394279304542905,0.2975206611570248,0.6410256410256411,0.7463251670378619,0.6505876028057161,0.7463251670378619,0.7729860611216542
f1-score,0.4991568296795953,0.8322981366459627,0.5922746781115881,0.7716535433070866,0.7522123893805309,0.5744680851063829,0.6679499518768046,0.6666666666666667,0.9370629370629371,0.37894736842105264,0.6976744186046512,0.7706105553639185,0.6700331822602963,0.7606816241033484,0.7704135585491518
support,351.0,160.0,114.0,181.0,559.0,225.0,552.0,206.0,1783.0,242.0,117.0,4490.0,4490.0,4490.0,4490.0
