index,atrial fibrillation,left ventricular high voltage,nonspecific st t abnormality,sinus bradycardia,sinus rhythm,sinus tachycardia,supraventricular tachycardia,t wave abnormal,micro avg,macro avg,weighted avg,samples avg
precision,0.9177215189873418,0.6880733944954128,0.5591397849462365,0.9947643979057592,0.9685863874345549,0.8926174496644296,0.8043478260869565,0.7078651685393258,0.8675344563552833,0.8166394910075022,0.8637936538691523,0.8474772135416667
recall,0.8192090395480226,0.5859375,0.52,0.9819121447028424,0.9343434343434344,0.8926174496644296,0.6065573770491803,0.6847826086956522,0.8186416184971098,0.7531699442504451,0.8186416184971098,0.826904296875
f1-score,0.8656716417910448,0.6329113924050632,0.5388601036269429,0.9882964889466841,0.9511568123393316,0.8926174496644297,0.691588785046729,0.6961325966850829,0.8423791821561338,0.7821544088131636,0.8397381885339722,0.8231352306547619
support,177.0,128.0,100.0,387.0,198.0,149.0,61.0,184.0,1384.0,1384.0,1384.0,1384.0
