index,atrial fibrillation,left ventricular high voltage,nonspecific st t abnormality,sinus bradycardia,sinus rhythm,sinus tachycardia,supraventricular tachycardia,t wave abnormal,micro avg,macro avg,weighted avg,samples avg
precision,0.8219895287958116,0.5983606557377049,0.47674418604651164,0.9896907216494846,0.9447236180904522,0.9013157894736842,0.819672131147541,0.6182795698924731,0.8267148014440433,0.7713470251042078,0.8221689366242704,0.8521321614583333
recall,0.8870056497175142,0.5703125,0.41,0.9922480620155039,0.9494949494949495,0.9194630872483222,0.819672131147541,0.625,0.8273121387283237,0.7716495474529788,0.8273121387283237,0.8479817708333334
f1-score,0.8532608695652175,0.584,0.44086021505376344,0.990967741935484,0.947103274559194,0.9102990033222591,0.819672131147541,0.6216216216216217,0.8270133622246297,0.770973107150635,0.8243562787453523,0.8330636160714285
support,177.0,128.0,100.0,387.0,198.0,149.0,61.0,184.0,1384.0,1384.0,1384.0,1384.0
