index,atrial fibrillation,left ventricular high voltage,nonspecific st t abnormality,sinus bradycardia,sinus rhythm,sinus tachycardia,supraventricular tachycardia,t wave abnormal,micro avg,macro avg,weighted avg,samples avg
precision,0.8653846153846154,0.7176470588235294,0.6911764705882353,0.987012987012987,0.9489795918367347,0.8867924528301887,0.7903225806451613,0.7692307692307693,0.8831886345698501,0.8320683157940276,0.8713162912561606,0.8688151041666666
recall,0.7627118644067796,0.4765625,0.47,0.9819121447028424,0.9393939393939394,0.9463087248322147,0.8032786885245902,0.6521739130434783,0.8085260115606936,0.7540427218629806,0.8085260115606936,0.8265787760416667
f1-score,0.8108108108108109,0.5727699530516431,0.5595238095238095,0.9844559585492229,0.9441624365482234,0.9155844155844155,0.7967479674796747,0.7058823529411764,0.8442097321765372,0.7862422130611221,0.834982025817281,0.8338541666666666
support,177.0,128.0,100.0,387.0,198.0,149.0,61.0,184.0,1384.0,1384.0,1384.0,1384.0
