index,abnormal QRS,atrial fibrillation,incomplete right bundle branch block,left anterior fascicular block,left axis deviation,left ventricular hypertrophy,myocardial infarction,myocardial ischemia,sinus rhythm,t wave abnormal,ventricular ectopics,micro avg,macro avg,weighted avg,samples avg
precision,0.5833333333333334,0.8220858895705522,0.5663716814159292,0.8227848101265823,0.7385964912280701,0.7073170731707317,0.7066666666666667,0.6861702127659575,0.941924778761062,0.4968944099378882,0.8375,0.8026628625772706,0.7190586679069795,0.7908496294590761,0.8226468599349955
recall,0.4586894586894587,0.8375,0.5614035087719298,0.7182320441988951,0.7531305903398927,0.5155555555555555,0.6721014492753623,0.6262135922330098,0.9551318003365115,0.3305785123966942,0.5726495726495726,0.7518930957683742,0.6364714622224438,0.7518930957683742,0.7812283227537465
f1-score,0.5135566188197768,0.8297213622291022,0.5638766519823789,0.7669616519174043,0.7457927369353411,0.5964010282776349,0.6889507892293408,0.6548223350253808,0.9484823169033695,0.39702233250620345,0.6802030456852791,0.7764489420423183,0.6714355335919284,0.7681972223418652,0.7744212523873542
support,351.0,160.0,114.0,181.0,559.0,225.0,552.0,206.0,1783.0,242.0,117.0,4490.0,4490.0,4490.0,4490.0
