index,1st degree av block,atrial fibrillation,premature atrial contraction,right bundle branch block,sinus rhythm,st depression,ventricular ectopics,micro avg,macro avg,weighted avg,samples avg
precision,0.8688524590163934,0.8095238095238095,0.4418604651162791,0.9022988505747126,0.6571428571428571,0.8676470588235294,0.8518518518518519,0.8003169572107766,0.7713110502927761,0.8035376805406205,0.663391557496361
recall,0.7571428571428571,0.8793103448275862,0.31666666666666665,0.8010204081632653,0.7931034482758621,0.686046511627907,0.5168539325842697,0.7173295454545454,0.6785920241840592,0.7173295454545454,0.6870451237263464
f1-score,0.8091603053435115,0.8429752066115702,0.3689320388349514,0.8486486486486486,0.71875,0.7662337662337664,0.6433566433566433,0.7565543071161049,0.714008087004156,0.7508288323310587,0.6672003881610868
support,70.0,116.0,60.0,196.0,87.0,86.0,89.0,704.0,704.0,704.0,704.0
