index,1st degree av block,atrial fibrillation,premature atrial contraction,right bundle branch block,sinus rhythm,st depression,ventricular ectopics,micro avg,macro avg,weighted avg,samples avg
precision,0.8059701492537313,0.8983050847457628,0.6153846153846154,0.9351351351351351,0.7078651685393258,0.6956521739130435,0.765625,0.8193343898573693,0.7748481895673732,0.8102014848114719,0.6853469189713731
recall,0.7714285714285715,0.9137931034482759,0.4,0.8826530612244898,0.7241379310344828,0.5581395348837209,0.550561797752809,0.734375,0.6858162856817642,0.734375,0.6986899563318777
f1-score,0.7883211678832117,0.9059829059829059,0.4848484848484849,0.9081364829396326,0.7159090909090908,0.6193548387096773,0.6405228758169935,0.7745318352059924,0.7232965495842852,0.7669279851970945,0.6850557981562349
support,70.0,116.0,60.0,196.0,87.0,86.0,89.0,704.0,704.0,704.0,704.0
