index,atrial fibrillation,left ventricular high voltage,nonspecific st t abnormality,sinus bradycardia,sinus rhythm,sinus tachycardia,supraventricular tachycardia,t wave abnormal,micro avg,macro avg,weighted avg,samples avg
precision,0.8953488372093024,0.7065217391304348,0.5376344086021505,0.9622166246851386,0.9591836734693877,0.9006622516556292,0.6506024096385542,0.6981132075471698,0.8488458674609084,0.7887853939922209,0.8434316628817662,0.8644124348958333
recall,0.8700564971751412,0.5078125,0.5,0.9870801033591732,0.9494949494949495,0.912751677852349,0.8852459016393442,0.6032608695652174,0.8236994219653179,0.7769628123857718,0.8236994219653179,0.8424479166666667
f1-score,0.8825214899713467,0.5909090909090909,0.5181347150259067,0.9744897959183674,0.9543147208121828,0.9066666666666667,0.75,0.6472303206997084,0.8360836083608361,0.7780333500004087,0.8306876567537447,0.8371491139069264
support,177.0,128.0,100.0,387.0,198.0,149.0,61.0,184.0,1384.0,1384.0,1384.0,1384.0
