index,1st degree av block,atrial fibrillation,premature atrial contraction,right bundle branch block,sinus rhythm,st depression,ventricular ectopics,micro avg,macro avg,weighted avg,samples avg
precision,0.9107142857142857,0.873015873015873,0.45614035087719296,0.8969072164948454,0.63,0.8133333333333334,0.7283950617283951,0.7895500725689405,0.7583580173091321,0.7922811135169835,0.7008733624454149
recall,0.7285714285714285,0.9482758620689655,0.43333333333333335,0.8877551020408163,0.7241379310344828,0.7093023255813954,0.6629213483146067,0.7727272727272727,0.7277567615635754,0.7727272727272727,0.7358078602620087
f1-score,0.8095238095238095,0.9090909090909091,0.4444444444444444,0.8923076923076922,0.6737967914438503,0.7577639751552795,0.6941176470588235,0.7810480976310121,0.7401493241464012,0.7801771019707254,0.7088306647258612
support,70.0,116.0,60.0,196.0,87.0,86.0,89.0,704.0,704.0,704.0,704.0
