index,1st degree av block,atrial fibrillation,premature atrial contraction,right bundle branch block,sinus rhythm,st depression,ventricular ectopics,micro avg,macro avg,weighted avg,samples avg
precision,0.8656716417910447,0.9326923076923077,0.7083333333333334,0.9090909090909091,0.7323943661971831,0.7571428571428571,0.6911764705882353,0.8358714043993232,0.7995002694051244,0.8236057418399043,0.6593886462882096
recall,0.8285714285714286,0.8362068965517241,0.2833333333333333,0.8673469387755102,0.5977011494252874,0.6162790697674418,0.5280898876404494,0.7017045454545454,0.6510755291521679,0.7017045454545454,0.6673944687045124
f1-score,0.8467153284671534,0.8818181818181818,0.40476190476190477,0.8877284595300261,0.6582278481012659,0.6794871794871794,0.5987261146496815,0.7629343629343629,0.7082092881164848,0.7511787199740603,0.6566715186802523
support,70.0,116.0,60.0,196.0,87.0,86.0,89.0,704.0,704.0,704.0,704.0
