index,abnormal QRS,atrial fibrillation,incomplete right bundle branch block,left anterior fascicular block,left axis deviation,left ventricular hypertrophy,myocardial infarction,myocardial ischemia,sinus rhythm,t wave abnormal,ventricular ectopics,micro avg,macro avg,weighted avg,samples avg
precision,0.6050420168067226,0.8141025641025641,0.5419847328244275,0.7687861271676301,0.7553571428571428,0.7055837563451777,0.7564655172413793,0.6521739130434783,0.9360044518642181,0.5703703703703704,0.7555555555555555,0.8076181292189006,0.7146751043798787,0.7955024618390717,0.8247824095281723
recall,0.41025641025641024,0.79375,0.6228070175438597,0.7348066298342542,0.7567084078711985,0.6177777777777778,0.6358695652173914,0.6553398058252428,0.9433538979248458,0.3181818181818182,0.5811965811965812,0.7461024498886414,0.6427316283299436,0.7461024498886414,0.774694064524573
f1-score,0.48896434634974534,0.8037974683544304,0.5795918367346939,0.7514124293785311,0.7560321715817694,0.6587677725118483,0.6909448818897639,0.6537530266343825,0.9396648044692738,0.40848806366047746,0.6570048309178743,0.7756425098402406,0.6716746938620719,0.7662313259736946,0.773856252669812
support,351.0,160.0,114.0,181.0,559.0,225.0,552.0,206.0,1783.0,242.0,117.0,4490.0,4490.0,4490.0,4490.0
