index,1st degree av block,atrial fibrillation,premature atrial contraction,right bundle branch block,sinus rhythm,st depression,ventricular ectopics,micro avg,macro avg,weighted avg,samples avg
precision,0.8571428571428571,0.905982905982906,0.5,0.9510869565217391,0.6666666666666666,0.7777777777777778,0.8032786885245902,0.8398058252427184,0.780276550373791,0.82086328514184,0.6948083454633672
recall,0.7714285714285715,0.9137931034482759,0.13333333333333333,0.8928571428571429,0.735632183908046,0.7325581395348837,0.550561797752809,0.7372159090909091,0.6757377531804375,0.7372159090909091,0.7037845705967977
f1-score,0.81203007518797,0.9098712446351932,0.2105263157894737,0.9210526315789473,0.6994535519125683,0.7544910179640719,0.6533333333333333,0.7851739788199696,0.708679738628794,0.766236388644393,0.6926249393498303
support,70.0,116.0,60.0,196.0,87.0,86.0,89.0,704.0,704.0,704.0,704.0
