index,abnormal QRS,atrial fibrillation,incomplete right bundle branch block,left anterior fascicular block,left axis deviation,left ventricular hypertrophy,myocardial infarction,myocardial ischemia,sinus rhythm,t wave abnormal,ventricular ectopics,micro avg,macro avg,weighted avg,samples avg
precision,0.5398230088495575,0.7840909090909091,0.6588235294117647,0.8136645962732919,0.7392857142857143,0.7206703910614525,0.6985294117647058,0.6884422110552764,0.9340958605664488,0.470873786407767,0.693069306930693,0.786593707250342,0.7037607932452347,0.7796578983288956,0.8182412436649724
recall,0.5213675213675214,0.8625,0.49122807017543857,0.7237569060773481,0.740608228980322,0.5733333333333334,0.6884057971014492,0.6650485436893204,0.9618620302860348,0.40082644628099173,0.5982905982905983,0.7683741648106904,0.6570206795983963,0.7683741648106904,0.7878094801823615
f1-score,0.5304347826086956,0.8214285714285715,0.5628140703517587,0.7660818713450294,0.739946380697051,0.6386138613861385,0.6934306569343065,0.6765432098765432,0.9477756286266925,0.43303571428571425,0.6422018348623854,0.7773771969355566,0.6774824165820805,0.7727636471534625,0.7761438159743245
support,351.0,160.0,114.0,181.0,559.0,225.0,552.0,206.0,1783.0,242.0,117.0,4490.0,4490.0,4490.0,4490.0
