index,atrial fibrillation,left ventricular high voltage,nonspecific st t abnormality,sinus bradycardia,sinus rhythm,sinus tachycardia,supraventricular tachycardia,t wave abnormal,micro avg,macro avg,weighted avg,samples avg
precision,0.9240506329113924,0.6363636363636364,0.5666666666666667,0.9870466321243523,0.9690721649484536,0.9121621621621622,0.86,0.7549668874172185,0.8724216959511077,0.8262910978242353,0.8690950714489719,0.8416503906249999
recall,0.8248587570621468,0.65625,0.51,0.9844961240310077,0.9494949494949495,0.9060402684563759,0.7049180327868853,0.6195652173913043,0.8251445086705202,0.7694529186528337,0.8251445086705202,0.8326009114583333
f1-score,0.871641791044776,0.6461538461538462,0.5368421052631579,0.9857697283311773,0.9591836734693878,0.9090909090909091,0.7747747747747747,0.6805970149253731,0.8481247679168215,0.7955067303816753,0.8453969721980586,0.8225841703869048
support,177.0,128.0,100.0,387.0,198.0,149.0,61.0,184.0,1384.0,1384.0,1384.0,1384.0
