index,1st degree av block,atrial fibrillation,premature atrial contraction,right bundle branch block,sinus rhythm,st depression,ventricular ectopics,micro avg,macro avg,weighted avg,samples avg
precision,0.8484848484848485,0.8916666666666667,0.5757575757575758,0.9479768786127167,0.6666666666666666,0.6853932584269663,0.7704918032786885,0.8112324492979719,0.7694910996991613,0.80780367357577,0.6778262979136341
recall,0.8,0.9224137931034483,0.31666666666666665,0.8367346938775511,0.7586206896551724,0.7093023255813954,0.5280898876404494,0.7386363636363636,0.6959754366463834,0.7386363636363636,0.7045123726346434
f1-score,0.823529411764706,0.9067796610169492,0.40860215053763443,0.888888888888889,0.7096774193548386,0.6971428571428572,0.6266666666666666,0.7732342007434945,0.7230410079103631,0.7656838143287867,0.6819505094614265
support,70.0,116.0,60.0,196.0,87.0,86.0,89.0,704.0,704.0,704.0,704.0
