index,atrial fibrillation,left ventricular high voltage,nonspecific st t abnormality,sinus bradycardia,sinus rhythm,sinus tachycardia,supraventricular tachycardia,t wave abnormal,micro avg,macro avg,weighted avg,samples avg
precision,0.8786127167630058,0.6351351351351351,0.5578947368421052,0.982051282051282,0.967391304347826,0.9246575342465754,0.8148148148148148,0.6643356643356644,0.8633836378077839,0.8031116485670511,0.8482037462481801,0.854931640625
recall,0.8587570621468926,0.3671875,0.53,0.9896640826873385,0.898989898989899,0.9060402684563759,0.7213114754098361,0.5163043478260869,0.7854046242774566,0.7235318294395536,0.7854046242774566,0.8162434895833333
f1-score,0.8685714285714285,0.4653465346534653,0.5435897435897435,0.9858429858429858,0.9319371727748692,0.9152542372881356,0.7652173913043478,0.581039755351682,0.8225501324252743,0.7570999061720822,0.8118986463819562,0.816938709077381
support,177.0,128.0,100.0,387.0,198.0,149.0,61.0,184.0,1384.0,1384.0,1384.0,1384.0
