index,atrial fibrillation,left ventricular high voltage,nonspecific st t abnormality,sinus bradycardia,sinus rhythm,sinus tachycardia,supraventricular tachycardia,t wave abnormal,micro avg,macro avg,weighted avg,samples avg
precision,0.910828025477707,0.7333333333333333,0.6142857142857143,0.9896640826873385,0.9779005524861878,0.896551724137931,0.7058823529411765,0.7407407407407407,0.8877805486284289,0.8211483157612662,0.8714432331786975,0.8567708333333333
recall,0.807909604519774,0.34375,0.43,0.9896640826873385,0.8939393939393939,0.87248322147651,0.7868852459016393,0.5434782608695652,0.7716763005780347,0.7085137261742775,0.7716763005780347,0.7972819010416666
f1-score,0.8562874251497007,0.4680851063829787,0.5058823529411766,0.9896640826873385,0.9340369393139841,0.8843537414965987,0.7441860465116278,0.6269592476489028,0.8256667955160418,0.7511818677665385,0.8110764993023161,0.8103608630952381
support,177.0,128.0,100.0,387.0,198.0,149.0,61.0,184.0,1384.0,1384.0,1384.0,1384.0
