index,abnormal QRS,atrial fibrillation,incomplete right bundle branch block,left anterior fascicular block,left axis deviation,left ventricular hypertrophy,myocardial infarction,myocardial ischemia,sinus rhythm,t wave abnormal,ventricular ectopics,micro avg,macro avg,weighted avg,samples avg
precision,0.5276752767527675,0.7897727272727273,0.6237623762376238,0.8132530120481928,0.7211367673179396,0.664804469273743,0.6869918699186992,0.6237623762376238,0.9409190371991247,0.5563380281690141,0.7976190476190477,0.7932921027592769,0.7041849989133184,0.7785991669281586,0.8205473027506925
recall,0.4074074074074074,0.86875,0.5526315789473685,0.7458563535911602,0.7262969588550984,0.5288888888888889,0.6123188405797102,0.6116504854368932,0.9646662927650028,0.32644628099173556,0.5726495726495726,0.7427616926503341,0.6288693327375307,0.7427616926503341,0.7706650960888248
f1-score,0.4598070739549839,0.8273809523809523,0.586046511627907,0.7780979827089338,0.7237076648841355,0.5891089108910891,0.6475095785440613,0.6176470588235294,0.9526446967599004,0.41145833333333337,0.6666666666666666,0.7671957671957672,0.6600068573250448,0.7570867159508496,0.7676234515217566
support,351.0,160.0,114.0,181.0,559.0,225.0,552.0,206.0,1783.0,242.0,117.0,4490.0,4490.0,4490.0,4490.0
