index,1st degree av block,atrial fibrillation,premature atrial contraction,right bundle branch block,sinus rhythm,st depression,ventricular ectopics,micro avg,macro avg,weighted avg,samples avg
precision,0.8947368421052632,0.9173553719008265,0.29411764705882354,0.9593023255813954,0.5887096774193549,0.7808219178082192,0.8,0.8174474959612278,0.7478633974105546,0.8015391244209347,0.6741872877244056
recall,0.7285714285714285,0.9568965517241379,0.08333333333333333,0.8418367346938775,0.8390804597701149,0.6627906976744186,0.4943820224719101,0.71875,0.6581273183198888,0.71875,0.6855895196506551
f1-score,0.8031496062992126,0.9367088607594937,0.12987012987012986,0.8967391304347827,0.6919431279620852,0.7169811320754716,0.611111111111111,0.7649281934996222,0.6837861569303266,0.7452842273104434,0.6720038816108684
support,70.0,116.0,60.0,196.0,87.0,86.0,89.0,704.0,704.0,704.0,704.0
