index,abnormal QRS,atrial fibrillation,incomplete right bundle branch block,left anterior fascicular block,left axis deviation,left ventricular hypertrophy,myocardial infarction,myocardial ischemia,sinus rhythm,t wave abnormal,ventricular ectopics,micro avg,macro avg,weighted avg,samples avg
precision,0.6759259259259259,0.8309859154929577,0.6095238095238096,0.7817258883248731,0.7672253258845437,0.7165775401069518,0.7404921700223713,0.6809815950920245,0.9412090959511925,0.6068376068376068,0.8352941176470589,0.827456864216054,0.7442526355281196,0.811378300086103,0.8378378378378378
recall,0.41595441595441596,0.7375,0.5614035087719298,0.850828729281768,0.7370304114490162,0.5955555555555555,0.5996376811594203,0.5388349514563107,0.9517666853617499,0.29338842975206614,0.6068376068376068,0.7369710467706013,0.6262489068708944,0.7369710467706013,0.7683615819209039
f1-score,0.5149911816578483,0.7814569536423841,0.5844748858447488,0.8148148148148148,0.7518248175182483,0.6504854368932038,0.6626626626626627,0.6016260162601624,0.9464584495259343,0.39554317548746515,0.7029702970297029,0.7795971256920722,0.6733916992124706,0.766540104670536,0.7755351433317536
support,351.0,160.0,114.0,181.0,559.0,225.0,552.0,206.0,1783.0,242.0,117.0,4490.0,4490.0,4490.0,4490.0
