index,atrial fibrillation,left ventricular high voltage,nonspecific st t abnormality,sinus bradycardia,sinus rhythm,sinus tachycardia,supraventricular tachycardia,t wave abnormal,micro avg,macro avg,weighted avg,samples avg
precision,0.8369565217391305,0.7472527472527473,0.5851063829787234,0.9896640826873385,0.9572192513368984,0.8117647058823529,0.8103448275862069,0.7371794871794872,0.8583270535041447,0.8094360008303606,0.8532187191900367,0.8633440290178571
recall,0.8700564971751412,0.53125,0.55,0.9896640826873385,0.9040404040404041,0.9261744966442953,0.7704918032786885,0.625,0.8229768786127167,0.7708346604782335,0.8229768786127167,0.839599609375
f1-score,0.8531855955678669,0.6210045662100457,0.5670103092783506,0.9896640826873385,0.9298701298701298,0.865203761755486,0.7899159663865546,0.6764705882352942,0.8402803393581704,0.7865406249988833,0.8351796056495379,0.8360762338789682
support,177.0,128.0,100.0,387.0,198.0,149.0,61.0,184.0,1384.0,1384.0,1384.0,1384.0
