index,atrial fibrillation,left ventricular high voltage,nonspecific st t abnormality,sinus bradycardia,sinus rhythm,sinus tachycardia,supraventricular tachycardia,t wave abnormal,micro avg,macro avg,weighted avg,samples avg
precision,0.9090909090909091,0.6666666666666666,0.6,0.9870801033591732,0.9414893617021277,0.8875,0.8032786885245902,0.7350427350427351,0.8753993610223643,0.8162685580482751,0.8606522262336046,0.8587588355654762
recall,0.847457627118644,0.4375,0.54,0.9870801033591732,0.8939393939393939,0.9530201342281879,0.8032786885245902,0.4673913043478261,0.791907514450867,0.7412084064397269,0.791907514450867,0.8157552083333333
f1-score,0.8771929824561402,0.5283018867924528,0.5684210526315789,0.9870801033591732,0.917098445595855,0.919093851132686,0.8032786885245902,0.5714285714285715,0.8315629742033385,0.7714869477401309,0.8196540735960515,0.8203311011904763
support,177.0,128.0,100.0,387.0,198.0,149.0,61.0,184.0,1384.0,1384.0,1384.0,1384.0
