index,atrial fibrillation,left ventricular high voltage,nonspecific st t abnormality,sinus bradycardia,sinus rhythm,sinus tachycardia,supraventricular tachycardia,t wave abnormal,micro avg,macro avg,weighted avg,samples avg
precision,0.8693181818181818,0.7530864197530864,0.5050505050505051,0.9896373056994818,0.96875,0.9133333333333333,0.8518518518518519,0.7404580152671756,0.876280535855004,0.8239357015967019,0.8669548209246771,0.8638102213541666
recall,0.864406779661017,0.4765625,0.5,0.9870801033591732,0.9393939393939394,0.9194630872483222,0.7540983606557377,0.5271739130434783,0.8034682080924855,0.7460223354202085,0.8034682080924855,0.8277180989583334
f1-score,0.8668555240793201,0.583732057416268,0.5025125628140703,0.9883570504527814,0.9538461538461539,0.9163879598662208,0.7999999999999999,0.6158730158730159,0.8382962683754241,0.7784455405434787,0.8297836310117022,0.8302573728354978
support,177.0,128.0,100.0,387.0,198.0,149.0,61.0,184.0,1384.0,1384.0,1384.0,1384.0
