index,1st degree av block,atrial fibrillation,premature atrial contraction,right bundle branch block,sinus rhythm,st depression,ventricular ectopics,micro avg,macro avg,weighted avg,samples avg
precision,0.8656716417910447,0.918918918918919,0.5263157894736842,0.9385474860335196,0.7246376811594203,0.7096774193548387,0.875,0.8468013468013468,0.7941098481044895,0.8305065347675346,0.6630276564774381
recall,0.8285714285714286,0.8793103448275862,0.16666666666666666,0.8571428571428571,0.5747126436781609,0.7674418604651163,0.550561797752809,0.7144886363636364,0.6606296570149464,0.7144886363636364,0.673216885007278
f1-score,0.8467153284671534,0.8986784140969163,0.25316455696202533,0.8959999999999999,0.6410256410256409,0.7374301675977655,0.6758620689655173,0.7750385208012327,0.7069823110164313,0.7580434542134008,0.6635128578360019
support,70.0,116.0,60.0,196.0,87.0,86.0,89.0,704.0,704.0,704.0,704.0
