index,abnormal QRS,atrial fibrillation,incomplete right bundle branch block,left anterior fascicular block,left axis deviation,left ventricular hypertrophy,myocardial infarction,myocardial ischemia,sinus rhythm,t wave abnormal,ventricular ectopics,micro avg,macro avg,weighted avg,samples avg
precision,0.6015037593984962,0.8048780487804879,0.627906976744186,0.7487684729064039,0.7367491166077739,0.6339869281045751,0.6837944664031621,0.6598984771573604,0.9240780911062907,0.6232876712328768,0.6752136752136753,0.7914312617702448,0.7018241530595716,0.777810043638253,0.8238106144885806
recall,0.45584045584045585,0.825,0.47368421052631576,0.8397790055248618,0.7459749552772809,0.4311111111111111,0.6268115942028986,0.6310679611650486,0.9556926528323051,0.3760330578512397,0.6752136752136753,0.7487750556792873,0.6396553345041084,0.7487750556792873,0.7725781471544183
f1-score,0.5186385737439222,0.8148148148148149,0.5399999999999999,0.7916666666666665,0.7413333333333334,0.5132275132275133,0.6540642722117203,0.6451612903225806,0.9396195202646815,0.46907216494845366,0.6752136752136753,0.7695124742504006,0.663891984067942,0.7592315084292764,0.7701031777302964
support,351.0,160.0,114.0,181.0,559.0,225.0,552.0,206.0,1783.0,242.0,117.0,4490.0,4490.0,4490.0,4490.0
