index,1st degree av block,atrial fibrillation,premature atrial contraction,right bundle branch block,sinus rhythm,st depression,ventricular ectopics,micro avg,macro avg,weighted avg,samples avg
precision,0.8524590163934426,0.7913669064748201,0.39436619718309857,0.9325842696629213,0.5462184873949579,0.8253968253968254,0.5445544554455446,0.7213114754098361,0.6981351654216587,0.7455819075364779,0.6578117418728772
recall,0.7428571428571429,0.9482758620689655,0.4666666666666667,0.8469387755102041,0.7471264367816092,0.6046511627906976,0.6179775280898876,0.75,0.7106419392521676,0.75,0.7096069868995634
f1-score,0.7938931297709924,0.8627450980392157,0.4274809160305343,0.8877005347593584,0.6310679611650485,0.697986577181208,0.5789473684210527,0.7353760445682452,0.6971173693382013,0.7411153185789796,0.6714701601164482
support,70.0,116.0,60.0,196.0,87.0,86.0,89.0,704.0,704.0,704.0,704.0
