index,1st degree av block,atrial fibrillation,premature atrial contraction,right bundle branch block,sinus rhythm,st depression,ventricular ectopics,micro avg,macro avg,weighted avg,samples avg
precision,0.7878787878787878,0.864,0.6,0.9109947643979057,0.7037037037037037,0.7191011235955056,0.819672131147541,0.8184713375796179,0.7721929301033492,0.8039008913310675,0.6734594856865599
recall,0.7428571428571429,0.9310344827586207,0.15,0.8877551020408163,0.6551724137931034,0.7441860465116279,0.5617977528089888,0.7301136363636364,0.6675432772529,0.7301136363636364,0.6914119359534207
f1-score,0.7647058823529412,0.8962655601659751,0.24,0.8992248062015504,0.6785714285714286,0.7314285714285713,0.6666666666666667,0.7717717717717718,0.696694702198162,0.7520116243201245,0.6754002911208151
support,70.0,116.0,60.0,196.0,87.0,86.0,89.0,704.0,704.0,704.0,704.0
