index,abnormal QRS,atrial fibrillation,incomplete right bundle branch block,left anterior fascicular block,left axis deviation,left ventricular hypertrophy,myocardial infarction,myocardial ischemia,sinus rhythm,t wave abnormal,ventricular ectopics,micro avg,macro avg,weighted avg,samples avg
precision,0.6153846153846154,0.7839506172839507,0.6132075471698113,0.828125,0.7150442477876107,0.7365269461077845,0.7364016736401674,0.6862745098039216,0.9383599339570721,0.60431654676259,0.74,0.8101142718210552,0.7270537852634112,0.7974261293900452,0.8298060772637044
recall,0.43304843304843305,0.79375,0.5701754385964912,0.585635359116022,0.7227191413237924,0.5466666666666666,0.6376811594202898,0.6796116504854369,0.9562535053280987,0.34710743801652894,0.6324786324786325,0.7420935412026726,0.6277388567709448,0.7420935412026726,0.7743243243243243
f1-score,0.5083612040133779,0.7888198757763976,0.5909090909090908,0.6860841423948218,0.7188612099644129,0.6275510204081632,0.6834951456310681,0.6829268292682927,0.9472222222222222,0.44094488188976383,0.6820276497695852,0.774613506916192,0.6688366611133815,0.7645007997131773,0.7731528307799493
support,351.0,160.0,114.0,181.0,559.0,225.0,552.0,206.0,1783.0,242.0,117.0,4490.0,4490.0,4490.0,4490.0
