index,1st degree av block,atrial fibrillation,premature atrial contraction,right bundle branch block,sinus rhythm,st depression,ventricular ectopics,micro avg,macro avg,weighted avg,samples avg
precision,0.765625,0.9026548672566371,0.08333333333333333,0.9325842696629213,0.7469879518072289,0.7261904761904762,0.8,0.8085808580858086,0.7081965568929424,0.7737621650785688,0.6530810286268801
recall,0.7,0.8793103448275862,0.03333333333333333,0.8469387755102041,0.7126436781609196,0.7093023255813954,0.5393258426966292,0.6960227272727273,0.6315506143014382,0.6960227272727273,0.6637554585152838
f1-score,0.7313432835820896,0.8908296943231441,0.04761904761904761,0.8877005347593584,0.7294117647058824,0.7176470588235294,0.6442953020134228,0.7480916030534351,0.6641209551180678,0.7299651626841449,0.6518680252304706
support,70.0,116.0,60.0,196.0,87.0,86.0,89.0,704.0,704.0,704.0,704.0
