index,abnormal QRS,atrial fibrillation,incomplete right bundle branch block,left anterior fascicular block,left axis deviation,left ventricular hypertrophy,myocardial infarction,myocardial ischemia,sinus rhythm,t wave abnormal,ventricular ectopics,micro avg,macro avg,weighted avg,samples avg
precision,0.5793650793650794,0.84472049689441,0.5929203539823009,0.8156028368794326,0.7581227436823105,0.6442307692307693,0.7713097713097713,0.7012195121951219,0.9337712096332786,0.5045871559633027,0.7446808510638298,0.804652266793259,0.7173209800181461,0.7943959965152905,0.8287175795650372
recall,0.41595441595441596,0.85,0.5877192982456141,0.6353591160220995,0.7513416815742398,0.5955555555555555,0.6721014492753623,0.558252427184466,0.9568143578238923,0.45454545454545453,0.5982905982905983,0.755011135857461,0.6432667594974271,0.755011135857461,0.7845210828261676
f1-score,0.4842454394693201,0.8473520249221184,0.5903083700440529,0.7142857142857143,0.7547169811320755,0.6189376443418014,0.718296224588577,0.6216216216216216,0.9451523545706372,0.4782608695652174,0.6635071090047393,0.7790417097552569,0.676062213958716,0.7720277916606846,0.7792685224888616
support,351.0,160.0,114.0,181.0,559.0,225.0,552.0,206.0,1783.0,242.0,117.0,4490.0,4490.0,4490.0,4490.0
