index,abnormal QRS,atrial fibrillation,incomplete right bundle branch block,left anterior fascicular block,left axis deviation,left ventricular hypertrophy,myocardial infarction,myocardial ischemia,sinus rhythm,t wave abnormal,ventricular ectopics,micro avg,macro avg,weighted avg,samples avg
precision,0.5521235521235521,0.7857142857142857,0.594059405940594,0.7555555555555555,0.7028231797919762,0.6962025316455697,0.6946428571428571,0.5578512396694215,0.9271120927664274,0.5,0.6206896551724138,0.7679409792085848,0.6715249414111503,0.7613660291846045,0.795341164408961
recall,0.4074074074074074,0.825,0.5263157894736842,0.7513812154696132,0.8461538461538461,0.4888888888888889,0.7047101449275363,0.6553398058252428,0.9416713404374649,0.36363636363636365,0.7692307692307693,0.765033407572383,0.661794142859165,0.765033407572383,0.7854994219400999
f1-score,0.46885245901639344,0.8048780487804876,0.5581395348837209,0.7534626038781165,0.7678571428571429,0.5744125326370757,0.6996402877697843,0.6026785714285715,0.934335002782415,0.4210526315789474,0.6870229007633588,0.7664844360147272,0.6611210651250922,0.7595492767604612,0.7643425414611855
support,351.0,160.0,114.0,181.0,559.0,225.0,552.0,206.0,1783.0,242.0,117.0,4490.0,4490.0,4490.0,4490.0
