index,atrial fibrillation,left ventricular high voltage,nonspecific st t abnormality,sinus bradycardia,sinus rhythm,sinus tachycardia,supraventricular tachycardia,t wave abnormal,micro avg,macro avg,weighted avg,samples avg
precision,0.8641304347826086,0.6779661016949152,0.48863636363636365,0.9870466321243523,0.9438775510204082,0.8924050632911392,0.8627450980392157,0.6967741935483871,0.8621769772905247,0.8016976797671738,0.8462943952998176,0.8656412760416667
recall,0.8983050847457628,0.3125,0.43,0.9844961240310077,0.9343434343434344,0.9463087248322147,0.7213114754098361,0.5869565217391305,0.7955202312138728,0.7267776706376733,0.7955202312138728,0.8262532552083334
f1-score,0.8808864265927978,0.42780748663101603,0.4574468085106383,0.9857697283311773,0.9390862944162437,0.9185667752442996,0.7857142857142857,0.6371681415929205,0.8275084554678693,0.7540557433791724,0.8135020713861347,0.8283156622023808
support,177.0,128.0,100.0,387.0,198.0,149.0,61.0,184.0,1384.0,1384.0,1384.0,1384.0
