index,atrial fibrillation,left ventricular high voltage,nonspecific st t abnormality,sinus bradycardia,sinus rhythm,sinus tachycardia,supraventricular tachycardia,t wave abnormal,micro avg,macro avg,weighted avg,samples avg
precision,0.8941176470588236,0.6292134831460674,0.5376344086021505,0.9796437659033079,0.9432989690721649,0.8943661971830986,0.7666666666666667,0.6392405063291139,0.8468052347959969,0.7855227054951742,0.8353355539918336,0.8431803385416667
recall,0.8587570621468926,0.4375,0.5,0.9948320413436692,0.9242424242424242,0.8523489932885906,0.7540983606557377,0.5489130434782609,0.7947976878612717,0.7338364906444469,0.7947976878612717,0.8203125
f1-score,0.8760806916426512,0.5161290322580645,0.5181347150259067,0.9871794871794871,0.9336734693877551,0.872852233676976,0.7603305785123967,0.5906432748538012,0.8199776369735371,0.7568779353171298,0.8128349633019034,0.815141369047619
support,177.0,128.0,100.0,387.0,198.0,149.0,61.0,184.0,1384.0,1384.0,1384.0,1384.0
