index,atrial fibrillation,left ventricular high voltage,nonspecific st t abnormality,sinus bradycardia,sinus rhythm,sinus tachycardia,supraventricular tachycardia,t wave abnormal,micro avg,macro avg,weighted avg,samples avg
precision,0.8831168831168831,0.6446280991735537,0.68,0.994750656167979,0.9635416666666666,0.9096774193548387,0.84,0.782608695652174,0.8887993553585818,0.8372904275165118,0.876702149152299,0.851806640625
recall,0.768361581920904,0.609375,0.34,0.979328165374677,0.9343434343434344,0.9463087248322147,0.6885245901639344,0.5869565217391305,0.7969653179190751,0.7316497522967869,0.7969653179190751,0.8155924479166666
f1-score,0.8217522658610273,0.6265060240963854,0.4533333333333334,0.9869791666666666,0.9487179487179487,0.9276315789473683,0.7567567567567568,0.6708074534161491,0.8403809523809523,0.7740605659744545,0.8299069260658366,0.8205403645833333
support,177.0,128.0,100.0,387.0,198.0,149.0,61.0,184.0,1384.0,1384.0,1384.0,1384.0
