index,atrial fibrillation,left ventricular high voltage,nonspecific st t abnormality,sinus bradycardia,sinus rhythm,sinus tachycardia,supraventricular tachycardia,t wave abnormal,micro avg,macro avg,weighted avg,samples avg
precision,0.8780487804878049,0.648,0.5268817204301075,0.9973821989528796,0.9227053140096618,0.9097222222222222,0.78,0.6521739130434783,0.8421052631578947,0.7893642686432694,0.8402153038071827,0.8357910156249999
recall,0.8135593220338984,0.6328125,0.49,0.9844961240310077,0.9646464646464646,0.8791946308724832,0.639344262295082,0.6521739130434783,0.8208092485549133,0.7570284021153018,0.8208092485549133,0.8328450520833333
f1-score,0.8445747800586512,0.6403162055335968,0.5077720207253886,0.9908972691807543,0.9432098765432099,0.89419795221843,0.7027027027027027,0.6521739130434783,0.831320892791804,0.7719805900007766,0.8298848055817478,0.8187197730654762
support,177.0,128.0,100.0,387.0,198.0,149.0,61.0,184.0,1384.0,1384.0,1384.0,1384.0
