index,1st degree av block,atrial fibrillation,premature atrial contraction,right bundle branch block,sinus rhythm,st depression,ventricular ectopics,micro avg,macro avg,weighted avg,samples avg
precision,0.8307692307692308,0.9137931034482759,0.48936170212765956,0.9447513812154696,0.6976744186046512,0.8714285714285714,0.8095238095238095,0.8375796178343949,0.7939003167310954,0.8329189909216175,0.6903202328966521
recall,0.7714285714285715,0.9137931034482759,0.38333333333333336,0.8724489795918368,0.6896551724137931,0.7093023255813954,0.5730337078651685,0.7471590909090909,0.7018564562374822,0.7471590909090909,0.710334788937409
f1-score,0.8,0.9137931034482759,0.42990654205607476,0.9071618037135278,0.6936416184971099,0.782051282051282,0.6710526315789473,0.7897897897897898,0.7425152830493167,0.7854048598400585,0.692964580300825
support,70.0,116.0,60.0,196.0,87.0,86.0,89.0,704.0,704.0,704.0,704.0
