index,atrial fibrillation,left ventricular high voltage,nonspecific st t abnormality,sinus bradycardia,sinus rhythm,sinus tachycardia,supraventricular tachycardia,t wave abnormal,micro avg,macro avg,weighted avg,samples avg
precision,0.9119496855345912,0.625,0.6363636363636364,0.9922480620155039,0.9736842105263158,0.9019607843137255,0.7868852459016393,0.7883211678832117,0.8821233411397346,0.827051599067328,0.8737602481311075,0.8621582031249999
recall,0.8192090395480226,0.625,0.42,0.9922480620155039,0.9343434343434344,0.9261744966442953,0.7868852459016393,0.5869565217391305,0.8164739884393064,0.7613521000240032,0.8164739884393064,0.8338216145833334
f1-score,0.8630952380952381,0.625,0.5060240963855421,0.9922480620155039,0.9536082474226805,0.9139072847682119,0.7868852459016392,0.6728971962616823,0.8480300187617262,0.7892081713563123,0.8411632726255168,0.8338564918154762
support,177.0,128.0,100.0,387.0,198.0,149.0,61.0,184.0,1384.0,1384.0,1384.0,1384.0
