index,abnormal QRS,atrial fibrillation,incomplete right bundle branch block,left anterior fascicular block,left axis deviation,left ventricular hypertrophy,myocardial infarction,myocardial ischemia,sinus rhythm,t wave abnormal,ventricular ectopics,micro avg,macro avg,weighted avg,samples avg
precision,0.5886524822695035,0.8125,0.5267175572519084,0.7222222222222222,0.7169811320754716,0.6864864864864865,0.7531914893617021,0.689119170984456,0.9220501868659904,0.5873015873015873,0.6886792452830188,0.7942152678994784,0.6994455963729407,0.7810857789917147,0.8190536177824314
recall,0.47293447293447294,0.8125,0.6052631578947368,0.6464088397790055,0.6797853309481217,0.5644444444444444,0.6413043478260869,0.6456310679611651,0.968592260235558,0.30578512396694213,0.6239316239316239,0.7461024498886414,0.6333255154474688,0.7461024498886414,0.772271666339463
f1-score,0.5244865718799367,0.8125,0.563265306122449,0.6822157434402332,0.6978879706152434,0.6195121951219512,0.6927592954990216,0.6666666666666666,0.9447483588621444,0.4021739130434782,0.6547085201793722,0.7694074414331649,0.6600840492209543,0.7593424215555377,0.7684702710126439
support,351.0,160.0,114.0,181.0,559.0,225.0,552.0,206.0,1783.0,242.0,117.0,4490.0,4490.0,4490.0,4490.0
