index,abnormal QRS,atrial fibrillation,incomplete right bundle branch block,left anterior fascicular block,left axis deviation,left ventricular hypertrophy,myocardial infarction,myocardial ischemia,sinus rhythm,t wave abnormal,ventricular ectopics,micro avg,macro avg,weighted avg,samples avg
precision,0.65,0.8035714285714286,0.651685393258427,0.7821229050279329,0.7379679144385026,0.6192468619246861,0.7310195227765727,0.6456310679611651,0.9362397820163487,0.4977973568281938,0.8023255813953488,0.7979395926012643,0.7143279831089642,0.789445384989002,0.8278510350544249
recall,0.4074074074074074,0.84375,0.5087719298245614,0.7734806629834254,0.740608228980322,0.6577777777777778,0.6105072463768116,0.6456310679611651,0.9635445877734156,0.4669421487603306,0.5897435897435898,0.7590200445434299,0.655287695235346,0.7590200445434299,0.7860098597386732
f1-score,0.500875656742557,0.8231707317073171,0.5714285714285715,0.7777777777777778,0.7392857142857142,0.6379310344827587,0.6653504442250741,0.6456310679611651,0.9496959646213378,0.48187633262260127,0.6798029556650246,0.77799337975117,0.6793478410472636,0.770593067482036,0.7801616005005836
support,351.0,160.0,114.0,181.0,559.0,225.0,552.0,206.0,1783.0,242.0,117.0,4490.0,4490.0,4490.0,4490.0
