index,atrial fibrillation,left ventricular high voltage,nonspecific st t abnormality,sinus bradycardia,sinus rhythm,sinus tachycardia,supraventricular tachycardia,t wave abnormal,micro avg,macro avg,weighted avg,samples avg
precision,0.8,0.7272727272727273,0.5714285714285714,0.9922279792746114,0.9489795918367347,0.9205298013245033,0.7833333333333333,0.7364341085271318,0.8681318681318682,0.8100257641247016,0.8556142363413229,0.85498046875
recall,0.8135593220338984,0.5,0.48,0.9896640826873385,0.9393939393939394,0.9328859060402684,0.7704918032786885,0.5163043478260869,0.7991329479768786,0.7427874251575275,0.7991329479768786,0.8216145833333333
f1-score,0.8067226890756303,0.5925925925925926,0.5217391304347826,0.9909443725743855,0.9441624365482234,0.9266666666666667,0.7768595041322314,0.6070287539936101,0.8322046651617758,0.7708395182522654,0.822550844873393,0.82236328125
support,177.0,128.0,100.0,387.0,198.0,149.0,61.0,184.0,1384.0,1384.0,1384.0,1384.0
