index,abnormal QRS,atrial fibrillation,incomplete right bundle branch block,left anterior fascicular block,left axis deviation,left ventricular hypertrophy,myocardial infarction,myocardial ischemia,sinus rhythm,t wave abnormal,ventricular ectopics,micro avg,macro avg,weighted avg,samples avg
precision,0.7098445595854922,0.8581081081081081,0.6506024096385542,0.7904191616766467,0.7810650887573964,0.7777777777777778,0.7097378277153558,0.6587677725118484,0.9394606494221244,0.5838926174496645,0.7572815533980582,0.8255497899678774,0.7469961387310025,0.8124156793799141,0.8473572846454203
recall,0.3903133903133903,0.79375,0.47368421052631576,0.7292817679558011,0.7084078711985689,0.4666666666666667,0.6865942028985508,0.6747572815533981,0.957375210319686,0.359504132231405,0.6666666666666666,0.744097995545657,0.627909218211859,0.744097995545657,0.7711417228366381
f1-score,0.5036764705882353,0.8246753246753247,0.548223350253807,0.7586206896551725,0.7429643527204502,0.5833333333333334,0.6979742173112338,0.6666666666666667,0.9483333333333333,0.4450127877237852,0.7090909090909091,0.7827105540588029,0.6753246759411137,0.770437313734306,0.7814117119201865
support,351.0,160.0,114.0,181.0,559.0,225.0,552.0,206.0,1783.0,242.0,117.0,4490.0,4490.0,4490.0,4490.0
