index,1st degree av block,atrial fibrillation,premature atrial contraction,right bundle branch block,sinus rhythm,st depression,ventricular ectopics,micro avg,macro avg,weighted avg,samples avg
precision,0.8666666666666667,0.8660714285714286,0.42857142857142855,0.9239130434782609,0.7258064516129032,0.859375,0.828125,0.8535714285714285,0.7855041455572411,0.8219981973115054,0.6428918000970402
recall,0.7428571428571429,0.8362068965517241,0.1,0.8673469387755102,0.5172413793103449,0.6395348837209303,0.5955056179775281,0.6789772727272727,0.61409897988474,0.6789772727272727,0.6470160116448326
f1-score,0.8,0.8508771929824562,0.16216216216216217,0.8947368421052632,0.6040268456375839,0.7333333333333334,0.69281045751634,0.7563291139240507,0.6768495476767341,0.7344844291540014,0.638524987869966
support,70.0,116.0,60.0,196.0,87.0,86.0,89.0,704.0,704.0,704.0,704.0
