index,1st degree av block,atrial fibrillation,premature atrial contraction,right bundle branch block,sinus rhythm,st depression,ventricular ectopics,micro avg,macro avg,weighted avg,samples avg
precision,0.8333333333333334,0.8833333333333333,0.5428571428571428,0.9234972677595629,0.6194690265486725,0.7297297297297297,0.8461538461538461,0.8043143297380585,0.7683390971022315,0.8044533344126227,0.6870451237263464
recall,0.8571428571428571,0.9137931034482759,0.31666666666666665,0.8622448979591837,0.8045977011494253,0.627906976744186,0.4943820224719101,0.7414772727272727,0.6966763179403579,0.7414772727272727,0.7023289665211062
f1-score,0.8450704225352113,0.8983050847457628,0.4,0.8918205804749341,0.7,0.675,0.624113475177305,0.7716186252771619,0.7191870804190303,0.7622887108975007,0.6885977680737506
support,70.0,116.0,60.0,196.0,87.0,86.0,89.0,704.0,704.0,704.0,704.0
