index,atrial fibrillation,left ventricular high voltage,nonspecific st t abnormality,sinus bradycardia,sinus rhythm,sinus tachycardia,supraventricular tachycardia,t wave abnormal,micro avg,macro avg,weighted avg,samples avg
precision,0.8092783505154639,0.6857142857142857,0.46875,0.979381443298969,0.9944444444444445,0.8066298342541437,0.8166666666666667,0.6797385620915033,0.8381240544629349,0.7800754483731847,0.830119741737527,0.849853515625
recall,0.8870056497175142,0.375,0.45,0.9819121447028424,0.9040404040404041,0.9798657718120806,0.8032786885245902,0.5652173913043478,0.8005780346820809,0.7432900062627225,0.8005780346820809,0.8273111979166666
f1-score,0.8463611859838276,0.4848484848484848,0.45918367346938777,0.9806451612903226,0.9470899470899472,0.8848484848484849,0.8099173553719008,0.6172106824925815,0.818920916481892,0.7537631219243672,0.8089830482432023,0.8201776413690476
support,177.0,128.0,100.0,387.0,198.0,149.0,61.0,184.0,1384.0,1384.0,1384.0,1384.0
