index,abnormal QRS,atrial fibrillation,incomplete right bundle branch block,left anterior fascicular block,left axis deviation,left ventricular hypertrophy,myocardial infarction,myocardial ischemia,sinus rhythm,t wave abnormal,ventricular ectopics,micro avg,macro avg,weighted avg,samples avg
precision,0.6218487394957983,0.8905109489051095,0.6055045871559633,0.7808988764044944,0.7949260042283298,0.7378048780487805,0.7401247401247402,0.6529680365296804,0.9278794402583423,0.5986394557823129,0.6290322580645161,0.8141957364341085,0.725467087727097,0.8012087860634545,0.8364592195100671
recall,0.42165242165242167,0.7625,0.5789473684210527,0.7679558011049724,0.6726296958855098,0.5377777777777778,0.644927536231884,0.6941747572815534,0.9669097027481772,0.36363636363636365,0.6666666666666666,0.7485523385300669,0.6434343719460345,0.7485523385300669,0.772062255960561
f1-score,0.5025466893039049,0.8215488215488216,0.5919282511210764,0.7743732590529249,0.7286821705426356,0.6221079691516709,0.6892545982575025,0.6729411764705882,0.9469925844548202,0.4524421593830334,0.6473029045643153,0.7799953585518682,0.6772836894410268,0.7696210127797481,0.7771915441406968
support,351.0,160.0,114.0,181.0,559.0,225.0,552.0,206.0,1783.0,242.0,117.0,4490.0,4490.0,4490.0,4490.0
