index,atrial fibrillation,left ventricular high voltage,nonspecific st t abnormality,sinus bradycardia,sinus rhythm,sinus tachycardia,supraventricular tachycardia,t wave abnormal,micro avg,macro avg,weighted avg,samples avg
precision,0.839572192513369,0.7314814814814815,0.676056338028169,0.9871794871794872,0.953125,0.9319727891156463,0.8363636363636363,0.7401574803149606,0.8841033672670321,0.8369885506245938,0.8718698387428759,0.8691569010416667
recall,0.8870056497175142,0.6171875,0.48,0.9948320413436692,0.9242424242424242,0.9194630872483222,0.7540983606557377,0.5108695652173914,0.8157514450867052,0.7609623285531324,0.8157514450867052,0.8334147135416666
f1-score,0.8626373626373628,0.6694915254237289,0.5614035087719298,0.9909909909909911,0.9384615384615383,0.9256756756756758,0.793103448275862,0.6045016077170419,0.848553175497933,0.7932832072442664,0.839150476363859,0.8374000186011905
support,177.0,128.0,100.0,387.0,198.0,149.0,61.0,184.0,1384.0,1384.0,1384.0,1384.0
