index,1st degree av block,atrial fibrillation,premature atrial contraction,right bundle branch block,sinus rhythm,st depression,ventricular ectopics,micro avg,macro avg,weighted avg,samples avg
precision,0.8571428571428571,0.907563025210084,0.6923076923076923,0.9653179190751445,0.616822429906542,0.8656716417910447,0.7586206896551724,0.8433333333333334,0.809063750726934,0.840407157069274,0.6812227074235808
recall,0.7714285714285715,0.9310344827586207,0.15,0.8520408163265306,0.7586206896551724,0.6744186046511628,0.4943820224719101,0.71875,0.6617035981845669,0.71875,0.6841339155749636
f1-score,0.81203007518797,0.9191489361702128,0.2465753424657534,0.9051490514905149,0.6804123711340205,0.7581699346405228,0.5986394557823128,0.7760736196319019,0.7028750238387582,0.7575916459252263,0.6768558951965066
support,70.0,116.0,60.0,196.0,87.0,86.0,89.0,704.0,704.0,704.0,704.0
