index,1st degree av block,atrial fibrillation,premature atrial contraction,right bundle branch block,sinus rhythm,st depression,ventricular ectopics,micro avg,macro avg,weighted avg,samples avg
precision,0.7916666666666666,0.8512396694214877,0.5217391304347826,0.9431818181818182,0.6444444444444445,0.8450704225352113,0.9,0.8308457711442786,0.7853345930977731,0.8226863288550814,0.6744298884036876
recall,0.8142857142857143,0.8879310344827587,0.2,0.8469387755102041,0.6666666666666666,0.6976744186046512,0.5056179775280899,0.7116477272727273,0.6598735124397264,0.7116477272727273,0.6797671033478894
f1-score,0.8028169014084506,0.869198312236287,0.2891566265060241,0.8924731182795699,0.6553672316384181,0.7643312101910827,0.6474820143884892,0.7666411629686305,0.7029750592354745,0.7523773417623706,0.6709364386220281
support,70.0,116.0,60.0,196.0,87.0,86.0,89.0,704.0,704.0,704.0,704.0
