index,abnormal QRS,atrial fibrillation,incomplete right bundle branch block,left anterior fascicular block,left axis deviation,left ventricular hypertrophy,myocardial infarction,myocardial ischemia,sinus rhythm,t wave abnormal,ventricular ectopics,micro avg,macro avg,weighted avg,samples avg
precision,0.6598360655737705,0.8246753246753247,0.4827586206896552,0.735632183908046,0.7549194991055456,0.7151898734177216,0.7198443579766537,0.6666666666666666,0.9449694274596998,0.5698324022346368,0.6767676767676768,0.8066378066378066,0.7046447362250361,0.7953900463583744,0.8247616866260934
recall,0.4586894586894587,0.79375,0.49122807017543857,0.7071823204419889,0.7549194991055456,0.5022222222222222,0.6702898550724637,0.5242718446601942,0.9534492428491307,0.4214876033057851,0.5726495726495726,0.7469933184855234,0.6227399717428909,0.7469933184855234,0.7755273433239535
f1-score,0.5411764705882353,0.8089171974522293,0.4869565217391304,0.7211267605633802,0.7549194991055456,0.5900783289817232,0.6941838649155722,0.5869565217391304,0.9491903964265772,0.4845605700712589,0.6203703703703705,0.7756706753006475,0.6580396819957411,0.7676036322852493,0.7727870312616074
support,351.0,160.0,114.0,181.0,559.0,225.0,552.0,206.0,1783.0,242.0,117.0,4490.0,4490.0,4490.0,4490.0
