index,abnormal QRS,atrial fibrillation,incomplete right bundle branch block,left anterior fascicular block,left axis deviation,left ventricular hypertrophy,myocardial infarction,myocardial ischemia,sinus rhythm,t wave abnormal,ventricular ectopics,micro avg,macro avg,weighted avg,samples avg
precision,0.6712962962962963,0.7785234899328859,0.6521739130434783,0.717948717948718,0.7453531598513011,0.7762237762237763,0.7465116279069768,0.6342592592592593,0.9322404371584699,0.5986394557823129,0.7926829268292683,0.8147597820703318,0.7314411872938856,0.8014074041505829,0.8397225312479549
recall,0.4131054131054131,0.725,0.5263157894736842,0.7734806629834254,0.7173524150268337,0.49333333333333335,0.5815217391304348,0.6650485436893204,0.9568143578238923,0.36363636363636365,0.5555555555555556,0.732739420935412,0.6155603794325688,0.732739420935412,0.7650022904260192
f1-score,0.5114638447971781,0.7508090614886731,0.5825242718446602,0.7446808510638298,0.7310847766636281,0.6032608695652174,0.6537678207739308,0.6492890995260664,0.9443675615831718,0.4524421593830334,0.6532663316582915,0.7715759849906191,0.6615415134861528,0.7593813504340918,0.7736458177136143
support,351.0,160.0,114.0,181.0,559.0,225.0,552.0,206.0,1783.0,242.0,117.0,4490.0,4490.0,4490.0,4490.0
