index,1st degree av block,atrial fibrillation,premature atrial contraction,right bundle branch block,sinus rhythm,st depression,ventricular ectopics,micro avg,macro avg,weighted avg,samples avg
precision,0.8360655737704918,0.9145299145299145,0.37037037037037035,0.9297297297297298,0.6867469879518072,0.8461538461538461,0.8653846153846154,0.8423728813559322,0.778425862555825,0.8218675553819922,0.6669092673459485
recall,0.7285714285714285,0.9224137931034483,0.16666666666666666,0.8775510204081632,0.6551724137931034,0.6395348837209303,0.5056179775280899,0.7059659090909091,0.6422183119702615,0.7059659090909091,0.6703056768558951
f1-score,0.7786259541984734,0.9184549356223175,0.2298850574712644,0.9028871391076115,0.6705882352941177,0.728476821192053,0.6382978723404256,0.768160741885626,0.6953165736037519,0.7522759456972334,0.6634643377001455
support,70.0,116.0,60.0,196.0,87.0,86.0,89.0,704.0,704.0,704.0,704.0
