index,1st degree av block,atrial fibrillation,premature atrial contraction,right bundle branch block,sinus rhythm,st depression,ventricular ectopics,micro avg,macro avg,weighted avg,samples avg
precision,0.8923076923076924,0.8790322580645161,0.5555555555555556,0.9222222222222223,0.6363636363636364,0.7142857142857143,0.6701030927835051,0.7957317073170732,0.752838595940406,0.7882806141134249,0.6737020863658418
recall,0.8285714285714286,0.9396551724137931,0.3333333333333333,0.8469387755102041,0.5632183908045977,0.6395348837209303,0.7303370786516854,0.7414772727272727,0.6973698661437104,0.7414772727272727,0.7045123726346434
f1-score,0.8592592592592593,0.9083333333333334,0.4166666666666667,0.8829787234042554,0.5975609756097561,0.6748466257668713,0.6989247311827956,0.7676470588235296,0.7197957593175625,0.7610902846183486,0.6806889859291606
support,70.0,116.0,60.0,196.0,87.0,86.0,89.0,704.0,704.0,704.0,704.0
