index,atrial fibrillation,left ventricular high voltage,nonspecific st t abnormality,sinus bradycardia,sinus rhythm,sinus tachycardia,supraventricular tachycardia,t wave abnormal,micro avg,macro avg,weighted avg,samples avg
precision,0.8685714285714285,0.7222222222222222,0.6176470588235294,0.9893899204244032,0.9627659574468085,0.927007299270073,0.7906976744186046,0.7205882352941176,0.8830313014827018,0.8248612245588983,0.8673502405979376,0.8380533854166667
recall,0.8587570621468926,0.5078125,0.42,0.9638242894056848,0.9141414141414141,0.8523489932885906,0.5573770491803278,0.532608695652174,0.7745664739884393,0.7008587504768855,0.7745664739884393,0.7972819010416666
f1-score,0.8636363636363636,0.5963302752293578,0.5,0.9764397905759162,0.9378238341968912,0.8881118881118881,0.6538461538461539,0.6125,0.8252501924557352,0.7535860381995714,0.8147966159177348,0.803138950892857
support,177.0,128.0,100.0,387.0,198.0,149.0,61.0,184.0,1384.0,1384.0,1384.0,1384.0
