index,atrial fibrillation,left ventricular high voltage,nonspecific st t abnormality,sinus bradycardia,sinus rhythm,sinus tachycardia,supraventricular tachycardia,t wave abnormal,micro avg,macro avg,weighted avg,samples avg
precision,0.9074074074074074,0.7230769230769231,0.6086956521739131,0.9794871794871794,0.9444444444444444,0.9347826086956522,0.7428571428571429,0.7786259541984732,0.884430176565008,0.827422164042642,0.8728035628080519,0.865058826264881
recall,0.8305084745762712,0.3671875,0.56,0.9870801033591732,0.9444444444444444,0.8657718120805369,0.8524590163934426,0.5543478260869565,0.796242774566474,0.7452248971176032,0.796242774566474,0.8193359375
f1-score,0.8672566371681415,0.48704663212435223,0.5833333333333334,0.9832689832689833,0.9444444444444444,0.8989547038327527,0.7938931297709924,0.6476190476190476,0.8380228136882129,0.775727113945256,0.8260393497818811,0.8263958643353175
support,177.0,128.0,100.0,387.0,198.0,149.0,61.0,184.0,1384.0,1384.0,1384.0,1384.0
