index,abnormal QRS,atrial fibrillation,incomplete right bundle branch block,left anterior fascicular block,left axis deviation,left ventricular hypertrophy,myocardial infarction,myocardial ischemia,sinus rhythm,t wave abnormal,ventricular ectopics,micro avg,macro avg,weighted avg,samples avg
precision,0.6094420600858369,0.717948717948718,0.550561797752809,0.8088235294117647,0.7584973166368515,0.8099173553719008,0.7142857142857143,0.6171171171171171,0.9412087912087912,0.43455497382198954,0.7634408602150538,0.7997581620314389,0.7023452939869589,0.7880290570456903,0.8252001396069192
recall,0.4045584045584046,0.875,0.4298245614035088,0.6077348066298343,0.7584973166368515,0.43555555555555553,0.6159420289855072,0.6650485436893204,0.9607403252944475,0.34297520661157027,0.6068376068376068,0.7365256124721603,0.6093376687456916,0.7365256124721603,0.7681216325284123
f1-score,0.4863013698630137,0.7887323943661971,0.4827586206896552,0.694006309148265,0.7584973166368515,0.5664739884393064,0.6614785992217899,0.6401869158878506,0.9508742714404662,0.38337182448036955,0.6761904761904762,0.766840579710145,0.6444429169422038,0.7557481115131451,0.7712896585777942
support,351.0,160.0,114.0,181.0,559.0,225.0,552.0,206.0,1783.0,242.0,117.0,4490.0,4490.0,4490.0,4490.0
