index,abnormal QRS,atrial fibrillation,incomplete right bundle branch block,left anterior fascicular block,left axis deviation,left ventricular hypertrophy,myocardial infarction,myocardial ischemia,sinus rhythm,t wave abnormal,ventricular ectopics,micro avg,macro avg,weighted avg,samples avg
precision,0.5686274509803921,0.8048780487804879,0.494949494949495,0.7730061349693251,0.7425925925925926,0.6903553299492385,0.7418032786885246,0.5930232558139535,0.9331506849315069,0.5773809523809523,0.7659574468085106,0.791492329149233,0.698702242804089,0.7839499705946384,0.819460986410139
recall,0.49572649572649574,0.825,0.4298245614035088,0.6961325966850829,0.7173524150268337,0.6044444444444445,0.6557971014492754,0.7427184466019418,0.9551318003365115,0.40082644628099173,0.6153846153846154,0.7583518930957683,0.6489399021217911,0.7583518930957683,0.7864635822262941
f1-score,0.5296803652968037,0.8148148148148149,0.46009389671361506,0.7325581395348837,0.7297543221110101,0.6445497630331753,0.6961538461538461,0.6594827586206897,0.9440133037694012,0.4731707317073171,0.6824644549763033,0.7745677888989991,0.6697033087938055,0.768808467503844,0.7764687976552384
support,351.0,160.0,114.0,181.0,559.0,225.0,552.0,206.0,1783.0,242.0,117.0,4490.0,4490.0,4490.0,4490.0
