index,abnormal QRS,atrial fibrillation,incomplete right bundle branch block,left anterior fascicular block,left axis deviation,left ventricular hypertrophy,myocardial infarction,myocardial ischemia,sinus rhythm,t wave abnormal,ventricular ectopics,micro avg,macro avg,weighted avg,samples avg
precision,0.5979899497487438,0.8642857142857143,0.5327868852459017,0.8,0.7892644135188867,0.7169811320754716,0.7222222222222222,0.6825396825396826,0.922790202342918,0.5958904109589042,0.7,0.8116404715127702,0.720431873903495,0.7944204242625643,0.8339353881726762
recall,0.33903133903133903,0.75625,0.5701754385964912,0.6187845303867403,0.7101967799642218,0.5066666666666667,0.6358695652173914,0.6262135922330098,0.9719573752103197,0.359504132231405,0.6581196581196581,0.7360801781737194,0.6138880979688403,0.7360801781737194,0.7727024845668914
f1-score,0.43272727272727274,0.8066666666666666,0.5508474576271187,0.6978193146417446,0.7476459510357816,0.59375,0.6763005780346821,0.6531645569620254,0.9467358645178913,0.44845360824742275,0.6784140969162995,0.77201588413922,0.6575023061251731,0.7584373650161234,0.7762005084038982
support,351.0,160.0,114.0,181.0,559.0,225.0,552.0,206.0,1783.0,242.0,117.0,4490.0,4490.0,4490.0,4490.0
