index,abnormal QRS,atrial fibrillation,incomplete right bundle branch block,left anterior fascicular block,left axis deviation,left ventricular hypertrophy,myocardial infarction,myocardial ischemia,sinus rhythm,t wave abnormal,ventricular ectopics,micro avg,macro avg,weighted avg,samples avg
precision,0.5947955390334573,0.8571428571428571,0.5913978494623656,0.7976878612716763,0.7544169611307421,0.676923076923077,0.6691449814126395,0.5833333333333334,0.9275751072961373,0.5887096774193549,0.8481012658227848,0.7950339657999531,0.717202591840766,0.7832606738094582,0.8336299980367777
recall,0.45584045584045585,0.75,0.4824561403508772,0.7624309392265194,0.7638640429338104,0.5866666666666667,0.6521739130434783,0.6456310679611651,0.9697139652271453,0.30165289256198347,0.5726495726495726,0.755902004454343,0.6311890596783339,0.755902004454343,0.7813417533756516
f1-score,0.5161290322580645,0.7999999999999999,0.5314009661835749,0.7796610169491525,0.7591111111111111,0.6285714285714286,0.6605504587155963,0.6129032258064516,0.9481765834932822,0.3989071038251366,0.6836734693877552,0.7749743121360886,0.6653713087546866,0.7649526521636297,0.7794662709916947
support,351.0,160.0,114.0,181.0,559.0,225.0,552.0,206.0,1783.0,242.0,117.0,4490.0,4490.0,4490.0,4490.0
