index,abnormal QRS,atrial fibrillation,incomplete right bundle branch block,left anterior fascicular block,left axis deviation,left ventricular hypertrophy,myocardial infarction,myocardial ischemia,sinus rhythm,t wave abnormal,ventricular ectopics,micro avg,macro avg,weighted avg,samples avg
precision,0.6288659793814433,0.8159509202453987,0.5483870967741935,0.7572254335260116,0.7695099818511797,0.6822916666666666,0.7416829745596869,0.7210884353741497,0.934640522875817,0.4550898203592814,0.6639344262295082,0.8014963759644611,0.7016970234403034,0.7899240711992936,0.8294385184215692
recall,0.5213675213675214,0.83125,0.5964912280701754,0.7237569060773481,0.7584973166368515,0.5822222222222222,0.6865942028985508,0.5145631067961165,0.9624228827818284,0.3140495867768595,0.6923076923076923,0.7634743875278397,0.6530475150850151,0.7634743875278397,0.7875760748642104
f1-score,0.5700934579439253,0.8235294117647058,0.5714285714285714,0.7401129943502825,0.7639639639639639,0.6282973621103117,0.7130761994355598,0.6005665722379603,0.9483282674772037,0.37163814180929094,0.6778242677824268,0.7820234972054296,0.6735326554822002,0.7743517878844767,0.7818417801468649
support,351.0,160.0,114.0,181.0,559.0,225.0,552.0,206.0,1783.0,242.0,117.0,4490.0,4490.0,4490.0,4490.0
