index,1st degree av block,atrial fibrillation,premature atrial contraction,right bundle branch block,sinus rhythm,st depression,ventricular ectopics,micro avg,macro avg,weighted avg,samples avg
precision,0.8870967741935484,0.8934426229508197,0.5555555555555556,0.9259259259259259,0.584070796460177,0.7333333333333333,0.7887323943661971,0.8023952095808383,0.7668796289693652,0.8020297476249318,0.6950509461426492
recall,0.7857142857142857,0.9396551724137931,0.3333333333333333,0.8928571428571429,0.7586206896551724,0.6395348837209303,0.6292134831460674,0.7613636363636364,0.7112755701201036,0.7613636363636364,0.7234352256186317
f1-score,0.8333333333333333,0.9159663865546218,0.4166666666666667,0.9090909090909091,0.66,0.6832298136645963,0.6999999999999998,0.7813411078717202,0.7311838727585896,0.7759162163787541,0.7010674429888405
support,70.0,116.0,60.0,196.0,87.0,86.0,89.0,704.0,704.0,704.0,704.0
