index,1st degree av block,atrial fibrillation,premature atrial contraction,right bundle branch block,sinus rhythm,st depression,ventricular ectopics,micro avg,macro avg,weighted avg,samples avg
precision,0.8888888888888888,0.9051724137931034,0.6296296296296297,0.9456521739130435,0.6086956521739131,0.8695652173913043,0.7692307692307693,0.8325508607198748,0.8024049635743788,0.8331654758285193,0.7083939835031537
recall,0.8,0.9051724137931034,0.2833333333333333,0.8877551020408163,0.8045977011494253,0.6976744186046512,0.5617977528089888,0.7556818181818182,0.7057615316757598,0.7556818181818182,0.7205240174672489
f1-score,0.8421052631578948,0.9051724137931035,0.3908045977011494,0.9157894736842105,0.693069306930693,0.7741935483870968,0.6493506493506495,0.7922561429635145,0.7386407504292568,0.7834662837808172,0.7074235807860262
support,70.0,116.0,60.0,196.0,87.0,86.0,89.0,704.0,704.0,704.0,704.0
