index,atrial fibrillation,left ventricular high voltage,nonspecific st t abnormality,sinus bradycardia,sinus rhythm,sinus tachycardia,supraventricular tachycardia,t wave abnormal,micro avg,macro avg,weighted avg,samples avg
precision,0.891566265060241,0.6363636363636364,0.6571428571428571,0.9845360824742269,0.9581151832460733,0.9246575342465754,0.8409090909090909,0.7642857142857142,0.8786217697729053,0.8321970454660519,0.8709511046687195,0.8426920572916666
recall,0.8361581920903954,0.65625,0.46,0.9870801033591732,0.9242424242424242,0.9060402684563759,0.6065573770491803,0.5815217391304348,0.8106936416184971,0.744731263040998,0.8106936416184971,0.8212890625
f1-score,0.8629737609329445,0.6461538461538462,0.5411764705882354,0.9858064516129033,0.9408740359897172,0.9152542372881356,0.7047619047619049,0.6604938271604938,0.8432919954904171,0.7821868168110226,0.836897451369757,0.8181012834821428
support,177.0,128.0,100.0,387.0,198.0,149.0,61.0,184.0,1384.0,1384.0,1384.0,1384.0
