index,atrial fibrillation,left ventricular high voltage,nonspecific st t abnormality,sinus bradycardia,sinus rhythm,sinus tachycardia,supraventricular tachycardia,t wave abnormal,micro avg,macro avg,weighted avg,samples avg
precision,0.8402366863905325,0.6907216494845361,0.4631578947368421,0.9871794871794872,0.9417989417989417,0.9219858156028369,0.8333333333333334,0.7304964539007093,0.8573667711598746,0.8011137828034024,0.8486887814229537,0.8402506510416666
recall,0.8022598870056498,0.5234375,0.44,0.9948320413436692,0.898989898989899,0.87248322147651,0.7377049180327869,0.5597826086956522,0.7904624277456648,0.7286862594430209,0.7904624277456648,0.815673828125
f1-score,0.8208092485549133,0.5955555555555556,0.45128205128205123,0.9909909909909911,0.9198966408268735,0.896551724137931,0.782608695652174,0.633846153846154,0.8225563909774436,0.7614426326058306,0.8166536353105469,0.8106398809523809
support,177.0,128.0,100.0,387.0,198.0,149.0,61.0,184.0,1384.0,1384.0,1384.0,1384.0
