index,1st degree av block,atrial fibrillation,premature atrial contraction,right bundle branch block,sinus rhythm,st depression,ventricular ectopics,micro avg,macro avg,weighted avg,samples avg
precision,0.7971014492753623,0.9252336448598131,0.696969696969697,0.9488636363636364,0.6881720430107527,0.7638888888888888,0.7627118644067796,0.8341543513957307,0.7975630319678472,0.8300659473253572,0.6775836972343523
recall,0.7857142857142857,0.853448275862069,0.38333333333333336,0.8520408163265306,0.735632183908046,0.6395348837209303,0.5056179775280899,0.7215909090909091,0.6793316794847549,0.7215909090909091,0.6892285298398836
f1-score,0.7913669064748201,0.8878923766816144,0.4946236559139786,0.8978494623655914,0.7111111111111111,0.6962025316455697,0.6081081081081081,0.7738004569687739,0.7267363074715419,0.766915936273589,0.6775351770984959
support,70.0,116.0,60.0,196.0,87.0,86.0,89.0,704.0,704.0,704.0,704.0
