index,atrial fibrillation,left ventricular high voltage,nonspecific st t abnormality,sinus bradycardia,sinus rhythm,sinus tachycardia,supraventricular tachycardia,t wave abnormal,micro avg,macro avg,weighted avg,samples avg
precision,0.8888888888888888,0.5448275862068965,0.4369747899159664,0.9919571045576407,0.9627659574468085,0.8993288590604027,0.851063829787234,0.6862745098039216,0.8275092936802974,0.7827601907084699,0.8363245706782012,0.8196614583333333
recall,0.8587570621468926,0.6171875,0.52,0.9560723514211886,0.9141414141414141,0.8993288590604027,0.6557377049180327,0.5706521739130435,0.8041907514450867,0.7489846332001218,0.8041907514450867,0.8208821614583334
f1-score,0.8735632183908045,0.5787545787545787,0.4748858447488585,0.9736842105263157,0.9378238341968912,0.8993288590604027,0.7407407407407407,0.6231454005934718,0.8156834005130084,0.762740835876508,0.818308314848047,0.8022972470238094
support,177.0,128.0,100.0,387.0,198.0,149.0,61.0,184.0,1384.0,1384.0,1384.0,1384.0
