index,abnormal QRS,atrial fibrillation,incomplete right bundle branch block,left anterior fascicular block,left axis deviation,left ventricular hypertrophy,myocardial infarction,myocardial ischemia,sinus rhythm,t wave abnormal,ventricular ectopics,micro avg,macro avg,weighted avg,samples avg
precision,0.5104166666666666,0.7844311377245509,0.6233766233766234,0.6919191919191919,0.7659176029962547,0.7338709677419355,0.732,0.7032967032967034,0.9461581604038138,0.5428571428571428,0.7666666666666667,0.8055351457261817,0.7091737148772318,0.7909244984645052,0.8250430818227429
recall,0.4188034188034188,0.81875,0.42105263157894735,0.7569060773480663,0.7316636851520573,0.40444444444444444,0.6630434782608695,0.6213592233009708,0.9461581604038138,0.3140495867768595,0.5897435897435898,0.7325167037861915,0.6078158450739125,0.7325167037861915,0.7630477935562682
f1-score,0.46009389671361506,0.8012232415902141,0.5026178010471204,0.7229551451187336,0.7483989021043,0.5214899713467049,0.6958174904942966,0.6597938144329898,0.9461581604038138,0.39790575916230364,0.6666666666666667,0.767292663011781,0.6475564408255234,0.7560877931090006,0.7669129567434652
support,351.0,160.0,114.0,181.0,559.0,225.0,552.0,206.0,1783.0,242.0,117.0,4490.0,4490.0,4490.0,4490.0
