index,abnormal QRS,atrial fibrillation,incomplete right bundle branch block,left anterior fascicular block,left axis deviation,left ventricular hypertrophy,myocardial infarction,myocardial ischemia,sinus rhythm,t wave abnormal,ventricular ectopics,micro avg,macro avg,weighted avg,samples avg
precision,0.6169354838709677,0.7391304347826086,0.45517241379310347,0.8064516129032258,0.7476099426386233,0.6844919786096256,0.7306122448979592,0.6701570680628273,0.9323593073593074,0.5934959349593496,0.7159090909090909,0.7996174079387852,0.6993023193442445,0.7874658384758948,0.8281406103440001
recall,0.4358974358974359,0.85,0.5789473684210527,0.6906077348066298,0.6994633273703041,0.5688888888888889,0.6485507246376812,0.6213592233009708,0.9663488502523836,0.30165289256198347,0.5384615384615384,0.7447661469933184,0.6272889076908063,0.7447661469933184,0.7735466701568396
f1-score,0.5108514190317196,0.7906976744186046,0.5096525096525096,0.744047619047619,0.722735674676525,0.6213592233009708,0.6871401151631479,0.6448362720403022,0.9490498485265767,0.39999999999999997,0.6146341463414634,0.7712177121771218,0.6540913183817672,0.7606713227566168,0.7720606822301737
support,351.0,160.0,114.0,181.0,559.0,225.0,552.0,206.0,1783.0,242.0,117.0,4490.0,4490.0,4490.0,4490.0
