index,atrial fibrillation,left ventricular high voltage,nonspecific st t abnormality,sinus bradycardia,sinus rhythm,sinus tachycardia,supraventricular tachycardia,t wave abnormal,micro avg,macro avg,weighted avg,samples avg
precision,0.8522727272727273,0.7252747252747253,0.6022727272727273,0.9845758354755784,0.9329896907216495,0.8679245283018868,0.7096774193548387,0.7142857142857143,0.8560606060606061,0.7986591709949808,0.8480615362050892,0.8517264229910715
recall,0.847457627118644,0.515625,0.53,0.9896640826873385,0.9141414141414141,0.9261744966442953,0.7213114754098361,0.625,0.8164739884393064,0.758671762000191,0.8164739884393064,0.8289388020833333
f1-score,0.8498583569405099,0.6027397260273972,0.5638297872340425,0.9871134020618556,0.9234693877551021,0.8961038961038962,0.7154471544715446,0.6666666666666666,0.8357988165680473,0.7756535471576269,0.8299471400402753,0.8257279829545454
support,177.0,128.0,100.0,387.0,198.0,149.0,61.0,184.0,1384.0,1384.0,1384.0,1384.0
