index,abnormal QRS,atrial fibrillation,incomplete right bundle branch block,left anterior fascicular block,left axis deviation,left ventricular hypertrophy,myocardial infarction,myocardial ischemia,sinus rhythm,t wave abnormal,ventricular ectopics,micro avg,macro avg,weighted avg,samples avg
precision,0.6138211382113821,0.8280254777070064,0.4024390243902439,0.7688172043010753,0.725752508361204,0.6221198156682027,0.7165991902834008,0.6589595375722543,0.9262520638414969,0.4577114427860697,0.6701030927835051,0.7740229885057471,0.6718727723550765,0.7685135741690795,0.801870514582379
recall,0.4301994301994302,0.8125,0.5789473684210527,0.7900552486187845,0.776386404293381,0.6,0.6413043478260869,0.5533980582524272,0.9439147504206393,0.38016528925619836,0.5555555555555556,0.7498886414253898,0.6420387684403233,0.7498886414253898,0.7737528084985712
f1-score,0.5058626465661641,0.8201892744479495,0.47482014388489213,0.779291553133515,0.7502160760587727,0.6108597285067874,0.6768642447418738,0.6015831134564643,0.935,0.4153498871331829,0.6074766355140186,0.761764705882353,0.6525012094039655,0.7565775477323468,0.7615646251239472
support,351.0,160.0,114.0,181.0,559.0,225.0,552.0,206.0,1783.0,242.0,117.0,4490.0,4490.0,4490.0,4490.0
