index,abnormal QRS,atrial fibrillation,incomplete right bundle branch block,left anterior fascicular block,left axis deviation,left ventricular hypertrophy,myocardial infarction,myocardial ischemia,sinus rhythm,t wave abnormal,ventricular ectopics,micro avg,macro avg,weighted avg,samples avg
precision,0.6651785714285714,0.7950310559006211,0.6210526315789474,0.8012048192771084,0.7397003745318352,0.7484662576687117,0.7623126338329764,0.7043010752688172,0.9272237196765498,0.5721925133689839,0.7472527472527473,0.8156938726083798,0.7349014908896246,0.8025433818199942,0.8362574438845626
recall,0.42450142450142453,0.8,0.5175438596491229,0.7348066298342542,0.7066189624329159,0.5422222222222223,0.644927536231884,0.6359223300970874,0.9646662927650028,0.44214876033057854,0.5811965811965812,0.7501113585746102,0.6358685999328249,0.7501113585746102,0.7789106297580873
f1-score,0.5182608695652173,0.7975077881619939,0.5645933014354068,0.7665706051873198,0.7227813357731017,0.6288659793814434,0.6987242394504416,0.6683673469387755,0.9455744914788344,0.4988344988344989,0.6538461538461539,0.7815291797192249,0.6785387827321079,0.7716503474286375,0.7809410775512471
support,351.0,160.0,114.0,181.0,559.0,225.0,552.0,206.0,1783.0,242.0,117.0,4490.0,4490.0,4490.0,4490.0
