index,abnormal QRS,atrial fibrillation,incomplete right bundle branch block,left anterior fascicular block,left axis deviation,left ventricular hypertrophy,myocardial infarction,myocardial ischemia,sinus rhythm,t wave abnormal,ventricular ectopics,micro avg,macro avg,weighted avg,samples avg
precision,0.6229508196721312,0.7624309392265194,0.6,0.8291139240506329,0.7155322862129145,0.6395939086294417,0.7334801762114538,0.6944444444444444,0.9227861771058316,0.5586206896551724,0.7227722772277227,0.7973747016706444,0.7092477856760241,0.7830780435646192,0.8213227755600637
recall,0.43304843304843305,0.8625,0.5526315789473685,0.7237569060773481,0.7334525939177102,0.56,0.6032608695652174,0.6067961165048543,0.9584969153112731,0.3347107438016529,0.6239316239316239,0.744097995545657,0.6356896164641348,0.744097995545657,0.771316231485723
f1-score,0.5109243697478992,0.809384164222874,0.5753424657534247,0.7728613569321535,0.7243816254416962,0.5971563981042656,0.662027833001988,0.6476683937823834,0.9403026134800551,0.41860465116279066,0.6697247706422018,0.7698156682027651,0.6662162402065211,0.7591717419756994,0.7690442605696843
support,351.0,160.0,114.0,181.0,559.0,225.0,552.0,206.0,1783.0,242.0,117.0,4490.0,4490.0,4490.0,4490.0
