index,atrial fibrillation,left ventricular high voltage,nonspecific st t abnormality,sinus bradycardia,sinus rhythm,sinus tachycardia,supraventricular tachycardia,t wave abnormal,micro avg,macro avg,weighted avg,samples avg
precision,0.9,0.7291666666666666,0.7090909090909091,0.9870466321243523,0.9738219895287958,0.8974358974358975,0.8723404255319149,0.7466666666666667,0.90360435875943,0.8519461483806503,0.8834274610862083,0.8697102864583333
recall,0.8135593220338984,0.2734375,0.39,0.9844961240310077,0.9393939393939394,0.9395973154362416,0.6721311475409836,0.6086956521739131,0.7789017341040463,0.702663875076248,0.7789017341040463,0.80712890625
f1-score,0.8545994065281901,0.39772727272727276,0.5032258064516129,0.9857697283311773,0.9562982005141388,0.9180327868852459,0.7592592592592592,0.6706586826347306,0.8366317423360496,0.7556963929164535,0.8163573646974089,0.8239955357142856
support,177.0,128.0,100.0,387.0,198.0,149.0,61.0,184.0,1384.0,1384.0,1384.0,1384.0
