index,1st degree av block,atrial fibrillation,premature atrial contraction,right bundle branch block,sinus rhythm,st depression,ventricular ectopics,micro avg,macro avg,weighted avg,samples avg
precision,0.835820895522388,0.9459459459459459,0.2727272727272727,0.9553072625698324,0.5948275862068966,0.6931818181818182,0.7962962962962963,0.8021978021978022,0.7277295824929215,0.7870384360477658,0.6700630761766133
recall,0.8,0.9051724137931034,0.1,0.8724489795918368,0.7931034482758621,0.7093023255813954,0.48314606741573035,0.7258522727272727,0.6661676049511326,0.7258522727272727,0.6906841339155749
f1-score,0.8175182481751825,0.9251101321585904,0.14634146341463417,0.9119999999999999,0.6798029556650247,0.7011494252873564,0.6013986013986014,0.7621178225205071,0.6833315465856271,0.7457922212352025,0.6720038816108684
support,70.0,116.0,60.0,196.0,87.0,86.0,89.0,704.0,704.0,704.0,704.0
