index,abnormal QRS,atrial fibrillation,incomplete right bundle branch block,left anterior fascicular block,left axis deviation,left ventricular hypertrophy,myocardial infarction,myocardial ischemia,sinus rhythm,t wave abnormal,ventricular ectopics,micro avg,macro avg,weighted avg,samples avg
precision,0.6896551724137931,0.8939393939393939,0.6086956521739131,0.7360406091370558,0.7775665399239544,0.6605504587155964,0.7449664429530202,0.6283185840707964,0.9340296866410115,0.5497076023391813,0.6972477064220184,0.8106280193236715,0.7200652589754305,0.7999186480411382,0.828369652945924
recall,0.39886039886039887,0.7375,0.49122807017543857,0.8011049723756906,0.7316636851520573,0.64,0.6032608695652174,0.6893203883495146,0.9528883903533371,0.3884297520661157,0.6495726495726496,0.7474387527839643,0.64398447058822,0.7474387527839643,0.775420456776389
f1-score,0.5054151624548737,0.8082191780821918,0.5436893203883495,0.7671957671957672,0.7539170506912443,0.6501128668171557,0.6666666666666667,0.6574074074074074,0.9433647973348139,0.45520581113801456,0.6725663716814159,0.7777520278099652,0.674887309077991,0.7682782326565273,0.7758000791899096
support,351.0,160.0,114.0,181.0,559.0,225.0,552.0,206.0,1783.0,242.0,117.0,4490.0,4490.0,4490.0,4490.0
