index,1st degree av block,atrial fibrillation,premature atrial contraction,right bundle branch block,sinus rhythm,st depression,ventricular ectopics,micro avg,macro avg,weighted avg,samples avg
precision,0.8253968253968254,0.8244274809160306,0.38461538461538464,0.9247311827956989,0.6842105263157895,0.6463414634146342,0.7571428571428571,0.7727272727272727,0.7209808172281743,0.7673764153377327,0.6586608442503639
recall,0.7428571428571429,0.9310344827586207,0.3333333333333333,0.8775510204081632,0.5977011494252874,0.6162790697674418,0.5955056179775281,0.7244318181818182,0.6706088309325026,0.7244318181818182,0.6855895196506551
f1-score,0.7819548872180451,0.8744939271255061,0.3571428571428571,0.900523560209424,0.638036809815951,0.6309523809523809,0.6666666666666667,0.747800586510264,0.6928244413044043,0.7432013741912872,0.6639980591945657
support,70.0,116.0,60.0,196.0,87.0,86.0,89.0,704.0,704.0,704.0,704.0
