index,abnormal QRS,atrial fibrillation,incomplete right bundle branch block,left anterior fascicular block,left axis deviation,left ventricular hypertrophy,myocardial infarction,myocardial ischemia,sinus rhythm,t wave abnormal,ventricular ectopics,micro avg,macro avg,weighted avg,samples avg
precision,0.6306306306306306,0.783625730994152,0.5943396226415094,0.8151260504201681,0.7394957983193278,0.7448275862068966,0.712890625,0.7222222222222222,0.9357648339684268,0.5497076023391813,0.7717391304347826,0.8106465726786583,0.7273063484706633,0.7966755408340954,0.8315045124367159
recall,0.39886039886039887,0.8375,0.5526315789473685,0.5359116022099447,0.7871198568872988,0.48,0.6612318840579711,0.5048543689320388,0.9641054402692092,0.3884297520661157,0.6068376068376068,0.7427616926503341,0.6106802262789047,0.7427616926503341,0.7756800383919028
f1-score,0.4886561954624781,0.8096676737160121,0.5727272727272728,0.6466666666666666,0.7625649913344889,0.5837837837837837,0.6860902255639098,0.5942857142857144,0.9497237569060774,0.45520581113801456,0.6794258373205742,0.7752208275220829,0.657163448082272,0.762846917404538,0.7762004982343965
support,351.0,160.0,114.0,181.0,559.0,225.0,552.0,206.0,1783.0,242.0,117.0,4490.0,4490.0,4490.0,4490.0
