index,abnormal QRS,atrial fibrillation,incomplete right bundle branch block,left anterior fascicular block,left axis deviation,left ventricular hypertrophy,myocardial infarction,myocardial ischemia,sinus rhythm,t wave abnormal,ventricular ectopics,micro avg,macro avg,weighted avg,samples avg
precision,0.5347985347985348,0.7745664739884393,0.5205479452054794,0.7572254335260116,0.712241653418124,0.6282051282051282,0.6828828828828829,0.5708661417322834,0.9310154525386314,0.4972972972972973,0.75,0.7631695440460381,0.669058813053892,0.7595057245548956,0.7912429378531073
recall,0.41595441595441596,0.8375,0.6666666666666666,0.7237569060773481,0.8014311270125224,0.6533333333333333,0.6865942028985508,0.7038834951456311,0.9461581604038138,0.38016528925619836,0.5384615384615384,0.7679287305122494,0.668536830473638,0.7679287305122494,0.7907477695613288
f1-score,0.46794871794871795,0.8048048048048049,0.5846153846153846,0.7401129943502825,0.7542087542087542,0.6405228758169934,0.6847335140018067,0.6304347826086957,0.9385257301808068,0.43091334894613587,0.6268656716417911,0.7655417406749556,0.6639715071931068,0.7612926216346687,0.7637729197051231
support,351.0,160.0,114.0,181.0,559.0,225.0,552.0,206.0,1783.0,242.0,117.0,4490.0,4490.0,4490.0,4490.0
