index,abnormal QRS,atrial fibrillation,incomplete right bundle branch block,left anterior fascicular block,left axis deviation,left ventricular hypertrophy,myocardial infarction,myocardial ischemia,sinus rhythm,t wave abnormal,ventricular ectopics,micro avg,macro avg,weighted avg,samples avg
precision,0.6292134831460674,0.7941176470588235,0.6811594202898551,0.8432835820895522,0.8074398249452954,0.7337662337662337,0.7456896551724138,0.6703296703296703,0.9213483146067416,0.49321266968325794,0.85,0.8185017596782302,0.7426873182807192,0.8031037050951023,0.835439434591977
recall,0.3190883190883191,0.84375,0.41228070175438597,0.6243093922651933,0.6601073345259392,0.5022222222222222,0.6268115942028986,0.5922330097087378,0.96578799775659,0.45041322314049587,0.5811965811965812,0.7251670378619154,0.5980182159873967,0.7251670378619154,0.7636280348144755
f1-score,0.42344045368620037,0.8181818181818182,0.5136612021857924,0.7174603174603175,0.7263779527559054,0.5963060686015831,0.6811023622047244,0.6288659793814432,0.9430449069003286,0.4708423326133909,0.6903553299492386,0.769012753897024,0.655421702174613,0.7549772624671994,0.7716460131714369
support,351.0,160.0,114.0,181.0,559.0,225.0,552.0,206.0,1783.0,242.0,117.0,4490.0,4490.0,4490.0,4490.0
