index,abnormal QRS,atrial fibrillation,incomplete right bundle branch block,left anterior fascicular block,left axis deviation,left ventricular hypertrophy,myocardial infarction,myocardial ischemia,sinus rhythm,t wave abnormal,ventricular ectopics,micro avg,macro avg,weighted avg,samples avg
precision,0.6458333333333334,0.7976190476190477,0.6506024096385542,0.8176470588235294,0.7320490367775832,0.6278026905829597,0.7643020594965675,0.6521739130434783,0.9277628032345013,0.6218487394957983,0.8243243243243243,0.8133691144181507,0.732905946942698,0.7982889396224595,0.8334096808673079
recall,0.35327635327635326,0.8375,0.47368421052631576,0.7679558011049724,0.7477638640429338,0.6222222222222222,0.605072463768116,0.6553398058252428,0.9652271452607964,0.30578512396694213,0.5213675213675214,0.7425389755011136,0.623199501032856,0.7425389755011136,0.772316384180791
f1-score,0.4567219152854512,0.8170731707317073,0.548223350253807,0.792022792022792,0.7398230088495575,0.625,0.6754297269969667,0.6537530266343825,0.9461242440901593,0.4099722991689751,0.6387434554973822,0.7763418325765514,0.6638988172301072,0.7615761446565872,0.776713534340653
support,351.0,160.0,114.0,181.0,559.0,225.0,552.0,206.0,1783.0,242.0,117.0,4490.0,4490.0,4490.0,4490.0
