index,1st degree av block,atrial fibrillation,premature atrial contraction,right bundle branch block,sinus rhythm,st depression,ventricular ectopics,micro avg,macro avg,weighted avg,samples avg
precision,0.8947368421052632,0.88,0.5,0.9347826086956522,0.6753246753246753,0.8,0.8392857142857143,0.8486394557823129,0.7891614057730436,0.824117394284647,0.6661814653081028
recall,0.7285714285714285,0.9482758620689655,0.11666666666666667,0.8775510204081632,0.5977011494252874,0.6976744186046512,0.5280898876404494,0.7088068181818182,0.6420757761979445,0.7088068181818182,0.6724890829694323
f1-score,0.8031496062992126,0.9128630705394191,0.18918918918918917,0.9052631578947369,0.6341463414634148,0.7453416149068322,0.6482758620689656,0.7724458204334366,0.6911755489088244,0.7498042347097725,0.6637069383794275
support,70.0,116.0,60.0,196.0,87.0,86.0,89.0,704.0,704.0,704.0,704.0
