index,1st degree av block,atrial fibrillation,premature atrial contraction,right bundle branch block,sinus rhythm,st depression,ventricular ectopics,micro avg,macro avg,weighted avg,samples avg
precision,0.8135593220338984,0.8571428571428571,0.49206349206349204,0.9114583333333334,0.6463414634146342,0.6464646464646465,0.8269230769230769,0.7756315007429421,0.7419933130537055,0.7812090732773775,0.6639980591945657
recall,0.6857142857142857,0.9310344827586207,0.5166666666666667,0.8928571428571429,0.6091954022988506,0.7441860465116279,0.48314606741573035,0.7414772727272727,0.6946857277461322,0.7414772727272727,0.6972343522561864
f1-score,0.744186046511628,0.8925619834710743,0.5040650406504066,0.9020618556701031,0.6272189349112427,0.6918918918918918,0.6099290780141844,0.7581699346405228,0.7102735473029329,0.7543077805000944,0.6727316836487142
support,70.0,116.0,60.0,196.0,87.0,86.0,89.0,704.0,704.0,704.0,704.0
