index,1st degree av block,atrial fibrillation,premature atrial contraction,right bundle branch block,sinus rhythm,st depression,ventricular ectopics,micro avg,macro avg,weighted avg,samples avg
precision,0.8,0.9298245614035088,0.5652173913043478,0.93048128342246,0.6194690265486725,0.6547619047619048,0.8421052631578947,0.8056426332288401,0.763122775799827,0.802979718312757,0.6813440077632217
recall,0.6857142857142857,0.9137931034482759,0.21666666666666667,0.8877551020408163,0.8045977011494253,0.6395348837209303,0.5393258426966292,0.7301136363636364,0.6696267979195757,0.7301136363636364,0.6950509461426492
f1-score,0.7384615384615385,0.9217391304347825,0.3132530120481928,0.9086161879895561,0.7,0.6470588235294118,0.6575342465753424,0.7660208643815201,0.698094705576975,0.7536443283527299,0.6805919456574478
support,70.0,116.0,60.0,196.0,87.0,86.0,89.0,704.0,704.0,704.0,704.0
