index,1st degree av block,atrial fibrillation,premature atrial contraction,right bundle branch block,sinus rhythm,st depression,ventricular ectopics,micro avg,macro avg,weighted avg,samples avg
precision,0.8676470588235294,0.88,0.5135135135135135,0.9204545454545454,0.6173913043478261,0.7411764705882353,0.8064516129032258,0.7994011976047904,0.7638049293758394,0.8000903541687286,0.6926249393498303
recall,0.8428571428571429,0.9482758620689655,0.31666666666666665,0.826530612244898,0.8160919540229885,0.7325581395348837,0.5617977528089888,0.7585227272727273,0.7206825900292192,0.7585227272727273,0.7205240174672489
f1-score,0.855072463768116,0.9128630705394191,0.39175257731958757,0.870967741935484,0.7029702970297029,0.736842105263158,0.662251655629139,0.7784256559766763,0.7332457016406579,0.771916555326818,0.6994177583697234
support,70.0,116.0,60.0,196.0,87.0,86.0,89.0,704.0,704.0,704.0,704.0
