index,abnormal QRS,atrial fibrillation,incomplete right bundle branch block,left anterior fascicular block,left axis deviation,left ventricular hypertrophy,myocardial infarction,myocardial ischemia,sinus rhythm,t wave abnormal,ventricular ectopics,micro avg,macro avg,weighted avg,samples avg
precision,0.5977011494252874,0.864406779661017,0.6666666666666666,0.7894736842105263,0.7546468401486989,0.7338129496402878,0.740343347639485,0.638095238095238,0.9262520638414969,0.5294117647058824,0.5963302752293578,0.8040806293018682,0.7124673417512676,0.7891895965218249,0.8231027637807299
recall,0.4444444444444444,0.6375,0.49122807017543857,0.8287292817679558,0.7262969588550984,0.4533333333333333,0.625,0.6504854368932039,0.9439147504206393,0.2975206611570248,0.5555555555555556,0.7285077951002227,0.6049098629638813,0.7285077951002227,0.7605872216041708
f1-score,0.5098039215686275,0.7338129496402878,0.5656565656565656,0.8086253369272236,0.740200546946217,0.5604395604395604,0.6777996070726915,0.6442307692307692,0.935,0.38095238095238093,0.5752212389380531,0.7644309418088338,0.648340261579307,0.7529001274911891,0.7637756349620757
support,351.0,160.0,114.0,181.0,559.0,225.0,552.0,206.0,1783.0,242.0,117.0,4490.0,4490.0,4490.0,4490.0
