index,1st degree av block,atrial fibrillation,premature atrial contraction,right bundle branch block,sinus rhythm,st depression,ventricular ectopics,micro avg,macro avg,weighted avg,samples avg
precision,0.803030303030303,0.8205128205128205,0.3225806451612903,0.9411764705882353,0.6185567010309279,0.7848101265822784,0.7125,0.7823439878234398,0.7147381524151222,0.7669568738811741,0.6669092673459486
recall,0.7571428571428571,0.8275862068965517,0.16666666666666666,0.8979591836734694,0.6896551724137931,0.7209302325581395,0.6404494382022472,0.7301136363636364,0.6714842510791036,0.7301136363636364,0.6935953420669578
f1-score,0.7794117647058824,0.8240343347639484,0.21978021978021975,0.9190600522193212,0.6521739130434783,0.7515151515151515,0.6745562130177516,0.7553269654665687,0.6886473784351076,0.7455601224538287,0.6711790393013101
support,70.0,116.0,60.0,196.0,87.0,86.0,89.0,704.0,704.0,704.0,704.0
