index,abnormal QRS,atrial fibrillation,incomplete right bundle branch block,left anterior fascicular block,left axis deviation,left ventricular hypertrophy,myocardial infarction,myocardial ischemia,sinus rhythm,t wave abnormal,ventricular ectopics,micro avg,macro avg,weighted avg,samples avg
precision,0.6239669421487604,0.8187134502923976,0.556390977443609,0.7393617021276596,0.7546816479400749,0.7651515151515151,0.7203883495145631,0.6330275229357798,0.9390779363336992,0.6097560975609756,0.8292682926829268,0.8103365384615384,0.726344039466542,0.7991770791438134,0.837135440525271
recall,0.4301994301994302,0.875,0.6491228070175439,0.7679558011049724,0.7209302325581395,0.4488888888888889,0.6721014492753623,0.6699029126213593,0.9596186203028604,0.30991735537190085,0.5811965811965812,0.7507795100222717,0.644075825321549,0.7507795100222717,0.7785627031389742
f1-score,0.509274873524452,0.8459214501510574,0.5991902834008098,0.7533875338753387,0.737419945105215,0.5658263305322129,0.6954076850984067,0.6509433962264151,0.9492371705963938,0.410958904109589,0.6834170854271358,0.7794219653179191,0.6728167870951842,0.76796515211888,0.7804287736491127
support,351.0,160.0,114.0,181.0,559.0,225.0,552.0,206.0,1783.0,242.0,117.0,4490.0,4490.0,4490.0,4490.0
