index,atrial fibrillation,left ventricular high voltage,nonspecific st t abnormality,sinus bradycardia,sinus rhythm,sinus tachycardia,supraventricular tachycardia,t wave abnormal,micro avg,macro avg,weighted avg,samples avg
precision,0.9245283018867925,0.5957446808510638,0.5543478260869565,0.9973753280839895,0.9641025641025641,0.9507042253521126,0.7246376811594203,0.7578125,0.8661055853098699,0.8086566384403624,0.8652481929050542,0.858154296875
recall,0.8305084745762712,0.65625,0.51,0.9819121447028424,0.9494949494949495,0.9060402684563759,0.819672131147541,0.5271739130434783,0.8179190751445087,0.7726314851776823,0.8179190751445087,0.8353678385416666
f1-score,0.875,0.6245353159851301,0.5312500000000001,0.9895833333333334,0.9567430025445293,0.9278350515463918,0.7692307692307692,0.6217948717948718,0.84132292827945,0.7869965430543782,0.8380962001182509,0.8315197172619048
support,177.0,128.0,100.0,387.0,198.0,149.0,61.0,184.0,1384.0,1384.0,1384.0,1384.0
