index,1st degree av block,atrial fibrillation,premature atrial contraction,right bundle branch block,sinus rhythm,st depression,ventricular ectopics,micro avg,macro avg,weighted avg,samples avg
precision,0.8208955223880597,0.9137931034482759,0.4444444444444444,0.9135135135135135,0.8032786885245902,0.8428571428571429,0.84,0.8673835125448028,0.796968916453718,0.8328252302128312,0.6622998544395924
recall,0.7857142857142857,0.9137931034482759,0.06666666666666667,0.8622448979591837,0.5632183908045977,0.686046511627907,0.47191011235955055,0.6875,0.6213705669400668,0.6875,0.6593886462882096
f1-score,0.8029197080291971,0.9137931034482759,0.11594202898550725,0.8871391076115485,0.6621621621621622,0.7564102564102564,0.60431654676259,0.7670364500792393,0.6775261304870767,0.7379030244521284,0.6544881125667151
support,70.0,116.0,60.0,196.0,87.0,86.0,89.0,704.0,704.0,704.0,704.0
