index,atrial fibrillation,left ventricular high voltage,nonspecific st t abnormality,sinus bradycardia,sinus rhythm,sinus tachycardia,supraventricular tachycardia,t wave abnormal,micro avg,macro avg,weighted avg,samples avg
precision,0.9011627906976745,0.7176470588235294,0.7301587301587301,0.9896373056994818,0.9540816326530612,0.9261744966442953,0.8076923076923077,0.7448275862068966,0.8966346153846154,0.8464227385719971,0.8819333942926869,0.8689243861607143
recall,0.8757062146892656,0.4765625,0.46,0.9870801033591732,0.9444444444444444,0.9261744966442953,0.6885245901639344,0.5869565217391305,0.8085260115606936,0.7431811088800304,0.8085260115606936,0.8272298177083333
f1-score,0.8882521489971347,0.5727699530516431,0.5644171779141104,0.9883570504527814,0.949238578680203,0.9261744966442953,0.743362831858407,0.6565349544072948,0.8503039513677811,0.7861383990007338,0.8392831528993684,0.8342750186011905
support,177.0,128.0,100.0,387.0,198.0,149.0,61.0,184.0,1384.0,1384.0,1384.0,1384.0
