index,abnormal QRS,atrial fibrillation,incomplete right bundle branch block,left anterior fascicular block,left axis deviation,left ventricular hypertrophy,myocardial infarction,myocardial ischemia,sinus rhythm,t wave abnormal,ventricular ectopics,micro avg,macro avg,weighted avg,samples avg
precision,0.6171171171171171,0.7802197802197802,0.5433070866141733,0.6477732793522267,0.7603603603603604,0.7077922077922078,0.7258064516129032,0.6789473684210526,0.9261455525606469,0.5375,0.7717391304347826,0.7903669724770642,0.6997007576804772,0.7833221047296864,0.8212131623148572
recall,0.3903133903133903,0.8875,0.6052631578947368,0.8839779005524862,0.7549194991055456,0.48444444444444446,0.6521739130434783,0.6262135922330098,0.9635445877734156,0.5330578512396694,0.6068376068376068,0.7674832962138085,0.6716587221307075,0.7674832962138085,0.7916748467595924
f1-score,0.4781849912739965,0.8304093567251462,0.5726141078838174,0.7476635514018691,0.7576301615798923,0.575197889182058,0.6870229007633588,0.6515151515151516,0.9444749862561846,0.5352697095435685,0.6794258373205742,0.7787570621468927,0.6781280584950561,0.7707626015833265,0.7801361564073428
support,351.0,160.0,114.0,181.0,559.0,225.0,552.0,206.0,1783.0,242.0,117.0,4490.0,4490.0,4490.0,4490.0
