index,abnormal QRS,atrial fibrillation,incomplete right bundle branch block,left anterior fascicular block,left axis deviation,left ventricular hypertrophy,myocardial infarction,myocardial ischemia,sinus rhythm,t wave abnormal,ventricular ectopics,micro avg,macro avg,weighted avg,samples avg
precision,0.6636363636363637,0.8671328671328671,0.6493506493506493,0.765625,0.7675350701402806,0.7724550898203593,0.7417218543046358,0.6616161616161617,0.9312977099236641,0.5967741935483871,0.7244897959183674,0.8202606343742316,0.7401486141265213,0.8068035838409208,0.8386280348144755
recall,0.41595441595441596,0.775,0.43859649122807015,0.8121546961325967,0.6851520572450805,0.5733333333333334,0.6086956521739131,0.6359223300970874,0.9579360628154795,0.45867768595041325,0.6068376068376068,0.7429844097995546,0.6334782119789087,0.7429844097995546,0.7682034334576707
f1-score,0.51138353765324,0.8184818481848186,0.5235602094240837,0.7882037533512065,0.724007561436673,0.6581632653061223,0.6686567164179105,0.6485148514851485,0.9444290848769697,0.5186915887850468,0.6604651162790697,0.7797125160687157,0.6785961393818445,0.7694917217123933,0.7769692947659048
support,351.0,160.0,114.0,181.0,559.0,225.0,552.0,206.0,1783.0,242.0,117.0,4490.0,4490.0,4490.0,4490.0
