index,1st degree av block,atrial fibrillation,premature atrial contraction,right bundle branch block,sinus rhythm,st depression,ventricular ectopics,micro avg,macro avg,weighted avg,samples avg
precision,0.8421052631578947,0.873015873015873,0.4090909090909091,0.9171270718232044,0.6090909090909091,0.9032258064516129,0.75,0.8095238095238095,0.7576651189472006,0.7982072425560289,0.6744298884036874
recall,0.6857142857142857,0.9482758620689655,0.15,0.8469387755102041,0.7701149425287356,0.6511627906976745,0.6067415730337079,0.7244318181818182,0.6655640327933676,0.7244318181818182,0.6906841339155749
f1-score,0.7559055118110235,0.9090909090909091,0.21951219512195122,0.8806366047745358,0.6802030456852791,0.7567567567567568,0.670807453416149,0.7646176911544229,0.6961303538080863,0.7501477939405977,0.6749150897622512
support,70.0,116.0,60.0,196.0,87.0,86.0,89.0,704.0,704.0,704.0,704.0
