index,1st degree av block,atrial fibrillation,premature atrial contraction,right bundle branch block,sinus rhythm,st depression,ventricular ectopics,micro avg,macro avg,weighted avg,samples avg
precision,0.8405797101449275,0.9196428571428571,0.53125,0.92,0.7127659574468085,0.7183098591549296,0.803921568627451,0.8245033112582781,0.7780671360738534,0.8139892854144258,0.6758854924793789
recall,0.8285714285714286,0.8879310344827587,0.2833333333333333,0.8214285714285714,0.7701149425287356,0.5930232558139535,0.4606741573033708,0.7073863636363636,0.6635823890660217,0.7073863636363636,0.6790393013100436
f1-score,0.8345323741007195,0.9035087719298246,0.3695652173913043,0.8679245283018867,0.7403314917127071,0.6496815286624205,0.5857142857142857,0.7614678899082569,0.7073225996875926,0.7498883906166238,0.6703056768558951
support,70.0,116.0,60.0,196.0,87.0,86.0,89.0,704.0,704.0,704.0,704.0
