index,abnormal QRS,atrial fibrillation,incomplete right bundle branch block,left anterior fascicular block,left axis deviation,left ventricular hypertrophy,myocardial infarction,myocardial ischemia,sinus rhythm,t wave abnormal,ventricular ectopics,micro avg,macro avg,weighted avg,samples avg
precision,0.69,0.8441558441558441,0.5714285714285714,0.7575757575757576,0.7341337907375644,0.6078431372549019,0.7364016736401674,0.6847826086956522,0.9235880398671097,0.5903614457831325,0.8,0.8023980815347722,0.7218428062853365,0.7923047629035427,0.8189396418209978
recall,0.39316239316239315,0.8125,0.5614035087719298,0.8287292817679558,0.7656529516994633,0.5511111111111111,0.6376811594202898,0.6116504854368932,0.9355019629837352,0.4049586776859504,0.5811965811965812,0.7452115812917595,0.6439589193851184,0.7452115812917595,0.7733830682983225
f1-score,0.5009074410163339,0.8280254777070064,0.5663716814159292,0.7915567282321898,0.7495621716287216,0.578088578088578,0.6834951456310681,0.6461538461538462,0.9295068264140429,0.4803921568627451,0.6732673267326734,0.7727482678983835,0.6752115799893759,0.7634634243012182,0.7701859142537109
support,351.0,160.0,114.0,181.0,559.0,225.0,552.0,206.0,1783.0,242.0,117.0,4490.0,4490.0,4490.0,4490.0
