index,abnormal QRS,atrial fibrillation,incomplete right bundle branch block,left anterior fascicular block,left axis deviation,left ventricular hypertrophy,myocardial infarction,myocardial ischemia,sinus rhythm,t wave abnormal,ventricular ectopics,micro avg,macro avg,weighted avg,samples avg
precision,0.5164473684210527,0.8354430379746836,0.5339805825242718,0.8092105263157895,0.7607913669064749,0.6923076923076923,0.7510917030567685,0.6586538461538461,0.9329700272479564,0.5441860465116279,0.8214285714285714,0.7982083922677982,0.7142282517135214,0.7895116806288875,0.8273084222236765
recall,0.4472934472934473,0.825,0.4824561403508772,0.6795580110497238,0.7567084078711985,0.52,0.6231884057971014,0.6650485436893204,0.9601794727986539,0.4834710743801653,0.5897435897435898,0.754120267260579,0.6393315539067342,0.754120267260579,0.7857546408393866
f1-score,0.4793893129770992,0.8301886792452831,0.5069124423963134,0.7387387387387387,0.758744394618834,0.5939086294416244,0.6811881188118811,0.6618357487922705,0.9463792150359315,0.5120350109409191,0.6865671641791046,0.7755382501145213,0.6723534050161818,0.7693434527831808,0.7794064870336056
support,351.0,160.0,114.0,181.0,559.0,225.0,552.0,206.0,1783.0,242.0,117.0,4490.0,4490.0,4490.0,4490.0
