index,atrial fibrillation,left ventricular high voltage,nonspecific st t abnormality,sinus bradycardia,sinus rhythm,sinus tachycardia,supraventricular tachycardia,t wave abnormal,micro avg,macro avg,weighted avg,samples avg
precision,0.7736842105263158,0.680672268907563,0.5942028985507246,0.9948051948051948,0.9444444444444444,0.9477611940298507,0.7666666666666667,0.740506329113924,0.8598629093678599,0.8053429008805855,0.852394729091102,0.8523763020833333
recall,0.8305084745762712,0.6328125,0.41,0.9896640826873385,0.9444444444444444,0.8523489932885906,0.7540983606557377,0.6358695652173914,0.8157514450867052,0.7562183026087217,0.8157514450867052,0.8341471354166666
f1-score,0.8010899182561307,0.6558704453441295,0.485207100591716,0.9922279792746115,0.9444444444444444,0.8975265017667845,0.7603305785123967,0.6842105263157895,0.8372265480163144,0.7776134368132503,0.8318378767835566,0.829506138392857
support,177.0,128.0,100.0,387.0,198.0,149.0,61.0,184.0,1384.0,1384.0,1384.0,1384.0
