index,atrial fibrillation,left ventricular high voltage,nonspecific st t abnormality,sinus bradycardia,sinus rhythm,sinus tachycardia,supraventricular tachycardia,t wave abnormal,micro avg,macro avg,weighted avg,samples avg
precision,0.8288770053475936,0.6951219512195121,0.5875,0.9896103896103896,0.9581151832460733,0.9219858156028369,0.8245614035087719,0.762962962962963,0.8767885532591415,0.8210918389372674,0.8635709422605548,0.8554524739583333
recall,0.8757062146892656,0.4453125,0.47,0.9844961240310077,0.9242424242424242,0.87248322147651,0.7704918032786885,0.5597826086956522,0.7969653179190751,0.7378143620516935,0.7969653179190751,0.8189290364583333
f1-score,0.8516483516483517,0.5428571428571428,0.5222222222222221,0.9870466321243523,0.9408740359897172,0.896551724137931,0.7966101694915254,0.64576802507837,0.8349735049205147,0.7729472879437016,0.8249498152873829,0.8214053199404762
support,177.0,128.0,100.0,387.0,198.0,149.0,61.0,184.0,1384.0,1384.0,1384.0,1384.0
