index,1st degree av block,atrial fibrillation,premature atrial contraction,right bundle branch block,sinus rhythm,st depression,ventricular ectopics,micro avg,macro avg,weighted avg,samples avg
precision,0.9310344827586207,0.8837209302325582,0.5625,0.9672131147540983,0.6330275229357798,0.75,0.85,0.827123695976155,0.7967851500972938,0.8327147822262732,0.7343522561863173
recall,0.7714285714285715,0.9827586206896551,0.45,0.9030612244897959,0.7931034482758621,0.7325581395348837,0.5730337078651685,0.7883522727272727,0.743706244611991,0.7883522727272727,0.7430858806404658
f1-score,0.8437500000000001,0.9306122448979592,0.5,0.9340369393139841,0.7040816326530613,0.7411764705882353,0.6845637583892618,0.8072727272727273,0.7626030065489289,0.8039875192070355,0.7362930616205725
support,70.0,116.0,60.0,196.0,87.0,86.0,89.0,704.0,704.0,704.0,704.0
