index,atrial fibrillation,left ventricular high voltage,nonspecific st t abnormality,sinus bradycardia,sinus rhythm,sinus tachycardia,supraventricular tachycardia,t wave abnormal,micro avg,macro avg,weighted avg,samples avg
precision,0.8540540540540541,0.5619047619047619,0.6136363636363636,0.9530864197530864,0.9883720930232558,0.9473684210526315,0.8103448275862069,0.7,0.8572542901716068,0.8035958676262951,0.8442095820358839,0.8453776041666666
recall,0.8926553672316384,0.4609375,0.27,0.9974160206718347,0.8585858585858586,0.8456375838926175,0.7704918032786885,0.6847826086956522,0.7940751445086706,0.7225633427945362,0.7940751445086706,0.8159993489583333
f1-score,0.87292817679558,0.5064377682403434,0.37500000000000006,0.9747474747474746,0.9189189189189189,0.8936170212765957,0.7899159663865546,0.6923076923076924,0.824456114028507,0.752984127334145,0.8126618250037633,0.8157412574404761
support,177.0,128.0,100.0,387.0,198.0,149.0,61.0,184.0,1384.0,1384.0,1384.0,1384.0
