index,1st degree av block,atrial fibrillation,premature atrial contraction,right bundle branch block,sinus rhythm,st depression,ventricular ectopics,micro avg,macro avg,weighted avg,samples avg
precision,0.9032258064516129,0.9495798319327731,0.7428571428571429,0.9381443298969072,0.6629213483146067,0.7391304347826086,0.7971014492753623,0.8469696969696969,0.8189943347872876,0.8437587895841183,0.7409024745269287
recall,0.8,0.9741379310344828,0.43333333333333335,0.9285714285714286,0.6781609195402298,0.7906976744186046,0.6179775280898876,0.7940340909090909,0.746125544998281,0.7940340909090909,0.7503639010189228
f1-score,0.8484848484848486,0.9617021276595743,0.5473684210526316,0.9333333333333333,0.6704545454545453,0.7640449438202247,0.6962025316455697,0.8196480938416422,0.774512964492961,0.8135316203671615,0.7428432799611839
support,70.0,116.0,60.0,196.0,87.0,86.0,89.0,704.0,704.0,704.0,704.0
