index,abnormal QRS,atrial fibrillation,incomplete right bundle branch block,left anterior fascicular block,left axis deviation,left ventricular hypertrophy,myocardial infarction,myocardial ischemia,sinus rhythm,t wave abnormal,ventricular ectopics,micro avg,macro avg,weighted avg,samples avg
precision,0.6848739495798319,0.8034682080924855,0.5307692307692308,0.8617021276595744,0.7883064516129032,0.6929824561403509,0.6594761171032357,0.7037037037037037,0.9249460043196545,0.5734597156398105,0.6511627906976745,0.7976218787158145,0.7158955232107687,0.7917910042532161,0.8133264620552756
recall,0.46438746438746437,0.86875,0.6052631578947368,0.44751381215469616,0.6994633273703041,0.3511111111111111,0.7753623188405797,0.5533980582524272,0.9607403252944475,0.5,0.47863247863247865,0.7469933184855234,0.6095110958125678,0.7469933184855234,0.7780326331173788
f1-score,0.5534804753820034,0.8348348348348349,0.5655737704918032,0.5890909090909091,0.7412322274881517,0.46607669616519176,0.7127393838467944,0.6195652173913044,0.942503438789546,0.5342163355408389,0.5517241379310345,0.771477860839563,0.6464579479047649,0.7602539955420569,0.7690180613909428
support,351.0,160.0,114.0,181.0,559.0,225.0,552.0,206.0,1783.0,242.0,117.0,4490.0,4490.0,4490.0,4490.0
