index,1st degree av block,atrial fibrillation,premature atrial contraction,right bundle branch block,sinus rhythm,st depression,ventricular ectopics,micro avg,macro avg,weighted avg,samples avg
precision,0.8382352941176471,0.8976377952755905,0.5555555555555556,0.9381443298969072,0.6764705882352942,0.7288135593220338,0.6935483870967742,0.8184663536776213,0.7612007870714004,0.8000977138680532,0.6950509461426492
recall,0.8142857142857143,0.9827586206896551,0.25,0.9285714285714286,0.7931034482758621,0.5,0.48314606741573035,0.7428977272727273,0.6788378970340557,0.7428977272727273,0.7001455604075691
f1-score,0.8260869565217392,0.9382716049382717,0.3448275862068966,0.9333333333333333,0.7301587301587301,0.5931034482758621,0.5695364238410596,0.7788533134772897,0.7050454404679847,0.7606648145347958,0.6943231441048034
support,70.0,116.0,60.0,196.0,87.0,86.0,89.0,704.0,704.0,704.0,704.0
