index,abnormal QRS,atrial fibrillation,incomplete right bundle branch block,left anterior fascicular block,left axis deviation,left ventricular hypertrophy,myocardial infarction,myocardial ischemia,sinus rhythm,t wave abnormal,ventricular ectopics,micro avg,macro avg,weighted avg,samples avg
precision,0.7086614173228346,0.8,0.5639097744360902,0.8248175182481752,0.7878787878787878,0.7559055118110236,0.7449908925318761,0.6588235294117647,0.9231179925253604,0.6744186046511628,0.6530612244897959,0.8215504631886884,0.7359622957551702,0.8092005102785514,0.8374779137491002
recall,0.5128205128205128,0.9,0.6578947368421053,0.6243093922651933,0.6976744186046512,0.4266666666666667,0.7409420289855072,0.5436893203883495,0.9697139652271453,0.2396694214876033,0.5470085470085471,0.7505567928730512,0.6236717282087528,0.7505567928730512,0.7757803808651267
f1-score,0.5950413223140495,0.8470588235294118,0.6072874493927126,0.710691823899371,0.7400379506641366,0.5454545454545455,0.7429609445958218,0.5957446808510637,0.9458424507658644,0.35365853658536583,0.5953488372093022,0.7844506517690875,0.6617388513874224,0.7690822956785999,0.7803695693526201
support,351.0,160.0,114.0,181.0,559.0,225.0,552.0,206.0,1783.0,242.0,117.0,4490.0,4490.0,4490.0,4490.0
