index,atrial fibrillation,left ventricular high voltage,nonspecific st t abnormality,sinus bradycardia,sinus rhythm,sinus tachycardia,supraventricular tachycardia,t wave abnormal,micro avg,macro avg,weighted avg,samples avg
precision,0.9010989010989011,0.5789473684210527,0.5421686746987951,0.9947643979057592,0.9583333333333334,0.9266666666666666,0.8148148148148148,0.6538461538461539,0.8560663149962321,0.7963300388481847,0.8458274475842036,0.8566080729166666
recall,0.9265536723163842,0.34375,0.45,0.9819121447028424,0.9292929292929293,0.9328859060402684,0.7213114754098361,0.7391304347826086,0.8208092485549133,0.7531045703181086,0.8208092485549133,0.8384602864583334
f1-score,0.9136490250696379,0.4313725490196078,0.4918032786885245,0.9882964889466841,0.9435897435897437,0.9297658862876254,0.7652173913043478,0.693877551020408,0.8380671338989303,0.7696964892408225,0.829696711956648,0.832231212797619
support,177.0,128.0,100.0,387.0,198.0,149.0,61.0,184.0,1384.0,1384.0,1384.0,1384.0
