index,abnormal QRS,atrial fibrillation,incomplete right bundle branch block,left anterior fascicular block,left axis deviation,left ventricular hypertrophy,myocardial infarction,myocardial ischemia,sinus rhythm,t wave abnormal,ventricular ectopics,micro avg,macro avg,weighted avg,samples avg
precision,0.6088154269972452,0.7988505747126436,0.5833333333333334,0.7865168539325843,0.7738791423001949,0.7368421052631579,0.7761194029850746,0.7730496453900709,0.9374307862679956,0.6066666666666667,0.6923076923076923,0.8184025248846808,0.7339828754687873,0.8097274686568281,0.8306044543332679
recall,0.6296296296296297,0.86875,0.6140350877192983,0.7734806629834254,0.7101967799642218,0.37333333333333335,0.6594202898550725,0.529126213592233,0.9495232753785754,0.3760330578512397,0.5384615384615384,0.7507795100222717,0.638362715342597,0.7507795100222717,0.7758261893855114
f1-score,0.6190476190476192,0.8323353293413174,0.5982905982905983,0.7799442896935934,0.7406716417910448,0.49557522123893805,0.713026444662096,0.6282420749279538,0.9434382836444691,0.46428571428571436,0.6057692307692307,0.7831339296085492,0.6746024043356886,0.7736671161790235,0.7765344875514368
support,351.0,160.0,114.0,181.0,559.0,225.0,552.0,206.0,1783.0,242.0,117.0,4490.0,4490.0,4490.0,4490.0
