index,abnormal QRS,atrial fibrillation,incomplete right bundle branch block,left anterior fascicular block,left axis deviation,left ventricular hypertrophy,myocardial infarction,myocardial ischemia,sinus rhythm,t wave abnormal,ventricular ectopics,micro avg,macro avg,weighted avg,samples avg
precision,0.631578947368421,0.8778625954198473,0.5666666666666667,0.7785714285714286,0.7287853577371048,0.6490066225165563,0.6890625,0.7837837837837838,0.9176346356916578,0.6744186046511628,0.9024390243902439,0.8006134969325154,0.7454372878906249,0.7946192299516953,0.8175741116419082
recall,0.5811965811965812,0.71875,0.5964912280701754,0.6022099447513812,0.7835420393559929,0.43555555555555553,0.7989130434782609,0.4223300970873786,0.9747616376892877,0.2396694214876033,0.3162393162393162,0.7556792873051225,0.5881508059010484,0.7556792873051225,0.782563313919246
f1-score,0.6053412462908013,0.7903780068728522,0.5811965811965812,0.6791277258566979,0.7551724137931035,0.5212765957446809,0.7399328859060402,0.5488958990536277,0.9453358716344845,0.35365853658536583,0.46835443037974683,0.7774977085242896,0.6353336539376347,0.7605734080388986,0.7743899964238948
support,351.0,160.0,114.0,181.0,559.0,225.0,552.0,206.0,1783.0,242.0,117.0,4490.0,4490.0,4490.0,4490.0
