index,abnormal QRS,atrial fibrillation,incomplete right bundle branch block,left anterior fascicular block,left axis deviation,left ventricular hypertrophy,myocardial infarction,myocardial ischemia,sinus rhythm,t wave abnormal,ventricular ectopics,micro avg,macro avg,weighted avg,samples avg
precision,0.7865853658536586,0.8518518518518519,0.7959183673469388,0.7446808510638298,0.7366609294320138,0.597457627118644,0.7914110429447853,0.6588785046728972,0.9135673127291776,0.5769230769230769,0.9166666666666666,0.8132918957685872,0.7609637815094128,0.8090144508162298,0.8330126736906398
recall,0.36752136752136755,0.71875,0.34210526315789475,0.7734806629834254,0.7656529516994633,0.6266666666666667,0.7010869565217391,0.6844660194174758,0.9781267526640494,0.43388429752066116,0.28205128205128205,0.7576837416481069,0.6067083836549114,0.7576837416481069,0.785777545099579
f1-score,0.5009708737864078,0.7796610169491525,0.4785276073619632,0.7588075880758808,0.750877192982456,0.6117136659436009,0.7435158501440922,0.6714285714285714,0.9447453954496208,0.4952830188679245,0.4313725490196078,0.784503631961259,0.6515366663644798,0.7691322805541705,0.7837533718889651
support,351.0,160.0,114.0,181.0,559.0,225.0,552.0,206.0,1783.0,242.0,117.0,4490.0,4490.0,4490.0,4490.0
