index,abnormal QRS,atrial fibrillation,incomplete right bundle branch block,left anterior fascicular block,left axis deviation,left ventricular hypertrophy,myocardial infarction,myocardial ischemia,sinus rhythm,t wave abnormal,ventricular ectopics,micro avg,macro avg,weighted avg,samples avg
precision,0.7562189054726368,0.8766233766233766,0.5284552845528455,0.8503401360544217,0.7375415282392026,0.5092250922509225,0.7837837837837838,0.7394366197183099,0.9066529138731305,0.6091954022988506,0.8,0.8081671415004749,0.7361339129879528,0.7993918548530994,0.8318369216674301
recall,0.43304843304843305,0.84375,0.5701754385964912,0.6906077348066298,0.7942754919499105,0.6133333333333333,0.6829710144927537,0.5097087378640777,0.9859786876051598,0.2190082644628099,0.4444444444444444,0.7581291759465479,0.6170274164185494,0.7581291759465479,0.7837543354492507
f1-score,0.5507246376811594,0.8598726114649682,0.5485232067510548,0.7621951219512195,0.7648578811369507,0.5564516129032258,0.7299128751210068,0.603448275862069,0.9446534121440086,0.32218844984802425,0.5714285714285714,0.782348885313721,0.6558415142083871,0.766257490028857,0.7828616540480947
support,351.0,160.0,114.0,181.0,559.0,225.0,552.0,206.0,1783.0,242.0,117.0,4490.0,4490.0,4490.0,4490.0
