index,1st degree av block,atrial fibrillation,premature atrial contraction,right bundle branch block,sinus rhythm,st depression,ventricular ectopics,micro avg,macro avg,weighted avg,samples avg
precision,0.8656716417910447,0.9090909090909091,0.7419354838709677,0.9723756906077348,0.6521739130434783,0.8181818181818182,0.7857142857142857,0.8528951486697965,0.8207348203286056,0.8496941235771067,0.727802037845706
recall,0.8285714285714286,0.9482758620689655,0.38333333333333336,0.8979591836734694,0.6896551724137931,0.7325581395348837,0.6179775280898876,0.7741477272727273,0.7283329496693945,0.7741477272727273,0.7307132459970888
f1-score,0.8467153284671534,0.9282700421940928,0.5054945054945055,0.9336870026525199,0.670391061452514,0.7730061349693251,0.6918238993710691,0.8116157855547282,0.7641982820858829,0.804909939963829,0.7268316351285783
support,70.0,116.0,60.0,196.0,87.0,86.0,89.0,704.0,704.0,704.0,704.0
