index,abnormal QRS,atrial fibrillation,incomplete right bundle branch block,left anterior fascicular block,left axis deviation,left ventricular hypertrophy,myocardial infarction,myocardial ischemia,sinus rhythm,t wave abnormal,ventricular ectopics,micro avg,macro avg,weighted avg,samples avg
precision,0.7104247104247104,0.806060606060606,0.4880952380952381,0.8582677165354331,0.7740213523131673,0.5300751879699248,0.819047619047619,0.5781818181818181,0.9211087420042644,0.5879120879120879,0.7808219178082192,0.7955636862565745,0.7140015451230081,0.7992094553034443,0.815764675086709
recall,0.5242165242165242,0.83125,0.7192982456140351,0.6022099447513812,0.778175313059034,0.6266666666666667,0.6231884057971014,0.7718446601941747,0.9691531127313516,0.44214876033057854,0.48717948717948717,0.7748329621380846,0.6704846473218486,0.7748329621380846,0.8002661256898544
f1-score,0.6032786885245901,0.8184615384615385,0.5815602836879432,0.7077922077922079,0.776092774308653,0.5743380855397149,0.7078189300411524,0.661122661122661,0.9445203607543043,0.5047169811320755,0.6,0.7850614915942684,0.6799729555786219,0.7802903091524803,0.7825952486969435
support,351.0,160.0,114.0,181.0,559.0,225.0,552.0,206.0,1783.0,242.0,117.0,4490.0,4490.0,4490.0,4490.0
