index,1st degree av block,atrial fibrillation,premature atrial contraction,right bundle branch block,sinus rhythm,st depression,ventricular ectopics,micro avg,macro avg,weighted avg,samples avg
precision,0.8688524590163934,0.8760330578512396,0.6896551724137931,0.945054945054945,0.59,0.7261904761904762,0.875,0.8208,0.795826587218121,0.824867851377655,0.6965065502183406
recall,0.7571428571428571,0.9137931034482759,0.3333333333333333,0.8775510204081632,0.6781609195402298,0.7093023255813954,0.47191011235955055,0.7286931818181818,0.6773133816876865,0.7286931818181818,0.6935953420669578
f1-score,0.8091603053435115,0.8945147679324894,0.449438202247191,0.91005291005291,0.6310160427807486,0.7176470588235294,0.6131386861313869,0.7720090293453723,0.7178525676159666,0.7626803733037761,0.6911693352741388
support,70.0,116.0,60.0,196.0,87.0,86.0,89.0,704.0,704.0,704.0,704.0
