index,abnormal QRS,atrial fibrillation,incomplete right bundle branch block,left anterior fascicular block,left axis deviation,left ventricular hypertrophy,myocardial infarction,myocardial ischemia,sinus rhythm,t wave abnormal,ventricular ectopics,micro avg,macro avg,weighted avg,samples avg
precision,0.7058823529411765,0.8129496402877698,0.7377049180327869,0.8333333333333334,0.6526867627785059,0.6845238095238095,0.7641325536062378,0.7055555555555556,0.9200841219768665,0.6095890410958904,0.7794117647058824,0.8026164792288272,0.745986713985256,0.7968831687726378,0.8235074057107955
recall,0.5128205128205128,0.70625,0.39473684210526316,0.7458563535911602,0.8908765652951699,0.5111111111111111,0.7101449275362319,0.616504854368932,0.981491867638811,0.3677685950413223,0.452991452991453,0.7788418708240534,0.6264139165909061,0.7788418708240534,0.7991318194708025
f1-score,0.594059405940594,0.7558528428093646,0.5142857142857142,0.7871720116618075,0.7534039334341907,0.5852417302798981,0.7361502347417841,0.6580310880829014,0.9497964721845318,0.4587628865979381,0.572972972972973,0.7905504690855657,0.6696117539083362,0.7788073719373712,0.7876262410160716
support,351.0,160.0,114.0,181.0,559.0,225.0,552.0,206.0,1783.0,242.0,117.0,4490.0,4490.0,4490.0,4490.0
