index,1st degree av block,atrial fibrillation,premature atrial contraction,right bundle branch block,sinus rhythm,st depression,ventricular ectopics,micro avg,macro avg,weighted avg,samples avg
precision,0.9166666666666666,0.9105691056910569,0.6571428571428571,0.9619565217391305,0.6629213483146067,0.7446808510638298,0.7051282051282052,0.8310708898944194,0.7941522222494789,0.8270424053516202,0.7314410480349345
recall,0.7857142857142857,0.9655172413793104,0.38333333333333336,0.9030612244897959,0.6781609195402298,0.813953488372093,0.6179775280898876,0.7826704545454546,0.735388288702705,0.7826704545454546,0.7409024745269287
f1-score,0.8461538461538461,0.9372384937238494,0.4842105263157894,0.9315789473684211,0.6704545454545453,0.7777777777777778,0.6586826347305389,0.8061448427212874,0.7580138245035384,0.8003320008527641,0.7321688500727802
support,70.0,116.0,60.0,196.0,87.0,86.0,89.0,704.0,704.0,704.0,704.0
