index,abnormal QRS,atrial fibrillation,incomplete right bundle branch block,left anterior fascicular block,left axis deviation,left ventricular hypertrophy,myocardial infarction,myocardial ischemia,sinus rhythm,t wave abnormal,ventricular ectopics,micro avg,macro avg,weighted avg,samples avg
precision,0.677536231884058,0.8410596026490066,0.746268656716418,0.772972972972973,0.6868537666174298,0.6036036036036037,0.7358834244080146,0.5666666666666667,0.9224641529474243,0.6197183098591549,0.5470588235294118,0.7798344947735192,0.7018260192594692,0.7792431707771827,0.8105326876513317
recall,0.5327635327635327,0.79375,0.43859649122807015,0.7900552486187845,0.8318425760286225,0.5955555555555555,0.7318840579710145,0.7427184466019418,0.9742007851934941,0.36363636363636365,0.7948717948717948,0.7975501113585746,0.689988622951743,0.7975501113585746,0.8108511659359118
f1-score,0.5964912280701755,0.8167202572347267,0.5524861878453039,0.7814207650273224,0.7524271844660195,0.5995525727069352,0.7338782924613988,0.6428571428571428,0.9476268412438625,0.4583333333333333,0.6480836236933798,0.7885928209645453,0.6845343117217818,0.7825970753928565,0.7857701544142223
support,351.0,160.0,114.0,181.0,559.0,225.0,552.0,206.0,1783.0,242.0,117.0,4490.0,4490.0,4490.0,4490.0
