index,atrial fibrillation,left ventricular high voltage,nonspecific st t abnormality,sinus bradycardia,sinus rhythm,sinus tachycardia,supraventricular tachycardia,t wave abnormal,micro avg,macro avg,weighted avg,samples avg
precision,0.9285714285714286,0.6142857142857143,0.7045454545454546,0.9554455445544554,0.9823529411764705,0.9161290322580645,0.8088235294117647,0.6,0.8560431100846805,0.8137692056004191,0.8482261769771274,0.8577473958333334
recall,0.8813559322033898,0.3359375,0.31,0.9974160206718347,0.8434343434343434,0.9530201342281879,0.9016393442622951,0.717391304347826,0.8034682080924855,0.7425243223934845,0.8034682080924855,0.8275553385416667
f1-score,0.9043478260869564,0.4343434343434343,0.4305555555555555,0.9759797724399494,0.9076086956521738,0.9342105263157895,0.8527131782945736,0.6534653465346534,0.8289228475587028,0.7616530419028857,0.814727073772901,0.8254092261904762
support,177.0,128.0,100.0,387.0,198.0,149.0,61.0,184.0,1384.0,1384.0,1384.0,1384.0
