index,abnormal QRS,atrial fibrillation,incomplete right bundle branch block,left anterior fascicular block,left axis deviation,left ventricular hypertrophy,myocardial infarction,myocardial ischemia,sinus rhythm,t wave abnormal,ventricular ectopics,micro avg,macro avg,weighted avg,samples avg
precision,0.6360424028268551,0.7602040816326531,0.5170068027210885,0.8533333333333334,0.7428057553956835,0.6875,0.7813852813852814,0.6354166666666666,0.9212346993081426,0.5022026431718062,0.49700598802395207,0.7849193731546673,0.6849216049514056,0.7823287929474346,0.8189320070676003
recall,0.5128205128205128,0.93125,0.6666666666666666,0.7071823204419889,0.738819320214669,0.44,0.6539855072463768,0.5922330097087378,0.9708356702187325,0.47107438016528924,0.7094017094017094,0.7697104677060134,0.6722062815349712,0.7697104677060134,0.7932334271317322
f1-score,0.5678233438485804,0.8370786516853933,0.5823754789272031,0.7734138972809667,0.7408071748878924,0.5365853658536586,0.7120315581854043,0.6130653266331657,0.9453850354997269,0.48614072494669514,0.5845070422535211,0.7772405262566063,0.6708376000002007,0.7718146973556852,0.7805386779963052
support,351.0,160.0,114.0,181.0,559.0,225.0,552.0,206.0,1783.0,242.0,117.0,4490.0,4490.0,4490.0,4490.0
