index,1st degree av block,atrial fibrillation,premature atrial contraction,right bundle branch block,sinus rhythm,st depression,ventricular ectopics,micro avg,macro avg,weighted avg,samples avg
precision,0.7848101265822784,0.9464285714285714,0.5384615384615384,0.9285714285714286,0.5798319327731093,0.8,0.7678571428571429,0.8085106382978723,0.7637086772391528,0.8048505388064097,0.7008733624454149
recall,0.8857142857142857,0.9137931034482759,0.23333333333333334,0.9285714285714286,0.7931034482758621,0.6511627906976745,0.48314606741573035,0.7556818181818182,0.6984034939223701,0.7556818181818182,0.7117903930131004
f1-score,0.8322147651006712,0.9298245614035087,0.32558139534883723,0.9285714285714286,0.6699029126213591,0.7179487179487181,0.5931034482758621,0.7812041116005874,0.713878175610055,0.767700165396284,0.7025715672003882
support,70.0,116.0,60.0,196.0,87.0,86.0,89.0,704.0,704.0,704.0,704.0
