index,atrial fibrillation,left ventricular high voltage,nonspecific st t abnormality,sinus bradycardia,sinus rhythm,sinus tachycardia,supraventricular tachycardia,t wave abnormal,micro avg,macro avg,weighted avg,samples avg
precision,0.8827160493827161,0.5074626865671642,0.6567164179104478,0.9769230769230769,0.9880952380952381,0.9072847682119205,0.7714285714285715,0.7029702970297029,0.8559935639581657,0.7991996381936048,0.8469427762273517,0.833984375
recall,0.807909604519774,0.53125,0.44,0.9844961240310077,0.8383838383838383,0.9194630872483222,0.8852459016393442,0.3858695652173913,0.7687861271676301,0.7240772651299596,0.7687861271676301,0.797607421875
f1-score,0.8436578171091446,0.5190839694656488,0.5269461077844311,0.9806949806949806,0.907103825136612,0.9133333333333332,0.8244274809160306,0.49824561403508766,0.8100494861058242,0.7516866410594086,0.7988831238362514,0.7983026413690476
support,177.0,128.0,100.0,387.0,198.0,149.0,61.0,184.0,1384.0,1384.0,1384.0,1384.0
