index,1st degree av block,atrial fibrillation,premature atrial contraction,right bundle branch block,sinus rhythm,st depression,ventricular ectopics,micro avg,macro avg,weighted avg,samples avg
precision,0.8888888888888888,0.9186991869918699,0.6363636363636364,0.9518716577540107,0.6923076923076923,0.8026315789473685,0.7818181818181819,0.8482003129890454,0.8103686890102356,0.8414472929217962,0.7176128093158661
recall,0.8,0.9741379310344828,0.4666666666666667,0.9081632653061225,0.7241379310344828,0.7093023255813954,0.48314606741573035,0.7698863636363636,0.7236505981484116,0.7698863636363636,0.7241630276564774
f1-score,0.8421052631578948,0.9456066945606694,0.5384615384615385,0.9295039164490861,0.7078651685393258,0.7530864197530864,0.5972222222222223,0.8071481757259867,0.7591216033062604,0.7991913131552103,0.7185832120329937
support,70.0,116.0,60.0,196.0,87.0,86.0,89.0,704.0,704.0,704.0,704.0
