index,atrial fibrillation,left ventricular high voltage,nonspecific st t abnormality,sinus bradycardia,sinus rhythm,sinus tachycardia,supraventricular tachycardia,t wave abnormal,micro avg,macro avg,weighted avg,samples avg
precision,0.8961748633879781,0.5666666666666667,0.5571428571428572,0.9922077922077922,0.9833333333333333,0.9266666666666666,0.7313432835820896,0.5571428571428572,0.8436781609195402,0.77633479001628,0.8314700468192436,0.8465983072916666
recall,0.9265536723163842,0.265625,0.39,0.9870801033591732,0.8939393939393939,0.9328859060402684,0.8032786885245902,0.6358695652173914,0.7955202312138728,0.7294040411746501,0.7955202312138728,0.8207194010416667
f1-score,0.9111111111111111,0.36170212765957444,0.45882352941176474,0.9896373056994819,0.9365079365079364,0.9297658862876254,0.765625,0.5939086294416244,0.81889178133135,0.7433851907648898,0.8066347764137679,0.8164411272321428
support,177.0,128.0,100.0,387.0,198.0,149.0,61.0,184.0,1384.0,1384.0,1384.0,1384.0
