index,atrial fibrillation,left ventricular high voltage,nonspecific st t abnormality,sinus bradycardia,sinus rhythm,sinus tachycardia,supraventricular tachycardia,t wave abnormal,micro avg,macro avg,weighted avg,samples avg
precision,0.9122807017543859,0.582089552238806,0.5588235294117647,0.9846938775510204,0.9731182795698925,0.9432624113475178,0.8103448275862069,0.6855670103092784,0.8715740015661707,0.806272523721109,0.8538575964420517,0.8665364583333334
recall,0.8813559322033898,0.3046875,0.38,0.9974160206718347,0.9141414141414141,0.8926174496644296,0.7704918032786885,0.7228260869565217,0.8041907514450867,0.7329420258645347,0.8041907514450867,0.8271484375
f1-score,0.8965517241379309,0.4,0.4523809523809524,0.9910141206675225,0.9427083333333334,0.9172413793103449,0.7899159663865546,0.7037037037037037,0.8365276211950394,0.7616895224900427,0.8234405968620976,0.8322498139880952
support,177.0,128.0,100.0,387.0,198.0,149.0,61.0,184.0,1384.0,1384.0,1384.0,1384.0
