index,abnormal QRS,atrial fibrillation,incomplete right bundle branch block,left anterior fascicular block,left axis deviation,left ventricular hypertrophy,myocardial infarction,myocardial ischemia,sinus rhythm,t wave abnormal,ventricular ectopics,micro avg,macro avg,weighted avg,samples avg
precision,0.6373937677053825,0.8872180451127819,0.6666666666666666,0.7058823529411765,0.7020958083832335,0.6987179487179487,0.7008130081300813,0.7142857142857143,0.9311087190527448,0.545,0.6618705035971223,0.7868031358885017,0.7137320485993501,0.7845468226136575,0.8123988395174836
recall,0.6410256410256411,0.7375,0.47368421052631576,0.861878453038674,0.8389982110912343,0.48444444444444446,0.7807971014492754,0.5825242718446602,0.9702748177229389,0.45041322314049587,0.7863247863247863,0.8046770601336303,0.6916241055098605,0.8046770601336303,0.8134742490674693
f1-score,0.6392045454545454,0.8054607508532422,0.5538461538461538,0.7761194029850745,0.7644661776691116,0.5721784776902886,0.7386461011139676,0.6417112299465241,0.9502883823125515,0.4932126696832579,0.71875,0.7956397269323936,0.6958076265049743,0.790794633135344,0.7890950018068662
support,351.0,160.0,114.0,181.0,559.0,225.0,552.0,206.0,1783.0,242.0,117.0,4490.0,4490.0,4490.0,4490.0
