index,atrial fibrillation,left ventricular high voltage,nonspecific st t abnormality,sinus bradycardia,sinus rhythm,sinus tachycardia,supraventricular tachycardia,t wave abnormal,micro avg,macro avg,weighted avg,samples avg
precision,0.9310344827586207,0.5263157894736842,0.6379310344827587,0.9871134020618557,0.9943502824858758,0.8402366863905325,0.8235294117647058,0.6067961165048543,0.8341818181818181,0.793413400740361,0.8395447372153574,0.8425130208333333
recall,0.9152542372881356,0.625,0.37,0.9896640826873385,0.8888888888888888,0.9530201342281879,0.6885245901639344,0.6793478260869565,0.828757225433526,0.7637124699179302,0.828757225433526,0.8408203125
f1-score,0.923076923076923,0.5714285714285714,0.4683544303797469,0.9883870967741935,0.9386666666666666,0.8930817610062892,0.7499999999999999,0.641025641025641,0.8314606741573033,0.771752636294754,0.8298357097945918,0.8264090401785714
support,177.0,128.0,100.0,387.0,198.0,149.0,61.0,184.0,1384.0,1384.0,1384.0,1384.0
