index,1st degree av block,atrial fibrillation,premature atrial contraction,right bundle branch block,sinus rhythm,st depression,ventricular ectopics,micro avg,macro avg,weighted avg,samples avg
precision,0.9166666666666666,0.8769230769230769,0.65625,0.9381443298969072,0.7142857142857143,0.7666666666666667,0.7727272727272727,0.8414634146341463,0.8059519610237578,0.8323720880659874,0.7343522561863173
recall,0.7857142857142857,0.9827586206896551,0.35,0.9285714285714286,0.6896551724137931,0.8023255813953488,0.5730337078651685,0.7840909090909091,0.7302941138070972,0.7840909090909091,0.7387190684133915
f1-score,0.8461538461538461,0.9268292682926829,0.4565217391304347,0.9333333333333333,0.7017543859649122,0.7840909090909092,0.6580645161290322,0.8117647058823529,0.7581068568707359,0.8013065251848427,0.7345948568655992
support,70.0,116.0,60.0,196.0,87.0,86.0,89.0,704.0,704.0,704.0,704.0
