index,1st degree av block,atrial fibrillation,premature atrial contraction,right bundle branch block,sinus rhythm,st depression,ventricular ectopics,micro avg,macro avg,weighted avg,samples avg
precision,0.8529411764705882,0.9411764705882353,0.625,0.9473684210526315,0.686046511627907,0.7976190476190477,0.796875,0.847926267281106,0.8067180896226299,0.8398717657306225,0.7328966521106259
recall,0.8285714285714286,0.9655172413793104,0.4166666666666667,0.9183673469387755,0.6781609195402298,0.7790697674418605,0.5730337078651685,0.7840909090909091,0.7370552969147771,0.7840909090909091,0.7409024745269287
f1-score,0.8405797101449276,0.9531914893617022,0.5,0.9326424870466321,0.6820809248554913,0.788235294117647,0.6666666666666667,0.814760147601476,0.7661995103132954,0.8077717741862515,0.7341096555070354
support,70.0,116.0,60.0,196.0,87.0,86.0,89.0,704.0,704.0,704.0,704.0
