index,abnormal QRS,atrial fibrillation,incomplete right bundle branch block,left anterior fascicular block,left axis deviation,left ventricular hypertrophy,myocardial infarction,myocardial ischemia,sinus rhythm,t wave abnormal,ventricular ectopics,micro avg,macro avg,weighted avg,samples avg
precision,0.5825,0.8819444444444444,0.686046511627907,0.7569060773480663,0.7559633027522936,0.5435684647302904,0.7293103448275862,0.5742971887550201,0.9279824079164376,0.5384615384615384,0.7941176470588235,0.7869415807560137,0.7064634479929461,0.7804812752330701,0.8097561241629038
recall,0.6638176638176638,0.79375,0.5175438596491229,0.7569060773480663,0.7370304114490162,0.5822222222222222,0.7663043478260869,0.6941747572815534,0.9467190128996074,0.11570247933884298,0.46153846153846156,0.765033407572383,0.6396099357609676,0.765033407572383,0.7791396723600114
f1-score,0.6205059920106525,0.8355263157894737,0.5900000000000001,0.7569060773480663,0.746376811594203,0.5622317596566524,0.7473498233215548,0.6285714285714287,0.9372570794003331,0.1904761904761905,0.5837837837837837,0.7758328627893845,0.6544532056320308,0.7632558413037658,0.7682868208291938
support,351.0,160.0,114.0,181.0,559.0,225.0,552.0,206.0,1783.0,242.0,117.0,4490.0,4490.0,4490.0,4490.0
