index,1st degree av block,atrial fibrillation,premature atrial contraction,right bundle branch block,sinus rhythm,st depression,ventricular ectopics,micro avg,macro avg,weighted avg,samples avg
precision,0.7078651685393258,0.9545454545454546,0.2875,0.9308510638297872,0.6623376623376623,0.6435643564356436,0.782608695652174,0.7496382054992764,0.7098960573342925,0.770733988956746,0.6855895196506551
recall,0.9,0.9051724137931034,0.38333333333333336,0.8928571428571429,0.5862068965517241,0.7558139534883721,0.4044943820224719,0.7357954545454546,0.6896968745780211,0.7357954545454546,0.7037845705967977
f1-score,0.7924528301886792,0.9292035398230089,0.32857142857142857,0.9114583333333334,0.6219512195121951,0.695187165775401,0.5333333333333333,0.7426523297491041,0.6874511215053399,0.7428720835244428,0.6871421639980592
support,70.0,116.0,60.0,196.0,87.0,86.0,89.0,704.0,704.0,704.0,704.0
