index,abnormal QRS,atrial fibrillation,incomplete right bundle branch block,left anterior fascicular block,left axis deviation,left ventricular hypertrophy,myocardial infarction,myocardial ischemia,sinus rhythm,t wave abnormal,ventricular ectopics,micro avg,macro avg,weighted avg,samples avg
precision,0.673469387755102,0.8923076923076924,0.5064102564102564,0.7911392405063291,0.7618213660245184,0.498220640569395,0.7294332723948812,0.6564102564102564,0.9243156199677939,0.6257309941520468,0.7901234567901234,0.791268758526603,0.7135801984807632,0.7901638129139889,0.8139225181598063
recall,0.4700854700854701,0.725,0.6929824561403509,0.6906077348066298,0.778175313059034,0.6222222222222222,0.7228260869565217,0.6213592233009708,0.96578799775659,0.44214876033057854,0.5470085470085471,0.7750556792873051,0.6616548919697195,0.7750556792873051,0.7952260977684705
f1-score,0.5536912751677853,0.8,0.5851851851851851,0.7374631268436578,0.7699115044247788,0.5533596837944664,0.7261146496815286,0.6384039900249375,0.9445968184311574,0.5181598062953995,0.6464646464646465,0.7830783078307831,0.6793955169375948,0.7783959258514159,0.7783434944451894
support,351.0,160.0,114.0,181.0,559.0,225.0,552.0,206.0,1783.0,242.0,117.0,4490.0,4490.0,4490.0,4490.0
