index,abnormal QRS,atrial fibrillation,incomplete right bundle branch block,left anterior fascicular block,left axis deviation,left ventricular hypertrophy,myocardial infarction,myocardial ischemia,sinus rhythm,t wave abnormal,ventricular ectopics,micro avg,macro avg,weighted avg,samples avg
precision,0.6449704142011834,0.81875,0.5555555555555556,0.831081081081081,0.7051282051282052,0.6685082872928176,0.7338983050847457,0.655,0.9205508474576272,0.5431034482758621,0.7849462365591398,0.7859939103958242,0.7146811255123834,0.7840486470568111,0.8073664463494972
recall,0.6210826210826211,0.81875,0.7017543859649122,0.6795580110497238,0.7871198568872988,0.5377777777777778,0.7844202898550725,0.6359223300970874,0.9747616376892877,0.5206611570247934,0.6239316239316239,0.8048997772828508,0.6987036083054726,0.8048997772828508,0.817087668782584
f1-score,0.6328011611030478,0.81875,0.6201550387596899,0.7477203647416413,0.7438715131022824,0.5960591133004925,0.7583187390542908,0.645320197044335,0.9468809588667938,0.5316455696202532,0.6952380952380952,0.7953345070422535,0.7033418864391748,0.7926288381960693,0.7879016870542295
support,351.0,160.0,114.0,181.0,559.0,225.0,552.0,206.0,1783.0,242.0,117.0,4490.0,4490.0,4490.0,4490.0
