index,abnormal QRS,atrial fibrillation,incomplete right bundle branch block,left anterior fascicular block,left axis deviation,left ventricular hypertrophy,myocardial infarction,myocardial ischemia,sinus rhythm,t wave abnormal,ventricular ectopics,micro avg,macro avg,weighted avg,samples avg
precision,0.6063492063492063,0.7900552486187845,0.543046357615894,0.7976878612716763,0.8172268907563025,0.6208791208791209,0.7016666666666667,0.7299270072992701,0.9282218597063622,0.5759493670886076,0.6788321167883211,0.7974246953322602,0.7081674275491102,0.791439081705191,0.8225737844381912
recall,0.5441595441595442,0.89375,0.7192982456140351,0.7624309392265194,0.6958855098389982,0.5022222222222222,0.7626811594202898,0.4854368932038835,0.957375210319686,0.3760330578512397,0.7948717948717948,0.7723830734966592,0.6812858706116557,0.7723830734966592,0.7905808956656414
f1-score,0.5735735735735735,0.8387096774193548,0.6188679245283019,0.7796610169491525,0.7516908212560386,0.5552825552825554,0.7309027777777777,0.5830903790087464,0.9425731639977912,0.455,0.7322834645669292,0.7847041520533996,0.6874213958509293,0.7777931564293257,0.7799124680480612
support,351.0,160.0,114.0,181.0,559.0,225.0,552.0,206.0,1783.0,242.0,117.0,4490.0,4490.0,4490.0,4490.0
