index,atrial fibrillation,left ventricular high voltage,nonspecific st t abnormality,sinus bradycardia,sinus rhythm,sinus tachycardia,supraventricular tachycardia,t wave abnormal,micro avg,macro avg,weighted avg,samples avg
precision,0.9157303370786517,0.5339805825242718,0.5697674418604651,0.9747474747474747,0.9779005524861878,0.9574468085106383,0.7966101694915254,0.6363636363636364,0.8462675535846268,0.7953183753828564,0.842923276321958,0.851318359375
recall,0.9209039548022598,0.4296875,0.49,0.9974160206718347,0.8939393939393939,0.9060402684563759,0.7704918032786885,0.7228260869565217,0.8273121387283237,0.7664131285131344,0.8273121387283237,0.8396809895833334
f1-score,0.9183098591549295,0.4761904761904762,0.5268817204301076,0.9859514687100894,0.9340369393139841,0.9310344827586208,0.7833333333333333,0.6768447837150127,0.8366824990865911,0.7790728829508192,0.8336205505120794,0.8316917782738096
support,177.0,128.0,100.0,387.0,198.0,149.0,61.0,184.0,1384.0,1384.0,1384.0,1384.0
