index,abnormal QRS,atrial fibrillation,incomplete right bundle branch block,left anterior fascicular block,left axis deviation,left ventricular hypertrophy,myocardial infarction,myocardial ischemia,sinus rhythm,t wave abnormal,ventricular ectopics,micro avg,macro avg,weighted avg,samples avg
precision,0.7302904564315352,0.8148148148148148,0.6704545454545454,0.8013698630136986,0.7788649706457925,0.6226415094339622,0.7361111111111112,0.6226415094339622,0.921443736730361,0.49019607843137253,0.7264150943396226,0.795004500450045,0.7195676081673436,0.7939446828650039,0.8231856553890452
recall,0.5014245014245015,0.825,0.5175438596491229,0.6464088397790055,0.7119856887298748,0.5866666666666667,0.7681159420289855,0.6407766990291263,0.9736399326977005,0.6198347107438017,0.6581196581196581,0.7868596881959911,0.6772287726244041,0.7868596881959911,0.808486573740811
f1-score,0.5945945945945946,0.8198757763975155,0.5841584158415842,0.7155963302752294,0.7439252336448599,0.6041189931350115,0.7517730496453902,0.631578947368421,0.9468230160894465,0.5474452554744526,0.6905829596412556,0.7909111260353705,0.6936793247370692,0.7871559428791524,0.7907905653668365
support,351.0,160.0,114.0,181.0,559.0,225.0,552.0,206.0,1783.0,242.0,117.0,4490.0,4490.0,4490.0,4490.0
