index,atrial fibrillation,left ventricular high voltage,nonspecific st t abnormality,sinus bradycardia,sinus rhythm,sinus tachycardia,supraventricular tachycardia,t wave abnormal,micro avg,macro avg,weighted avg,samples avg
precision,0.9390243902439024,0.5056179775280899,0.5384615384615384,0.9921875,0.9790575916230366,0.9266666666666666,0.8135593220338984,0.6392405063291139,0.8617439120188531,0.7917269366107808,0.8438751754524851,0.8521321614583333
recall,0.8700564971751412,0.3515625,0.42,0.9844961240310077,0.9444444444444444,0.9328859060402684,0.7868852459016393,0.5489130434782609,0.7926300578034682,0.7299054701338452,0.7926300578034682,0.8175455729166666
f1-score,0.9032258064516129,0.4147465437788018,0.4719101123595505,0.9883268482490272,0.961439588688946,0.9297658862876254,0.8,0.5906432748538012,0.8257433195333083,0.7575072575836705,0.8157590643383797,0.8169596354166666
support,177.0,128.0,100.0,387.0,198.0,149.0,61.0,184.0,1384.0,1384.0,1384.0,1384.0
