index,atrial fibrillation,left ventricular high voltage,nonspecific st t abnormality,sinus bradycardia,sinus rhythm,sinus tachycardia,supraventricular tachycardia,t wave abnormal,micro avg,macro avg,weighted avg,samples avg
precision,0.8882978723404256,0.48360655737704916,0.5569620253164557,0.979539641943734,0.9444444444444444,0.952054794520548,0.8305084745762712,0.6878306878306878,0.8440233236151603,0.790405562293702,0.8381404874320441,0.8653971354166666
recall,0.943502824858757,0.4609375,0.44,0.9896640826873385,0.9444444444444444,0.9328859060402684,0.8032786885245902,0.7065217391304348,0.8367052023121387,0.7776543982107291,0.8367052023121387,0.8546549479166666
f1-score,0.9150684931506848,0.472,0.49162011173184356,0.9845758354755785,0.9444444444444444,0.9423728813559323,0.8166666666666667,0.6970509383378016,0.8403483309143687,0.782974921395369,0.8367511426537286,0.8447637648809523
support,177.0,128.0,100.0,387.0,198.0,149.0,61.0,184.0,1384.0,1384.0,1384.0,1384.0
