index,atrial fibrillation,left ventricular high voltage,nonspecific st t abnormality,sinus bradycardia,sinus rhythm,sinus tachycardia,supraventricular tachycardia,t wave abnormal,micro avg,macro avg,weighted avg,samples avg
precision,0.9064327485380117,0.5174825174825175,0.5932203389830508,0.9504950495049505,0.9653179190751445,0.8838709677419355,0.8837209302325582,0.7643312101910829,0.8505747126436781,0.8081089602186564,0.8462526144331527,0.8253580729166666
recall,0.8757062146892656,0.578125,0.35,0.9922480620155039,0.8434343434343434,0.9194630872483222,0.6229508196721312,0.6521739130434783,0.8020231213872833,0.7292626800128805,0.8020231213872833,0.81640625
f1-score,0.8908045977011494,0.5461254612546125,0.440251572327044,0.9709228824273072,0.9002695417789757,0.9013157894736842,0.7307692307692308,0.7038123167155426,0.8255857195983638,0.7605339240559432,0.8193472520391366,0.8067754836309523
support,177.0,128.0,100.0,387.0,198.0,149.0,61.0,184.0,1384.0,1384.0,1384.0,1384.0
