index,atrial fibrillation,left ventricular high voltage,nonspecific st t abnormality,sinus bradycardia,sinus rhythm,sinus tachycardia,supraventricular tachycardia,t wave abnormal,micro avg,macro avg,weighted avg,samples avg
precision,0.8645833333333334,0.5050505050505051,0.5,0.9974093264248705,0.9841269841269841,0.92,0.8275862068965517,0.6376811594202898,0.836350470673425,0.7795546894065668,0.8334019933410803,0.860107421875
recall,0.9378531073446328,0.390625,0.5,0.9948320413436692,0.9393939393939394,0.9261744966442953,0.7868852459016393,0.717391304347826,0.8345375722543352,0.7741443918720002,0.8345375722543352,0.8543294270833333
f1-score,0.8997289972899729,0.44052863436123346,0.5,0.9961190168175937,0.9612403100775193,0.9230769230769231,0.8067226890756303,0.6751918158567775,0.8354430379746837,0.7753260483194563,0.8326930479133257,0.8412806919642857
support,177.0,128.0,100.0,387.0,198.0,149.0,61.0,184.0,1384.0,1384.0,1384.0,1384.0
