index,atrial fibrillation,left ventricular high voltage,nonspecific st t abnormality,sinus bradycardia,sinus rhythm,sinus tachycardia,supraventricular tachycardia,t wave abnormal,micro avg,macro avg,weighted avg,samples avg
precision,0.8238095238095238,0.49375,0.49523809523809526,0.9896907216494846,0.967391304347826,0.9032258064516129,0.803030303030303,0.6590909090909091,0.8137119113573407,0.7669033329522194,0.8222038321504201,0.847900390625
recall,0.9774011299435028,0.6171875,0.52,0.9922480620155039,0.898989898989899,0.9395973154362416,0.8688524590163934,0.6304347826086957,0.8489884393063584,0.8055888935012796,0.8489884393063584,0.85791015625
f1-score,0.8940568475452196,0.5486111111111112,0.5073170731707317,0.990967741935484,0.9319371727748692,0.9210526315789472,0.8346456692913385,0.6444444444444444,0.830975954738331,0.7841290864815182,0.8337847352623327,0.8349097842261906
support,177.0,128.0,100.0,387.0,198.0,149.0,61.0,184.0,1384.0,1384.0,1384.0,1384.0
