index,atrial fibrillation,left ventricular high voltage,nonspecific st t abnormality,sinus bradycardia,sinus rhythm,sinus tachycardia,supraventricular tachycardia,t wave abnormal,micro avg,macro avg,weighted avg,samples avg
precision,0.9204545454545454,0.5486725663716814,0.5675675675675675,0.9846153846153847,0.9402985074626866,0.9513888888888888,0.8627450980392157,0.6287128712871287,0.8490007401924501,0.8005569287108873,0.8433526892075294,0.8527018229166666
recall,0.9152542372881356,0.484375,0.42,0.9922480620155039,0.9545454545454546,0.9194630872483222,0.7213114754098361,0.6902173913043478,0.828757225433526,0.76217683847645,0.828757225433526,0.84326171875
f1-score,0.9178470254957507,0.5145228215767634,0.4827586206896552,0.9884169884169884,0.9473684210526316,0.9351535836177475,0.7857142857142857,0.6580310880829016,0.8387568555758683,0.7787266043308405,0.8345622862891652,0.832328869047619
support,177.0,128.0,100.0,387.0,198.0,149.0,61.0,184.0,1384.0,1384.0,1384.0,1384.0
