index,abnormal QRS,atrial fibrillation,incomplete right bundle branch block,left anterior fascicular block,left axis deviation,left ventricular hypertrophy,myocardial infarction,myocardial ischemia,sinus rhythm,t wave abnormal,ventricular ectopics,micro avg,macro avg,weighted avg,samples avg
precision,0.6736842105263158,0.797752808988764,0.7142857142857143,0.7438423645320197,0.6964809384164223,0.7,0.8017429193899782,0.6454545454545455,0.9266304347826086,0.6774193548387096,0.7464788732394366,0.8111557551406287,0.7385247422231377,0.8031139858442904,0.8321412211242719
recall,0.5470085470085471,0.8875,0.43859649122807015,0.8342541436464088,0.8497316636851521,0.40444444444444444,0.6666666666666666,0.6893203883495146,0.9562535053280987,0.2603305785123967,0.452991452991453,0.7643652561247216,0.6351907165327957,0.7643652561247216,0.7851340444560783
f1-score,0.6037735849056604,0.8402366863905325,0.5434782608695652,0.7864583333333333,0.7655116841257051,0.5126760563380282,0.7279920870425322,0.6666666666666666,0.941208942865029,0.3761194029850746,0.5638297872340425,0.7870657034743722,0.666177408432379,0.7724477758211782,0.7825780444424513
support,351.0,160.0,114.0,181.0,559.0,225.0,552.0,206.0,1783.0,242.0,117.0,4490.0,4490.0,4490.0,4490.0
