index,atrial fibrillation,left ventricular high voltage,nonspecific st t abnormality,sinus bradycardia,sinus rhythm,sinus tachycardia,supraventricular tachycardia,t wave abnormal,micro avg,macro avg,weighted avg,samples avg
precision,0.9252873563218391,0.717948717948718,0.5256410256410257,0.9869451697127938,0.7836734693877551,0.9343065693430657,0.7746478873239436,0.75,0.857365549493375,0.7998062744598926,0.8452440231987053,0.8556315104166666
recall,0.9096045197740112,0.21875,0.41,0.9767441860465116,0.9696969696969697,0.8590604026845637,0.9016393442622951,0.6358695652173914,0.7947976878612717,0.7351706234602179,0.7947976878612717,0.821533203125
f1-score,0.9173789173789174,0.33532934131736525,0.46067415730337075,0.9818181818181818,0.8668171557562075,0.8951048951048951,0.8333333333333333,0.6882352941176471,0.8248968878890139,0.7473364095162398,0.8047675793497134,0.8221400669642858
support,177.0,128.0,100.0,387.0,198.0,149.0,61.0,184.0,1384.0,1384.0,1384.0,1384.0
