index,abnormal QRS,atrial fibrillation,incomplete right bundle branch block,left anterior fascicular block,left axis deviation,left ventricular hypertrophy,myocardial infarction,myocardial ischemia,sinus rhythm,t wave abnormal,ventricular ectopics,micro avg,macro avg,weighted avg,samples avg
precision,0.7196652719665272,0.7974683544303798,0.48520710059171596,0.7976878612716763,0.796137339055794,0.5899581589958159,0.835195530726257,0.6375545851528385,0.9154046997389034,0.6134453781512605,0.7948717948717948,0.8117306299782766,0.7256905522684511,0.8070508811764893,0.8370438234845013
recall,0.49002849002849,0.7875,0.7192982456140351,0.7624309392265194,0.6636851520572451,0.6266666666666667,0.5416666666666666,0.7087378640776699,0.9831744251261918,0.30165289256198347,0.5299145299145299,0.7489977728285078,0.6467959883581815,0.7489977728285078,0.7790120629103678
f1-score,0.5830508474576271,0.7924528301886793,0.5795053003533569,0.7796610169491525,0.7239024390243903,0.6077586206896551,0.6571428571428571,0.671264367816092,0.9480800432666305,0.40443213296398894,0.6358974358974359,0.7791034402872696,0.6711952628863515,0.7669833656793678,0.7807683994124671
support,351.0,160.0,114.0,181.0,559.0,225.0,552.0,206.0,1783.0,242.0,117.0,4490.0,4490.0,4490.0,4490.0
