index,1st degree av block,atrial fibrillation,premature atrial contraction,right bundle branch block,sinus rhythm,st depression,ventricular ectopics,micro avg,macro avg,weighted avg,samples avg
precision,0.8833333333333333,0.9646017699115044,0.7073170731707317,0.9387755102040817,0.6551724137931034,0.7282608695652174,0.803030303030303,0.8427480916030534,0.8114987532868965,0.8398668960022975,0.7314410480349345
recall,0.7571428571428571,0.9396551724137931,0.48333333333333334,0.9387755102040817,0.6551724137931034,0.7790697674418605,0.5955056179775281,0.7840909090909091,0.7355220960437939,0.7840909090909091,0.7394468704512372
f1-score,0.8153846153846154,0.9519650655021834,0.5742574257425742,0.9387755102040817,0.6551724137931034,0.7528089887640451,0.6838709677419355,0.8123620309050772,0.7674621410189341,0.8076227349182825,0.732654051431344
support,70.0,116.0,60.0,196.0,87.0,86.0,89.0,704.0,704.0,704.0,704.0
