index,1st degree av block,atrial fibrillation,premature atrial contraction,right bundle branch block,sinus rhythm,st depression,ventricular ectopics,micro avg,macro avg,weighted avg,samples avg
precision,0.8888888888888888,0.95,0.6923076923076923,0.9521276595744681,0.5757575757575758,0.8285714285714286,0.7941176470588235,0.8454258675078864,0.8116815560226966,0.8417645278033619,0.7096069868995634
recall,0.8,0.9827586206896551,0.3,0.9132653061224489,0.6551724137931034,0.6744186046511628,0.6067415730337079,0.7613636363636364,0.7046223597557254,0.7613636363636364,0.7161572052401747
f1-score,0.8421052631578948,0.9661016949152542,0.41860465116279066,0.9322916666666666,0.6129032258064515,0.7435897435897435,0.6878980891719746,0.8011958146487295,0.7433563334958251,0.7916972149117062,0.710334788937409
support,70.0,116.0,60.0,196.0,87.0,86.0,89.0,704.0,704.0,704.0,704.0
