index,1st degree av block,atrial fibrillation,premature atrial contraction,right bundle branch block,sinus rhythm,st depression,ventricular ectopics,micro avg,macro avg,weighted avg,samples avg
precision,0.8888888888888888,0.8976377952755905,0.6363636363636364,0.9625668449197861,0.6050420168067226,0.7875,0.7777777777777778,0.8258928571428571,0.7936824228617717,0.8278110851487132,0.7392042697719553
recall,0.8,0.9827586206896551,0.35,0.9183673469387755,0.8275862068965517,0.7325581395348837,0.550561797752809,0.7883522727272727,0.7374045874018106,0.7883522727272727,0.7438136826783115
f1-score,0.8421052631578948,0.9382716049382717,0.45161290322580644,0.9399477806788511,0.6990291262135923,0.7590361445783131,0.644736842105263,0.8066860465116279,0.7535342378425703,0.7991301635826438,0.7392042697719553
support,70.0,116.0,60.0,196.0,87.0,86.0,89.0,704.0,704.0,704.0,704.0
