index,atrial fibrillation,left ventricular high voltage,nonspecific st t abnormality,sinus bradycardia,sinus rhythm,sinus tachycardia,supraventricular tachycardia,t wave abnormal,micro avg,macro avg,weighted avg,samples avg
precision,0.935672514619883,0.5407407407407407,0.640625,0.9870466321243523,0.9543147208121827,0.9403973509933775,0.7971014492753623,0.6716417910447762,0.8551673944687045,0.8084425249513343,0.8541598226239304,0.86474609375
recall,0.903954802259887,0.5703125,0.41,0.9844961240310077,0.9494949494949495,0.9530201342281879,0.9016393442622951,0.7336956521739131,0.8489884393063584,0.80082668830628,0.8489884393063584,0.8622233072916667
f1-score,0.9195402298850573,0.5551330798479087,0.5,0.9857697283311773,0.9518987341772152,0.9466666666666667,0.8461538461538461,0.7012987012987013,0.8520667150108775,0.8008076232950716,0.8493440521164167,0.848232886904762
support,177.0,128.0,100.0,387.0,198.0,149.0,61.0,184.0,1384.0,1384.0,1384.0,1384.0
