index,atrial fibrillation,left ventricular high voltage,nonspecific st t abnormality,sinus bradycardia,sinus rhythm,sinus tachycardia,supraventricular tachycardia,t wave abnormal,micro avg,macro avg,weighted avg,samples avg
precision,0.8601036269430051,0.6,0.5408163265306123,0.9436274509803921,0.9621621621621622,0.8940397350993378,0.85,0.6842105263157895,0.8344086021505376,0.7918699785039124,0.830757632681647,0.8545572916666666
recall,0.9378531073446328,0.515625,0.53,0.9948320413436692,0.898989898989899,0.9060402684563759,0.8360655737704918,0.7065217391304348,0.8410404624277457,0.790740953629438,0.8410404624277457,0.8486328125
f1-score,0.8972972972972972,0.5546218487394958,0.5353535353535354,0.9685534591194968,0.9295039164490861,0.9,0.8429752066115703,0.6951871657754011,0.8377114069809284,0.7904365536682354,0.8350118945359641,0.8373418898809524
support,177.0,128.0,100.0,387.0,198.0,149.0,61.0,184.0,1384.0,1384.0,1384.0,1384.0
