index,1st degree av block,atrial fibrillation,premature atrial contraction,right bundle branch block,sinus rhythm,st depression,ventricular ectopics,micro avg,macro avg,weighted avg,samples avg
precision,0.9016393442622951,0.8809523809523809,0.5952380952380952,0.9479166666666666,0.6428571428571429,0.7380952380952381,0.782608695652174,0.8177842565597667,0.7841867948177131,0.8179944864880606,0.7409024745269287
recall,0.7857142857142857,0.9568965517241379,0.4166666666666667,0.9285714285714286,0.8275862068965517,0.7209302325581395,0.6067415730337079,0.796875,0.7490152778807024,0.796875,0.7532751091703057
f1-score,0.8396946564885497,0.9173553719008265,0.4901960784313726,0.9381443298969072,0.7236180904522613,0.7294117647058824,0.6835443037974683,0.8071942446043164,0.7602806565247526,0.8025561521767014,0.7433284813197477
support,70.0,116.0,60.0,196.0,87.0,86.0,89.0,704.0,704.0,704.0,704.0
