index,atrial fibrillation,left ventricular high voltage,nonspecific st t abnormality,sinus bradycardia,sinus rhythm,sinus tachycardia,supraventricular tachycardia,t wave abnormal,micro avg,macro avg,weighted avg,samples avg
precision,0.9064327485380117,0.5833333333333334,0.49074074074074076,0.9845360824742269,0.9306930693069307,0.9315068493150684,0.8387096774193549,0.7375,0.8627602158828065,0.8004315626409584,0.8490808090627116,0.8638509114583333
recall,0.8757062146892656,0.2734375,0.53,0.9870801033591732,0.9494949494949495,0.912751677852349,0.8524590163934426,0.6413043478260869,0.8085260115606936,0.7527792262019084,0.8085260115606936,0.8323567708333333
f1-score,0.8908045977011494,0.3723404255319149,0.5096153846153846,0.9858064516129033,0.9400000000000001,0.9220338983050848,0.8455284552845529,0.686046511627907,0.8347631480790749,0.769021965584862,0.8230588643470164,0.8315987723214285
support,177.0,128.0,100.0,387.0,198.0,149.0,61.0,184.0,1384.0,1384.0,1384.0,1384.0
