index,abnormal QRS,atrial fibrillation,incomplete right bundle branch block,left anterior fascicular block,left axis deviation,left ventricular hypertrophy,myocardial infarction,myocardial ischemia,sinus rhythm,t wave abnormal,ventricular ectopics,micro avg,macro avg,weighted avg,samples avg
precision,0.6713780918727915,0.8322981366459627,0.5681818181818182,0.7242990654205608,0.7350993377483444,0.7763157894736842,0.7759674134419552,0.7172413793103448,0.9122715404699739,0.5971223021582733,0.7052631578947368,0.808225616921269,0.7286761847834949,0.7973205194363688,0.8293392666274022
recall,0.5413105413105413,0.8375,0.6578947368421053,0.856353591160221,0.7942754919499105,0.26222222222222225,0.6902173913043478,0.5048543689320388,0.9798093101514301,0.34297520661157027,0.5726495726495726,0.7659242761692651,0.640005675739451,0.7659242761692651,0.7897410727919202
f1-score,0.5993690851735016,0.8348909657320872,0.6097560975609756,0.7848101265822784,0.7635425623387792,0.3920265780730897,0.7305848513902204,0.5925925925925927,0.9448350459707952,0.4356955380577428,0.6320754716981132,0.7865065751858203,0.665470810470016,0.7705877846918165,0.7848066042981297
support,351.0,160.0,114.0,181.0,559.0,225.0,552.0,206.0,1783.0,242.0,117.0,4490.0,4490.0,4490.0,4490.0
