index,1st degree av block,atrial fibrillation,premature atrial contraction,right bundle branch block,sinus rhythm,st depression,ventricular ectopics,micro avg,macro avg,weighted avg,samples avg
precision,0.9180327868852459,0.9495798319327731,0.6923076923076923,0.9435897435897436,0.7282608695652174,0.8076923076923077,0.847457627118644,0.8709175738724728,0.8409886941559463,0.865255070732233,0.7481804949053857
recall,0.8,0.9741379310344828,0.45,0.9387755102040817,0.7701149425287356,0.7325581395348837,0.5617977528089888,0.7954545454545454,0.7467691823015962,0.7954545454545454,0.7510917030567685
f1-score,0.8549618320610688,0.9617021276595743,0.5454545454545455,0.9411764705882353,0.7486033519553073,0.7682926829268293,0.6756756756756757,0.8314773570898293,0.7851238123316052,0.8237776044066852,0.7476952935468218
support,70.0,116.0,60.0,196.0,87.0,86.0,89.0,704.0,704.0,704.0,704.0
