index,atrial fibrillation,left ventricular high voltage,nonspecific st t abnormality,sinus bradycardia,sinus rhythm,sinus tachycardia,supraventricular tachycardia,t wave abnormal,micro avg,macro avg,weighted avg,samples avg
precision,0.8652849740932642,0.5849056603773585,0.5,0.9871134020618557,0.9829545454545454,0.9256756756756757,0.8307692307692308,0.7016574585635359,0.8486407053637032,0.7972951183744332,0.8470872996163563,0.8595377604166667
recall,0.943502824858757,0.484375,0.52,0.9896640826873385,0.8737373737373737,0.9194630872483222,0.8852459016393442,0.6902173913043478,0.8345375722543352,0.7882757076844354,0.8345375722543352,0.8482259114583334
f1-score,0.9027027027027028,0.5299145299145298,0.5098039215686274,0.9883870967741935,0.9251336898395721,0.9225589225589227,0.8571428571428572,0.695890410958904,0.8415300546448087,0.7914417664325387,0.839639405178888,0.8375930059523808
support,177.0,128.0,100.0,387.0,198.0,149.0,61.0,184.0,1384.0,1384.0,1384.0,1384.0
