index,1st degree av block,atrial fibrillation,premature atrial contraction,right bundle branch block,sinus rhythm,st depression,ventricular ectopics,micro avg,macro avg,weighted avg,samples avg
precision,0.873015873015873,0.912,0.625,0.9538461538461539,0.6534653465346535,0.71,0.7586206896551724,0.8249258160237388,0.7837068661502647,0.8192978462965659,0.740174672489083
recall,0.7857142857142857,0.9827586206896551,0.3333333333333333,0.9489795918367347,0.7586206896551724,0.8255813953488372,0.4943820224719101,0.7897727272727273,0.7327671341499898,0.7897727272727273,0.74745269286754
f1-score,0.8270676691729324,0.946058091286307,0.43478260869565216,0.9514066496163682,0.7021276595744682,0.7634408602150538,0.5986394557823128,0.8069666182873729,0.7462175706204421,0.7957671409147209,0.7404172731683649
support,70.0,116.0,60.0,196.0,87.0,86.0,89.0,704.0,704.0,704.0,704.0
