index,atrial fibrillation,left ventricular high voltage,nonspecific st t abnormality,sinus bradycardia,sinus rhythm,sinus tachycardia,supraventricular tachycardia,t wave abnormal,micro avg,macro avg,weighted avg,samples avg
precision,0.9440993788819876,0.4968944099378882,0.5142857142857142,0.9671717171717171,0.9880239520958084,0.9241379310344827,0.8181818181818182,0.5953307392996109,0.8057103064066853,0.7810157076111284,0.8303521254967591,0.8046875
recall,0.8587570621468926,0.625,0.54,0.9896640826873385,0.8333333333333334,0.8993288590604027,0.5901639344262295,0.8315217391304348,0.8359826589595376,0.770971126348079,0.8359826589595376,0.83544921875
f1-score,0.8994082840236686,0.5536332179930795,0.5268292682926828,0.9782886334610471,0.9041095890410958,0.9115646258503401,0.6857142857142857,0.6938775510204082,0.8205673758865248,0.769178181924576,0.8278033344307523,0.8026785714285714
support,177.0,128.0,100.0,387.0,198.0,149.0,61.0,184.0,1384.0,1384.0,1384.0,1384.0
