index,atrial fibrillation,left ventricular high voltage,nonspecific st t abnormality,sinus bradycardia,sinus rhythm,sinus tachycardia,supraventricular tachycardia,t wave abnormal,micro avg,macro avg,weighted avg,samples avg
precision,0.8724489795918368,0.5360824742268041,0.5955056179775281,0.9720101781170484,0.967032967032967,0.9416058394160584,0.8113207547169812,0.7709923664122137,0.8661971830985915,0.8083748971864297,0.8539635013157079,0.857421875
recall,0.9661016949152542,0.40625,0.53,0.9870801033591732,0.8888888888888888,0.8657718120805369,0.7049180327868853,0.5489130434782609,0.7998554913294798,0.7372404469386249,0.7998554913294798,0.8199055989583333
f1-score,0.9168900804289545,0.46222222222222226,0.5608465608465608,0.9794871794871794,0.9263157894736841,0.9020979020979021,0.7543859649122806,0.6412698412698412,0.8317054845980466,0.767939442592328,0.8225682742834107,0.8238304501488095
support,177.0,128.0,100.0,387.0,198.0,149.0,61.0,184.0,1384.0,1384.0,1384.0,1384.0
