index,abnormal QRS,atrial fibrillation,incomplete right bundle branch block,left anterior fascicular block,left axis deviation,left ventricular hypertrophy,myocardial infarction,myocardial ischemia,sinus rhythm,t wave abnormal,ventricular ectopics,micro avg,macro avg,weighted avg,samples avg
precision,0.582901554404145,0.7987012987012987,0.49333333333333335,0.810126582278481,0.7842003853564548,0.6742857142857143,0.6666666666666666,0.5938697318007663,0.9103626943005181,0.7333333333333333,0.6788990825688074,0.7769264448336253,0.7024254888208653,0.7785651612305146,0.8081233776149029
recall,0.6410256410256411,0.76875,0.6491228070175439,0.7071823204419889,0.7280858676207513,0.5244444444444445,0.8043478260869565,0.7524271844660194,0.9854178351093662,0.18181818181818182,0.6324786324786325,0.790423162583519,0.6704637036826842,0.790423162583519,0.8056093623890234
f1-score,0.6105834464043419,0.7834394904458599,0.5606060606060606,0.7551622418879056,0.7551020408163266,0.5900000000000001,0.729064039408867,0.6638115631691649,0.9464045246431457,0.29139072847682124,0.6548672566371682,0.7836166924265843,0.6673119447723329,0.7725778240956794,0.7822788399059585
support,351.0,160.0,114.0,181.0,559.0,225.0,552.0,206.0,1783.0,242.0,117.0,4490.0,4490.0,4490.0,4490.0
