index,atrial fibrillation,left ventricular high voltage,nonspecific st t abnormality,sinus bradycardia,sinus rhythm,sinus tachycardia,supraventricular tachycardia,t wave abnormal,micro avg,macro avg,weighted avg,samples avg
precision,0.9037433155080213,0.5955056179775281,0.5802469135802469,0.9896907216494846,0.9828571428571429,0.9455782312925171,0.8360655737704918,0.6903225806451613,0.8745128604832424,0.8155012621600742,0.8603601966542106,0.8720703125
recall,0.9548022598870056,0.4140625,0.47,0.9922480620155039,0.8686868686868687,0.9328859060402684,0.8360655737704918,0.5815217391304348,0.8106936416184971,0.7562841136913216,0.8106936416184971,0.8335774739583333
f1-score,0.9285714285714285,0.4884792626728111,0.5193370165745855,0.990967741935484,0.9222520107238606,0.9391891891891893,0.8360655737704918,0.6312684365781712,0.8413948256467941,0.7820163325020026,0.8323838048472909,0.836342075892857
support,177.0,128.0,100.0,387.0,198.0,149.0,61.0,184.0,1384.0,1384.0,1384.0,1384.0
