index,abnormal QRS,atrial fibrillation,incomplete right bundle branch block,left anterior fascicular block,left axis deviation,left ventricular hypertrophy,myocardial infarction,myocardial ischemia,sinus rhythm,t wave abnormal,ventricular ectopics,micro avg,macro avg,weighted avg,samples avg
precision,0.6114130434782609,0.7771428571428571,0.6741573033707865,0.8214285714285714,0.8306997742663657,0.6017699115044248,0.6893687707641196,0.6941176470588235,0.9312052834342323,0.5337078651685393,0.6779661016949152,0.7951918631530283,0.712997920846536,0.7921111130753232,0.8156174334140436
recall,0.6410256410256411,0.85,0.5263157894736842,0.6353591160220995,0.6583184257602862,0.6044444444444445,0.7518115942028986,0.5728155339805825,0.9489624228827819,0.3925619834710744,0.6837606837606838,0.7661469933184856,0.660488694093107,0.7661469933184856,0.7872368736775516
f1-score,0.6258692628650904,0.8119402985074626,0.5911330049261083,0.7165109034267912,0.7345309381237525,0.6031042128603105,0.7192374350086655,0.6276595744680851,0.9400000000000001,0.4523809523809524,0.6808510638297872,0.780399274047187,0.6821106951270006,0.7760450197823827,0.7756260790159095
support,351.0,160.0,114.0,181.0,559.0,225.0,552.0,206.0,1783.0,242.0,117.0,4490.0,4490.0,4490.0,4490.0
