index,atrial fibrillation,left ventricular high voltage,nonspecific st t abnormality,sinus bradycardia,sinus rhythm,sinus tachycardia,supraventricular tachycardia,t wave abnormal,micro avg,macro avg,weighted avg,samples avg
precision,0.8492462311557789,0.5032258064516129,0.5324675324675324,0.9745547073791349,0.9617486338797814,0.9261744966442953,0.8333333333333334,0.7777777777777778,0.8439133681852129,0.7948160648861559,0.8435690643753604,0.846923828125
recall,0.9548022598870056,0.609375,0.41,0.9896640826873385,0.8888888888888888,0.9261744966442953,0.6557377049180327,0.5706521739130435,0.8164739884393064,0.7506618258673255,0.8164739884393064,0.8309733072916666
f1-score,0.898936170212766,0.5512367491166078,0.46327683615819204,0.9820512820512821,0.9238845144356955,0.9261744966442953,0.7339449541284403,0.658307210031348,0.8299669482188763,0.7672265265973284,0.82578023012292,0.8224423363095238
support,177.0,128.0,100.0,387.0,198.0,149.0,61.0,184.0,1384.0,1384.0,1384.0,1384.0
