index,abnormal QRS,atrial fibrillation,incomplete right bundle branch block,left anterior fascicular block,left axis deviation,left ventricular hypertrophy,myocardial infarction,myocardial ischemia,sinus rhythm,t wave abnormal,ventricular ectopics,micro avg,macro avg,weighted avg,samples avg
precision,0.7298578199052133,0.8662420382165605,0.6931818181818182,0.7865853658536586,0.7650273224043715,0.5038461538461538,0.7747572815533981,0.569811320754717,0.9256465517241379,0.5423728813559322,0.782608695652174,0.8035087719298246,0.7218124772225578,0.7963215067103725,0.8228846279693737
recall,0.43874643874643876,0.85,0.5350877192982456,0.712707182320442,0.7513416815742398,0.5822222222222222,0.7228260869565217,0.7330097087378641,0.9635445877734156,0.2644628099173554,0.6153846153846154,0.765033407572383,0.6517575502664873,0.765033407572383,0.7875139061579739
f1-score,0.5480427046263345,0.858044164037855,0.603960396039604,0.7478260869565219,0.7581227436823106,0.5402061855670103,0.7478912839737583,0.6411889596602972,0.9442154438032427,0.3555555555555555,0.6889952153110049,0.7837992013690815,0.6758226126557723,0.7737881967280812,0.7793056106615429
support,351.0,160.0,114.0,181.0,559.0,225.0,552.0,206.0,1783.0,242.0,117.0,4490.0,4490.0,4490.0,4490.0
