index,1st degree av block,atrial fibrillation,premature atrial contraction,right bundle branch block,sinus rhythm,st depression,ventricular ectopics,micro avg,macro avg,weighted avg,samples avg
precision,0.8769230769230769,0.9047619047619048,0.5,0.9578947368421052,0.6868686868686869,0.8125,0.8225806451612904,0.8413897280966768,0.7945041500795805,0.8337025822940052,0.740174672489083
recall,0.8142857142857143,0.9827586206896551,0.3333333333333333,0.9285714285714286,0.7816091954022989,0.7558139534883721,0.5730337078651685,0.7911931818181818,0.7384865648051387,0.7911931818181818,0.7467248908296943
f1-score,0.8444444444444444,0.9421487603305785,0.4,0.9430051813471502,0.7311827956989247,0.783132530120482,0.6754966887417219,0.8155197657393851,0.7599157715261861,0.8072597854654556,0.7409024745269287
support,70.0,116.0,60.0,196.0,87.0,86.0,89.0,704.0,704.0,704.0,704.0
