index,1st degree av block,atrial fibrillation,premature atrial contraction,right bundle branch block,sinus rhythm,st depression,ventricular ectopics,micro avg,macro avg,weighted avg,samples avg
precision,0.873015873015873,0.9416666666666667,0.4897959183673469,0.9617486338797814,0.704225352112676,0.8787878787878788,0.6666666666666666,0.8380952380952381,0.78798671278527,0.8301301538775797,0.6994177583697234
recall,0.7857142857142857,0.9741379310344828,0.4,0.8979591836734694,0.5747126436781609,0.6744186046511628,0.5842696629213483,0.75,0.6987446159532729,0.75,0.7059679767103348
f1-score,0.8270676691729324,0.9576271186440678,0.44036697247706424,0.9287598944591029,0.6329113924050632,0.7631578947368421,0.622754491017964,0.7916041979010494,0.7389493475590052,0.7863046307594217,0.7001455604075691
support,70.0,116.0,60.0,196.0,87.0,86.0,89.0,704.0,704.0,704.0,704.0
