index,abnormal QRS,atrial fibrillation,incomplete right bundle branch block,left anterior fascicular block,left axis deviation,left ventricular hypertrophy,myocardial infarction,myocardial ischemia,sinus rhythm,t wave abnormal,ventricular ectopics,micro avg,macro avg,weighted avg,samples avg
precision,0.6967509025270758,0.8686131386861314,0.6413043478260869,0.75,0.6846590909090909,0.7241379310344828,0.7740667976424361,0.6278026905829597,0.9155742003146303,0.64,0.6542056074766355,0.8003642157978602,0.7251922460908662,0.7925512055065401,0.8236862770761075
recall,0.5498575498575499,0.74375,0.5175438596491229,0.7955801104972375,0.8622540250447227,0.4666666666666667,0.7137681159420289,0.6796116504854369,0.9792484576556366,0.2644628099173554,0.5982905982905983,0.7830734966592428,0.6519121676369414,0.7830734966592428,0.799945466047161
f1-score,0.6146496815286624,0.8013468013468014,0.5728155339805826,0.772117962466488,0.7632620744259698,0.5675675675675675,0.7426955702167767,0.6526806526806527,0.9463414634146341,0.37426900584795325,0.625,0.7916244511989192,0.675704210316008,0.7792479173083433,0.7876828139540004
support,351.0,160.0,114.0,181.0,559.0,225.0,552.0,206.0,1783.0,242.0,117.0,4490.0,4490.0,4490.0,4490.0
