index,atrial fibrillation,left ventricular high voltage,nonspecific st t abnormality,sinus bradycardia,sinus rhythm,sinus tachycardia,supraventricular tachycardia,t wave abnormal,micro avg,macro avg,weighted avg,samples avg
precision,0.9451219512195121,0.5688073394495413,0.5694444444444444,0.9670050761421319,0.9772727272727273,0.912751677852349,0.782608695652174,0.6857142857142857,0.8617439120188531,0.8010907747183957,0.8487571479285083,0.8541666666666667
recall,0.8757062146892656,0.484375,0.41,0.9844961240310077,0.8686868686868687,0.912751677852349,0.8852459016393442,0.5217391304347826,0.7926300578034682,0.7428751146667023,0.7926300578034682,0.81689453125
f1-score,0.9090909090909091,0.5232067510548523,0.47674418604651164,0.9756722151088347,0.9197860962566845,0.912751677852349,0.8307692307692308,0.5925925925925927,0.8257433195333083,0.7675767073464956,0.8171753815525042,0.8190941220238095
support,177.0,128.0,100.0,387.0,198.0,149.0,61.0,184.0,1384.0,1384.0,1384.0,1384.0
