index,abnormal QRS,atrial fibrillation,incomplete right bundle branch block,left anterior fascicular block,left axis deviation,left ventricular hypertrophy,myocardial infarction,myocardial ischemia,sinus rhythm,t wave abnormal,ventricular ectopics,micro avg,macro avg,weighted avg,samples avg
precision,0.6970802919708029,0.8282208588957055,0.6190476190476191,0.8243243243243243,0.8333333333333334,0.5461847389558233,0.7220338983050848,0.7150837988826816,0.9280261723009815,0.5714285714285714,0.8026315789473685,0.8116914230953521,0.7352177442174814,0.8058850332844176,0.8238651484414197
recall,0.5441595441595442,0.84375,0.45614035087719296,0.6740331491712708,0.5992844364937389,0.6044444444444445,0.7717391304347826,0.6213592233009708,0.9545709478407179,0.4132231404958678,0.5213675213675214,0.75456570155902,0.6367338080532774,0.75456570155902,0.7745860872979518
f1-score,0.6112,0.8359133126934984,0.5252525252525252,0.7416413373860183,0.6971904266389177,0.5738396624472574,0.7460595446584939,0.664935064935065,0.9411114183024607,0.47961630695443647,0.6321243523316062,0.7820867959372113,0.677171268327298,0.7746248148965648,0.7734682022817616
support,351.0,160.0,114.0,181.0,559.0,225.0,552.0,206.0,1783.0,242.0,117.0,4490.0,4490.0,4490.0,4490.0
