index,abnormal QRS,atrial fibrillation,incomplete right bundle branch block,left anterior fascicular block,left axis deviation,left ventricular hypertrophy,myocardial infarction,myocardial ischemia,sinus rhythm,t wave abnormal,ventricular ectopics,micro avg,macro avg,weighted avg,samples avg
precision,0.7688442211055276,0.8282208588957055,0.6804123711340206,0.8863636363636364,0.7839506172839507,0.7669902912621359,0.8255813953488372,0.6686390532544378,0.9041517170681702,0.4894366197183099,0.8307692307692308,0.8227506741848493,0.766669092018542,0.8179034402729418,0.8449076194838907
recall,0.4358974358974359,0.84375,0.5789473684210527,0.6464088397790055,0.6815742397137746,0.3511111111111111,0.6431159420289855,0.5485436893203883,0.9893438025799215,0.5743801652892562,0.46153846153846156,0.7474387527839643,0.6140555505163084,0.7474387527839643,0.7834107715463647
f1-score,0.5563636363636364,0.8359133126934984,0.6255924170616114,0.7476038338658147,0.7291866028708135,0.4817073170731707,0.7230142566191446,0.6026666666666667,0.9448312801285484,0.5285171102661596,0.5934065934065935,0.7832885984362236,0.6698911842741506,0.7699064901525314,0.7881143694703017
support,351.0,160.0,114.0,181.0,559.0,225.0,552.0,206.0,1783.0,242.0,117.0,4490.0,4490.0,4490.0,4490.0
