index,abnormal QRS,atrial fibrillation,incomplete right bundle branch block,left anterior fascicular block,left axis deviation,left ventricular hypertrophy,myocardial infarction,myocardial ischemia,sinus rhythm,t wave abnormal,ventricular ectopics,micro avg,macro avg,weighted avg,samples avg
precision,0.7318181818181818,0.8383233532934131,0.6597938144329897,0.7754010695187166,0.7376,0.5902255639097744,0.8307291666666666,0.5740072202166066,0.9240235420010701,0.5391304347826087,0.8142857142857143,0.8000910746812386,0.7286670964477948,0.8021750813350611,0.8226981218506643
recall,0.4586894586894587,0.875,0.5614035087719298,0.8011049723756906,0.8246869409660107,0.6977777777777778,0.5778985507246377,0.7718446601941747,0.968592260235558,0.512396694214876,0.48717948717948717,0.7826280623608017,0.6851431191936,0.7826280623608017,0.8048426150121065
f1-score,0.563922942206655,0.8562691131498471,0.6066350710900474,0.7880434782608695,0.7787162162162162,0.639511201629328,0.6816239316239316,0.6583850931677019,0.9457831325301205,0.5254237288135593,0.6096256684491979,0.7912632290024768,0.6958126888306796,0.784547544332084,0.7886280462551649
support,351.0,160.0,114.0,181.0,559.0,225.0,552.0,206.0,1783.0,242.0,117.0,4490.0,4490.0,4490.0,4490.0
