index,atrial fibrillation,left ventricular high voltage,nonspecific st t abnormality,sinus bradycardia,sinus rhythm,sinus tachycardia,supraventricular tachycardia,t wave abnormal,micro avg,macro avg,weighted avg,samples avg
precision,0.9252873563218391,0.5855855855855856,0.5443037974683544,0.9462102689486552,0.9770114942528736,0.9432624113475178,0.7910447761194029,0.6470588235294118,0.8442622950819673,0.7949705641967051,0.8386210266469869,0.8463541666666667
recall,0.9096045197740112,0.5078125,0.43,1.0,0.8585858585858586,0.8926174496644296,0.8688524590163934,0.657608695652174,0.8186416184971098,0.7656351853366083,0.8186416184971098,0.832275390625
f1-score,0.9173789173789174,0.5439330543933054,0.4804469273743017,0.9723618090452262,0.9139784946236559,0.9172413793103449,0.828125,0.6522911051212938,0.831254585473221,0.7782195859058807,0.8269668410197886,0.8246884300595237
support,177.0,128.0,100.0,387.0,198.0,149.0,61.0,184.0,1384.0,1384.0,1384.0,1384.0
