index,abnormal QRS,atrial fibrillation,incomplete right bundle branch block,left anterior fascicular block,left axis deviation,left ventricular hypertrophy,myocardial infarction,myocardial ischemia,sinus rhythm,t wave abnormal,ventricular ectopics,micro avg,macro avg,weighted avg,samples avg
precision,0.6345029239766082,0.8666666666666667,0.6823529411764706,0.8616352201257862,0.7633451957295374,0.6158940397350994,0.7372134038800705,0.6600985221674877,0.9094671495085359,0.5232067510548524,0.8275862068965517,0.7971570397111913,0.7347244564470606,0.7902791021195416,0.8254531771480924
recall,0.6182336182336182,0.73125,0.5087719298245614,0.7569060773480663,0.7674418604651163,0.41333333333333333,0.7572463768115942,0.6504854368932039,0.9859786876051598,0.512396694214876,0.41025641025641024,0.7868596881959911,0.6465727659078128,0.7868596881959911,0.8047891717383242
f1-score,0.6262626262626262,0.7932203389830509,0.5829145728643217,0.8058823529411765,0.7653880463871543,0.49468085106382975,0.7470956210902593,0.6552567237163814,0.946178686759957,0.5177453027139876,0.5485714285714286,0.7919748935216319,0.6802905955776523,0.7844318484374565,0.791091346176092
support,351.0,160.0,114.0,181.0,559.0,225.0,552.0,206.0,1783.0,242.0,117.0,4490.0,4490.0,4490.0,4490.0
