index,1st degree av block,atrial fibrillation,premature atrial contraction,right bundle branch block,sinus rhythm,st depression,ventricular ectopics,micro avg,macro avg,weighted avg,samples avg
precision,0.8870967741935484,0.8828125,0.6756756756756757,0.9567567567567568,0.6176470588235294,0.7578947368421053,0.7368421052631579,0.8189781021897811,0.7878179439363961,0.8196890311262819,0.7365356622998545
recall,0.7857142857142857,0.9741379310344828,0.4166666666666667,0.9030612244897959,0.7241379310344828,0.8372093023255814,0.6292134831460674,0.796875,0.7528772606301946,0.796875,0.75254730713246
f1-score,0.8333333333333333,0.9262295081967213,0.5154639175257731,0.9291338582677166,0.6666666666666667,0.7955801104972375,0.6787878787878788,0.8077753779697625,0.7635993247536181,0.8034744861804765,0.7404172731683649
support,70.0,116.0,60.0,196.0,87.0,86.0,89.0,704.0,704.0,704.0,704.0
