index,atrial fibrillation,left ventricular high voltage,nonspecific st t abnormality,sinus bradycardia,sinus rhythm,sinus tachycardia,supraventricular tachycardia,t wave abnormal,micro avg,macro avg,weighted avg,samples avg
precision,0.8829787234042553,0.44360902255639095,0.5909090909090909,0.9844155844155844,0.978494623655914,0.9517241379310345,0.7727272727272727,0.6262626262626263,0.8324798829553768,0.7788901352327712,0.8316809596053422,0.8495279947916666
recall,0.9378531073446328,0.4609375,0.39,0.979328165374677,0.9191919191919192,0.9261744966442953,0.8360655737704918,0.6739130434782609,0.8222543352601156,0.7654329757255347,0.8222543352601156,0.8411458333333334
f1-score,0.9095890410958904,0.45210727969348663,0.46987951807228917,0.9818652849740933,0.9479166666666667,0.9387755102040818,0.8031496062992125,0.6492146596858639,0.8273355143584152,0.7690621958364481,0.825035754012862,0.8270182291666667
support,177.0,128.0,100.0,387.0,198.0,149.0,61.0,184.0,1384.0,1384.0,1384.0,1384.0
