index,atrial fibrillation,left ventricular high voltage,nonspecific st t abnormality,sinus bradycardia,sinus rhythm,sinus tachycardia,supraventricular tachycardia,t wave abnormal,micro avg,macro avg,weighted avg,samples avg
precision,0.961038961038961,0.5526315789473685,0.4594594594594595,0.9485294117647058,0.9826589595375722,0.8896103896103896,0.7857142857142857,0.6343283582089553,0.8429360694554064,0.7767464255352122,0.8277680476065411,0.8412272135416666
recall,0.8361581920903954,0.4921875,0.34,1.0,0.8585858585858586,0.9194630872483222,0.7213114754098361,0.46195652173913043,0.7716763005780347,0.7037078293841929,0.7716763005780347,0.8041178385416667
f1-score,0.8942598187311178,0.5206611570247933,0.39080459770114945,0.9735849056603774,0.9164420485175201,0.9042904290429042,0.7521367521367521,0.5345911949685535,0.8057336854017352,0.735846362972896,0.7956837829217338,0.8060825892857142
support,177.0,128.0,100.0,387.0,198.0,149.0,61.0,184.0,1384.0,1384.0,1384.0,1384.0
