index,1st degree av block,atrial fibrillation,premature atrial contraction,right bundle branch block,sinus rhythm,st depression,ventricular ectopics,micro avg,macro avg,weighted avg,samples avg
precision,0.8787878787878788,0.9636363636363636,0.5238095238095238,0.9384615384615385,0.6179775280898876,0.6862745098039216,0.8135593220338984,0.8174962292609351,0.7746438092318587,0.8151341407840583,0.7197962154294032
recall,0.8285714285714286,0.9137931034482759,0.36666666666666664,0.9336734693877551,0.632183908045977,0.813953488372093,0.5393258426966292,0.7698863636363636,0.718309701026975,0.7698863636363636,0.7292576419213974
f1-score,0.8529411764705883,0.9380530973451328,0.4313725490196078,0.9360613810741688,0.625,0.7446808510638299,0.6486486486486486,0.7929773226042429,0.7395368148031395,0.7869569718720301,0.720038816108685
support,70.0,116.0,60.0,196.0,87.0,86.0,89.0,704.0,704.0,704.0,704.0
