index,1st degree av block,atrial fibrillation,premature atrial contraction,right bundle branch block,sinus rhythm,st depression,ventricular ectopics,micro avg,macro avg,weighted avg,samples avg
precision,0.821917808219178,0.8444444444444444,0.7333333333333333,0.9326424870466321,0.6914893617021277,0.84,0.8545454545454545,0.8412213740458016,0.8169104127558814,0.8391219453333357,0.7343522561863173
recall,0.8571428571428571,0.9827586206896551,0.36666666666666664,0.9183673469387755,0.7471264367816092,0.7325581395348837,0.5280898876404494,0.7826704545454546,0.7332442793421281,0.7826704545454546,0.7409024745269287
f1-score,0.8391608391608392,0.9083665338645418,0.4888888888888889,0.9254498714652956,0.7182320441988951,0.7826086956521738,0.6527777777777777,0.8108903605592348,0.7593549501440588,0.7993196629313778,0.7341096555070354
support,70.0,116.0,60.0,196.0,87.0,86.0,89.0,704.0,704.0,704.0,704.0
