index,abnormal QRS,atrial fibrillation,incomplete right bundle branch block,left anterior fascicular block,left axis deviation,left ventricular hypertrophy,myocardial infarction,myocardial ischemia,sinus rhythm,t wave abnormal,ventricular ectopics,micro avg,macro avg,weighted avg,samples avg
precision,0.637223974763407,0.7631578947368421,0.7272727272727273,0.837037037037037,0.7156398104265402,0.7327586206896551,0.7222222222222222,0.7837837837837838,0.9218085106382978,0.65,0.7142857142857143,0.8101840784126225,0.7459263905323842,0.7994831059603326,0.8327301878149336
recall,0.5754985754985755,0.90625,0.2807017543859649,0.6243093922651933,0.8103756708407871,0.37777777777777777,0.7771739130434783,0.4223300970873786,0.9719573752103197,0.26859504132231404,0.38461538461538464,0.7547884187082405,0.5817804529133794,0.7547884187082405,0.7828610693017473
f1-score,0.6047904191616766,0.8285714285714286,0.4050632911392405,0.7151898734177214,0.7600671140939597,0.49853372434017595,0.7486910994764399,0.5488958990536277,0.9462189462189462,0.38011695906432746,0.5,0.7815058226680502,0.6305580685943222,0.7620208864251029,0.7823322450441094
support,351.0,160.0,114.0,181.0,559.0,225.0,552.0,206.0,1783.0,242.0,117.0,4490.0,4490.0,4490.0,4490.0
