index,abnormal QRS,atrial fibrillation,incomplete right bundle branch block,left anterior fascicular block,left axis deviation,left ventricular hypertrophy,myocardial infarction,myocardial ischemia,sinus rhythm,t wave abnormal,ventricular ectopics,micro avg,macro avg,weighted avg,samples avg
precision,0.6574074074074074,0.7914438502673797,0.6923076923076923,0.911504424778761,0.7196969696969697,0.7142857142857143,0.7349177330895795,0.6976744186046512,0.9319912948857454,0.6865671641791045,0.6086956521739131,0.8120726243810422,0.740590211061538,0.8046356187841173,0.8270417511942936
recall,0.6068376068376068,0.925,0.47368421052631576,0.569060773480663,0.8497316636851521,0.4444444444444444,0.7282608695652174,0.5825242718446602,0.9607403252944475,0.19008264462809918,0.5982905982905983,0.7670378619153675,0.6298779462361095,0.7670378619153675,0.7881017821695787
f1-score,0.6311111111111111,0.8530259365994237,0.5625,0.7006802721088435,0.7793273174733388,0.5479452054794521,0.7315741583257508,0.6349206349206349,0.9461474730737366,0.2977346278317152,0.603448275862069,0.7889130683770473,0.6625831829805524,0.773305719309389,0.7829357541221948
support,351.0,160.0,114.0,181.0,559.0,225.0,552.0,206.0,1783.0,242.0,117.0,4490.0,4490.0,4490.0,4490.0
