index,1st degree av block,atrial fibrillation,premature atrial contraction,right bundle branch block,sinus rhythm,st depression,ventricular ectopics,micro avg,macro avg,weighted avg,samples avg
precision,0.7469879518072289,0.9032258064516129,0.8095238095238095,0.9202127659574468,0.6115702479338843,0.7671232876712328,0.8253968253968254,0.8112927191679049,0.797720099248863,0.8219261543242508,0.7270742358078602
recall,0.8857142857142857,0.9655172413793104,0.2833333333333333,0.8826530612244898,0.8505747126436781,0.6511627906976745,0.5842696629213483,0.7755681818181818,0.7290321554163028,0.7755681818181818,0.7343522561863173
f1-score,0.8104575163398692,0.9333333333333333,0.419753086419753,0.9010416666666667,0.7115384615384616,0.7044025157232704,0.6842105263157895,0.7930283224400871,0.737819586619592,0.78148472160577,0.7268316351285784
support,70.0,116.0,60.0,196.0,87.0,86.0,89.0,704.0,704.0,704.0,704.0
