index,atrial fibrillation,left ventricular high voltage,nonspecific st t abnormality,sinus bradycardia,sinus rhythm,sinus tachycardia,supraventricular tachycardia,t wave abnormal,micro avg,macro avg,weighted avg,samples avg
precision,0.845360824742268,0.5059523809523809,0.6486486486486487,0.96,0.9326424870466321,0.9150326797385621,0.8307692307692308,0.675531914893617,0.8283261802575107,0.7892422708489175,0.8285791277021523,0.8555501302083333
recall,0.9265536723163842,0.6640625,0.24,0.9922480620155039,0.9090909090909091,0.9395973154362416,0.8852459016393442,0.6902173913043478,0.8367052023121387,0.7808769689753414,0.8367052023121387,0.85302734375
f1-score,0.8840970350404312,0.5743243243243243,0.3503649635036496,0.9758576874205844,0.9207161125319693,0.9271523178807947,0.8571428571428572,0.682795698924731,0.8324946081955428,0.7715563745961678,0.8244651146179437,0.8375651041666666
support,177.0,128.0,100.0,387.0,198.0,149.0,61.0,184.0,1384.0,1384.0,1384.0,1384.0
