index,abnormal QRS,atrial fibrillation,incomplete right bundle branch block,left anterior fascicular block,left axis deviation,left ventricular hypertrophy,myocardial infarction,myocardial ischemia,sinus rhythm,t wave abnormal,ventricular ectopics,micro avg,macro avg,weighted avg,samples avg
precision,0.6666666666666666,0.7861271676300579,0.7126436781609196,0.7724550898203593,0.8220720720720721,0.524822695035461,0.8129032258064516,0.6341463414634146,0.9256064690026954,0.5961538461538461,0.618421052631579,0.8042671614100185,0.7156380276766838,0.8028501218720405,0.826512771851755
recall,0.5413105413105413,0.85,0.543859649122807,0.712707182320442,0.6529516994633273,0.6577777777777778,0.6847826086956522,0.7572815533980582,0.9629837352776219,0.384297520661157,0.8034188034188035,0.7723830734966592,0.6864882792223809,0.7723830734966592,0.7925092162380298
f1-score,0.5974842767295597,0.8168168168168167,0.6169154228855721,0.7413793103448275,0.7278165503489532,0.5838264299802761,0.7433628318584071,0.6902654867256638,0.9439252336448597,0.4673366834170854,0.6988847583643123,0.7880027266530334,0.6934558001014849,0.7825280050669118,0.7841156985224782
support,351.0,160.0,114.0,181.0,559.0,225.0,552.0,206.0,1783.0,242.0,117.0,4490.0,4490.0,4490.0,4490.0
