index,1st degree av block,atrial fibrillation,premature atrial contraction,right bundle branch block,sinus rhythm,st depression,ventricular ectopics,micro avg,macro avg,weighted avg,samples avg
precision,0.9,0.9545454545454546,0.5306122448979592,0.9430051813471503,0.6666666666666666,0.7444444444444445,0.8064516129032258,0.8295625942684767,0.7922465149721286,0.8298145436588084,0.7265890344492965
recall,0.7714285714285715,0.9051724137931034,0.43333333333333335,0.9285714285714286,0.7586206896551724,0.7790697674418605,0.5617977528089888,0.78125,0.7339991367189226,0.78125,0.7365356622998545
f1-score,0.8307692307692307,0.9292035398230089,0.47706422018348627,0.9357326478149101,0.7096774193548386,0.7613636363636365,0.662251655629139,0.8046817849305047,0.7580089071340357,0.8013189126678747,0.7284813197476954
support,70.0,116.0,60.0,196.0,87.0,86.0,89.0,704.0,704.0,704.0,704.0
