index,abnormal QRS,atrial fibrillation,incomplete right bundle branch block,left anterior fascicular block,left axis deviation,left ventricular hypertrophy,myocardial infarction,myocardial ischemia,sinus rhythm,t wave abnormal,ventricular ectopics,micro avg,macro avg,weighted avg,samples avg
precision,0.6503496503496503,0.7853107344632768,0.6341463414634146,0.8686131386861314,0.7844660194174757,0.7,0.7616387337057728,0.7720588235294118,0.9225013361838589,0.5971223021582733,0.6181818181818182,0.820873786407767,0.7358535361944621,0.8063630426699956,0.8375858909757214
recall,0.5299145299145299,0.86875,0.45614035087719296,0.6574585635359116,0.7227191413237924,0.40444444444444444,0.7409420289855072,0.5097087378640777,0.9680314077397645,0.34297520661157027,0.5811965811965812,0.7532293986636971,0.6165709993175793,0.7532293986636971,0.779822437449556
f1-score,0.5839874411302983,0.8249258160237389,0.5306122448979592,0.7484276729559748,0.7523277467411547,0.5126760563380282,0.751147842056933,0.6140350877192983,0.9447181171319102,0.4356955380577428,0.5991189427312775,0.7855981416957027,0.6634247732531197,0.7728104067861079,0.7815460306985731
support,351.0,160.0,114.0,181.0,559.0,225.0,552.0,206.0,1783.0,242.0,117.0,4490.0,4490.0,4490.0,4490.0
