index,abnormal QRS,atrial fibrillation,incomplete right bundle branch block,left anterior fascicular block,left axis deviation,left ventricular hypertrophy,myocardial infarction,myocardial ischemia,sinus rhythm,t wave abnormal,ventricular ectopics,micro avg,macro avg,weighted avg,samples avg
precision,0.703862660944206,0.8220858895705522,0.552,0.7602040816326531,0.7243589743589743,0.6262626262626263,0.7849462365591398,0.6825396825396826,0.9271739130434783,0.4517133956386293,0.7816091954022989,0.7892366584102679,0.7106142414502037,0.7912578473097842,0.8060761730253255
recall,0.4672364672364672,0.8375,0.6052631578947368,0.8232044198895028,0.8085867620751341,0.5511111111111111,0.6612318840579711,0.6262135922330098,0.9568143578238923,0.5991735537190083,0.5811965811965812,0.7806236080178174,0.6834119897488559,0.7806236080178174,0.7975546975546975
f1-score,0.5616438356164384,0.8297213622291022,0.5774058577405858,0.790450928381963,0.7641589180050717,0.5862884160756501,0.7177974434611604,0.6531645569620254,0.9417609715705216,0.5150976909413854,0.6666666666666667,0.784906505430523,0.6912869679682336,0.7818391002009438,0.77619787958771
support,351.0,160.0,114.0,181.0,559.0,225.0,552.0,206.0,1783.0,242.0,117.0,4490.0,4490.0,4490.0,4490.0
