index,1st degree av block,atrial fibrillation,premature atrial contraction,right bundle branch block,sinus rhythm,st depression,ventricular ectopics,micro avg,macro avg,weighted avg,samples avg
precision,0.9047619047619048,0.9652173913043478,0.5957446808510638,0.9526315789473684,0.5959595959595959,0.7857142857142857,0.7714285714285715,0.8323353293413174,0.7959225727095911,0.8321535189296051,0.7365356622998545
recall,0.8142857142857143,0.9568965517241379,0.4666666666666667,0.923469387755102,0.6781609195402298,0.7674418604651163,0.6067415730337079,0.7897727272727273,0.7448089533529536,0.7897727272727273,0.7438136826783115
f1-score,0.857142857142857,0.961038961038961,0.5233644859813084,0.9378238341968912,0.6344086021505375,0.7764705882352941,0.679245283018868,0.8104956268221574,0.7670706588235311,0.8084072575369319,0.7379912663755459
support,70.0,116.0,60.0,196.0,87.0,86.0,89.0,704.0,704.0,704.0,704.0
