index,atrial fibrillation,left ventricular high voltage,nonspecific st t abnormality,sinus bradycardia,sinus rhythm,sinus tachycardia,supraventricular tachycardia,t wave abnormal,micro avg,macro avg,weighted avg,samples avg
precision,0.8168316831683168,0.6041666666666666,0.5192307692307693,0.9741602067183462,0.9319371727748691,0.9072847682119205,0.7692307692307693,0.7158469945355191,0.8462697814619442,0.7798361288171471,0.8303349225200976,0.85009765625
recall,0.9322033898305084,0.453125,0.27,0.9741602067183462,0.898989898989899,0.9194630872483222,0.819672131147541,0.7119565217391305,0.8114161849710982,0.7474462794592185,0.8114161849710982,0.83251953125
f1-score,0.8707124010554088,0.5178571428571429,0.35526315789473684,0.9741602067183462,0.9151670951156812,0.9133333333333332,0.7936507936507937,0.7138964577656676,0.8284765769088898,0.7567550735488888,0.8164649734126793,0.8257998511904762
support,177.0,128.0,100.0,387.0,198.0,149.0,61.0,184.0,1384.0,1384.0,1384.0,1384.0
