index,1st degree av block,atrial fibrillation,premature atrial contraction,right bundle branch block,sinus rhythm,st depression,ventricular ectopics,micro avg,macro avg,weighted avg,samples avg
precision,0.9047619047619048,0.9719626168224299,0.56,0.96045197740113,0.6126126126126126,0.6741573033707865,0.8214285714285714,0.8162327718223583,0.7864821409139192,0.827147091902961,0.7045123726346434
recall,0.8142857142857143,0.896551724137931,0.4666666666666667,0.8673469387755102,0.7816091954022989,0.6976744186046512,0.5168539325842697,0.7571022727272727,0.7201412272081489,0.7571022727272727,0.7147016011644832
f1-score,0.857142857142857,0.9327354260089686,0.509090909090909,0.9115281501340482,0.686868686868687,0.6857142857142857,0.6344827586206896,0.7855563743551952,0.745366153368635,0.7849435386860993,0.705482775351771
support,70.0,116.0,60.0,196.0,87.0,86.0,89.0,704.0,704.0,704.0,704.0
