index,atrial fibrillation,left ventricular high voltage,nonspecific st t abnormality,sinus bradycardia,sinus rhythm,sinus tachycardia,supraventricular tachycardia,t wave abnormal,micro avg,macro avg,weighted avg,samples avg
precision,0.9181286549707602,0.5288461538461539,0.4731182795698925,0.9673366834170855,0.9781420765027322,0.9432624113475178,0.7704918032786885,0.6368159203980099,0.834319526627219,0.777017747916355,0.8311160143447172,0.837158203125
recall,0.8870056497175142,0.4296875,0.44,0.9948320413436692,0.9040404040404041,0.8926174496644296,0.7704918032786885,0.6956521739130435,0.815028901734104,0.7517908777447186,0.815028901734104,0.8311360677083333
f1-score,0.9022988505747127,0.47413793103448276,0.455958549222798,0.9808917197452229,0.9396325459317586,0.9172413793103449,0.7704918032786885,0.6649350649350649,0.8245614035087718,0.7631984805041342,0.8220099449043357,0.8180943080357143
support,177.0,128.0,100.0,387.0,198.0,149.0,61.0,184.0,1384.0,1384.0,1384.0,1384.0
