index,1st degree av block,atrial fibrillation,premature atrial contraction,right bundle branch block,sinus rhythm,st depression,ventricular ectopics,micro avg,macro avg,weighted avg,samples avg
precision,0.9047619047619048,0.9322033898305084,0.5945945945945946,0.9731182795698925,0.6371681415929203,0.7951807228915663,0.8059701492537313,0.8425787106446777,0.8061424546421598,0.8429350835168861,0.7467248908296943
recall,0.8142857142857143,0.9482758620689655,0.36666666666666664,0.923469387755102,0.8275862068965517,0.7674418604651163,0.6067415730337079,0.7982954545454546,0.750638181595975,0.7982954545454546,0.7532751091703057
f1-score,0.857142857142857,0.94017094017094,0.4536082474226804,0.9476439790575916,0.72,0.7810650887573964,0.6923076923076924,0.8198395331874544,0.7702769721227368,0.814547622228691,0.7476952935468218
support,70.0,116.0,60.0,196.0,87.0,86.0,89.0,704.0,704.0,704.0,704.0
