index,abnormal QRS,atrial fibrillation,incomplete right bundle branch block,left anterior fascicular block,left axis deviation,left ventricular hypertrophy,myocardial infarction,myocardial ischemia,sinus rhythm,t wave abnormal,ventricular ectopics,micro avg,macro avg,weighted avg,samples avg
precision,0.7268722466960352,0.8092485549132948,0.6293103448275862,0.8608695652173913,0.7532228360957642,0.601063829787234,0.8126410835214447,0.6372549019607843,0.9252536038441004,0.5671641791044776,0.7127659574468085,0.8146995451280824,0.7305151912195383,0.8059439948768682,0.832310276378073
recall,0.4700854700854701,0.875,0.6403508771929824,0.5469613259668509,0.7316636851520573,0.5022222222222222,0.6521739130434783,0.6310679611650486,0.9719573752103197,0.47107438016528924,0.5726495726495726,0.7579064587973274,0.6422915257139356,0.7579064587973274,0.7870307353358201
f1-score,0.5709342560553633,0.8408408408408409,0.6347826086956521,0.6689189189189191,0.7422867513611615,0.5472154963680388,0.7236180904522612,0.6341463414634146,0.9480306345733042,0.5146726862302484,0.6350710900473934,0.7852774893273337,0.678228883182418,0.7763246864449604,0.7845052794205336
support,351.0,160.0,114.0,181.0,559.0,225.0,552.0,206.0,1783.0,242.0,117.0,4490.0,4490.0,4490.0,4490.0
