index,atrial fibrillation,left ventricular high voltage,nonspecific st t abnormality,sinus bradycardia,sinus rhythm,sinus tachycardia,supraventricular tachycardia,t wave abnormal,micro avg,macro avg,weighted avg,samples avg
precision,0.9111111111111111,0.5862068965517241,0.65,0.9646464646464646,0.9880239520958084,0.9133333333333333,0.8421052631578947,0.73125,0.8843648208469055,0.823334627612042,0.8614545964434519,0.8564453125
recall,0.9265536723163842,0.265625,0.39,0.9870801033591732,0.8333333333333334,0.9194630872483222,0.7868852459016393,0.6358695652173914,0.7846820809248555,0.7181012509220304,0.7846820809248555,0.8069661458333333
f1-score,0.9187675070028011,0.3655913978494624,0.4875,0.9757343550446999,0.9041095890410958,0.9163879598662208,0.8135593220338982,0.6802325581395349,0.8315467075038284,0.7577353361222141,0.8136720787994739,0.8182896205357142
support,177.0,128.0,100.0,387.0,198.0,149.0,61.0,184.0,1384.0,1384.0,1384.0,1384.0
