index,1st degree av block,atrial fibrillation,premature atrial contraction,right bundle branch block,sinus rhythm,st depression,ventricular ectopics,micro avg,macro avg,weighted avg,samples avg
precision,0.9464285714285714,0.9243697478991597,0.6666666666666666,0.9421052631578948,0.6547619047619048,0.6403508771929824,0.7575757575757576,0.8194233687405159,0.7903226840975626,0.8204378208982592,0.7147016011644832
recall,0.7571428571428571,0.9482758620689655,0.3333333333333333,0.9132653061224489,0.632183908045977,0.8488372093023255,0.5617977528089888,0.7670454545454546,0.7135480326892709,0.7670454545454546,0.7248908296943232
f1-score,0.8412698412698413,0.9361702127659575,0.4444444444444444,0.9274611398963731,0.6432748538011697,0.73,0.6451612903225806,0.7923697725605283,0.7382545403571953,0.784230043715209,0.7156720038816109
support,70.0,116.0,60.0,196.0,87.0,86.0,89.0,704.0,704.0,704.0,704.0
