index,abnormal QRS,atrial fibrillation,incomplete right bundle branch block,left anterior fascicular block,left axis deviation,left ventricular hypertrophy,myocardial infarction,myocardial ischemia,sinus rhythm,t wave abnormal,ventricular ectopics,micro avg,macro avg,weighted avg,samples avg
precision,0.7142857142857143,0.7932960893854749,0.7272727272727273,0.8676470588235294,0.7513611615245009,0.528169014084507,0.7929606625258799,0.6347826086956522,0.9263044647660033,0.6515151515151515,0.8297872340425532,0.8127973358705994,0.7470347169928814,0.8087474215737952,0.8328130794232489
recall,0.5270655270655271,0.8875,0.2807017543859649,0.6519337016574586,0.740608228980322,0.6666666666666666,0.6938405797101449,0.7087378640776699,0.96578799775659,0.35537190082644626,0.3333333333333333,0.7610244988864142,0.6192315958600112,0.7610244988864142,0.7852485657570403
f1-score,0.6065573770491803,0.8377581120943952,0.4050632911392405,0.7444794952681388,0.745945945945946,0.5893909626719057,0.740096618357488,0.6697247706422018,0.9456342668863261,0.4598930481283422,0.47560975609756095,0.7860593512767425,0.6563776040255205,0.7743809987866714,0.7824315807366654
support,351.0,160.0,114.0,181.0,559.0,225.0,552.0,206.0,1783.0,242.0,117.0,4490.0,4490.0,4490.0,4490.0
