index,atrial fibrillation,left ventricular high voltage,nonspecific st t abnormality,sinus bradycardia,sinus rhythm,sinus tachycardia,supraventricular tachycardia,t wave abnormal,micro avg,macro avg,weighted avg,samples avg
precision,0.9090909090909091,0.5833333333333334,0.5568181818181818,0.9896103896103896,0.9489795918367347,0.9324324324324325,0.8333333333333334,0.6458333333333334,0.8607888631090487,0.799928938098581,0.8459059644650067,0.8570149739583333
recall,0.903954802259887,0.2734375,0.49,0.9844961240310077,0.9393939393939394,0.9261744966442953,0.6557377049180327,0.6739130434782609,0.8041907514450867,0.7308884513406779,0.8041907514450867,0.8250325520833333
f1-score,0.9065155807365439,0.3723404255319149,0.5212765957446808,0.9870466321243523,0.9441624365482234,0.9292929292929293,0.7339449541284403,0.6595744680851064,0.8315278296600672,0.756769252774024,0.8191970315720629,0.8243117559523809
support,177.0,128.0,100.0,387.0,198.0,149.0,61.0,184.0,1384.0,1384.0,1384.0,1384.0
