index,1st degree av block,atrial fibrillation,premature atrial contraction,right bundle branch block,sinus rhythm,st depression,ventricular ectopics,micro avg,macro avg,weighted avg,samples avg
precision,0.8484848484848485,0.9181818181818182,0.5277777777777778,0.9550561797752809,0.6309523809523809,0.6881720430107527,0.7733333333333333,0.8115264797507789,0.7631369116451703,0.8063395280029837,0.6880155264434741
recall,0.8,0.8706896551724138,0.31666666666666665,0.8673469387755102,0.6091954022988506,0.7441860465116279,0.651685393258427,0.7400568181818182,0.6942528718119281,0.7400568181818182,0.6950509461426492
f1-score,0.823529411764706,0.8938053097345132,0.3958333333333333,0.9090909090909092,0.6198830409356725,0.7150837988826816,0.7073170731707319,0.774145616641902,0.723506125273221,0.7693729314091766,0.6886948083454634
support,70.0,116.0,60.0,196.0,87.0,86.0,89.0,704.0,704.0,704.0,704.0
