index,1st degree av block,atrial fibrillation,premature atrial contraction,right bundle branch block,sinus rhythm,st depression,ventricular ectopics,micro avg,macro avg,weighted avg,samples avg
precision,0.9047619047619048,0.944954128440367,0.5818181818181818,0.9430051813471503,0.6283185840707964,0.8615384615384616,0.7704918032786885,0.8315629742033384,0.8049840350365072,0.8380907864826969,0.7270742358078602
recall,0.8142857142857143,0.8879310344827587,0.5333333333333333,0.9285714285714286,0.8160919540229885,0.6511627906976745,0.5280898876404494,0.7784090909090909,0.7370665918620497,0.7784090909090909,0.7365356622998545
f1-score,0.857142857142857,0.9155555555555556,0.5565217391304348,0.9357326478149101,0.71,0.7417218543046358,0.6266666666666666,0.8041085840058695,0.7633344743735799,0.8016061939879614,0.727802037845706
support,70.0,116.0,60.0,196.0,87.0,86.0,89.0,704.0,704.0,704.0,704.0
