index,atrial fibrillation,left ventricular high voltage,nonspecific st t abnormality,sinus bradycardia,sinus rhythm,sinus tachycardia,supraventricular tachycardia,t wave abnormal,micro avg,macro avg,weighted avg,samples avg
precision,0.9152542372881356,0.48,0.5164835164835165,0.9921875,0.9264705882352942,0.9424460431654677,0.8103448275862069,0.609375,0.8342007434944237,0.7740702140948276,0.8269411745183188,0.8421223958333334
recall,0.9152542372881356,0.375,0.47,0.9844961240310077,0.9545454545454546,0.8791946308724832,0.7704918032786885,0.6358695652173914,0.8106936416184971,0.7481064769041451,0.8106936416184971,0.8295084635416667
f1-score,0.9152542372881356,0.42105263157894735,0.49214659685863876,0.9883268482490272,0.9402985074626866,0.9097222222222223,0.7899159663865546,0.6223404255319149,0.8222792231586661,0.7598821794472659,0.8179299961246517,0.8198102678571428
support,177.0,128.0,100.0,387.0,198.0,149.0,61.0,184.0,1384.0,1384.0,1384.0,1384.0
