index,1st degree av block,atrial fibrillation,premature atrial contraction,right bundle branch block,sinus rhythm,st depression,ventricular ectopics,micro avg,macro avg,weighted avg,samples avg
precision,0.9285714285714286,0.8507462686567164,0.6666666666666666,0.9414893617021277,0.6702127659574468,0.717391304347826,0.8461538461538461,0.8274809160305343,0.803033091722294,0.8288783198546866,0.7147016011644832
recall,0.7428571428571429,0.9827586206896551,0.43333333333333335,0.9030612244897959,0.7241379310344828,0.7674418604651163,0.4943820224719101,0.7698863636363636,0.7211388764773481,0.7698863636363636,0.7241630276564774
f1-score,0.8253968253968255,0.9119999999999999,0.5252525252525252,0.921875,0.6961325966850829,0.7415730337078652,0.624113475177305,0.797645327446652,0.7494776366028005,0.7892860019803808,0.7166424065987385
support,70.0,116.0,60.0,196.0,87.0,86.0,89.0,704.0,704.0,704.0,704.0
