index,atrial fibrillation,left ventricular high voltage,nonspecific st t abnormality,sinus bradycardia,sinus rhythm,sinus tachycardia,supraventricular tachycardia,t wave abnormal,micro avg,macro avg,weighted avg,samples avg
precision,0.8950276243093923,0.5975609756097561,0.5353535353535354,0.9896640826873385,0.9587628865979382,0.9310344827586207,0.8305084745762712,0.703125,0.8682352941176471,0.8051296327366065,0.8526287964904217,0.8707682291666667
recall,0.9152542372881356,0.3828125,0.53,0.9896640826873385,0.9393939393939394,0.9060402684563759,0.8032786885245902,0.4891304347826087,0.7998554913294798,0.7444467688916235,0.7998554913294798,0.8264973958333333
f1-score,0.9050279329608939,0.4666666666666666,0.5326633165829145,0.9896640826873385,0.9489795918367346,0.9183673469387755,0.8166666666666667,0.576923076923077,0.8326438510718316,0.7693698351578835,0.8214557917801782,0.8328311011904761
support,177.0,128.0,100.0,387.0,198.0,149.0,61.0,184.0,1384.0,1384.0,1384.0,1384.0
