index,1st degree av block,atrial fibrillation,premature atrial contraction,right bundle branch block,sinus rhythm,st depression,ventricular ectopics,micro avg,macro avg,weighted avg,samples avg
precision,0.9152542372881356,0.940677966101695,0.6739130434782609,0.953125,0.7464788732394366,0.7087378640776699,0.8666666666666667,0.8582434514637904,0.8292648072645521,0.8571905893501501,0.7430858806404658
recall,0.7714285714285715,0.9568965517241379,0.5166666666666667,0.9336734693877551,0.6091954022988506,0.8488372093023255,0.5842696629213483,0.7911931818181818,0.7458525048185222,0.7911931818181818,0.7459970887918487
f1-score,0.8372093023255813,0.9487179487179486,0.5849056603773585,0.9432989690721649,0.6708860759493671,0.7724867724867726,0.6979865771812079,0.8233555062823356,0.7793559008729145,0.8175548681611413,0.7428432799611839
support,70.0,116.0,60.0,196.0,87.0,86.0,89.0,704.0,704.0,704.0,704.0
