index,abnormal QRS,atrial fibrillation,incomplete right bundle branch block,left anterior fascicular block,left axis deviation,left ventricular hypertrophy,myocardial infarction,myocardial ischemia,sinus rhythm,t wave abnormal,ventricular ectopics,micro avg,macro avg,weighted avg,samples avg
precision,0.756578947368421,0.736318407960199,0.5669291338582677,0.6991150442477876,0.75809199318569,0.5062111801242236,0.8012820512820513,0.5915492957746479,0.9157949790794979,0.6363636363636364,0.7936507936507936,0.7906766236705137,0.7056259511722923,0.7920038480134851,0.8236808236808236
recall,0.32763532763532766,0.925,0.631578947368421,0.8729281767955801,0.7960644007155635,0.7244444444444444,0.6793478260869565,0.8155339805825242,0.9820527201346047,0.2024793388429752,0.42735042735042733,0.778173719376392,0.6713105081778932,0.778173719376392,0.799208167004777
f1-score,0.4572564612326044,0.8199445983379502,0.5975103734439833,0.7764127764127764,0.7766143106457242,0.5959780621572213,0.7352941176470589,0.6857142857142857,0.9477672530446549,0.3072100313479623,0.5555555555555556,0.7843753507688853,0.6595688932308887,0.7672407233696042,0.7859893580232564
support,351.0,160.0,114.0,181.0,559.0,225.0,552.0,206.0,1783.0,242.0,117.0,4490.0,4490.0,4490.0,4490.0
