index,atrial fibrillation,left ventricular high voltage,nonspecific st t abnormality,sinus bradycardia,sinus rhythm,sinus tachycardia,supraventricular tachycardia,t wave abnormal,micro avg,macro avg,weighted avg,samples avg
precision,0.8473684210526315,0.5930232558139535,0.6666666666666666,0.9390243902439024,0.9655172413793104,0.9215686274509803,0.8431372549019608,0.6731707317073171,0.8504958047292144,0.8061845736520903,0.8379633088352776,0.8543294270833333
recall,0.9096045197740112,0.3984375,0.28,0.9948320413436692,0.8484848484848485,0.9463087248322147,0.7049180327868853,0.75,0.805635838150289,0.7290732084027036,0.805635838150289,0.8224283854166667
f1-score,0.8773841961852861,0.4766355140186916,0.3943661971830986,0.9661229611041405,0.9032258064516129,0.9337748344370861,0.7678571428571429,0.7095115681233932,0.8274582560296847,0.7536097775450565,0.8128563066779882,0.8238374255952381
support,177.0,128.0,100.0,387.0,198.0,149.0,61.0,184.0,1384.0,1384.0,1384.0,1384.0
