index,1st degree av block,atrial fibrillation,premature atrial contraction,right bundle branch block,sinus rhythm,st depression,ventricular ectopics,micro avg,macro avg,weighted avg,samples avg
precision,0.8787878787878788,0.9105691056910569,0.66,0.9593908629441624,0.6947368421052632,0.7303370786516854,0.8166666666666667,0.8411764705882353,0.8072126335495305,0.8390855174331051,0.7532751091703057
recall,0.8285714285714286,0.9655172413793104,0.55,0.9642857142857143,0.7586206896551724,0.7558139534883721,0.550561797752809,0.8125,0.767624403590401,0.8125,0.7671033478893741
f1-score,0.8529411764705883,0.9372384937238494,0.6000000000000001,0.9618320610687023,0.7252747252747253,0.7428571428571429,0.6577181208053691,0.8265895953757225,0.7825516743143396,0.8216848859810605,0.7569141193595342
support,70.0,116.0,60.0,196.0,87.0,86.0,89.0,704.0,704.0,704.0,704.0
