index,atrial fibrillation,left ventricular high voltage,nonspecific st t abnormality,sinus bradycardia,sinus rhythm,sinus tachycardia,supraventricular tachycardia,t wave abnormal,micro avg,macro avg,weighted avg,samples avg
precision,0.9216867469879518,0.5888888888888889,0.5285714285714286,0.9822335025380711,0.9695431472081218,0.9375,0.8367346938775511,0.7430555555555556,0.8803827751196173,0.813526745453446,0.8604898280563458,0.8614908854166666
recall,0.864406779661017,0.4140625,0.37,1.0,0.9646464646464646,0.9060402684563759,0.6721311475409836,0.5815217391304348,0.7976878612716763,0.7216011124294095,0.7976878612716763,0.82080078125
f1-score,0.892128279883382,0.4862385321100917,0.4352941176470588,0.9910371318822023,0.9670886075949368,0.9215017064846417,0.7454545454545455,0.6524390243902439,0.8369977255496588,0.7613977431808878,0.8247939492652526,0.8239536830357144
support,177.0,128.0,100.0,387.0,198.0,149.0,61.0,184.0,1384.0,1384.0,1384.0,1384.0
