index,abnormal QRS,atrial fibrillation,incomplete right bundle branch block,left anterior fascicular block,left axis deviation,left ventricular hypertrophy,myocardial infarction,myocardial ischemia,sinus rhythm,t wave abnormal,ventricular ectopics,micro avg,macro avg,weighted avg,samples avg
precision,0.5547619047619048,0.8741258741258742,0.5873015873015873,0.7878787878787878,0.6891495601173021,0.7164179104477612,0.7481203007518797,0.6825396825396826,0.9368070953436807,0.5299145299145299,0.9148936170212766,0.7846291331546024,0.7292646227458424,0.790588673717846,0.80274087646969
recall,0.6638176638176638,0.78125,0.6491228070175439,0.7182320441988951,0.8407871198568873,0.4266666666666667,0.7210144927536232,0.6262135922330098,0.9478407178911946,0.512396694214876,0.36752136752136755,0.7821826280623608,0.6595330151065206,0.7821826280623608,0.7996542547390004
f1-score,0.6044098573281452,0.8250825082508251,0.6166666666666668,0.7514450867052024,0.757453666398066,0.5348189415041783,0.7343173431734318,0.6531645569620254,0.9422916085865627,0.5210084033613446,0.524390243902439,0.7834039705554318,0.6786408075308079,0.7798802195360123,0.7743661947051779
support,351.0,160.0,114.0,181.0,559.0,225.0,552.0,206.0,1783.0,242.0,117.0,4490.0,4490.0,4490.0,4490.0
