index,1st degree av block,atrial fibrillation,premature atrial contraction,right bundle branch block,sinus rhythm,st depression,ventricular ectopics,micro avg,macro avg,weighted avg,samples avg
precision,0.8450704225352113,0.9344262295081968,0.5238095238095238,0.9402173913043478,0.6847826086956522,0.7333333333333333,0.7936507936507936,0.8160583941605839,0.7793271861195797,0.8189449241232221,0.7321688500727802
recall,0.8571428571428571,0.9827586206896551,0.55,0.8826530612244898,0.7241379310344828,0.7674418604651163,0.5617977528089888,0.7940340909090909,0.7608474404807986,0.7940340909090909,0.7489082969432315
f1-score,0.851063829787234,0.9579831932773109,0.5365853658536585,0.9105263157894737,0.7039106145251397,0.7499999999999999,0.6578947368421053,0.8048956083513319,0.7668520080107032,0.8034824622071951,0.7367782629791363
support,70.0,116.0,60.0,196.0,87.0,86.0,89.0,704.0,704.0,704.0,704.0
