index,1st degree av block,atrial fibrillation,premature atrial contraction,right bundle branch block,sinus rhythm,st depression,ventricular ectopics,micro avg,macro avg,weighted avg,samples avg
precision,0.8870967741935484,0.912,0.5476190476190477,0.978494623655914,0.6190476190476191,0.7582417582417582,0.8153846153846154,0.8298816568047337,0.788269205448929,0.8297812899466126,0.7430858806404658
recall,0.7857142857142857,0.9827586206896551,0.38333333333333336,0.9285714285714286,0.7471264367816092,0.8023255813953488,0.5955056179775281,0.796875,0.7464764720661698,0.796875,0.7518195050946143
f1-score,0.8333333333333333,0.946058091286307,0.4509803921568628,0.9528795811518325,0.6770833333333333,0.7796610169491525,0.6883116883116883,0.8130434782608695,0.7611867766460728,0.8084035952771068,0.7447840853954392
support,70.0,116.0,60.0,196.0,87.0,86.0,89.0,704.0,704.0,704.0,704.0
