index,atrial fibrillation,left ventricular high voltage,nonspecific st t abnormality,sinus bradycardia,sinus rhythm,sinus tachycardia,supraventricular tachycardia,t wave abnormal,micro avg,macro avg,weighted avg,samples avg
precision,0.8870967741935484,0.5375,0.49411764705882355,0.9696202531645569,0.9887640449438202,0.950354609929078,0.8032786885245902,0.6864864864864865,0.8535469107551488,0.789652313037613,0.8404353778935307,0.8544108072916667
recall,0.9322033898305084,0.3359375,0.42,0.9896640826873385,0.8888888888888888,0.8993288590604027,0.8032786885245902,0.6902173913043478,0.8085260115606936,0.7449398500370096,0.8085260115606936,0.8287760416666667
f1-score,0.9090909090909092,0.4134615384615385,0.4540540540540541,0.979539641943734,0.9361702127659574,0.9241379310344828,0.8032786885245902,0.6883468834688347,0.8304267161410018,0.7635099824180126,0.8215559935548132,0.8254789806547618
support,177.0,128.0,100.0,387.0,198.0,149.0,61.0,184.0,1384.0,1384.0,1384.0,1384.0
