index,atrial fibrillation,left ventricular high voltage,nonspecific st t abnormality,sinus bradycardia,sinus rhythm,sinus tachycardia,supraventricular tachycardia,t wave abnormal,micro avg,macro avg,weighted avg,samples avg
precision,0.8776595744680851,0.5319148936170213,0.49230769230769234,0.9649122807017544,0.9875776397515528,0.9038461538461539,0.8363636363636363,0.810126582278481,0.839572192513369,0.8005885566667972,0.8499838117611883,0.83203125
recall,0.9322033898305084,0.5859375,0.64,0.9948320413436692,0.803030303030303,0.9463087248322147,0.7540983606557377,0.34782608695652173,0.7940751445086706,0.7505295508311194,0.7940751445086706,0.8080240885416667
f1-score,0.9041095890410958,0.5576208178438662,0.5565217391304347,0.9796437659033079,0.8857938718662952,0.9245901639344263,0.793103448275862,0.4866920152091254,0.8161901225399184,0.7610094264005517,0.8072680169515715,0.8034784226190476
support,177.0,128.0,100.0,387.0,198.0,149.0,61.0,184.0,1384.0,1384.0,1384.0,1384.0
