index,abnormal QRS,atrial fibrillation,incomplete right bundle branch block,left anterior fascicular block,left axis deviation,left ventricular hypertrophy,myocardial infarction,myocardial ischemia,sinus rhythm,t wave abnormal,ventricular ectopics,micro avg,macro avg,weighted avg,samples avg
precision,0.7003610108303249,0.8092105263157895,0.5424836601307189,0.7676767676767676,0.7075163398692811,0.556910569105691,0.7321100917431193,0.6171171171171171,0.9377431906614786,0.5793103448275863,0.8113207547169812,0.7887323943661971,0.7056145793631686,0.7873639600712657,0.8063063063063063
recall,0.5527065527065527,0.76875,0.7280701754385965,0.8397790055248618,0.774597495527728,0.6088888888888889,0.7228260869565217,0.6650485436893204,0.9461581604038138,0.34710743801652894,0.36752136752136755,0.7732739420935412,0.6655867013340164,0.7732739420935412,0.7886994742926946
f1-score,0.6178343949044586,0.7884615384615384,0.6217228464419475,0.8021108179419524,0.739538855678907,0.5817409766454352,0.7274384685505927,0.6401869158878506,0.9419318816303741,0.434108527131783,0.5058823529411766,0.7809266756635177,0.672814325110547,0.7751665266139662,0.7716783267630726
support,351.0,160.0,114.0,181.0,559.0,225.0,552.0,206.0,1783.0,242.0,117.0,4490.0,4490.0,4490.0,4490.0
