index,abnormal QRS,atrial fibrillation,incomplete right bundle branch block,left anterior fascicular block,left axis deviation,left ventricular hypertrophy,myocardial infarction,myocardial ischemia,sinus rhythm,t wave abnormal,ventricular ectopics,micro avg,macro avg,weighted avg,samples avg
precision,0.6125356125356125,0.7135922330097088,0.6976744186046512,0.8450704225352113,0.6633941093969145,0.625,0.7444029850746269,0.6260869565217392,0.9376723662437948,0.5284974093264249,0.7761194029850746,0.7793179317931793,0.7063678105667054,0.7803087366721245,0.8036395960124774
recall,0.6125356125356125,0.91875,0.5263157894736842,0.6629834254143646,0.8461538461538461,0.5777777777777777,0.7228260869565217,0.6990291262135923,0.9534492428491307,0.4214876033057851,0.4444444444444444,0.7888641425389755,0.6714320868295235,0.7888641425389755,0.8068505551556399
f1-score,0.6125356125356125,0.8032786885245901,0.6,0.7430340557275541,0.7437106918238994,0.6004618937644342,0.7334558823529412,0.6605504587155964,0.9454949944382647,0.46896551724137925,0.5652173913043478,0.7840619811842834,0.6797004714935109,0.7803186333340454,0.7789984408628476
support,351.0,160.0,114.0,181.0,559.0,225.0,552.0,206.0,1783.0,242.0,117.0,4490.0,4490.0,4490.0,4490.0
