index,1st degree av block,atrial fibrillation,premature atrial contraction,right bundle branch block,sinus rhythm,st depression,ventricular ectopics,micro avg,macro avg,weighted avg,samples avg
precision,0.8787878787878788,0.9186991869918699,0.5576923076923077,0.8995215311004785,0.6545454545454545,0.8243243243243243,0.8431372549019608,0.8233576642335766,0.7966725626206106,0.8248985481350306,0.7438136826783115
recall,0.8285714285714286,0.9741379310344828,0.48333333333333334,0.9591836734693877,0.8275862068965517,0.7093023255813954,0.48314606741573035,0.8011363636363636,0.7521801380431873,0.8011363636363636,0.7569141193595342
f1-score,0.8529411764705883,0.9456066945606694,0.5178571428571428,0.928395061728395,0.730964467005076,0.7625,0.6142857142857143,0.8120950323974082,0.7646500367010837,0.8043657056719361,0.7467248908296943
support,70.0,116.0,60.0,196.0,87.0,86.0,89.0,704.0,704.0,704.0,704.0
