index,abnormal QRS,atrial fibrillation,incomplete right bundle branch block,left anterior fascicular block,left axis deviation,left ventricular hypertrophy,myocardial infarction,myocardial ischemia,sinus rhythm,t wave abnormal,ventricular ectopics,micro avg,macro avg,weighted avg,samples avg
precision,0.7044534412955465,0.7903225806451613,0.5757575757575758,0.751269035532995,0.7444633730834753,0.5566502463054187,0.7084048027444254,0.6564102564102564,0.9306608884073673,0.4853801169590643,0.8356164383561644,0.7930248461363119,0.7035807959543137,0.7834275279277766,0.8152411491394542
recall,0.49572649572649574,0.91875,0.5,0.8176795580110497,0.7817531305903399,0.5022222222222222,0.7481884057971014,0.6213592233009708,0.9635445877734156,0.34297520661157027,0.5213675213675214,0.7748329621380846,0.6557787592182444,0.7748329621380846,0.7909931723491045
f1-score,0.5819397993311037,0.8497109826589595,0.5352112676056339,0.783068783068783,0.762652705061082,0.5280373831775701,0.7277533039647577,0.6384039900249375,0.9468173050427116,0.40193704600484265,0.6421052631578947,0.7838233637490144,0.6725125299180251,0.7754781327226559,0.7775496555157572
support,351.0,160.0,114.0,181.0,559.0,225.0,552.0,206.0,1783.0,242.0,117.0,4490.0,4490.0,4490.0,4490.0
