index,1st degree av block,atrial fibrillation,premature atrial contraction,right bundle branch block,sinus rhythm,st depression,ventricular ectopics,micro avg,macro avg,weighted avg,samples avg
precision,0.9137931034482759,0.9090909090909091,0.6857142857142857,0.9424083769633508,0.6739130434782609,0.7093023255813954,0.7567567567567568,0.8310502283105022,0.7987112572904621,0.8270692441158505,0.727802037845706
recall,0.7571428571428571,0.9482758620689655,0.4,0.9183673469387755,0.7126436781609196,0.7093023255813954,0.6292134831460674,0.7755681818181818,0.7249922218627115,0.7755681818181818,0.7328966521106259
f1-score,0.8281250000000001,0.9282700421940928,0.5052631578947367,0.9302325581395349,0.6927374301675977,0.7093023255813953,0.6871165644171779,0.8023512123438648,0.754435296913505,0.7964644551438319,0.7273168364871422
support,70.0,116.0,60.0,196.0,87.0,86.0,89.0,704.0,704.0,704.0,704.0
