index,1st degree av block,atrial fibrillation,premature atrial contraction,right bundle branch block,sinus rhythm,st depression,ventricular ectopics,micro avg,macro avg,weighted avg,samples avg
precision,0.8840579710144928,0.9180327868852459,0.78125,0.9435897435897436,0.673469387755102,0.8,0.8448275862068966,0.8577981651376146,0.8350324964930687,0.8562158279835234,0.7438136826783115
recall,0.8714285714285714,0.9655172413793104,0.4166666666666667,0.9387755102040817,0.7586206896551724,0.7441860465116279,0.550561797752809,0.796875,0.7493937890854628,0.796875,0.7554585152838428
f1-score,0.8776978417266188,0.9411764705882353,0.5434782608695653,0.9411764705882353,0.7135135135135136,0.7710843373493975,0.6666666666666667,0.8262150220913108,0.7792562230431761,0.8173535020136703,0.7457544881125666
support,70.0,116.0,60.0,196.0,87.0,86.0,89.0,704.0,704.0,704.0,704.0
