index,1st degree av block,atrial fibrillation,premature atrial contraction,right bundle branch block,sinus rhythm,st depression,ventricular ectopics,micro avg,macro avg,weighted avg,samples avg
precision,0.8888888888888888,0.8828125,0.7272727272727273,0.9606741573033708,0.6867469879518072,0.7590361445783133,0.82,0.8517298187808896,0.8179187722850153,0.844546970277825,0.7008733624454149
recall,0.8,0.9741379310344828,0.26666666666666666,0.8724489795918368,0.6551724137931034,0.7325581395348837,0.4606741573033708,0.734375,0.6802368982749064,0.734375,0.6965065502183406
f1-score,0.8421052631578948,0.9262295081967213,0.3902439024390244,0.9144385026737968,0.6705882352941177,0.7455621301775147,0.5899280575539568,0.7887109077040428,0.725585085641861,0.7727239898159582,0.695293546821931
support,70.0,116.0,60.0,196.0,87.0,86.0,89.0,704.0,704.0,704.0,704.0
