index,atrial fibrillation,left ventricular high voltage,nonspecific st t abnormality,sinus bradycardia,sinus rhythm,sinus tachycardia,supraventricular tachycardia,t wave abnormal,micro avg,macro avg,weighted avg,samples avg
precision,0.8638743455497382,0.7258064516129032,0.6984126984126984,0.9625,0.9567567567567568,0.9624060150375939,0.78125,0.6802325581395349,0.8748031496062992,0.8289048531886531,0.8625672901633953,0.861572265625
recall,0.9322033898305084,0.3515625,0.44,0.9948320413436692,0.8939393939393939,0.8590604026845637,0.819672131147541,0.6358695652173914,0.8027456647398844,0.7408924280203835,0.8027456647398844,0.8251139322916667
f1-score,0.8967391304347826,0.4736842105263158,0.5398773006134969,0.9783989834815756,0.9242819843342036,0.9078014184397162,0.8,0.6573033707865168,0.837226827430294,0.772260799827076,0.8236969697785069,0.828657459077381
support,177.0,128.0,100.0,387.0,198.0,149.0,61.0,184.0,1384.0,1384.0,1384.0,1384.0
