index,1st degree av block,atrial fibrillation,premature atrial contraction,right bundle branch block,sinus rhythm,st depression,ventricular ectopics,micro avg,macro avg,weighted avg,samples avg
precision,0.8507462686567164,0.904,0.8,0.956989247311828,0.608,0.8051948051948052,0.7432432432432432,0.8258345428156749,0.8097390806295132,0.835621495986492,0.75254730713246
recall,0.8142857142857143,0.9741379310344828,0.4666666666666667,0.9081632653061225,0.8735632183908046,0.7209302325581395,0.6179775280898876,0.8082386363636364,0.7679606509045455,0.8082386363636364,0.7656477438136827
f1-score,0.832116788321168,0.9377593360995852,0.5894736842105264,0.9319371727748691,0.7169811320754718,0.7607361963190185,0.6748466257668712,0.8169418521177315,0.7776929907953586,0.8138045257866373,0.7554585152838428
support,70.0,116.0,60.0,196.0,87.0,86.0,89.0,704.0,704.0,704.0,704.0
