index,1st degree av block,atrial fibrillation,premature atrial contraction,right bundle branch block,sinus rhythm,st depression,ventricular ectopics,micro avg,macro avg,weighted avg,samples avg
precision,0.9491525423728814,0.9243697478991597,0.5192307692307693,0.9203980099502488,0.6403508771929824,0.8181818181818182,0.7761194029850746,0.8214804063860668,0.7925433096875619,0.8243866681414725,0.7496360989810772
recall,0.8,0.9482758620689655,0.45,0.9438775510204082,0.8390804597701149,0.7325581395348837,0.5842696629213483,0.8039772727272727,0.7568659536165315,0.8039772727272727,0.759825327510917
f1-score,0.8682170542635659,0.9361702127659575,0.48214285714285715,0.9319899244332494,0.72636815920398,0.7730061349693251,0.6666666666666666,0.8126346015793252,0.7692230013493717,0.8096241845003274,0.7515769044153324
support,70.0,116.0,60.0,196.0,87.0,86.0,89.0,704.0,704.0,704.0,704.0
