index,1st degree av block,atrial fibrillation,premature atrial contraction,right bundle branch block,sinus rhythm,st depression,ventricular ectopics,micro avg,macro avg,weighted avg,samples avg
precision,0.94,0.9,0.5945945945945946,0.863013698630137,0.7125,0.7362637362637363,0.676923076923077,0.8066465256797583,0.7747564437730778,0.7962765564943433,0.7083939835031537
recall,0.6714285714285714,0.9310344827586207,0.36666666666666664,0.9642857142857143,0.6551724137931034,0.7790697674418605,0.4943820224719101,0.7585227272727273,0.6945770912637782,0.7585227272727273,0.7197962154294032
f1-score,0.7833333333333332,0.9152542372881356,0.4536082474226804,0.9108433734939759,0.6826347305389221,0.7570621468926554,0.5714285714285713,0.781844802342606,0.7248806629140391,0.7700260368689412,0.7090732654051431
support,70.0,116.0,60.0,196.0,87.0,86.0,89.0,704.0,704.0,704.0,704.0
