index,abnormal QRS,atrial fibrillation,incomplete right bundle branch block,left anterior fascicular block,left axis deviation,left ventricular hypertrophy,myocardial infarction,myocardial ischemia,sinus rhythm,t wave abnormal,ventricular ectopics,micro avg,macro avg,weighted avg,samples avg
precision,0.6738351254480287,0.845679012345679,0.6132075471698113,0.7539267015706806,0.8414322250639387,0.6613756613756614,0.8032454361054767,0.6736842105263158,0.9137029288702929,0.6271186440677966,0.868421052631579,0.827230277709511,0.7523298677432055,0.8155973334713055,0.8456329210566498
recall,0.5356125356125356,0.85625,0.5701754385964912,0.7955801104972375,0.5885509838998211,0.5555555555555556,0.717391304347826,0.6213592233009708,0.9798093101514301,0.30578512396694213,0.28205128205128205,0.7496659242761693,0.6189200789072811,0.7496659242761693,0.7762046550182143
f1-score,0.5968253968253968,0.8509316770186335,0.5909090909090908,0.7741935483870968,0.6926315789473685,0.6038647342995169,0.7578947368421053,0.6464646464646464,0.9456021650879566,0.4111111111111111,0.4258064516129032,0.7865404837013671,0.6632941034096205,0.7712749632666708,0.784375280137992
support,351.0,160.0,114.0,181.0,559.0,225.0,552.0,206.0,1783.0,242.0,117.0,4490.0,4490.0,4490.0,4490.0
