index,abnormal QRS,atrial fibrillation,incomplete right bundle branch block,left anterior fascicular block,left axis deviation,left ventricular hypertrophy,myocardial infarction,myocardial ischemia,sinus rhythm,t wave abnormal,ventricular ectopics,micro avg,macro avg,weighted avg,samples avg
precision,0.6057692307692307,0.7634408602150538,0.6310679611650486,0.7784090909090909,0.7136075949367089,0.7580645161290323,0.6755070202808112,0.84,0.9251480883144857,0.6163522012578616,0.6951219512195121,0.7932296431838975,0.7274989559269851,0.7890926302933727,0.8177660711559017
recall,0.5384615384615384,0.8875,0.5701754385964912,0.7569060773480663,0.8067978533094812,0.4177777777777778,0.7844202898550725,0.4077669902912621,0.9635445877734156,0.4049586776859504,0.48717948717948717,0.7723830734966592,0.6386807925707766,0.7723830734966592,0.7930152913203761
f1-score,0.5701357466063348,0.8208092485549132,0.599078341013825,0.7675070028011204,0.7573467674223342,0.5386819484240688,0.7259010896898576,0.5490196078431373,0.9439560439560439,0.4887780548628428,0.5728643216080401,0.7826675693974272,0.6667343793438653,0.77180391728235,0.7795853583989178
support,351.0,160.0,114.0,181.0,559.0,225.0,552.0,206.0,1783.0,242.0,117.0,4490.0,4490.0,4490.0,4490.0
