index,atrial fibrillation,left ventricular high voltage,nonspecific st t abnormality,sinus bradycardia,sinus rhythm,sinus tachycardia,supraventricular tachycardia,t wave abnormal,micro avg,macro avg,weighted avg,samples avg
precision,0.9314285714285714,0.7037037037037037,0.5,0.9746835443037974,0.9833333333333333,0.92,0.75,0.7278911564625851,0.8780290791599353,0.8113800386539989,0.8624287829852719,0.8675130208333334
recall,0.9209039548022598,0.1484375,0.5,0.9948320413436692,0.8939393939393939,0.9261744966442953,0.7868852459016393,0.5815217391304348,0.7854046242774566,0.7190867964702116,0.7854046242774566,0.8129069010416667
f1-score,0.9261363636363636,0.24516129032258063,0.5,0.9846547314578006,0.9365079365079364,0.9230769230769231,0.768,0.6465256797583082,0.8291380625476736,0.7412578655949891,0.8057398270532204,0.8252650669642857
support,177.0,128.0,100.0,387.0,198.0,149.0,61.0,184.0,1384.0,1384.0,1384.0,1384.0
