index,atrial fibrillation,left ventricular high voltage,nonspecific st t abnormality,sinus bradycardia,sinus rhythm,sinus tachycardia,supraventricular tachycardia,t wave abnormal,micro avg,macro avg,weighted avg,samples avg
precision,0.9230769230769231,0.5258620689655172,0.5476190476190477,0.9769820971867008,0.9625668449197861,0.9266666666666666,0.7611940298507462,0.5785123966942148,0.8214793741109531,0.7753100093724503,0.8273768945270532,0.8351888020833333
recall,0.8813559322033898,0.4765625,0.46,0.9870801033591732,0.9090909090909091,0.9328859060402684,0.8360655737704918,0.7608695652173914,0.8345375722543352,0.7804888112102029,0.8345375722543352,0.84521484375
f1-score,0.9017341040462428,0.4999999999999999,0.5000000000000001,0.982005141388175,0.935064935064935,0.9297658862876254,0.796875,0.6572769953051643,0.8279569892473118,0.7753402577615178,0.8286627474488961,0.8233212425595238
support,177.0,128.0,100.0,387.0,198.0,149.0,61.0,184.0,1384.0,1384.0,1384.0,1384.0
