index,1st degree av block,atrial fibrillation,premature atrial contraction,right bundle branch block,sinus rhythm,st depression,ventricular ectopics,micro avg,macro avg,weighted avg,samples avg
precision,0.9285714285714286,0.9186991869918699,0.6666666666666666,0.9361702127659575,0.6666666666666666,0.7368421052631579,0.7916666666666666,0.8395061728395061,0.806468990513202,0.833643780936292,0.7270742358078602
recall,0.7428571428571429,0.9741379310344828,0.3,0.8979591836734694,0.6666666666666666,0.813953488372093,0.6404494382022472,0.7727272727272727,0.7194319786865859,0.7727272727272727,0.7285298398835517
f1-score,0.8253968253968255,0.9456066945606694,0.41379310344827586,0.9166666666666666,0.6666666666666666,0.7734806629834253,0.7080745341614907,0.8047337278106509,0.7499550219834313,0.7947448547973379,0.7258612324114507
support,70.0,116.0,60.0,196.0,87.0,86.0,89.0,704.0,704.0,704.0,704.0
