index,atrial fibrillation,left ventricular high voltage,nonspecific st t abnormality,sinus bradycardia,sinus rhythm,sinus tachycardia,supraventricular tachycardia,t wave abnormal,micro avg,macro avg,weighted avg,samples avg
precision,0.8704663212435233,0.5698924731182796,0.5609756097560976,1.0,0.9639175257731959,0.9246575342465754,0.8275862068965517,0.6103286384976526,0.8442321822189567,0.7909780386914844,0.8392552075180226,0.862060546875
recall,0.9491525423728814,0.4140625,0.46,0.9870801033591732,0.9444444444444444,0.9060402684563759,0.7868852459016393,0.7065217391304348,0.8302023121387283,0.7692733554581187,0.8302023121387283,0.8496907552083333
f1-score,0.908108108108108,0.4796380090497738,0.5054945054945056,0.9934980494148244,0.9540816326530612,0.9152542372881356,0.8067226890756303,0.654911838790932,0.8371584699453553,0.7772136337343714,0.8324833113864718,0.8401971726190476
support,177.0,128.0,100.0,387.0,198.0,149.0,61.0,184.0,1384.0,1384.0,1384.0,1384.0
