index,atrial fibrillation,left ventricular high voltage,nonspecific st t abnormality,sinus bradycardia,sinus rhythm,sinus tachycardia,supraventricular tachycardia,t wave abnormal,micro avg,macro avg,weighted avg,samples avg
precision,0.9363057324840764,0.671875,0.7142857142857143,0.9532019704433498,0.9887640449438202,0.8742138364779874,0.8225806451612904,0.7044025157232704,0.8833063209076175,0.8332036824399387,0.8655090125880394,0.864013671875
recall,0.8305084745762712,0.3359375,0.35,1.0,0.8888888888888888,0.9328859060402684,0.8360655737704918,0.6086956521739131,0.7875722543352601,0.7228727494312291,0.7875722543352601,0.8157552083333333
f1-score,0.8802395209580838,0.4479166666666667,0.4697986577181208,0.9760403530895335,0.9361702127659574,0.9025974025974026,0.829268292682927,0.653061224489796,0.8326967150496563,0.7618865413710609,0.8153472234355702,0.8242094494047618
support,177.0,128.0,100.0,387.0,198.0,149.0,61.0,184.0,1384.0,1384.0,1384.0,1384.0
