index,1st degree av block,atrial fibrillation,premature atrial contraction,right bundle branch block,sinus rhythm,st depression,ventricular ectopics,micro avg,macro avg,weighted avg,samples avg
precision,0.8636363636363636,0.9180327868852459,0.6666666666666666,0.9476439790575916,0.6238532110091743,0.7692307692307693,0.8387096774193549,0.8350983358547656,0.8039676362721666,0.8348846668046715,0.7328966521106259
recall,0.8142857142857143,0.9655172413793104,0.36666666666666664,0.923469387755102,0.7816091954022989,0.6976744186046512,0.5842696629213483,0.7840909090909091,0.7333560410021559,0.7840909090909091,0.7394468704512372
f1-score,0.8382352941176471,0.9411764705882353,0.47311827956989244,0.9354005167958656,0.6938775510204082,0.7317073170731708,0.6887417218543046,0.8087912087912088,0.7574653072885035,0.8013788759868681,0.7336244541484717
support,70.0,116.0,60.0,196.0,87.0,86.0,89.0,704.0,704.0,704.0,704.0
