index,atrial fibrillation,left ventricular high voltage,nonspecific st t abnormality,sinus bradycardia,sinus rhythm,sinus tachycardia,supraventricular tachycardia,t wave abnormal,micro avg,macro avg,weighted avg,samples avg
precision,0.9345238095238095,0.6190476190476191,0.5333333333333333,0.979381443298969,0.967741935483871,0.9256756756756757,0.8333333333333334,0.66875,0.8691883372734437,0.8077233937120764,0.8529080011912279,0.8583170572916666
recall,0.8870056497175142,0.40625,0.4,0.9819121447028424,0.9090909090909091,0.9194630872483222,0.819672131147541,0.5815217391304348,0.7969653179190751,0.7381144576296954,0.7969653179190751,0.8241373697916667
f1-score,0.9101449275362319,0.49056603773584906,0.4571428571428572,0.9806451612903226,0.9374999999999999,0.9225589225589227,0.8264462809917356,0.622093023255814,0.8315114964191481,0.7683871513139666,0.8215872016030256,0.8253348214285714
support,177.0,128.0,100.0,387.0,198.0,149.0,61.0,184.0,1384.0,1384.0,1384.0,1384.0
