index,abnormal QRS,atrial fibrillation,incomplete right bundle branch block,left anterior fascicular block,left axis deviation,left ventricular hypertrophy,myocardial infarction,myocardial ischemia,sinus rhythm,t wave abnormal,ventricular ectopics,micro avg,macro avg,weighted avg,samples avg
precision,0.7,0.8509316770186336,0.6043956043956044,0.6201550387596899,0.7328881469115192,0.6226415094339622,0.7847826086956522,0.6180904522613065,0.9241047568145376,0.49137931034482757,0.8481012658227848,0.7941787941787942,0.7088609427689562,0.7882236300126121,0.811316885893157
recall,0.43874643874643876,0.85625,0.4824561403508772,0.8839779005524862,0.7853309481216458,0.44,0.6539855072463768,0.5970873786407767,0.9697139652271453,0.47107438016528924,0.5726495726495726,0.7657015590200446,0.650115657427328,0.7657015590200446,0.7930425582967955
f1-score,0.5394045534150612,0.853582554517134,0.5365853658536585,0.7289293849658315,0.7582037996545767,0.515625,0.7134387351778657,0.6074074074074073,0.946360153256705,0.48101265822784806,0.6836734693877552,0.7796802358544053,0.6694748256239857,0.7709491818652089,0.7759830158135242
support,351.0,160.0,114.0,181.0,559.0,225.0,552.0,206.0,1783.0,242.0,117.0,4490.0,4490.0,4490.0,4490.0
