index,abnormal QRS,atrial fibrillation,incomplete right bundle branch block,left anterior fascicular block,left axis deviation,left ventricular hypertrophy,myocardial infarction,myocardial ischemia,sinus rhythm,t wave abnormal,ventricular ectopics,micro avg,macro avg,weighted avg,samples avg
precision,0.729957805907173,0.8486842105263158,0.5966386554621849,0.8146067415730337,0.7508833922261484,0.5668202764976958,0.7094474153297683,0.7062146892655368,0.9424379232505643,0.4637096774193548,0.7551020408163265,0.7972254335260116,0.7167729843885546,0.7957172307547701,0.8145540213336824
recall,0.4928774928774929,0.80625,0.6228070175438597,0.8011049723756906,0.7602862254025045,0.5466666666666666,0.7210144927536232,0.6067961165048543,0.9366236679753225,0.47520661157024796,0.6324786324786325,0.7679287305122494,0.6729192632862631,0.7679287305122494,0.7907063237571712
f1-score,0.5884353741496599,0.826923076923077,0.6094420600858369,0.807799442896936,0.7555555555555555,0.5565610859728506,0.7151841868823001,0.6527415143603132,0.939521800281294,0.4693877551020408,0.6883720930232557,0.7823028927963699,0.6918112677484655,0.7796578100634782,0.7768394632801413
support,351.0,160.0,114.0,181.0,559.0,225.0,552.0,206.0,1783.0,242.0,117.0,4490.0,4490.0,4490.0,4490.0
