index,1st degree av block,atrial fibrillation,premature atrial contraction,right bundle branch block,sinus rhythm,st depression,ventricular ectopics,micro avg,macro avg,weighted avg,samples avg
precision,0.875,0.8769230769230769,0.7058823529411765,0.9336734693877551,0.65,0.7333333333333333,0.7611940298507462,0.8208516886930984,0.7908580374908698,0.8177399906575719,0.7314410480349345
recall,0.8,0.9827586206896551,0.4,0.9336734693877551,0.7471264367816092,0.7674418604651163,0.5730337078651685,0.7940340909090909,0.7434334421699006,0.7940340909090909,0.7481804949053857
f1-score,0.8358208955223881,0.9268292682926829,0.5106382978723405,0.9336734693877551,0.6951871657754011,0.7499999999999999,0.6538461538461537,0.8072202166064982,0.757999321528103,0.7994766289710603,0.7360504609412906
support,70.0,116.0,60.0,196.0,87.0,86.0,89.0,704.0,704.0,704.0,704.0
