index,abnormal QRS,atrial fibrillation,incomplete right bundle branch block,left anterior fascicular block,left axis deviation,left ventricular hypertrophy,myocardial infarction,myocardial ischemia,sinus rhythm,t wave abnormal,ventricular ectopics,micro avg,macro avg,weighted avg,samples avg
precision,0.7247706422018348,0.8323353293413174,0.632183908045977,0.7877094972067039,0.7284552845528456,0.6687898089171974,0.7274305555555556,0.6076555023923444,0.9187165775401069,0.76,0.7126436781609196,0.8090154211150652,0.7364264349013457,0.799996973707984,0.8310276378072987
recall,0.45014245014245013,0.86875,0.4824561403508772,0.7790055248618785,0.8014311270125224,0.4666666666666667,0.7590579710144928,0.616504854368932,0.9635445877734156,0.15702479338842976,0.5299145299145299,0.7594654788418709,0.624954422317654,0.7594654788418709,0.7818347403093165
f1-score,0.5553602811950791,0.8501529051987767,0.5472636815920398,0.7833333333333333,0.7632027257240205,0.5497382198952879,0.7429078014184396,0.6120481927710844,0.9405967697782645,0.2602739726027397,0.6078431372549019,0.7834577828834003,0.6557019109785425,0.7645442678751502,0.7812255083441524
support,351.0,160.0,114.0,181.0,559.0,225.0,552.0,206.0,1783.0,242.0,117.0,4490.0,4490.0,4490.0,4490.0
