index,1st degree av block,atrial fibrillation,premature atrial contraction,right bundle branch block,sinus rhythm,st depression,ventricular ectopics,micro avg,macro avg,weighted avg,samples avg
precision,0.859375,0.9572649572649573,0.6896551724137931,0.912621359223301,0.6896551724137931,0.7647058823529411,0.9056603773584906,0.8549141965678627,0.8255625601467537,0.8491769336116309,0.7248908296943232
recall,0.7857142857142857,0.9655172413793104,0.3333333333333333,0.9591836734693877,0.6896551724137931,0.7558139534883721,0.5393258426966292,0.7784090909090909,0.7183633574993016,0.7784090909090909,0.7343522561863173
f1-score,0.8208955223880597,0.9613733905579399,0.449438202247191,0.9353233830845772,0.6896551724137931,0.7602339181286549,0.676056338028169,0.8148698884758364,0.7561394181211979,0.8023022814415698,0.7263464337700145
support,70.0,116.0,60.0,196.0,87.0,86.0,89.0,704.0,704.0,704.0,704.0
