index,1st degree av block,atrial fibrillation,premature atrial contraction,right bundle branch block,sinus rhythm,st depression,ventricular ectopics,micro avg,macro avg,weighted avg,samples avg
precision,0.8676470588235294,0.9401709401709402,0.6111111111111112,0.9572192513368984,0.7011494252873564,0.7804878048780488,0.8620689655172413,0.8514548238897397,0.8171220795893036,0.8507426878646615,0.7409024745269287
recall,0.8428571428571429,0.9482758620689655,0.55,0.9132653061224489,0.7011494252873564,0.7441860465116279,0.5617977528089888,0.7897727272727273,0.7516473622366472,0.7897727272727273,0.7481804949053857
f1-score,0.855072463768116,0.944206008583691,0.5789473684210527,0.9347258485639687,0.7011494252873564,0.761904761904762,0.6802721088435374,0.8194546794399411,0.7794682836246406,0.8159007174632978,0.7413876758854925
support,70.0,116.0,60.0,196.0,87.0,86.0,89.0,704.0,704.0,704.0,704.0
