index,abnormal QRS,atrial fibrillation,incomplete right bundle branch block,left anterior fascicular block,left axis deviation,left ventricular hypertrophy,myocardial infarction,myocardial ischemia,sinus rhythm,t wave abnormal,ventricular ectopics,micro avg,macro avg,weighted avg,samples avg
precision,0.6769759450171822,0.8410596026490066,0.8461538461538461,0.803680981595092,0.7549909255898367,0.627906976744186,0.7052810902896082,0.7676056338028169,0.924283396430503,0.6833333333333333,0.6666666666666666,0.8174019607843137,0.7543580362065524,0.8053988354861426,0.8323179111314704
recall,0.5612535612535613,0.79375,0.2894736842105263,0.7237569060773481,0.7441860465116279,0.48,0.75,0.529126213592233,0.9584969153112731,0.16942148760330578,0.42735042735042733,0.7427616926503341,0.5842559310827548,0.7427616926503341,0.7656763300831098
f1-score,0.6137071651090342,0.8167202572347267,0.4313725490196079,0.7616279069767442,0.7495495495495496,0.5440806045340051,0.726953467954346,0.6264367816091954,0.941079295154185,0.271523178807947,0.5208333333333333,0.7782963827304551,0.636716735389334,0.7593426939719222,0.7724900513036107
support,351.0,160.0,114.0,181.0,559.0,225.0,552.0,206.0,1783.0,242.0,117.0,4490.0,4490.0,4490.0,4490.0
