index,1st degree av block,atrial fibrillation,premature atrial contraction,right bundle branch block,sinus rhythm,st depression,ventricular ectopics,micro avg,macro avg,weighted avg,samples avg
precision,0.9365079365079365,0.9193548387096774,0.78125,0.9528795811518325,0.6744186046511628,0.7528089887640449,0.7333333333333333,0.8484848484848485,0.8215076118739982,0.8444925753645781,0.74235807860262
recall,0.8428571428571429,0.9827586206896551,0.4166666666666667,0.9285714285714286,0.6666666666666666,0.7790697674418605,0.6179775280898876,0.7954545454545454,0.7477954029976155,0.7954545454545454,0.7496360989810772
f1-score,0.887218045112782,0.95,0.5434782608695653,0.9405684754521964,0.6705202312138728,0.7657142857142858,0.6707317073170731,0.8211143695014661,0.775461572239968,0.8141295321547646,0.7438136826783115
support,70.0,116.0,60.0,196.0,87.0,86.0,89.0,704.0,704.0,704.0,704.0
