index,1st degree av block,atrial fibrillation,premature atrial contraction,right bundle branch block,sinus rhythm,st depression,ventricular ectopics,micro avg,macro avg,weighted avg,samples avg
precision,0.8055555555555556,0.9574468085106383,0.5357142857142857,0.9393939393939394,0.6774193548387096,0.7272727272727273,0.75,0.8238095238095238,0.7704003816122651,0.8124257476656457,0.6986899563318777
recall,0.8285714285714286,0.7758620689655172,0.25,0.9489795918367347,0.7241379310344828,0.6511627906976745,0.5730337078651685,0.7372159090909091,0.6788210741387152,0.7372159090909091,0.7001455604075691
f1-score,0.8169014084507044,0.8571428571428572,0.3409090909090909,0.9441624365482234,0.7,0.6871165644171779,0.6496815286624205,0.7781109445277361,0.7137019837329249,0.7669541670865776,0.6950509461426492
support,70.0,116.0,60.0,196.0,87.0,86.0,89.0,704.0,704.0,704.0,704.0
