index,abnormal QRS,atrial fibrillation,incomplete right bundle branch block,left anterior fascicular block,left axis deviation,left ventricular hypertrophy,myocardial infarction,myocardial ischemia,sinus rhythm,t wave abnormal,ventricular ectopics,micro avg,macro avg,weighted avg,samples avg
precision,0.6455223880597015,0.810126582278481,0.676056338028169,0.8559322033898306,0.7690839694656488,0.656441717791411,0.7840172786177105,0.6875,0.9138755980861244,0.5882352941176471,0.7076923076923077,0.8151239872329978,0.7358621525024573,0.8006248905384532,0.8359662325764021
recall,0.4928774928774929,0.8,0.42105263157894735,0.5580110497237569,0.7209302325581395,0.47555555555555556,0.657608695652174,0.6407766990291263,0.9641054402692092,0.4132231404958678,0.39316239316239315,0.7394209354120267,0.594300302809333,0.7394209354120267,0.7707338088694021
f1-score,0.5589660743134087,0.8050314465408804,0.518918918918919,0.6755852842809364,0.7442289935364726,0.5515463917525774,0.7152709359605912,0.6633165829145728,0.9383187772925764,0.48543689320388345,0.5054945054945055,0.7754291720191522,0.6511013458372112,0.7634021158607753,0.7762769118701323
support,351.0,160.0,114.0,181.0,559.0,225.0,552.0,206.0,1783.0,242.0,117.0,4490.0,4490.0,4490.0,4490.0
