index,1st degree av block,atrial fibrillation,premature atrial contraction,right bundle branch block,sinus rhythm,st depression,ventricular ectopics,micro avg,macro avg,weighted avg,samples avg
precision,0.9193548387096774,0.9338842975206612,0.7222222222222222,0.968421052631579,0.6836734693877551,0.8170731707317073,0.8888888888888888,0.8740279937791602,0.847645420013213,0.8731367507130249,0.75254730713246
recall,0.8142857142857143,0.9741379310344828,0.43333333333333335,0.9387755102040817,0.7701149425287356,0.7790697674418605,0.5393258426966292,0.7982954545454546,0.7498632916464053,0.7982954545454546,0.754730713245997
f1-score,0.8636363636363636,0.9535864978902953,0.5416666666666666,0.9533678756476685,0.7243243243243244,0.7976190476190477,0.6713286713286712,0.8344469190794358,0.7865042067304339,0.8264068024097567,0.7520621057738963
support,70.0,116.0,60.0,196.0,87.0,86.0,89.0,704.0,704.0,704.0,704.0
