index,1st degree av block,atrial fibrillation,premature atrial contraction,right bundle branch block,sinus rhythm,st depression,ventricular ectopics,micro avg,macro avg,weighted avg,samples avg
precision,0.8852459016393442,0.8818897637795275,0.5813953488372093,0.9705882352941176,0.6632653061224489,0.7471264367816092,0.7571428571428571,0.8216463414634146,0.7838076927995877,0.8220569747764839,0.7161572052401747
recall,0.7714285714285715,0.9655172413793104,0.4166666666666667,0.8418367346938775,0.7471264367816092,0.7558139534883721,0.5955056179775281,0.765625,0.7276993174879908,0.765625,0.7219796215429404
f1-score,0.8244274809160306,0.9218106995884774,0.4854368932038835,0.901639344262295,0.7027027027027026,0.7514450867052023,0.6666666666666667,0.7926470588235293,0.7505898391493225,0.7891764713198072,0.7161572052401747
support,70.0,116.0,60.0,196.0,87.0,86.0,89.0,704.0,704.0,704.0,704.0
