index,atrial fibrillation,left ventricular high voltage,nonspecific st t abnormality,sinus bradycardia,sinus rhythm,sinus tachycardia,supraventricular tachycardia,t wave abnormal,micro avg,macro avg,weighted avg,samples avg
precision,0.8864864864864865,0.5542168674698795,0.5217391304347826,0.9896373056994818,0.9578947368421052,0.9366197183098591,0.8627450980392157,0.6008771929824561,0.8318840579710145,0.7887770670330334,0.8348408727640898,0.843994140625
recall,0.9265536723163842,0.359375,0.6,0.9870801033591732,0.9191919191919192,0.8926174496644296,0.7213114754098361,0.7445652173913043,0.8294797687861272,0.7688368546666308,0.8294797687861272,0.840087890625
f1-score,0.9060773480662982,0.43601895734597157,0.5581395348837209,0.9883570504527814,0.9381443298969072,0.9140893470790378,0.7857142857142857,0.6650485436893203,0.8306801736613604,0.7739486746410404,0.8285719961440667,0.8264485677083333
support,177.0,128.0,100.0,387.0,198.0,149.0,61.0,184.0,1384.0,1384.0,1384.0,1384.0
