index,1st degree av block,atrial fibrillation,premature atrial contraction,right bundle branch block,sinus rhythm,st depression,ventricular ectopics,micro avg,macro avg,weighted avg,samples avg
precision,0.875,0.9649122807017544,0.7567567567567568,0.9576719576719577,0.6274509803921569,0.8048780487804879,0.8307692307692308,0.8560490045941807,0.8310627507246205,0.8580044640599627,0.7409024745269287
recall,0.8,0.9482758620689655,0.4666666666666667,0.923469387755102,0.735632183908046,0.7674418604651163,0.6067415730337079,0.7940340909090909,0.7497467905568006,0.7940340909090909,0.7489082969432315
f1-score,0.8358208955223881,0.9565217391304347,0.577319587628866,0.9402597402597401,0.6772486772486773,0.7857142857142858,0.7012987012987013,0.8238761974944732,0.7820262324004419,0.8200308475596401,0.74235807860262
support,70.0,116.0,60.0,196.0,87.0,86.0,89.0,704.0,704.0,704.0,704.0
