index,1st degree av block,atrial fibrillation,premature atrial contraction,right bundle branch block,sinus rhythm,st depression,ventricular ectopics,micro avg,macro avg,weighted avg,samples avg
precision,0.8983050847457628,0.9495798319327731,0.5185185185185185,0.9019607843137255,0.6703296703296703,0.8484848484848485,0.6170212765957447,0.8166666666666667,0.7720285735601491,0.805584251673872,0.7147016011644832
recall,0.7571428571428571,0.9741379310344828,0.23333333333333334,0.9387755102040817,0.7011494252873564,0.6511627906976745,0.651685393258427,0.765625,0.7010553201368876,0.765625,0.7205240174672489
f1-score,0.8217054263565892,0.9617021276595743,0.32183908045977017,0.92,0.6853932584269663,0.736842105263158,0.6338797814207652,0.7903225806451613,0.7259088256552604,0.7785796968228464,0.715186802523047
support,70.0,116.0,60.0,196.0,87.0,86.0,89.0,704.0,704.0,704.0,704.0
