index,1st degree av block,atrial fibrillation,premature atrial contraction,right bundle branch block,sinus rhythm,st depression,ventricular ectopics,micro avg,macro avg,weighted avg,samples avg
precision,0.9344262295081968,0.889763779527559,0.5714285714285714,0.9631578947368421,0.6736842105263158,0.7831325301204819,0.7027027027027027,0.8330827067669173,0.7883279883643813,0.824130057658519,0.7336244541484717
recall,0.8142857142857143,0.9741379310344828,0.3333333333333333,0.9336734693877551,0.735632183908046,0.7558139534883721,0.5842696629213483,0.7869318181818182,0.7330208926227216,0.7869318181818182,0.7416302765647744
f1-score,0.8702290076335878,0.9300411522633745,0.4210526315789474,0.9481865284974093,0.7032967032967034,0.7692307692307692,0.6380368098159509,0.8093498904309716,0.7542962289023917,0.8011853083684809,0.735080058224163
support,70.0,116.0,60.0,196.0,87.0,86.0,89.0,704.0,704.0,704.0,704.0
