index,atrial fibrillation,left ventricular high voltage,nonspecific st t abnormality,sinus bradycardia,sinus rhythm,sinus tachycardia,supraventricular tachycardia,t wave abnormal,micro avg,macro avg,weighted avg,samples avg
precision,0.8835978835978836,0.5043478260869565,0.5166666666666667,0.9841688654353562,0.9774011299435028,0.912751677852349,0.8135593220338984,0.5822222222222222,0.8255728011825573,0.7718394492298544,0.8235367023033784,0.829833984375
recall,0.943502824858757,0.453125,0.31,0.9638242894056848,0.8737373737373737,0.912751677852349,0.7868852459016393,0.7119565217391305,0.8070809248554913,0.7444728666868667,0.8070809248554913,0.8216145833333334
f1-score,0.912568306010929,0.4773662551440329,0.3875,0.9738903394255874,0.9226666666666666,0.912751677852349,0.8,0.6405867970660147,0.8162221410303252,0.7534162552706974,0.8118706667920661,0.8098260788690477
support,177.0,128.0,100.0,387.0,198.0,149.0,61.0,184.0,1384.0,1384.0,1384.0,1384.0
