index,abnormal QRS,atrial fibrillation,incomplete right bundle branch block,left anterior fascicular block,left axis deviation,left ventricular hypertrophy,myocardial infarction,myocardial ischemia,sinus rhythm,t wave abnormal,ventricular ectopics,micro avg,macro avg,weighted avg,samples avg
precision,0.6445182724252492,0.7988505747126436,0.6018518518518519,0.6973684210526315,0.768361581920904,0.6748466257668712,0.768762677484787,0.7052023121387283,0.9168421052631579,0.6206896551724138,0.5950413223140496,0.8036211699164345,0.708394127282117,0.7916294644113837,0.8279508321881203
recall,0.5527065527065527,0.86875,0.5701754385964912,0.8784530386740331,0.7298747763864043,0.4888888888888889,0.6865942028985508,0.5922330097087378,0.9770050476724621,0.2975206611570248,0.6153846153846154,0.7710467706013363,0.6597805665521599,0.7710467706013363,0.7901991579957681
f1-score,0.5950920245398773,0.8323353293413174,0.5855855855855856,0.7775061124694376,0.7486238532110092,0.5670103092783505,0.7253588516746411,0.6437994722955145,0.9459679609014391,0.4022346368715084,0.6050420168067228,0.7869970447829052,0.6753232866341276,0.7758144141978288,0.7828171395968007
support,351.0,160.0,114.0,181.0,559.0,225.0,552.0,206.0,1783.0,242.0,117.0,4490.0,4490.0,4490.0,4490.0
