index,abnormal QRS,atrial fibrillation,incomplete right bundle branch block,left anterior fascicular block,left axis deviation,left ventricular hypertrophy,myocardial infarction,myocardial ischemia,sinus rhythm,t wave abnormal,ventricular ectopics,micro avg,macro avg,weighted avg,samples avg
precision,0.6124661246612466,0.8888888888888888,0.5369127516778524,0.8300653594771242,0.7312186978297162,0.696551724137931,0.7582846003898636,0.6336633663366337,0.9197662061636557,0.6137931034482759,0.7666666666666667,0.7982656321314469,0.7262070445161686,0.793187513420408,0.8196115001199747
recall,0.6438746438746439,0.75,0.7017543859649122,0.7016574585635359,0.7835420393559929,0.4488888888888889,0.7047101449275363,0.6213592233009708,0.9708356702187325,0.3677685950413223,0.5897435897435898,0.7790645879732739,0.6621940581709204,0.7790645879732739,0.7977826494775647
f1-score,0.6277777777777778,0.8135593220338982,0.6083650190114067,0.7604790419161677,0.7564766839378239,0.545945945945946,0.7305164319248826,0.6274509803921569,0.9446111869031377,0.4599483204134367,0.6666666666666667,0.7885482416591524,0.6856179433566637,0.7815762420067478,0.7836733557072539
support,351.0,160.0,114.0,181.0,559.0,225.0,552.0,206.0,1783.0,242.0,117.0,4490.0,4490.0,4490.0,4490.0
