index,abnormal QRS,atrial fibrillation,incomplete right bundle branch block,left anterior fascicular block,left axis deviation,left ventricular hypertrophy,myocardial infarction,myocardial ischemia,sinus rhythm,t wave abnormal,ventricular ectopics,micro avg,macro avg,weighted avg,samples avg
precision,0.6236842105263158,0.8021978021978022,0.627906976744186,0.6652719665271967,0.7224025974025974,0.6580645161290323,0.7088,0.6766169154228856,0.9284940411700975,0.5341880341880342,0.72,0.7789451114922813,0.6970570054825589,0.7774625968531473,0.8076140304953865
recall,0.6752136752136753,0.9125,0.47368421052631576,0.8784530386740331,0.7960644007155635,0.4533333333333333,0.802536231884058,0.6601941747572816,0.9613011777902412,0.5165289256198347,0.6153846153846154,0.8091314031180401,0.7041085258089956,0.8091314031180401,0.8165510546866479
f1-score,0.6484268125854994,0.8538011695906434,0.5399999999999999,0.7571428571428571,0.7574468085106383,0.5368421052631579,0.7527612574341546,0.6683046683046683,0.9446128410030311,0.5252100840336135,0.663594470046083,0.7937513655232684,0.6952857339922133,0.7904659598554283,0.7884093740025943
support,351.0,160.0,114.0,181.0,559.0,225.0,552.0,206.0,1783.0,242.0,117.0,4490.0,4490.0,4490.0,4490.0
