index,abnormal QRS,atrial fibrillation,incomplete right bundle branch block,left anterior fascicular block,left axis deviation,left ventricular hypertrophy,myocardial infarction,myocardial ischemia,sinus rhythm,t wave abnormal,ventricular ectopics,micro avg,macro avg,weighted avg,samples avg
precision,0.6022727272727273,0.8169934640522876,0.651685393258427,0.7647058823529411,0.7201210287443268,0.728,0.7080536912751678,0.5939849624060151,0.9170190274841438,0.6792452830188679,0.75,0.7895448400180262,0.7210983145331732,0.7843089221516351,0.819818729140763
recall,0.603988603988604,0.78125,0.5087719298245614,0.7900552486187845,0.851520572450805,0.40444444444444444,0.7644927536231884,0.7669902912621359,0.9730790802019069,0.1487603305785124,0.41025641025641024,0.7804008908685969,0.6366917877499412,0.7804008908685969,0.7959819383548197
f1-score,0.6031294452347085,0.7987220447284344,0.5714285714285715,0.7771739130434783,0.780327868852459,0.52,0.735191637630662,0.6694915254237288,0.9442176870748299,0.24406779661016947,0.5303867403314918,0.7849462365591399,0.6521942936689575,0.7676858365675867,0.782499665550513
support,351.0,160.0,114.0,181.0,559.0,225.0,552.0,206.0,1783.0,242.0,117.0,4490.0,4490.0,4490.0,4490.0
