index,atrial fibrillation,left ventricular high voltage,nonspecific st t abnormality,sinus bradycardia,sinus rhythm,sinus tachycardia,supraventricular tachycardia,t wave abnormal,micro avg,macro avg,weighted avg,samples avg
precision,0.9186046511627907,0.5526315789473685,0.5232558139534884,0.9484029484029484,0.9829545454545454,0.9328859060402684,0.8305084745762712,0.6379310344827587,0.8491147036181679,0.790896869127555,0.8340698808398461,0.8531087239583333
recall,0.8926553672316384,0.328125,0.45,0.9974160206718347,0.8737373737373737,0.9328859060402684,0.8032786885245902,0.6032608695652174,0.7969653179190751,0.7351699032213653,0.7969653179190751,0.8185221354166667
f1-score,0.9054441260744986,0.411764705882353,0.48387096774193555,0.9722921914357682,0.9251336898395721,0.9328859060402684,0.8166666666666667,0.6201117318435754,0.8222139396198285,0.7585212481905798,0.8119417365911005,0.8190057663690475
support,177.0,128.0,100.0,387.0,198.0,149.0,61.0,184.0,1384.0,1384.0,1384.0,1384.0
