index,atrial fibrillation,left ventricular high voltage,nonspecific st t abnormality,sinus bradycardia,sinus rhythm,sinus tachycardia,supraventricular tachycardia,t wave abnormal,micro avg,macro avg,weighted avg,samples avg
precision,0.8383838383838383,0.5095541401273885,0.5263157894736842,0.9462102689486552,0.9782608695652174,0.9375,0.8166666666666667,0.5670498084291188,0.7924403183023873,0.7649926726993211,0.8092260158614745,0.8231282552083333
recall,0.9378531073446328,0.625,0.5,1.0,0.9090909090909091,0.9060402684563759,0.8032786885245902,0.8043478260869565,0.8634393063583815,0.810701349937933,0.8634393063583815,0.8658040364583333
f1-score,0.8853333333333334,0.5614035087719299,0.5128205128205129,0.9723618090452262,0.9424083769633508,0.9215017064846417,0.8099173553719008,0.6651685393258427,0.8264177040110651,0.7838643927645923,0.8322588896849399,0.8271747891865079
support,177.0,128.0,100.0,387.0,198.0,149.0,61.0,184.0,1384.0,1384.0,1384.0,1384.0
