index,abnormal QRS,atrial fibrillation,incomplete right bundle branch block,left anterior fascicular block,left axis deviation,left ventricular hypertrophy,myocardial infarction,myocardial ischemia,sinus rhythm,t wave abnormal,ventricular ectopics,micro avg,macro avg,weighted avg,samples avg
precision,0.6337579617834395,0.7435897435897436,0.5033112582781457,0.7008928571428571,0.7341549295774648,0.6797385620915033,0.7724550898203593,0.7310344827586207,0.928804347826087,0.6119402985074627,0.7238095238095238,0.7986143187066974,0.7057717322895644,0.7917189327347105,0.8111870950854002
recall,0.5669515669515669,0.90625,0.6666666666666666,0.8674033149171271,0.7459749552772809,0.4622222222222222,0.7010869565217391,0.5145631067961165,0.9584969153112731,0.33884297520661155,0.6495726495726496,0.7701559020044544,0.6707301208584776,0.7701559020044544,0.7881268677878847
f1-score,0.5984962406015037,0.8169014084507042,0.5735849056603773,0.7753086419753087,0.7400177462289264,0.5502645502645502,0.735042735042735,0.603988603988604,0.9434170576869997,0.4361702127659574,0.6846846846846847,0.7841269841269841,0.6779887988500319,0.7754820821416882,0.7745592728643576
support,351.0,160.0,114.0,181.0,559.0,225.0,552.0,206.0,1783.0,242.0,117.0,4490.0,4490.0,4490.0,4490.0
