index,1st degree av block,atrial fibrillation,premature atrial contraction,right bundle branch block,sinus rhythm,st depression,ventricular ectopics,micro avg,macro avg,weighted avg,samples avg
precision,0.8688524590163934,0.9357798165137615,0.48148148148148145,0.9108910891089109,0.6986301369863014,0.6792452830188679,0.7894736842105263,0.8051359516616314,0.7663362786194633,0.804336288853902,0.7081513828238719
recall,0.7571428571428571,0.8793103448275862,0.43333333333333335,0.9387755102040817,0.5862068965517241,0.8372093023255814,0.5056179775280899,0.7571022727272727,0.7053708888447506,0.7571022727272727,0.7161572052401747
f1-score,0.8091603053435115,0.9066666666666666,0.456140350877193,0.9246231155778896,0.6375,0.7499999999999999,0.6164383561643837,0.780380673499268,0.7286469706613777,0.774480994477141,0.7079087821445901
support,70.0,116.0,60.0,196.0,87.0,86.0,89.0,704.0,704.0,704.0,704.0
