index,1st degree av block,atrial fibrillation,premature atrial contraction,right bundle branch block,sinus rhythm,st depression,ventricular ectopics,micro avg,macro avg,weighted avg,samples avg
precision,0.9180327868852459,0.9487179487179487,0.6046511627906976,0.9822485207100592,0.6388888888888888,0.6491228070175439,0.7671232876712328,0.8145985401459854,0.786969343240231,0.8278341254253473,0.7365356622998545
recall,0.8,0.9568965517241379,0.43333333333333335,0.8469387755102041,0.7931034482758621,0.8604651162790697,0.6292134831460674,0.7926136363636364,0.7599929583240963,0.7926136363636364,0.7496360989810772
f1-score,0.8549618320610688,0.9527896995708154,0.5048543689320388,0.9095890410958904,0.7076923076923076,0.74,0.691358024691358,0.8034557235421166,0.7658921820062113,0.8035252024885907,0.7389616690926735
support,70.0,116.0,60.0,196.0,87.0,86.0,89.0,704.0,704.0,704.0,704.0
