index,atrial fibrillation,left ventricular high voltage,nonspecific st t abnormality,sinus bradycardia,sinus rhythm,sinus tachycardia,supraventricular tachycardia,t wave abnormal,micro avg,macro avg,weighted avg,samples avg
precision,0.8695652173913043,0.5,0.6615384615384615,0.9871134020618557,0.9888888888888889,0.9319727891156463,0.8545454545454545,0.7414965986394558,0.8738170347003155,0.8168901015226333,0.8593254108997175,0.8597005208333334
recall,0.903954802259887,0.3984375,0.43,0.9896640826873385,0.898989898989899,0.9194630872483222,0.7704918032786885,0.592391304347826,0.8005780346820809,0.7379240598514951,0.8005780346820809,0.8257649739583333
f1-score,0.8864265927977839,0.4434782608695652,0.5212121212121211,0.9883870967741935,0.9417989417989419,0.9256756756756758,0.810344827586207,0.6586102719033232,0.8355957767722473,0.7719917235772265,0.8260888248223794,0.8262741815476191
support,177.0,128.0,100.0,387.0,198.0,149.0,61.0,184.0,1384.0,1384.0,1384.0,1384.0
