index,1st degree av block,atrial fibrillation,premature atrial contraction,right bundle branch block,sinus rhythm,st depression,ventricular ectopics,micro avg,macro avg,weighted avg,samples avg
precision,0.8793103448275862,0.9327731092436975,0.5263157894736842,0.9481865284974094,0.6160714285714286,0.6551724137931034,0.86,0.8061224489795918,0.7739756592009871,0.8148578886875488,0.7292576419213974
recall,0.7285714285714285,0.9568965517241379,0.3333333333333333,0.9336734693877551,0.7931034482758621,0.8837209302325582,0.48314606741573035,0.7855113636363636,0.7303493184201152,0.7855113636363636,0.7430858806404658
f1-score,0.796875,0.9446808510638298,0.4081632653061224,0.9408740359897172,0.6934673366834171,0.7524752475247525,0.6187050359712231,0.7956834532374102,0.7364629675055802,0.7874639395962799,0.7316836487142163
support,70.0,116.0,60.0,196.0,87.0,86.0,89.0,704.0,704.0,704.0,704.0
