index,atrial fibrillation,left ventricular high voltage,nonspecific st t abnormality,sinus bradycardia,sinus rhythm,sinus tachycardia,supraventricular tachycardia,t wave abnormal,micro avg,macro avg,weighted avg,samples avg
precision,0.8571428571428571,0.4625,0.4672897196261682,0.9921671018276762,0.9587628865979382,0.9285714285714286,0.8305084745762712,0.6991869918699187,0.8245227606461086,0.7745161825265323,0.8302857976452062,0.8440755208333333
recall,0.9491525423728814,0.578125,0.5,0.9819121447028424,0.9393939393939394,0.87248322147651,0.8032786885245902,0.4673913043478261,0.8114161849710982,0.7614671051023236,0.8114161849710982,0.8362630208333333
f1-score,0.9008042895442359,0.513888888888889,0.4830917874396135,0.987012987012987,0.9489795918367346,0.8996539792387543,0.8166666666666667,0.5602605863192183,0.8179169701383832,0.7637948471183875,0.8167300277346426,0.8205822172619047
support,177.0,128.0,100.0,387.0,198.0,149.0,61.0,184.0,1384.0,1384.0,1384.0,1384.0
