index,1st degree av block,atrial fibrillation,premature atrial contraction,right bundle branch block,sinus rhythm,st depression,ventricular ectopics,micro avg,macro avg,weighted avg,samples avg
precision,0.9180327868852459,0.9824561403508771,0.6756756756756757,0.9619565217391305,0.6947368421052632,0.7241379310344828,0.7702702702702703,0.852760736196319,0.8181808811515637,0.8502602948157052,0.745269286754003
recall,0.8,0.9655172413793104,0.4166666666666667,0.9030612244897959,0.7586206896551724,0.7325581395348837,0.6404494382022472,0.7897727272727273,0.7452676285611536,0.7897727272727273,0.7481804949053857
f1-score,0.8549618320610688,0.9739130434782608,0.5154639175257731,0.9315789473684211,0.7252747252747253,0.7283236994219654,0.6993865030674847,0.8200589970501475,0.7755575240282429,0.8157935909740146,0.7438136826783115
support,70.0,116.0,60.0,196.0,87.0,86.0,89.0,704.0,704.0,704.0,704.0
