index,abnormal QRS,atrial fibrillation,incomplete right bundle branch block,left anterior fascicular block,left axis deviation,left ventricular hypertrophy,myocardial infarction,myocardial ischemia,sinus rhythm,t wave abnormal,ventricular ectopics,micro avg,macro avg,weighted avg,samples avg
precision,0.6289855072463768,0.8661971830985915,0.48863636363636365,0.8859649122807017,0.7956349206349206,0.68125,0.802660753880266,0.6358695652173914,0.920339883165162,0.5692307692307692,0.6884057971014492,0.8049860205032618,0.723925059590181,0.8032944388032105,0.8282638570774163
recall,0.6182336182336182,0.76875,0.7543859649122807,0.5580110497237569,0.7173524150268337,0.48444444444444446,0.6557971014492754,0.5679611650485437,0.9719573752103197,0.45867768595041325,0.811965811965812,0.7694877505567929,0.6697760574513907,0.7694877505567929,0.7958914119931069
f1-score,0.6235632183908045,0.814569536423841,0.5931034482758621,0.6847457627118644,0.7544684854186265,0.5662337662337662,0.7218344965104686,0.6,0.9454446262956901,0.5080091533180777,0.7450980392156863,0.7868367114552494,0.6870064120722443,0.781247253638997,0.7859001638662655
support,351.0,160.0,114.0,181.0,559.0,225.0,552.0,206.0,1783.0,242.0,117.0,4490.0,4490.0,4490.0,4490.0
