index,1st degree av block,atrial fibrillation,premature atrial contraction,right bundle branch block,sinus rhythm,st depression,ventricular ectopics,micro avg,macro avg,weighted avg,samples avg
precision,0.9047619047619048,0.9105691056910569,0.6923076923076923,0.8947368421052632,0.6818181818181818,0.7875,0.7272727272727273,0.8303303303303303,0.7998523505652609,0.8205066572869938,0.7321688500727802
recall,0.8142857142857143,0.9655172413793104,0.3,0.9540816326530612,0.6896551724137931,0.7325581395348837,0.6292134831460674,0.7855113636363636,0.7264730547732613,0.7855113636363636,0.7409024745269287
f1-score,0.857142857142857,0.9372384937238494,0.41860465116279066,0.9234567901234568,0.6857142857142858,0.7590361445783131,0.674698795180723,0.8072992700729927,0.7508417168037537,0.7951930671418943,0.7336244541484717
support,70.0,116.0,60.0,196.0,87.0,86.0,89.0,704.0,704.0,704.0,704.0
