index,abnormal QRS,atrial fibrillation,incomplete right bundle branch block,left anterior fascicular block,left axis deviation,left ventricular hypertrophy,myocardial infarction,myocardial ischemia,sinus rhythm,t wave abnormal,ventricular ectopics,micro avg,macro avg,weighted avg,samples avg
precision,0.5285412262156448,0.7833333333333333,0.6941176470588235,0.8141025641025641,0.7872763419483101,0.6175115207373272,0.7314974182444062,0.717948717948718,0.9215581643543223,0.6194029850746269,0.7415730337078652,0.7913669064748201,0.7233511775205401,0.7901653968956088,0.8186266169317017
recall,0.7122507122507122,0.88125,0.5175438596491229,0.7016574585635359,0.7084078711985689,0.5955555555555555,0.769927536231884,0.5436893203883495,0.968592260235558,0.34297520661157027,0.5641025641025641,0.7839643652561247,0.6641774858897656,0.7839643652561247,0.7990707414436228
f1-score,0.6067961165048543,0.8294117647058824,0.592964824120603,0.7537091988130564,0.7457627118644067,0.6063348416289591,0.7502206531332746,0.6187845303867404,0.9444900191413725,0.4414893617021277,0.6407766990291262,0.7876482434549116,0.6846127928209458,0.7818364781105575,0.7838138397460431
support,351.0,160.0,114.0,181.0,559.0,225.0,552.0,206.0,1783.0,242.0,117.0,4490.0,4490.0,4490.0,4490.0
