index,abnormal QRS,atrial fibrillation,incomplete right bundle branch block,left anterior fascicular block,left axis deviation,left ventricular hypertrophy,myocardial infarction,myocardial ischemia,sinus rhythm,t wave abnormal,ventricular ectopics,micro avg,macro avg,weighted avg,samples avg
precision,0.7012448132780082,0.9166666666666666,0.7818181818181819,0.8441558441558441,0.7232,0.5688622754491018,0.8021276595744681,0.7065868263473054,0.9306233062330623,0.6633663366336634,0.7894736842105263,0.8298827637814916,0.7661932358515298,0.8168199715962039,0.83298213467705
recall,0.48148148148148145,0.61875,0.37719298245614036,0.7182320441988951,0.8085867620751341,0.4222222222222222,0.6829710144927537,0.5728155339805825,0.9629837352776219,0.2768595041322314,0.5128205128205128,0.7409799554565701,0.5849923448306887,0.7409799554565701,0.7708679623933861
f1-score,0.5709459459459459,0.7388059701492536,0.5088757396449705,0.7761194029850745,0.7635135135135135,0.48469387755102045,0.7377690802348336,0.6327077747989276,0.9465270121278941,0.3906705539358601,0.6217616580310881,0.7829156371337803,0.6520355026289437,0.7673703762980232,0.7752133879252523
support,351.0,160.0,114.0,181.0,559.0,225.0,552.0,206.0,1783.0,242.0,117.0,4490.0,4490.0,4490.0,4490.0
