index,atrial fibrillation,left ventricular high voltage,nonspecific st t abnormality,sinus bradycardia,sinus rhythm,sinus tachycardia,supraventricular tachycardia,t wave abnormal,micro avg,macro avg,weighted avg,samples avg
precision,0.8944444444444445,0.589041095890411,0.6265060240963856,0.9768637532133676,0.9712643678160919,0.8940397350993378,0.851063829787234,0.7397260273972602,0.8753016894609815,0.8178686597180667,0.8583508308232339,0.846435546875
recall,0.9096045197740112,0.3359375,0.52,0.9819121447028424,0.8535353535353535,0.9060402684563759,0.6557377049180327,0.5869565217391305,0.7861271676300579,0.7187155016407183,0.7861271676300579,0.8033854166666667
f1-score,0.9019607843137256,0.42786069651741293,0.5683060109289617,0.979381443298969,0.9086021505376344,0.9,0.7407407407407407,0.6545454545454545,0.8283212790255043,0.7601746601103623,0.8163939467162976,0.8104399181547619
support,177.0,128.0,100.0,387.0,198.0,149.0,61.0,184.0,1384.0,1384.0,1384.0,1384.0
