index,atrial fibrillation,left ventricular high voltage,nonspecific st t abnormality,sinus bradycardia,sinus rhythm,sinus tachycardia,supraventricular tachycardia,t wave abnormal,micro avg,macro avg,weighted avg,samples avg
precision,0.8666666666666667,0.5773195876288659,0.45454545454545453,0.9869791666666666,0.9396984924623115,0.9236111111111112,0.8135593220338984,0.6113744075829384,0.8256484149855908,0.7717192760872391,0.8240684659490333,0.8466796875
recall,0.9548022598870056,0.4375,0.45,0.979328165374677,0.9444444444444444,0.8926174496644296,0.7868852459016393,0.7010869565217391,0.8280346820809249,0.7683330652242419,0.8280346820809249,0.8450520833333334
f1-score,0.9086021505376345,0.49777777777777776,0.4522613065326633,0.9831387808041504,0.9420654911838791,0.9078498293515358,0.8,0.6531645569620254,0.8268398268398269,0.7681074866437083,0.8244363044320729,0.8281459263392856
support,177.0,128.0,100.0,387.0,198.0,149.0,61.0,184.0,1384.0,1384.0,1384.0,1384.0
