index,atrial fibrillation,left ventricular high voltage,nonspecific st t abnormality,sinus bradycardia,sinus rhythm,sinus tachycardia,supraventricular tachycardia,t wave abnormal,micro avg,macro avg,weighted avg,samples avg
precision,0.8956043956043956,0.6436781609195402,0.5,0.9602977667493796,0.9941176470588236,0.9347826086956522,0.7611940298507462,0.5734767025089605,0.8174157303370787,0.7828939139234372,0.8313717270574656,0.8304850260416666
recall,0.9209039548022598,0.4375,0.49,1.0,0.8535353535353535,0.8657718120805369,0.8360655737704918,0.8695652173913043,0.8410404624277457,0.7841677389474933,0.8410404624277457,0.8460286458333333
f1-score,0.9080779944289693,0.5209302325581394,0.494949494949495,0.9797468354430379,0.9184782608695652,0.8989547038327527,0.796875,0.6911447084233261,0.8290598290598292,0.7761446538131607,0.8292260097297115,0.8236142113095237
support,177.0,128.0,100.0,387.0,198.0,149.0,61.0,184.0,1384.0,1384.0,1384.0,1384.0
