index,abnormal QRS,atrial fibrillation,incomplete right bundle branch block,left anterior fascicular block,left axis deviation,left ventricular hypertrophy,myocardial infarction,myocardial ischemia,sinus rhythm,t wave abnormal,ventricular ectopics,micro avg,macro avg,weighted avg,samples avg
precision,0.6598360655737705,0.8208092485549133,0.5867768595041323,0.6489795918367347,0.7026194144838213,0.5778688524590164,0.775,0.5351170568561873,0.9242666666666667,0.5875,0.7671232876712328,0.7769011615165461,0.689627003964225,0.7768384312755924,0.8131045088672206
recall,0.4586894586894587,0.8875,0.6228070175438597,0.8784530386740331,0.815742397137746,0.6266666666666667,0.6739130434782609,0.7766990291262136,0.9719573752103197,0.3884297520661157,0.47863247863247865,0.7895322939866369,0.6890445688386502,0.7895322939866369,0.8090002835765548
f1-score,0.5411764705882353,0.8528528528528528,0.6042553191489363,0.7464788732394367,0.7549668874172185,0.6012793176972281,0.7209302325581396,0.6336633663366337,0.9475123018042646,0.46766169154228854,0.5894736842105263,0.7831658013918037,0.6782046361268873,0.7767854438709697,0.785460099019421
support,351.0,160.0,114.0,181.0,559.0,225.0,552.0,206.0,1783.0,242.0,117.0,4490.0,4490.0,4490.0,4490.0
