index,abnormal QRS,atrial fibrillation,incomplete right bundle branch block,left anterior fascicular block,left axis deviation,left ventricular hypertrophy,myocardial infarction,myocardial ischemia,sinus rhythm,t wave abnormal,ventricular ectopics,micro avg,macro avg,weighted avg,samples avg
precision,0.6984126984126984,0.782608695652174,0.5862068965517241,0.645021645021645,0.7103235747303543,0.6648648648648648,0.7667342799188641,0.5671641791044776,0.9316332067281606,0.6618705035971223,0.7105263157894737,0.7921550946798918,0.7023060782155963,0.7895504715137638,0.8195526034509085
recall,0.5014245014245015,0.9,0.5964912280701754,0.8232044198895028,0.8246869409660107,0.5466666666666666,0.6847826086956522,0.7378640776699029,0.9629837352776219,0.38016528925619836,0.46153846153846156,0.7826280623608017,0.6745279935867905,0.7826280623608017,0.802845581659141
f1-score,0.5837479270315091,0.8372093023255814,0.5913043478260869,0.7233009708737864,0.7632450331125827,0.6,0.723444976076555,0.6413502109704642,0.9470490899062327,0.4829396325459318,0.5595854922279793,0.7873627604750167,0.6775615438997009,0.779781814448595,0.7854163981282626
support,351.0,160.0,114.0,181.0,559.0,225.0,552.0,206.0,1783.0,242.0,117.0,4490.0,4490.0,4490.0,4490.0
