index,atrial fibrillation,left ventricular high voltage,nonspecific st t abnormality,sinus bradycardia,sinus rhythm,sinus tachycardia,supraventricular tachycardia,t wave abnormal,micro avg,macro avg,weighted avg,samples avg
precision,0.9272727272727272,0.5520833333333334,0.5104166666666666,0.9946949602122016,0.9,0.92,0.8181818181818182,0.6289308176100629,0.8423047763457164,0.7814475404096013,0.8321495065116117,0.8435872395833333
recall,0.864406779661017,0.4140625,0.49,0.9689922480620154,0.9545454545454546,0.9261744966442953,0.8852459016393442,0.5434782608695652,0.8027456647398844,0.7558632051777114,0.8027456647398844,0.8245442708333334
f1-score,0.8947368421052632,0.4732142857142857,0.4999999999999999,0.9816753926701569,0.9264705882352942,0.9230769230769231,0.8503937007874016,0.5830903790087463,0.8220495745467998,0.7665822639497588,0.8157445882096109,0.8168852306547618
support,177.0,128.0,100.0,387.0,198.0,149.0,61.0,184.0,1384.0,1384.0,1384.0,1384.0
