index,atrial fibrillation,left ventricular high voltage,nonspecific st t abnormality,sinus bradycardia,sinus rhythm,sinus tachycardia,supraventricular tachycardia,t wave abnormal,micro avg,macro avg,weighted avg,samples avg
precision,0.8540540540540541,0.5729166666666666,0.6808510638297872,0.9671717171717171,0.9831460674157303,0.9512195121951219,0.7966101694915254,0.7278481012658228,0.8711755233494364,0.8167271690113032,0.8567871108862835,0.8448079427083333
recall,0.8926553672316384,0.4296875,0.32,0.9896640826873385,0.8838383838383839,0.785234899328859,0.7704918032786885,0.625,0.7817919075144508,0.7120715045456135,0.7817919075144508,0.807861328125
f1-score,0.87292817679558,0.4910714285714286,0.435374149659864,0.9782886334610471,0.9308510638297872,0.8602941176470589,0.7833333333333333,0.672514619883041,0.8240670220868241,0.7530819403976425,0.8117911154804152,0.8114769345238095
support,177.0,128.0,100.0,387.0,198.0,149.0,61.0,184.0,1384.0,1384.0,1384.0,1384.0
