index,abnormal QRS,atrial fibrillation,incomplete right bundle branch block,left anterior fascicular block,left axis deviation,left ventricular hypertrophy,myocardial infarction,myocardial ischemia,sinus rhythm,t wave abnormal,ventricular ectopics,micro avg,macro avg,weighted avg,samples avg
precision,0.6812227074235808,0.8113207547169812,0.5769230769230769,0.751269035532995,0.7386172006745363,0.5775862068965517,0.8457446808510638,0.711764705882353,0.9166229680125852,0.5979381443298969,0.6052631578947368,0.8026040455707975,0.7103884217398506,0.7966243863250327,0.8235592129659928
recall,0.4444444444444444,0.80625,0.6578947368421053,0.8176795580110497,0.7835420393559929,0.5955555555555555,0.5760869565217391,0.587378640776699,0.9803701626472238,0.4793388429752066,0.5897435897435898,0.7688195991091314,0.6652985933521459,0.7688195991091314,0.7969439172829004
f1-score,0.5379310344827587,0.8087774294670848,0.6147540983606558,0.783068783068783,0.7604166666666667,0.586433260393873,0.6853448275862069,0.6436170212765957,0.9474254742547426,0.5321100917431192,0.5974025974025974,0.7853486520304858,0.6815710258820985,0.7763647699168694,0.7849679866629019
support,351.0,160.0,114.0,181.0,559.0,225.0,552.0,206.0,1783.0,242.0,117.0,4490.0,4490.0,4490.0,4490.0
