index,abnormal QRS,atrial fibrillation,incomplete right bundle branch block,left anterior fascicular block,left axis deviation,left ventricular hypertrophy,myocardial infarction,myocardial ischemia,sinus rhythm,t wave abnormal,ventricular ectopics,micro avg,macro avg,weighted avg,samples avg
precision,0.6422287390029325,0.8432835820895522,0.5538461538461539,0.7486910994764397,0.7265861027190332,0.64,0.8211009174311926,0.7352941176470589,0.9117799688635184,0.6715328467153284,0.7804878048780488,0.8054421768707483,0.7340755756972054,0.8003142190879291,0.8283020308444038
recall,0.6239316239316239,0.70625,0.631578947368421,0.7900552486187845,0.8604651162790697,0.5688888888888889,0.6485507246376812,0.6067961165048543,0.9854178351093662,0.38016528925619836,0.5470085470085471,0.7910913140311804,0.6681007579639486,0.7910913140311804,0.8091060794450625
f1-score,0.6329479768786127,0.7687074829931972,0.5901639344262295,0.7688172043010751,0.7878787878787878,0.6023529411764706,0.7246963562753036,0.6648936170212766,0.9471698113207547,0.4854881266490766,0.6432160804020101,0.7982022471910113,0.692393847211163,0.7897761356941438,0.7938946710133151
support,351.0,160.0,114.0,181.0,559.0,225.0,552.0,206.0,1783.0,242.0,117.0,4490.0,4490.0,4490.0,4490.0
