index,atrial fibrillation,left ventricular high voltage,nonspecific st t abnormality,sinus bradycardia,sinus rhythm,sinus tachycardia,supraventricular tachycardia,t wave abnormal,micro avg,macro avg,weighted avg,samples avg
precision,0.9269662921348315,0.6049382716049383,0.49586776859504134,0.9796954314720813,0.9547738693467337,0.9452054794520548,0.8125,0.6627218934911243,0.8525449101796407,0.7978336257621007,0.8465449510721627,0.86328125
recall,0.9322033898305084,0.3828125,0.6,0.9974160206718347,0.9595959595959596,0.9261744966442953,0.639344262295082,0.6086956521739131,0.8229768786127167,0.7557802851514491,0.8229768786127167,0.840087890625
f1-score,0.9295774647887324,0.4688995215311005,0.5429864253393666,0.9884763124199744,0.9571788413098236,0.9355932203389831,0.7155963302752295,0.6345609065155807,0.8375,0.7716086278148488,0.8314513792048863,0.8351283482142857
support,177.0,128.0,100.0,387.0,198.0,149.0,61.0,184.0,1384.0,1384.0,1384.0,1384.0
