index,1st degree av block,atrial fibrillation,premature atrial contraction,right bundle branch block,sinus rhythm,st depression,ventricular ectopics,micro avg,macro avg,weighted avg,samples avg
precision,0.9285714285714286,0.9024390243902439,0.6666666666666666,0.9285714285714286,0.6090909090909091,0.7941176470588235,0.7837837837837838,0.8258258258258259,0.8018915554476119,0.8277339635283991,0.7307132459970888
recall,0.7428571428571429,0.9568965517241379,0.43333333333333335,0.9285714285714286,0.7701149425287356,0.627906976744186,0.651685393258427,0.78125,0.7301951098596274,0.78125,0.7387190684133915
f1-score,0.8253968253968255,0.9288702928870294,0.5252525252525252,0.9285714285714286,0.6802030456852791,0.7012987012987012,0.7116564417177914,0.8029197080291971,0.7573213229727972,0.7981088918565564,0.7311984473556526
support,70.0,116.0,60.0,196.0,87.0,86.0,89.0,704.0,704.0,704.0,704.0
