index,atrial fibrillation,left ventricular high voltage,nonspecific st t abnormality,sinus bradycardia,sinus rhythm,sinus tachycardia,supraventricular tachycardia,t wave abnormal,micro avg,macro avg,weighted avg,samples avg
precision,0.9276315789473685,0.5431034482758621,0.5970149253731343,0.982051282051282,0.9402985074626866,0.9375,0.8518518518518519,0.6495327102803738,0.8490284005979073,0.80362303803032,0.84595878300312,0.8411295572916666
recall,0.7966101694915254,0.4921875,0.4,0.9896640826873385,0.9545454545454546,0.9060402684563759,0.7540983606557377,0.7554347826086957,0.8208092485549133,0.7560725773056409,0.8208092485549133,0.833251953125
f1-score,0.8571428571428572,0.5163934426229508,0.47904191616766467,0.9858429858429858,0.9473684210526316,0.9215017064846417,0.7999999999999999,0.6984924623115577,0.8346803820720059,0.7757229739531613,0.8305226793410294,0.8214006696428571
support,177.0,128.0,100.0,387.0,198.0,149.0,61.0,184.0,1384.0,1384.0,1384.0,1384.0
