index,abnormal QRS,atrial fibrillation,incomplete right bundle branch block,left anterior fascicular block,left axis deviation,left ventricular hypertrophy,myocardial infarction,myocardial ischemia,sinus rhythm,t wave abnormal,ventricular ectopics,micro avg,macro avg,weighted avg,samples avg
precision,0.5189873417721519,0.8220858895705522,0.5895522388059702,0.837037037037037,0.7975951903807615,0.49185667752442996,0.6813880126182965,0.6180257510729614,0.9303211758301578,0.6346153846153846,0.7083333333333334,0.766897746967071,0.6936180029600941,0.7767457660033774,0.793030560827171
recall,0.7008547008547008,0.8375,0.6929824561403509,0.6243093922651933,0.7119856887298748,0.6711111111111111,0.782608695652174,0.6990291262135923,0.9584969153112731,0.2727272727272727,0.5811965811965812,0.7884187082405345,0.6848001763820113,0.7884187082405345,0.8019828545252273
f1-score,0.5963636363636364,0.8297213622291022,0.6370967741935485,0.7151898734177214,0.7523629489603024,0.5676691729323309,0.7284991568296795,0.6560364464692483,0.9441988950276242,0.3815028901734104,0.6384976525821597,0.7775093345047221,0.6770126190162513,0.7751143659680464,0.7725486403452505
support,351.0,160.0,114.0,181.0,559.0,225.0,552.0,206.0,1783.0,242.0,117.0,4490.0,4490.0,4490.0,4490.0
