index,atrial fibrillation,left ventricular high voltage,nonspecific st t abnormality,sinus bradycardia,sinus rhythm,sinus tachycardia,supraventricular tachycardia,t wave abnormal,micro avg,macro avg,weighted avg,samples avg
precision,0.9793103448275862,0.5777777777777777,0.6351351351351351,0.9552238805970149,0.9497206703910615,0.9416058394160584,0.7162162162162162,0.5419847328244275,0.8209831254585473,0.7871218246481597,0.8325411739406815,0.8133138020833333
recall,0.8022598870056498,0.40625,0.47,0.9922480620155039,0.8585858585858586,0.8657718120805369,0.8688524590163934,0.7717391304347826,0.8085260115606936,0.7544634011423406,0.8085260115606936,0.8190104166666667
f1-score,0.8819875776397516,0.4770642201834862,0.5402298850574712,0.9733840304182508,0.9018567639257293,0.9020979020979021,0.7851851851851852,0.6367713004484306,0.8147069530396797,0.7623221081195259,0.8135412369595533,0.7997628348214285
support,177.0,128.0,100.0,387.0,198.0,149.0,61.0,184.0,1384.0,1384.0,1384.0,1384.0
