index,abnormal QRS,atrial fibrillation,incomplete right bundle branch block,left anterior fascicular block,left axis deviation,left ventricular hypertrophy,myocardial infarction,myocardial ischemia,sinus rhythm,t wave abnormal,ventricular ectopics,micro avg,macro avg,weighted avg,samples avg
precision,0.6136986301369863,0.8424242424242424,0.7319587628865979,0.8695652173913043,0.8292181069958847,0.6502732240437158,0.6879875195007801,0.6756756756756757,0.915129151291513,0.5074626865671642,0.6311475409836066,0.7939732142857143,0.7231400688997701,0.790235836894013,0.8180703706127435
recall,0.6381766381766382,0.86875,0.6228070175438597,0.6629834254143646,0.7209302325581395,0.5288888888888889,0.7989130434782609,0.6067961165048543,0.9736399326977005,0.4214876033057851,0.6581196581196581,0.7922048997772828,0.6819538687898318,0.7922048997772828,0.8087734223327443
f1-score,0.6256983240223464,0.8553846153846153,0.6729857819905213,0.7523510971786833,0.771291866028708,0.5833333333333333,0.7393126571668064,0.6393861892583119,0.9434782608695652,0.4604966139954853,0.6443514644351465,0.7930880713489409,0.6989154730603203,0.7885623416123017,0.7887927438774897
support,351.0,160.0,114.0,181.0,559.0,225.0,552.0,206.0,1783.0,242.0,117.0,4490.0,4490.0,4490.0,4490.0
