index,1st degree av block,atrial fibrillation,premature atrial contraction,right bundle branch block,sinus rhythm,st depression,ventricular ectopics,micro avg,macro avg,weighted avg,samples avg
precision,0.890625,0.9262295081967213,0.7659574468085106,0.9576719576719577,0.7128712871287128,0.8271604938271605,0.8985507246376812,0.8736998514115899,0.8541523454672492,0.875815543189093,0.7889374090247453
recall,0.8142857142857143,0.9741379310344828,0.6,0.923469387755102,0.8275862068965517,0.7790697674418605,0.6966292134831461,0.8352272727272727,0.8021683172709796,0.8352272727272727,0.7925764192139738
f1-score,0.8507462686567163,0.9495798319327732,0.6728971962616823,0.9402597402597401,0.7659574468085106,0.8023952095808382,0.7848101265822786,0.8540305010893247,0.8238065457260769,0.8520747547427517,0.7884522076661816
support,70.0,116.0,60.0,196.0,87.0,86.0,89.0,704.0,704.0,704.0,704.0
