index,1st degree av block,atrial fibrillation,premature atrial contraction,right bundle branch block,sinus rhythm,st depression,ventricular ectopics,micro avg,macro avg,weighted avg,samples avg
precision,0.8909090909090909,0.9322033898305084,0.7948717948717948,0.9206349206349206,0.6448598130841121,0.7411764705882353,0.8356164383561644,0.8363363363363363,0.8228959883249752,0.8421162286126875,0.7418728772440563
recall,0.7,0.9482758620689655,0.5166666666666667,0.8877551020408163,0.7931034482758621,0.7325581395348837,0.6853932584269663,0.7911931818181818,0.7519646395734514,0.7911931818181818,0.7489082969432315
f1-score,0.7839999999999999,0.94017094017094,0.6262626262626263,0.9038961038961038,0.7113402061855669,0.736842105263158,0.7530864197530865,0.813138686131387,0.779371200218783,0.8110212121420788,0.7420669577874818
support,70.0,116.0,60.0,196.0,87.0,86.0,89.0,704.0,704.0,704.0,704.0
