index,atrial fibrillation,left ventricular high voltage,nonspecific st t abnormality,sinus bradycardia,sinus rhythm,sinus tachycardia,supraventricular tachycardia,t wave abnormal,micro avg,macro avg,weighted avg,samples avg
precision,0.8617021276595744,0.5303030303030303,0.8,0.9666666666666667,0.963855421686747,0.8484848484848485,0.7741935483870968,0.7182320441988951,0.845166163141994,0.8079297109233574,0.8462053345209252,0.8387044270833334
recall,0.9152542372881356,0.546875,0.32,0.9741602067183462,0.8080808080808081,0.9395973154362416,0.7868852459016393,0.7065217391304348,0.8085260115606936,0.7496718190694507,0.8085260115606936,0.8208821614583333
f1-score,0.8876712328767123,0.5384615384615384,0.45714285714285713,0.9703989703989704,0.8791208791208791,0.89171974522293,0.7804878048780488,0.7123287671232877,0.826440177252585,0.764666474403153,0.8185765879720656,0.8156622023809523
support,177.0,128.0,100.0,387.0,198.0,149.0,61.0,184.0,1384.0,1384.0,1384.0,1384.0
