index,1st degree av block,atrial fibrillation,premature atrial contraction,right bundle branch block,sinus rhythm,st depression,ventricular ectopics,micro avg,macro avg,weighted avg,samples avg
precision,0.7407407407407407,0.9083333333333333,0.6,0.8932038834951457,0.76,0.67,0.8947368421052632,0.8224,0.7810021142392118,0.8120142878280334,0.7074235807860262
recall,0.8571428571428571,0.9396551724137931,0.05,0.9387755102040817,0.6551724137931034,0.7790697674418605,0.38202247191011235,0.7301136363636364,0.657405456129401,0.7301136363636364,0.6994177583697234
f1-score,0.794701986754967,0.9237288135593221,0.0923076923076923,0.9154228855721394,0.7037037037037037,0.7204301075268817,0.5354330708661418,0.7735139202407826,0.6693897514701211,0.7366133285979412,0.6986899563318777
support,70.0,116.0,60.0,196.0,87.0,86.0,89.0,704.0,704.0,704.0,704.0
