index,atrial fibrillation,left ventricular high voltage,nonspecific st t abnormality,sinus bradycardia,sinus rhythm,sinus tachycardia,supraventricular tachycardia,t wave abnormal,micro avg,macro avg,weighted avg,samples avg
precision,0.8734939759036144,0.6721311475409836,0.5283018867924528,0.9361179361179361,0.9482758620689655,0.9552238805970149,0.8461538461538461,0.641860465116279,0.834980988593156,0.8001948750363865,0.8349376731737447,0.819580078125
recall,0.8192090395480226,0.3203125,0.56,0.9844961240310077,0.8333333333333334,0.8590604026845637,0.7213114754098361,0.75,0.7933526011560693,0.7309653593758454,0.7933526011560693,0.8033854166666666
f1-score,0.8454810495626822,0.4338624338624339,0.5436893203883495,0.9596977329974811,0.8870967741935484,0.9045936395759717,0.7787610619469026,0.6917293233082705,0.8136346795109299,0.755613916979455,0.8064802932590114,0.7967540922619047
support,177.0,128.0,100.0,387.0,198.0,149.0,61.0,184.0,1384.0,1384.0,1384.0,1384.0
