index,1st degree av block,atrial fibrillation,premature atrial contraction,right bundle branch block,sinus rhythm,st depression,ventricular ectopics,micro avg,macro avg,weighted avg,samples avg
precision,0.7945205479452054,0.9537037037037037,0.37254901960784315,0.9430051813471503,0.7051282051282052,0.7115384615384616,0.7361111111111112,0.801178203240059,0.7452223186259543,0.7975573510421257,0.7117903930131004
recall,0.8285714285714286,0.8879310344827587,0.31666666666666665,0.9285714285714286,0.632183908045977,0.8604651162790697,0.5955056179775281,0.7727272727272727,0.7214136000849797,0.7727272727272727,0.7299854439592431
f1-score,0.8111888111888111,0.9196428571428572,0.34234234234234234,0.9357326478149101,0.6666666666666666,0.7789473684210527,0.658385093167702,0.7866955892986262,0.7304151123920489,0.7826586288354932,0.7156720038816109
support,70.0,116.0,60.0,196.0,87.0,86.0,89.0,704.0,704.0,704.0,704.0
