index,1st degree av block,atrial fibrillation,premature atrial contraction,right bundle branch block,sinus rhythm,st depression,ventricular ectopics,micro avg,macro avg,weighted avg,samples avg
precision,0.8382352941176471,0.8174603174603174,0.8125,0.9349112426035503,0.7777777777777778,0.7159090909090909,0.8769230769230769,0.8378378378378378,0.8248166856844943,0.8420106154757533,0.7295002426006792
recall,0.8142857142857143,0.8879310344827587,0.43333333333333335,0.8061224489795918,0.7241379310344828,0.7325581395348837,0.6404494382022472,0.7485795454545454,0.7198311485504302,0.7485795454545454,0.722707423580786
f1-score,0.8260869565217392,0.8512396694214875,0.5652173913043479,0.8657534246575342,0.75,0.7241379310344829,0.7402597402597403,0.7906976744186046,0.7603850161713331,0.7863346339099919,0.7209606986899564
support,70.0,116.0,60.0,196.0,87.0,86.0,89.0,704.0,704.0,704.0,704.0
