index,abnormal QRS,atrial fibrillation,incomplete right bundle branch block,left anterior fascicular block,left axis deviation,left ventricular hypertrophy,myocardial infarction,myocardial ischemia,sinus rhythm,t wave abnormal,ventricular ectopics,micro avg,macro avg,weighted avg,samples avg
precision,0.6265664160401002,0.8589743589743589,0.7752808988764045,0.8032786885245902,0.8202846975088968,0.7103448275862069,0.7385159010600707,0.6964285714285714,0.9138381201044387,0.4889867841409692,0.7934782608695652,0.806974677920924,0.747816138646743,0.8020430058362397,0.827927927927928
recall,0.7122507122507122,0.8375,0.6052631578947368,0.8121546961325967,0.8246869409660107,0.4577777777777778,0.7572463768115942,0.5679611650485437,0.981491867638811,0.45867768595041325,0.6239316239316239,0.8091314031180401,0.6944492731275292,0.8091314031180401,0.8209639421503828
f1-score,0.6666666666666667,0.8481012658227848,0.6798029556650247,0.8076923076923077,0.8224799286351471,0.5567567567567567,0.7477638640429339,0.6256684491978609,0.9464575446187129,0.47334754797441364,0.6985645933014354,0.8080516014234874,0.7157547163976404,0.8026485338785709,0.8005005454157996
support,351.0,160.0,114.0,181.0,559.0,225.0,552.0,206.0,1783.0,242.0,117.0,4490.0,4490.0,4490.0,4490.0
