index,atrial fibrillation,left ventricular high voltage,nonspecific st t abnormality,sinus bradycardia,sinus rhythm,sinus tachycardia,supraventricular tachycardia,t wave abnormal,micro avg,macro avg,weighted avg,samples avg
precision,0.9157303370786517,0.6333333333333333,0.7727272727272727,0.9598997493734336,0.9631578947368421,0.9096774193548387,0.8695652173913043,0.7717391304347826,0.904639175257732,0.8494787943038073,0.8765863753702812,0.8722330729166666
recall,0.9209039548022598,0.296875,0.34,0.9896640826873385,0.9242424242424242,0.9463087248322147,0.6557377049180327,0.3858695652173913,0.7608381502890174,0.6824501820874577,0.7608381502890174,0.7964680989583333
f1-score,0.9183098591549295,0.4042553191489362,0.47222222222222227,0.9745547073791349,0.9432989690721649,0.9276315789473683,0.7476635514018691,0.5144927536231885,0.826530612244898,0.7378036201187267,0.7976335725007666,0.8159923735119048
support,177.0,128.0,100.0,387.0,198.0,149.0,61.0,184.0,1384.0,1384.0,1384.0,1384.0
