index,1st degree av block,atrial fibrillation,premature atrial contraction,right bundle branch block,sinus rhythm,st depression,ventricular ectopics,micro avg,macro avg,weighted avg,samples avg
precision,0.9285714285714286,0.9333333333333333,0.5344827586206896,0.9230769230769231,0.7216494845360825,0.723404255319149,0.7126436781609196,0.8132956152758133,0.7824516945169322,0.8163071982605011,0.7569141193595342
recall,0.7428571428571429,0.9655172413793104,0.5166666666666667,0.9183673469387755,0.8045977011494253,0.7906976744186046,0.6966292134831461,0.8167613636363636,0.7764761409847246,0.8167613636363636,0.7751091703056768
f1-score,0.8253968253968255,0.9491525423728815,0.5254237288135593,0.9207161125319694,0.7608695652173912,0.7555555555555555,0.7045454545454545,0.8150248051027641,0.7773799692048052,0.8149761788129942,0.7607957302280447
support,70.0,116.0,60.0,196.0,87.0,86.0,89.0,704.0,704.0,704.0,704.0
