index,abnormal QRS,atrial fibrillation,incomplete right bundle branch block,left anterior fascicular block,left axis deviation,left ventricular hypertrophy,myocardial infarction,myocardial ischemia,sinus rhythm,t wave abnormal,ventricular ectopics,micro avg,macro avg,weighted avg,samples avg
precision,0.6526946107784432,0.8134328358208955,0.5572519083969466,0.6916299559471366,0.6773333333333333,0.7307692307692307,0.7052810902896082,0.7815126050420168,0.9370249728555917,0.6263736263736264,0.8048780487804879,0.7949714285714286,0.7252892925806652,0.7923796539698095,0.8176493684968261
recall,0.6210826210826211,0.68125,0.6403508771929824,0.8674033149171271,0.9087656529516994,0.25333333333333335,0.75,0.45145631067961167,0.9680314077397645,0.23553719008264462,0.5641025641025641,0.7746102449888641,0.6310284792802136,0.7746102449888641,0.7932028881181423
f1-score,0.6364963503649635,0.7414965986394557,0.5959183673469389,0.7696078431372548,0.7761650114591291,0.3762376237623763,0.726953467954346,0.5723076923076924,0.9522758620689655,0.34234234234234234,0.6633165829145728,0.7846587704455724,0.6502834311180035,0.7673384282942091,0.7804882423526491
support,351.0,160.0,114.0,181.0,559.0,225.0,552.0,206.0,1783.0,242.0,117.0,4490.0,4490.0,4490.0,4490.0
