index,abnormal QRS,atrial fibrillation,incomplete right bundle branch block,left anterior fascicular block,left axis deviation,left ventricular hypertrophy,myocardial infarction,myocardial ischemia,sinus rhythm,t wave abnormal,ventricular ectopics,micro avg,macro avg,weighted avg,samples avg
precision,0.5989583333333334,0.85,0.6581196581196581,0.8699186991869918,0.8336886993603412,0.6329787234042553,0.7323232323232324,0.6103896103896104,0.9140748550342647,0.6578947368421053,0.7530864197530864,0.8044974759063791,0.737402997067898,0.8005049630785197,0.826912505726065
recall,0.6552706552706553,0.85,0.6754385964912281,0.5911602209944752,0.6994633273703041,0.5288888888888889,0.7880434782608695,0.6844660194174758,0.9725182277061133,0.30991735537190085,0.5213675213675214,0.7808463251670379,0.6615031173763121,0.7808463251670379,0.800965250965251
f1-score,0.6258503401360543,0.85,0.6666666666666666,0.7039473684210525,0.7607003891050584,0.576271186440678,0.7591623036649214,0.6453089244851259,0.942391304347826,0.4213483146067416,0.6161616161616161,0.79249547920434,0.6879825830941583,0.7840339876337934,0.7889649999819491
support,351.0,160.0,114.0,181.0,559.0,225.0,552.0,206.0,1783.0,242.0,117.0,4490.0,4490.0,4490.0,4490.0
