index,abnormal QRS,atrial fibrillation,incomplete right bundle branch block,left anterior fascicular block,left axis deviation,left ventricular hypertrophy,myocardial infarction,myocardial ischemia,sinus rhythm,t wave abnormal,ventricular ectopics,micro avg,macro avg,weighted avg,samples avg
precision,0.6086956521739131,0.8623188405797102,0.7466666666666667,0.8735632183908046,0.8043912175648703,0.7326732673267327,0.7109515260323159,0.6813186813186813,0.919661733615222,0.6511627906976745,0.8133333333333334,0.818359853121175,0.7640669934272659,0.809500994166609,0.833469668215431
recall,0.6780626780626781,0.74375,0.49122807017543857,0.4198895027624309,0.7209302325581395,0.3288888888888889,0.717391304347826,0.6019417475728155,0.975883342680875,0.23140495867768596,0.5213675213675214,0.744543429844098,0.5846125679176637,0.744543429844098,0.7740680147459807
f1-score,0.6415094339622641,0.7986577181208053,0.5925925925925926,0.5671641791044776,0.760377358490566,0.4539877300613497,0.7141568981064021,0.6391752577319587,0.9469387755102041,0.34146341463414637,0.6354166666666666,0.7797084548104958,0.6446763659074031,0.7620534398167604,0.7775631911225132
support,351.0,160.0,114.0,181.0,559.0,225.0,552.0,206.0,1783.0,242.0,117.0,4490.0,4490.0,4490.0,4490.0
