index,atrial fibrillation,left ventricular high voltage,nonspecific st t abnormality,sinus bradycardia,sinus rhythm,sinus tachycardia,supraventricular tachycardia,t wave abnormal,micro avg,macro avg,weighted avg,samples avg
precision,0.9583333333333334,0.6265060240963856,0.5846153846153846,0.9592875318066157,0.9312169312169312,0.9710144927536232,0.864406779661017,0.6918604651162791,0.8745067087608525,0.8234051178249462,0.8588271931336675,0.8587239583333333
recall,0.9096045197740112,0.40625,0.38,0.9741602067183462,0.8888888888888888,0.8993288590604027,0.8360655737704918,0.6467391304347826,0.8005780346820809,0.7426296473308653,0.8005780346820809,0.8212890625
f1-score,0.9333333333333333,0.4928909952606635,0.46060606060606063,0.9666666666666667,0.9095607235142118,0.9337979094076655,0.85,0.6685393258426966,0.8359109769898151,0.7769243768289122,0.8255352609585138,0.8250418526785714
support,177.0,128.0,100.0,387.0,198.0,149.0,61.0,184.0,1384.0,1384.0,1384.0,1384.0
