index,1st degree av block,atrial fibrillation,premature atrial contraction,right bundle branch block,sinus rhythm,st depression,ventricular ectopics,micro avg,macro avg,weighted avg,samples avg
precision,0.9245283018867925,0.9591836734693877,0.18181818181818182,0.9516129032258065,0.76,0.725,0.7872340425531915,0.8618181818181818,0.7556253004219086,0.812416671851005,0.6601164483260553
recall,0.7,0.8103448275862069,0.03333333333333333,0.9030612244897959,0.6551724137931034,0.6744186046511628,0.4157303370786517,0.6732954545454546,0.5988658201331791,0.6732954545454546,0.6470160116448326
f1-score,0.7967479674796748,0.8785046728971961,0.056338028169014086,0.9267015706806283,0.7037037037037037,0.6987951807228916,0.5441176470588235,0.7559808612440191,0.6578441101017046,0.7278945563577018,0.6477438136826783
support,70.0,116.0,60.0,196.0,87.0,86.0,89.0,704.0,704.0,704.0,704.0
