index,1st degree av block,atrial fibrillation,premature atrial contraction,right bundle branch block,sinus rhythm,st depression,ventricular ectopics,micro avg,macro avg,weighted avg,samples avg
precision,0.9285714285714286,0.9473684210526315,0.7166666666666667,0.92,0.7777777777777778,0.8064516129032258,0.9090909090909091,0.8718703976435935,0.8579895451518057,0.8752064391016195,0.789665211062591
recall,0.7428571428571429,0.9310344827586207,0.7166666666666667,0.9387755102040817,0.8045977011494253,0.872093023255814,0.6741573033707865,0.8409090909090909,0.8114545471803625,0.8409090909090909,0.7983988355167394
f1-score,0.8253968253968255,0.9391304347826087,0.7166666666666667,0.9292929292929293,0.7909604519774011,0.8379888268156425,0.7741935483870969,0.8561099060014462,0.8305185261884531,0.8546053218588142,0.7918486171761281
support,70.0,116.0,60.0,196.0,87.0,86.0,89.0,704.0,704.0,704.0,704.0
