index,abnormal QRS,atrial fibrillation,incomplete right bundle branch block,left anterior fascicular block,left axis deviation,left ventricular hypertrophy,myocardial infarction,myocardial ischemia,sinus rhythm,t wave abnormal,ventricular ectopics,micro avg,macro avg,weighted avg,samples avg
precision,0.6474358974358975,0.8181818181818182,0.6041666666666666,0.7869822485207101,0.7979591836734694,0.8026315789473685,0.7068062827225131,0.7741935483870968,0.9399449035812673,0.5339805825242718,0.9104477611940298,0.8182479980587236,0.756611861075919,0.8145740663640335,0.8317605741334555
recall,0.5754985754985755,0.9,0.7631578947368421,0.7348066298342542,0.6994633273703041,0.27111111111111114,0.7336956521739131,0.34951456310679613,0.9568143578238923,0.45454545454545453,0.5213675213675214,0.7510022271714922,0.6327250079607877,0.7510022271714922,0.782787993804943
f1-score,0.6093514328808447,0.8571428571428572,0.6744186046511628,0.7599999999999999,0.7454718779790277,0.4053156146179402,0.72,0.4816053511705685,0.9483046136742634,0.4910714285714285,0.6630434782608695,0.7831842991522471,0.6687022962680875,0.7699948608656427,0.7803988727717541
support,351.0,160.0,114.0,181.0,559.0,225.0,552.0,206.0,1783.0,242.0,117.0,4490.0,4490.0,4490.0,4490.0
