index,atrial fibrillation,left ventricular high voltage,nonspecific st t abnormality,sinus bradycardia,sinus rhythm,sinus tachycardia,supraventricular tachycardia,t wave abnormal,micro avg,macro avg,weighted avg,samples avg
precision,0.88268156424581,0.6385542168674698,0.5571428571428572,0.919047619047619,0.9880952380952381,0.9102564102564102,0.7538461538461538,0.6682926829268293,0.8395245170876672,0.7897395928035484,0.8306190912069893,0.84619140625
recall,0.8926553672316384,0.4140625,0.39,0.9974160206718347,0.8383838383838383,0.9530201342281879,0.8032786885245902,0.7445652173913043,0.8164739884393064,0.7541727208039243,0.8164739884393064,0.8321940104166666
f1-score,0.8876404494382022,0.5023696682464455,0.45882352941176474,0.9566294919454771,0.907103825136612,0.9311475409836064,0.7777777777777778,0.7043701799485861,0.827838827838828,0.765732807861059,0.8185764031421775,0.8257742745535714
support,177.0,128.0,100.0,387.0,198.0,149.0,61.0,184.0,1384.0,1384.0,1384.0,1384.0
