index,1st degree av block,atrial fibrillation,premature atrial contraction,right bundle branch block,sinus rhythm,st depression,ventricular ectopics,micro avg,macro avg,weighted avg,samples avg
precision,0.9056603773584906,0.8682170542635659,0.8536585365853658,0.912621359223301,0.7402597402597403,0.7472527472527473,0.8243243243243243,0.8479880774962743,0.8359991627525051,0.8469231560280618,0.754730713245997
recall,0.6857142857142857,0.9655172413793104,0.5833333333333334,0.9591836734693877,0.6551724137931034,0.7906976744186046,0.6853932584269663,0.8082386363636364,0.7607159829335702,0.8082386363636364,0.7634643377001455
f1-score,0.7804878048780488,0.9142857142857144,0.6930693069306931,0.9353233830845772,0.6951219512195121,0.7683615819209039,0.7484662576687118,0.8276363636363637,0.790730857141166,0.8221122633989143,0.7564289180009706
support,70.0,116.0,60.0,196.0,87.0,86.0,89.0,704.0,704.0,704.0,704.0
