index,1st degree av block,atrial fibrillation,premature atrial contraction,right bundle branch block,sinus rhythm,st depression,ventricular ectopics,micro avg,macro avg,weighted avg,samples avg
precision,0.8382352941176471,0.9159663865546218,0.7142857142857143,0.9385474860335196,0.6696428571428571,0.7804878048780488,0.9074074074074074,0.8401206636500754,0.8235104214885451,0.8492630122137559,0.745269286754003
recall,0.8142857142857143,0.9396551724137931,0.5833333333333334,0.8571428571428571,0.8620689655172413,0.7441860465116279,0.550561797752809,0.7911931818181818,0.7644619838510538,0.7911931818181818,0.7503639010189228
f1-score,0.8260869565217392,0.9276595744680851,0.6422018348623854,0.8959999999999999,0.7537688442211055,0.761904761904762,0.6853146853146853,0.8149231894659839,0.7847052367561088,0.8120417807537151,0.7442988840368752
support,70.0,116.0,60.0,196.0,87.0,86.0,89.0,704.0,704.0,704.0,704.0
