index,abnormal QRS,atrial fibrillation,incomplete right bundle branch block,left anterior fascicular block,left axis deviation,left ventricular hypertrophy,myocardial infarction,myocardial ischemia,sinus rhythm,t wave abnormal,ventricular ectopics,micro avg,macro avg,weighted avg,samples avg
precision,0.6571428571428571,0.8047337278106509,0.5725806451612904,0.7346938775510204,0.703601108033241,0.6379310344827587,0.7206405693950177,0.6650717703349283,0.9143007360672976,0.6285714285714286,0.6666666666666666,0.783684096333261,0.7005394928379235,0.7771997113493304,0.8139410597037716
recall,0.5897435897435898,0.85,0.6228070175438597,0.7955801104972375,0.9087656529516994,0.49333333333333335,0.7336956521739131,0.6747572815533981,0.9753224901850813,0.36363636363636365,0.5470085470085471,0.8044543429844098,0.6867863671479111,0.8044543429844098,0.8190388936151648
f1-score,0.6216216216216216,0.8267477203647416,0.5966386554621849,0.7639257294429708,0.7931303669008586,0.556390977443609,0.7271095152603232,0.6698795180722891,0.9438263229308005,0.4607329842931937,0.6009389671361502,0.7939333992746455,0.6873583980844312,0.7860385838547654,0.792303766880038
support,351.0,160.0,114.0,181.0,559.0,225.0,552.0,206.0,1783.0,242.0,117.0,4490.0,4490.0,4490.0,4490.0
