index,abnormal QRS,atrial fibrillation,incomplete right bundle branch block,left anterior fascicular block,left axis deviation,left ventricular hypertrophy,myocardial infarction,myocardial ischemia,sinus rhythm,t wave abnormal,ventricular ectopics,micro avg,macro avg,weighted avg,samples avg
precision,0.6936026936026936,0.8701298701298701,0.6076923076923076,0.7684729064039408,0.8085106382978723,0.591304347826087,0.8081896551724138,0.6927374301675978,0.9303969548667754,0.5957446808510638,0.7142857142857143,0.8218499292118924,0.7346424726633033,0.8132540714956091,0.8306229958772332
recall,0.5868945868945868,0.8375,0.6929824561403509,0.861878453038674,0.7477638640429338,0.6044444444444445,0.6793478260869565,0.6019417475728155,0.9596186203028604,0.34710743801652894,0.5128205128205128,0.7757238307349666,0.6756636317600604,0.7757238307349666,0.7922430905481753
f1-score,0.6358024691358023,0.8535031847133757,0.6475409836065573,0.8125,0.7769516728624535,0.5978021978021979,0.7381889763779528,0.6441558441558441,0.9447818884594147,0.4386422976501306,0.5970149253731343,0.7981209899175069,0.6988076763760784,0.7906805203268192,0.7867549206532257
support,351.0,160.0,114.0,181.0,559.0,225.0,552.0,206.0,1783.0,242.0,117.0,4490.0,4490.0,4490.0,4490.0
