index,1st degree av block,atrial fibrillation,premature atrial contraction,right bundle branch block,sinus rhythm,st depression,ventricular ectopics,micro avg,macro avg,weighted avg,samples avg
precision,0.6129032258064516,0.864406779661017,0.6470588235294118,0.905,0.6728971962616822,0.6071428571428571,0.925,0.7685589519650655,0.7477726974859171,0.7847433003521964,0.7052401746724891
recall,0.8142857142857143,0.8793103448275862,0.18333333333333332,0.923469387755102,0.8275862068965517,0.7906976744186046,0.4157303370786517,0.75,0.6906304283707919,0.75,0.7197962154294032
f1-score,0.6993865030674846,0.8717948717948718,0.2857142857142857,0.9141414141414141,0.7422680412371134,0.6868686868686869,0.5736434108527131,0.7591660675772826,0.6819738876680814,0.7402018819342765,0.7064531780688985
support,70.0,116.0,60.0,196.0,87.0,86.0,89.0,704.0,704.0,704.0,704.0
