index,atrial fibrillation,left ventricular high voltage,nonspecific st t abnormality,sinus bradycardia,sinus rhythm,sinus tachycardia,supraventricular tachycardia,t wave abnormal,micro avg,macro avg,weighted avg,samples avg
precision,0.8877005347593583,0.7272727272727273,0.7083333333333334,0.9692307692307692,0.9717514124293786,0.9319727891156463,0.7236842105263158,0.6685082872928176,0.876,0.8235567579950434,0.8631217714683443,0.8640950520833333
recall,0.9378531073446328,0.25,0.34,0.9767441860465116,0.8686868686868687,0.9194630872483222,0.9016393442622951,0.657608695652174,0.7911849710982659,0.7314994111551005,0.7911849710982659,0.8168131510416667
f1-score,0.9120879120879122,0.37209302325581395,0.45945945945945954,0.9729729729729729,0.9173333333333333,0.9256756756756758,0.802919708029197,0.663013698630137,0.8314350797266514,0.7531944729305626,0.8107545175695036,0.8245489211309524
support,177.0,128.0,100.0,387.0,198.0,149.0,61.0,184.0,1384.0,1384.0,1384.0,1384.0
