index,atrial fibrillation,left ventricular high voltage,nonspecific st t abnormality,sinus bradycardia,sinus rhythm,sinus tachycardia,supraventricular tachycardia,t wave abnormal,micro avg,macro avg,weighted avg,samples avg
precision,0.9041916167664671,0.6833333333333333,0.7547169811320755,0.9414634146341463,0.9831460674157303,0.9285714285714286,0.7727272727272727,0.7015706806282722,0.8782816229116945,0.8337150994010908,0.8645751846014282,0.8507486979166666
recall,0.8531073446327684,0.3203125,0.4,0.9974160206718347,0.8838383838383839,0.959731543624161,0.5573770491803278,0.7282608695652174,0.7976878612716763,0.7125054639390866,0.7976878612716763,0.8120930989583333
f1-score,0.8779069767441862,0.4361702127659574,0.5228758169934641,0.9686323713927226,0.9308510638297872,0.9438943894389439,0.6476190476190475,0.7146666666666667,0.8360469519121545,0.7553270681813469,0.8195952563455365,0.8175176711309524
support,177.0,128.0,100.0,387.0,198.0,149.0,61.0,184.0,1384.0,1384.0,1384.0,1384.0
