index,1st degree av block,atrial fibrillation,premature atrial contraction,right bundle branch block,sinus rhythm,st depression,ventricular ectopics,micro avg,macro avg,weighted avg,samples avg
precision,0.9259259259259259,0.8951612903225806,0.75,0.946236559139785,0.672566371681416,0.8,0.9354838709677419,0.8558692421991084,0.8464820025767785,0.8660329956477901,0.7656477438136827
recall,0.7142857142857143,0.9568965517241379,0.55,0.8979591836734694,0.8735632183908046,0.8372093023255814,0.651685393258427,0.8181818181818182,0.7830856233797335,0.8181818181818182,0.7751091703056768
f1-score,0.8064516129032259,0.925,0.6346153846153847,0.9214659685863874,0.7600000000000001,0.8181818181818183,0.7682119205298015,0.8366013071895425,0.8048466721166597,0.8342192657867464,0.767588549247938
support,70.0,116.0,60.0,196.0,87.0,86.0,89.0,704.0,704.0,704.0,704.0
