index,atrial fibrillation,left ventricular high voltage,nonspecific st t abnormality,sinus bradycardia,sinus rhythm,sinus tachycardia,supraventricular tachycardia,t wave abnormal,micro avg,macro avg,weighted avg,samples avg
precision,0.9259259259259259,0.5789473684210527,0.48672566371681414,0.9818652849740933,0.9359605911330049,0.9328859060402684,0.8301886792452831,0.7,0.850381679389313,0.7965624274320553,0.8456721749868038,0.8482259114583333
recall,0.847457627118644,0.515625,0.55,0.979328165374677,0.9595959595959596,0.9328859060402684,0.7213114754098361,0.4945652173913043,0.8049132947976878,0.7500961688663361,0.8049132947976878,0.8279622395833334
f1-score,0.8849557522123893,0.5454545454545454,0.5164319248826292,0.9805950840879689,0.9476309226932668,0.9328859060402684,0.7719298245614035,0.5796178343949044,0.8270230141054193,0.769937724290922,0.8222233840392027,0.8233723958333332
support,177.0,128.0,100.0,387.0,198.0,149.0,61.0,184.0,1384.0,1384.0,1384.0,1384.0
