index,abnormal QRS,atrial fibrillation,incomplete right bundle branch block,left anterior fascicular block,left axis deviation,left ventricular hypertrophy,myocardial infarction,myocardial ischemia,sinus rhythm,t wave abnormal,ventricular ectopics,micro avg,macro avg,weighted avg,samples avg
precision,0.7165775401069518,0.923728813559322,0.6781609195402298,0.7956989247311828,0.8072033898305084,0.4751552795031056,0.7448275862068966,0.6580310880829016,0.9079627714581179,0.41624365482233505,0.759493670886076,0.7739455184534271,0.7166439671570571,0.7870762554468149,0.8000327203717034
recall,0.3817663817663818,0.68125,0.5175438596491229,0.8176795580110497,0.6815742397137746,0.68,0.782608695652174,0.616504854368932,0.9848569826135727,0.6776859504132231,0.5128205128205128,0.7846325167037862,0.6667537304553403,0.7846325167037862,0.8105435944418995
f1-score,0.4981412639405205,0.7841726618705035,0.5870646766169154,0.8065395095367848,0.7390882638215325,0.5594149908592322,0.7632508833922261,0.6365914786967418,0.9448479956954533,0.5157232704402515,0.6122448979591837,0.7792523777925237,0.677007262984486,0.7763467571045098,0.7769800566410736
support,351.0,160.0,114.0,181.0,559.0,225.0,552.0,206.0,1783.0,242.0,117.0,4490.0,4490.0,4490.0,4490.0
