index,abnormal QRS,atrial fibrillation,incomplete right bundle branch block,left anterior fascicular block,left axis deviation,left ventricular hypertrophy,myocardial infarction,myocardial ischemia,sinus rhythm,t wave abnormal,ventricular ectopics,micro avg,macro avg,weighted avg,samples avg
precision,0.6974169741697417,0.7566137566137566,0.7375,0.8888888888888888,0.7632508833922261,0.825,0.7243697478991596,0.7961165048543689,0.9078534031413612,0.4628975265017668,0.8125,0.8035037878787878,0.7611279714055699,0.8046182876952639,0.8250801649106734
recall,0.5384615384615384,0.89375,0.5175438596491229,0.4861878453038674,0.7728085867620751,0.29333333333333333,0.7807971014492754,0.39805825242718446,0.9725182277061133,0.5413223140495868,0.3333333333333333,0.755902004454343,0.5934649447704936,0.755902004454343,0.7870678184237506
f1-score,0.607717041800643,0.8194842406876791,0.6082474226804124,0.6285714285714284,0.768,0.4327868852459017,0.7515257192676548,0.5307443365695792,0.9390739236393175,0.49904761904761896,0.4727272727272727,0.7789763598806518,0.641629626385228,0.7636636514601279,0.7793461310410462
support,351.0,160.0,114.0,181.0,559.0,225.0,552.0,206.0,1783.0,242.0,117.0,4490.0,4490.0,4490.0,4490.0
