index,1st degree av block,atrial fibrillation,premature atrial contraction,right bundle branch block,sinus rhythm,st depression,ventricular ectopics,micro avg,macro avg,weighted avg,samples avg
precision,0.7866666666666666,0.9210526315789473,0.7547169811320755,0.9764705882352941,0.6947368421052632,0.6792452830188679,0.859375,0.8316100443131462,0.8103234275338735,0.8436386373503513,0.7612809315866085
recall,0.8428571428571429,0.9051724137931034,0.6666666666666666,0.8469387755102041,0.7586206896551724,0.8372093023255814,0.6179775280898876,0.7997159090909091,0.7822060741282512,0.7997159090909091,0.7656477438136827
f1-score,0.8137931034482757,0.9130434782608695,0.7079646017699115,0.907103825136612,0.7252747252747253,0.7499999999999999,0.7189542483660131,0.8153511947863867,0.7908762831794868,0.8163843973808056,0.7593401261523531
support,70.0,116.0,60.0,196.0,87.0,86.0,89.0,704.0,704.0,704.0,704.0
