index,1st degree av block,atrial fibrillation,premature atrial contraction,right bundle branch block,sinus rhythm,st depression,ventricular ectopics,micro avg,macro avg,weighted avg,samples avg
precision,0.8524590163934426,0.9385964912280702,0.8085106382978723,0.9289340101522843,0.6862745098039216,0.7816091954022989,0.9117647058823529,0.8579881656804734,0.8440212238800349,0.8625033528391839,0.7729257641921398
recall,0.7428571428571429,0.9224137931034483,0.6333333333333333,0.9336734693877551,0.8045977011494253,0.7906976744186046,0.6966292134831461,0.8238636363636364,0.7891717611046937,0.8238636363636364,0.7809315866084425
f1-score,0.7938931297709924,0.9304347826086956,0.7102803738317757,0.9312977099236641,0.7407407407407408,0.7861271676300577,0.7898089171974523,0.8405797101449276,0.8117975459576254,0.8394865084271671,0.7738961669092674
support,70.0,116.0,60.0,196.0,87.0,86.0,89.0,704.0,704.0,704.0,704.0
