index,atrial fibrillation,left ventricular high voltage,nonspecific st t abnormality,sinus bradycardia,sinus rhythm,sinus tachycardia,supraventricular tachycardia,t wave abnormal,micro avg,macro avg,weighted avg,samples avg
precision,0.9515151515151515,0.7058823529411765,0.39080459770114945,0.969309462915601,0.9424083769633508,0.9276315789473685,0.8333333333333334,0.6875,0.8306569343065694,0.8010481067896414,0.8490763310320373,0.836669921875
recall,0.8870056497175142,0.28125,0.68,0.979328165374677,0.9090909090909091,0.9463087248322147,0.7377049180327869,0.717391304347826,0.8222543352601156,0.7672599589244911,0.8222543352601156,0.8355305989583334
f1-score,0.9181286549707602,0.4022346368715084,0.4963503649635037,0.9742930591259641,0.9254498714652956,0.9368770764119602,0.782608695652174,0.702127659574468,0.8264342774146696,0.7672587523794543,0.8240214122539532,0.821377418154762
support,177.0,128.0,100.0,387.0,198.0,149.0,61.0,184.0,1384.0,1384.0,1384.0,1384.0
