index,abnormal QRS,atrial fibrillation,incomplete right bundle branch block,left anterior fascicular block,left axis deviation,left ventricular hypertrophy,myocardial infarction,myocardial ischemia,sinus rhythm,t wave abnormal,ventricular ectopics,micro avg,macro avg,weighted avg,samples avg
precision,0.6627450980392157,0.9191919191919192,0.5983606557377049,0.6724137931034483,0.721030042918455,0.7123287671232876,0.7164461247637051,0.7391304347826086,0.9125,0.5922330097087378,0.7913043478260869,0.8004667444574096,0.7306985630177426,0.7892146195684631,0.8218353947167506
recall,0.48148148148148145,0.56875,0.6403508771929824,0.861878453038674,0.9016100178890877,0.2311111111111111,0.6865942028985508,0.49514563106796117,0.9826135726303982,0.25206611570247933,0.7777777777777778,0.7639198218262806,0.6253981127991367,0.7639198218262806,0.790250419911437
f1-score,0.5577557755775576,0.7027027027027026,0.6186440677966101,0.7554479418886199,0.8012718600953894,0.348993288590604,0.7012025901942646,0.5930232558139534,0.9462597893599785,0.3536231884057971,0.7844827586206897,0.7817663817663817,0.6512188380951062,0.7607282382769691,0.781792292809242
support,351.0,160.0,114.0,181.0,559.0,225.0,552.0,206.0,1783.0,242.0,117.0,4490.0,4490.0,4490.0,4490.0
