index,abnormal QRS,atrial fibrillation,incomplete right bundle branch block,left anterior fascicular block,left axis deviation,left ventricular hypertrophy,myocardial infarction,myocardial ischemia,sinus rhythm,t wave abnormal,ventricular ectopics,micro avg,macro avg,weighted avg,samples avg
precision,0.7110091743119266,0.9,0.7142857142857143,0.8758169934640523,0.8680089485458613,0.7321428571428571,0.7089430894308943,0.7,0.9192513368983958,0.49097472924187724,0.6370967741935484,0.814631851329099,0.7506845106831933,0.8132255542619607,0.8296293872565059
recall,0.4415954415954416,0.7875,0.6578947368421053,0.7403314917127072,0.6940966010733453,0.36444444444444446,0.7898550724637681,0.6456310679611651,0.9641054402692092,0.5619834710743802,0.6752136752136753,0.7712694877505568,0.6656955856954766,0.7712694877505568,0.7948476321357677
f1-score,0.5448154657293497,0.84,0.684931506849315,0.8023952095808382,0.7713717693836979,0.486646884272997,0.7472150814053128,0.6717171717171716,0.9411442649876814,0.5240847784200385,0.6556016597510375,0.7923578537924723,0.6972657992815855,0.7844251489050988,0.7868312631024496
support,351.0,160.0,114.0,181.0,559.0,225.0,552.0,206.0,1783.0,242.0,117.0,4490.0,4490.0,4490.0,4490.0
