index,1st degree av block,atrial fibrillation,premature atrial contraction,right bundle branch block,sinus rhythm,st depression,ventricular ectopics,micro avg,macro avg,weighted avg,samples avg
precision,0.8260869565217391,0.9224137931034483,0.5227272727272727,0.8894230769230769,0.6542056074766355,0.711340206185567,0.7361111111111112,0.791023842917251,0.7517582891498359,0.7871046603244264,0.7413876758854925
recall,0.8142857142857143,0.9224137931034483,0.38333333333333336,0.9438775510204082,0.8045977011494253,0.8023255813953488,0.5955056179775281,0.8011363636363636,0.7523341846093151,0.8011363636363636,0.759825327510917
f1-score,0.8201438848920863,0.9224137931034483,0.44230769230769235,0.9158415841584158,0.7216494845360825,0.7540983606557377,0.658385093167702,0.7960479887085391,0.7478342704030236,0.7907467634075499,0.7450266860747211
support,70.0,116.0,60.0,196.0,87.0,86.0,89.0,704.0,704.0,704.0,704.0
