index,atrial fibrillation,left ventricular high voltage,nonspecific st t abnormality,sinus bradycardia,sinus rhythm,sinus tachycardia,supraventricular tachycardia,t wave abnormal,micro avg,macro avg,weighted avg,samples avg
precision,0.8391959798994975,0.6385542168674698,0.5,1.0,0.972972972972973,0.8853503184713376,0.8166666666666667,0.635,0.8367346938775511,0.7859675193597431,0.8370629631277399,0.8539225260416666
recall,0.943502824858757,0.4140625,0.55,0.9767441860465116,0.9090909090909091,0.9328859060402684,0.8032786885245902,0.6902173913043478,0.8294797687861272,0.777472800733173,0.8294797687861272,0.8473307291666666
f1-score,0.8882978723404255,0.5023696682464455,0.5238095238095238,0.988235294117647,0.9399477806788512,0.9084967320261438,0.8099173553719008,0.6614583333333333,0.8330914368650219,0.7778165699905338,0.8301654752901803,0.8332263764880953
support,177.0,128.0,100.0,387.0,198.0,149.0,61.0,184.0,1384.0,1384.0,1384.0,1384.0
