index,atrial fibrillation,left ventricular high voltage,nonspecific st t abnormality,sinus bradycardia,sinus rhythm,sinus tachycardia,supraventricular tachycardia,t wave abnormal,micro avg,macro avg,weighted avg,samples avg
precision,0.9,0.6666666666666666,0.6721311475409836,0.9846938775510204,0.9690721649484536,0.951048951048951,0.8225806451612904,0.5309090909090909,0.8381712626995645,0.8121378179783071,0.8485334199045345,0.8478190104166666
recall,0.864406779661017,0.421875,0.41,0.9974160206718347,0.9494949494949495,0.912751677852349,0.8360655737704918,0.7934782608695652,0.8345375722543352,0.773186032790026,0.8345375722543352,0.8466796875
f1-score,0.8818443804034583,0.5167464114832536,0.5093167701863354,0.9910141206675225,0.9591836734693878,0.9315068493150686,0.829268292682927,0.6361655773420478,0.836350470673425,0.78188075944375,0.8331191168336073,0.8322823660714285
support,177.0,128.0,100.0,387.0,198.0,149.0,61.0,184.0,1384.0,1384.0,1384.0,1384.0
