index,1st degree av block,atrial fibrillation,premature atrial contraction,right bundle branch block,sinus rhythm,st depression,ventricular ectopics,micro avg,macro avg,weighted avg,samples avg
precision,0.8382352941176471,0.9105691056910569,0.65,0.9526315789473684,0.7191011235955056,0.8181818181818182,0.7073170731707317,0.8389057750759878,0.799433713386304,0.8322371164072764,0.7445414847161572
recall,0.8142857142857143,0.9655172413793104,0.43333333333333335,0.923469387755102,0.735632183908046,0.627906976744186,0.651685393258427,0.7840909090909091,0.7359757472377313,0.7840909090909091,0.74745269286754
f1-score,0.8260869565217392,0.9372384937238494,0.5199999999999999,0.9378238341968912,0.7272727272727273,0.7105263157894738,0.6783625730994152,0.8105726872246696,0.7624729858005851,0.8044197204084501,0.7418243571081999
support,70.0,116.0,60.0,196.0,87.0,86.0,89.0,704.0,704.0,704.0,704.0
