index,1st degree av block,atrial fibrillation,premature atrial contraction,right bundle branch block,sinus rhythm,st depression,ventricular ectopics,micro avg,macro avg,weighted avg,samples avg
precision,0.8805970149253731,0.8870967741935484,0.7368421052631579,0.9606741573033708,0.6481481481481481,0.7625,0.9016393442622951,0.8414814814814815,0.8253567920136992,0.8512179950663511,0.7569141193595342
recall,0.8428571428571429,0.9482758620689655,0.7,0.8724489795918368,0.8045977011494253,0.7093023255813954,0.6179775280898876,0.8068181818181818,0.7850656484769506,0.8068181818181818,0.764919941775837
f1-score,0.8613138686131387,0.9166666666666667,0.717948717948718,0.9144385026737968,0.7179487179487181,0.7349397590361445,0.7333333333333333,0.8237853517041334,0.7995127951743595,0.8236721564524913,0.757399320718098
support,70.0,116.0,60.0,196.0,87.0,86.0,89.0,704.0,704.0,704.0,704.0
