index,1st degree av block,atrial fibrillation,premature atrial contraction,right bundle branch block,sinus rhythm,st depression,ventricular ectopics,micro avg,macro avg,weighted avg,samples avg
precision,0.890625,0.9344262295081968,0.7,0.9621621621621622,0.6796116504854369,0.7425742574257426,0.8059701492537313,0.844574780058651,0.8164813498336099,0.8466476128141529,0.7678311499272198
recall,0.8142857142857143,0.9827586206896551,0.4666666666666667,0.9081632653061225,0.8045977011494253,0.872093023255814,0.6067415730337079,0.8181818181818182,0.779329509198158,0.8181818181818182,0.7743813682678311
f1-score,0.8507462686567163,0.9579831932773109,0.56,0.9343832020997376,0.736842105263158,0.8021390374331551,0.6923076923076924,0.8311688311688311,0.7906287855768243,0.8268778435088315,0.7685589519650655
support,70.0,116.0,60.0,196.0,87.0,86.0,89.0,704.0,704.0,704.0,704.0
