index,atrial fibrillation,left ventricular high voltage,nonspecific st t abnormality,sinus bradycardia,sinus rhythm,sinus tachycardia,supraventricular tachycardia,t wave abnormal,micro avg,macro avg,weighted avg,samples avg
precision,0.8833333333333333,0.4444444444444444,0.5733333333333334,0.9344660194174758,0.9315789473684211,0.9407407407407408,0.8431372549019608,0.653179190751445,0.8144631117604091,0.7755266580363943,0.8153539865125641,0.82470703125
recall,0.8983050847457628,0.53125,0.43,0.9948320413436692,0.8939393939393939,0.8523489932885906,0.7049180327868853,0.6141304347826086,0.805635838150289,0.7399654976108638,0.805635838150289,0.8202311197916666
f1-score,0.8907563025210085,0.48398576512455516,0.49142857142857144,0.9637046307884857,0.9123711340206184,0.8943661971830986,0.7678571428571429,0.6330532212885154,0.8100254268071195,0.7546903706514995,0.8084839010750718,0.8048642113095238
support,177.0,128.0,100.0,387.0,198.0,149.0,61.0,184.0,1384.0,1384.0,1384.0,1384.0
