index,1st degree av block,atrial fibrillation,premature atrial contraction,right bundle branch block,sinus rhythm,st depression,ventricular ectopics,micro avg,macro avg,weighted avg,samples avg
precision,0.875,0.88,0.8421052631578947,0.905,0.7341772151898734,0.7951807228915663,0.7441860465116279,0.8395802098950524,0.8250927496787089,0.8376815821295487,0.735322658903445
recall,0.7,0.9482758620689655,0.5333333333333333,0.923469387755102,0.6666666666666666,0.7674418604651163,0.7191011235955056,0.7954545454545454,0.7511840334120985,0.7954545454545454,0.7503639010189228
f1-score,0.7777777777777777,0.9128630705394191,0.653061224489796,0.9141414141414141,0.6987951807228916,0.7810650887573964,0.7314285714285713,0.8169219547775347,0.7813046182653238,0.8121532279563813,0.7389616690926735
support,70.0,116.0,60.0,196.0,87.0,86.0,89.0,704.0,704.0,704.0,704.0
