index,1st degree av block,atrial fibrillation,premature atrial contraction,right bundle branch block,sinus rhythm,st depression,ventricular ectopics,micro avg,macro avg,weighted avg,samples avg
precision,0.8769230769230769,0.8818897637795275,0.6129032258064516,0.9411764705882353,0.7070707070707071,0.8108108108108109,0.8441558441558441,0.8364688856729378,0.8107042713049505,0.8399195470759563,0.7605531295487628
recall,0.8142857142857143,0.9655172413793104,0.6333333333333333,0.8979591836734694,0.8045977011494253,0.6976744186046512,0.7303370786516854,0.8210227272727273,0.7919578101539414,0.8210227272727273,0.777292576419214
f1-score,0.8444444444444444,0.9218106995884774,0.6229508196721313,0.9190600522193212,0.7526881720430108,0.75,0.7831325301204819,0.828673835125448,0.7991552454411239,0.8284611332772076,0.7646773410965549
support,70.0,116.0,60.0,196.0,87.0,86.0,89.0,704.0,704.0,704.0,704.0
