index,abnormal QRS,atrial fibrillation,incomplete right bundle branch block,left anterior fascicular block,left axis deviation,left ventricular hypertrophy,myocardial infarction,myocardial ischemia,sinus rhythm,t wave abnormal,ventricular ectopics,micro avg,macro avg,weighted avg,samples avg
precision,0.6422287390029325,0.8245614035087719,0.6915887850467289,0.7264150943396226,0.8145315487571702,0.7272727272727273,0.751937984496124,0.7857142857142857,0.9073498964803313,0.603448275862069,0.8160919540229885,0.819605981485877,0.7537400631367048,0.8068781474424493,0.8415559627424034
recall,0.6239316239316239,0.88125,0.6491228070175439,0.850828729281768,0.7620751341681574,0.35555555555555557,0.7028985507246377,0.3737864077669903,0.9831744251261918,0.2892561983471074,0.6068376068376068,0.7690423162583518,0.6435197307961076,0.7690423162583518,0.7919845996117183
f1-score,0.6329479768786127,0.851963746223565,0.669683257918552,0.7837150127226463,0.7874306839186691,0.4776119402985074,0.7265917602996255,0.506578947368421,0.9437415881561237,0.39106145251396646,0.6960784313725491,0.7935194760427439,0.6788549816064763,0.7769520938458803,0.7902307114171521
support,351.0,160.0,114.0,181.0,559.0,225.0,552.0,206.0,1783.0,242.0,117.0,4490.0,4490.0,4490.0,4490.0
