index,1st degree av block,atrial fibrillation,premature atrial contraction,right bundle branch block,sinus rhythm,st depression,ventricular ectopics,micro avg,macro avg,weighted avg,samples avg
precision,0.8615384615384616,0.9732142857142857,0.8181818181818182,0.9303482587064676,0.7340425531914894,0.7840909090909091,0.8823529411764706,0.8720238095238095,0.8548241753714146,0.8728162632416332,0.7816593886462883
recall,0.8,0.9396551724137931,0.6,0.9540816326530612,0.7931034482758621,0.8023255813953488,0.6741573033707865,0.8323863636363636,0.7947604483012645,0.8323863636363636,0.7882096069868996
f1-score,0.8296296296296297,0.9561403508771931,0.6923076923076923,0.9420654911838792,0.7624309392265194,0.7931034482758621,0.7643312101910827,0.8517441860465117,0.8200012516702655,0.8490532934059206,0.7826297913634158
support,70.0,116.0,60.0,196.0,87.0,86.0,89.0,704.0,704.0,704.0,704.0
