index,abnormal QRS,atrial fibrillation,incomplete right bundle branch block,left anterior fascicular block,left axis deviation,left ventricular hypertrophy,myocardial infarction,myocardial ischemia,sinus rhythm,t wave abnormal,ventricular ectopics,micro avg,macro avg,weighted avg,samples avg
precision,0.696,0.6788990825688074,0.6495726495726496,0.782608695652174,0.7436305732484076,0.6967741935483871,0.7386759581881533,0.6103896103896104,0.9278741865509761,0.5412844036697247,0.7157894736842105,0.7928666371289322,0.7074089842793728,0.7892459355365743,0.8174481382108502
recall,0.49572649572649574,0.925,0.6666666666666666,0.7955801104972375,0.8354203935599285,0.48,0.7681159420289855,0.6844660194174758,0.9596186203028604,0.48760330578512395,0.5811965811965812,0.7971046770601337,0.6981267395619414,0.7971046770601337,0.8110104050782017
f1-score,0.5790349417637272,0.783068783068783,0.658008658008658,0.7890410958904109,0.7868576242628474,0.5684210526315789,0.7531083481349912,0.6453089244851259,0.9434794596084918,0.5130434782608695,0.6415094339622641,0.79498000888494,0.6964438000070681,0.7893532945731334,0.790841514570328
support,351.0,160.0,114.0,181.0,559.0,225.0,552.0,206.0,1783.0,242.0,117.0,4490.0,4490.0,4490.0,4490.0
