index,atrial fibrillation,left ventricular high voltage,nonspecific st t abnormality,sinus bradycardia,sinus rhythm,sinus tachycardia,supraventricular tachycardia,t wave abnormal,micro avg,macro avg,weighted avg,samples avg
precision,0.8512820512820513,0.6774193548387096,0.6744186046511628,1.0,0.9791666666666666,0.9424460431654677,0.75,0.6649484536082474,0.8763693270735524,0.8174601467765381,0.8628818185382704,0.87744140625
recall,0.9378531073446328,0.328125,0.29,0.9844961240310077,0.9494949494949495,0.8791946308724832,0.8852459016393442,0.7010869565217391,0.8092485549132948,0.7444370837380196,0.8092485549132948,0.8352864583333334
f1-score,0.8924731182795698,0.4421052631578948,0.4055944055944056,0.9921875,0.9641025641025641,0.9097222222222223,0.8120300751879699,0.6825396825396826,0.8414725770097671,0.7625943538855386,0.8241728855898276,0.8424107142857142
support,177.0,128.0,100.0,387.0,198.0,149.0,61.0,184.0,1384.0,1384.0,1384.0,1384.0
