index,atrial fibrillation,left ventricular high voltage,nonspecific st t abnormality,sinus bradycardia,sinus rhythm,sinus tachycardia,supraventricular tachycardia,t wave abnormal,micro avg,macro avg,weighted avg,samples avg
precision,0.8333333333333334,0.6493506493506493,0.66,0.974025974025974,0.9303482587064676,0.9183673469387755,0.8461538461538461,0.6927083333333334,0.8616207951070336,0.8130359677302974,0.8480378200371469,0.8601888020833334
recall,0.96045197740113,0.390625,0.33,0.9689922480620154,0.9444444444444444,0.9060402684563759,0.7213114754098361,0.7228260869565217,0.8143063583815029,0.7430864375912904,0.8143063583815029,0.832763671875
f1-score,0.8923884514435696,0.4878048780487804,0.44000000000000006,0.9715025906735751,0.93734335839599,0.9121621621621622,0.7787610619469026,0.7074468085106385,0.8372956909361069,0.7659261638977024,0.8233699910084654,0.8332705543154761
support,177.0,128.0,100.0,387.0,198.0,149.0,61.0,184.0,1384.0,1384.0,1384.0,1384.0
