index,atrial fibrillation,left ventricular high voltage,nonspecific st t abnormality,sinus bradycardia,sinus rhythm,sinus tachycardia,supraventricular tachycardia,t wave abnormal,micro avg,macro avg,weighted avg,samples avg
precision,0.8972972972972973,0.5961538461538461,0.5363636363636364,0.9575,0.9312169312169312,0.9090909090909091,0.8333333333333334,0.75,0.8519083969465648,0.8013694941819942,0.8439212490856278,0.8500162760416666
recall,0.9378531073446328,0.484375,0.59,0.9896640826873385,0.8888888888888888,0.9395973154362416,0.6557377049180327,0.4891304347826087,0.8063583815028902,0.7469058167572179,0.8063583815028902,0.8228352864583333
f1-score,0.9171270718232044,0.5344827586206896,0.5619047619047618,0.9733163913595934,0.9095607235142118,0.9240924092409241,0.7339449541284403,0.5921052631578948,0.8285077951002228,0.768316791718715,0.8201661902589548,0.8203218005952381
support,177.0,128.0,100.0,387.0,198.0,149.0,61.0,184.0,1384.0,1384.0,1384.0,1384.0
