index,atrial fibrillation,left ventricular high voltage,nonspecific st t abnormality,sinus bradycardia,sinus rhythm,sinus tachycardia,supraventricular tachycardia,t wave abnormal,micro avg,macro avg,weighted avg,samples avg
precision,0.9028571428571428,0.6575342465753424,0.6363636363636364,0.9721518987341772,0.8508771929824561,0.952,0.8448275862068966,0.7189542483660131,0.8692551505546752,0.816945744010708,0.8511365570537152,0.86181640625
recall,0.8926553672316384,0.375,0.35,0.9922480620155039,0.9797979797979798,0.7986577181208053,0.8032786885245902,0.5978260869565217,0.7926300578034682,0.7236829878308799,0.7926300578034682,0.81640625
f1-score,0.8977272727272727,0.47761194029850745,0.45161290322580644,0.9820971867007673,0.9107981220657276,0.8686131386861312,0.823529411764706,0.6528189910979229,0.8291761148904006,0.7581011208208552,0.8131360776875913,0.824223400297619
support,177.0,128.0,100.0,387.0,198.0,149.0,61.0,184.0,1384.0,1384.0,1384.0,1384.0
