index,abnormal QRS,atrial fibrillation,incomplete right bundle branch block,left anterior fascicular block,left axis deviation,left ventricular hypertrophy,myocardial infarction,myocardial ischemia,sinus rhythm,t wave abnormal,ventricular ectopics,micro avg,macro avg,weighted avg,samples avg
precision,0.6831275720164609,0.8368794326241135,0.7692307692307693,0.8187134502923976,0.726984126984127,0.7241379310344828,0.7011128775834659,0.7295597484276729,0.9202099737532808,0.57,0.8764044943820225,0.8084282460136675,0.7596691251207993,0.801200538152945,0.8288964509303491
recall,0.47293447293447294,0.7375,0.5263157894736842,0.7734806629834254,0.8193202146690519,0.4666666666666667,0.7989130434782609,0.5631067961165048,0.9831744251261918,0.47107438016528924,0.6666666666666666,0.790423162583519,0.6617411925709287,0.790423162583519,0.8136814780882576
f1-score,0.5589225589225589,0.7840531561461795,0.625,0.7954545454545455,0.7703952901597982,0.5675675675675675,0.7468247248094835,0.6356164383561643,0.9506507592190889,0.5158371040723982,0.7572815533980582,0.7993243243243243,0.7006912452823493,0.7899421658822813,0.7979936793496116
support,351.0,160.0,114.0,181.0,559.0,225.0,552.0,206.0,1783.0,242.0,117.0,4490.0,4490.0,4490.0,4490.0
