index,abnormal QRS,atrial fibrillation,incomplete right bundle branch block,left anterior fascicular block,left axis deviation,left ventricular hypertrophy,myocardial infarction,myocardial ischemia,sinus rhythm,t wave abnormal,ventricular ectopics,micro avg,macro avg,weighted avg,samples avg
precision,0.8070175438596491,0.8620689655172413,0.7439024390243902,0.7865168539325843,0.8390243902439024,0.4197183098591549,0.6892109500805152,0.7285714285714285,0.9258271077908218,0.53125,0.782258064516129,0.7989531287175827,0.7377605503087107,0.8047163608735649,0.8236284710860983
recall,0.2621082621082621,0.78125,0.5350877192982456,0.7734806629834254,0.6153846153846154,0.6622222222222223,0.7753623188405797,0.49514563106796117,0.9730790802019069,0.3512396694214876,0.8290598290598291,0.7478841870824053,0.641220000962594,0.7478841870824053,0.778588879436337
f1-score,0.3956989247311828,0.8196721311475409,0.6224489795918368,0.7799442896935934,0.7100103199174407,0.5137931034482759,0.7297527706734868,0.5895953757225434,0.9488651900464862,0.42288557213930345,0.8049792531120332,0.7725756355688486,0.6670587191112476,0.7588627778434935,0.7740732317003503
support,351.0,160.0,114.0,181.0,559.0,225.0,552.0,206.0,1783.0,242.0,117.0,4490.0,4490.0,4490.0,4490.0
