index,atrial fibrillation,left ventricular high voltage,nonspecific st t abnormality,sinus bradycardia,sinus rhythm,sinus tachycardia,supraventricular tachycardia,t wave abnormal,micro avg,macro avg,weighted avg,samples avg
precision,0.9142857142857143,0.5957446808510638,0.6808510638297872,0.973753280839895,0.8355555555555556,0.9375,0.7857142857142857,0.7074829931972789,0.8589440504334122,0.8038609467841975,0.8426621812300552,0.8455403645833333
recall,0.903954802259887,0.4375,0.32,0.958656330749354,0.9494949494949495,0.9060402684563759,0.7213114754098361,0.5652173913043478,0.7875722543352601,0.7202719022093438,0.7875722543352601,0.8116048177083333
f1-score,0.9090909090909091,0.5045045045045045,0.435374149659864,0.9661458333333334,0.8888888888888891,0.9215017064846417,0.7521367521367521,0.6283987915407855,0.821711270260083,0.75075519195496,0.8076090995243583,0.8126627604166666
support,177.0,128.0,100.0,387.0,198.0,149.0,61.0,184.0,1384.0,1384.0,1384.0,1384.0
