index,atrial fibrillation,left ventricular high voltage,nonspecific st t abnormality,sinus bradycardia,sinus rhythm,sinus tachycardia,supraventricular tachycardia,t wave abnormal,micro avg,macro avg,weighted avg,samples avg
precision,0.8723404255319149,0.6705882352941176,0.5208333333333334,0.9720101781170484,0.8584905660377359,0.92,0.8703703703703703,0.7435897435897436,0.8515742128935532,0.8035278565342829,0.8420990312066503,0.8575846354166666
recall,0.9265536723163842,0.4453125,0.5,0.9870801033591732,0.9191919191919192,0.9261744966442953,0.7704918032786885,0.6304347826086957,0.8208092485549133,0.7631549096748945,0.8208092485549133,0.8390299479166667
f1-score,0.8986301369863015,0.5352112676056339,0.5102040816326531,0.9794871794871794,0.8878048780487805,0.9230769230769231,0.817391304347826,0.6823529411764706,0.8359087564385578,0.7792698390452211,0.8283122552447314,0.8330171130952381
support,177.0,128.0,100.0,387.0,198.0,149.0,61.0,184.0,1384.0,1384.0,1384.0,1384.0
