index,atrial fibrillation,left ventricular high voltage,nonspecific st t abnormality,sinus bradycardia,sinus rhythm,sinus tachycardia,supraventricular tachycardia,t wave abnormal,micro avg,macro avg,weighted avg,samples avg
precision,0.9401197604790419,0.6075949367088608,0.6521739130434783,0.9168646080760094,0.9672131147540983,0.9215686274509803,0.8,0.6834532374100719,0.8630999213217939,0.8111235247403176,0.8436377615811047,0.85791015625
recall,0.8870056497175142,0.375,0.45,0.9974160206718347,0.8939393939393939,0.9463087248322147,0.7868852459016393,0.5163043478260869,0.7926300578034682,0.7316074228610855,0.7926300578034682,0.8185221354166666
f1-score,0.9127906976744187,0.46376811594202894,0.5325443786982249,0.9554455445544554,0.9291338582677166,0.9337748344370861,0.7933884297520661,0.588235294117647,0.8263653483992467,0.7636351441804554,0.8119010683106974,0.8217633928571428
support,177.0,128.0,100.0,387.0,198.0,149.0,61.0,184.0,1384.0,1384.0,1384.0,1384.0
