index,atrial fibrillation,left ventricular high voltage,nonspecific st t abnormality,sinus bradycardia,sinus rhythm,sinus tachycardia,supraventricular tachycardia,t wave abnormal,micro avg,macro avg,weighted avg,samples avg
precision,0.8961748633879781,0.6753246753246753,0.5098039215686274,0.9948320413436692,0.949748743718593,0.9849624060150376,0.8307692307692308,0.6174863387978142,0.8577878103837472,0.8073877776157032,0.8527087865508209,0.8592936197916666
recall,0.9265536723163842,0.40625,0.52,0.9948320413436692,0.9545454545454546,0.8791946308724832,0.8852459016393442,0.6141304347826086,0.8236994219653179,0.772594016937493,0.8236994219653179,0.8429361979166666
f1-score,0.9111111111111111,0.5073170731707317,0.5148514851485149,0.9948320413436692,0.9521410579345088,0.9290780141843972,0.8571428571428572,0.6158038147138964,0.840398083302617,0.7852846818437108,0.8347099496567566,0.8347563244047619
support,177.0,128.0,100.0,387.0,198.0,149.0,61.0,184.0,1384.0,1384.0,1384.0,1384.0
