index,1st degree av block,atrial fibrillation,premature atrial contraction,right bundle branch block,sinus rhythm,st depression,ventricular ectopics,micro avg,macro avg,weighted avg,samples avg
precision,0.9047619047619048,0.9327731092436975,0.7735849056603774,0.93717277486911,0.7752808988764045,0.7931034482758621,0.8831168831168831,0.8748159057437408,0.8571134178291772,0.8748433374587279,0.7954876273653566
recall,0.8142857142857143,0.9568965517241379,0.6833333333333333,0.9132653061224489,0.7931034482758621,0.8023255813953488,0.7640449438202247,0.84375,0.8181792684224386,0.84375,0.8013100436681223
f1-score,0.857142857142857,0.9446808510638298,0.7256637168141593,0.9250645994832042,0.7840909090909092,0.7976878612716762,0.8192771084337349,0.859002169197397,0.8362297004714814,0.8581934531844282,0.7957302280446384
support,70.0,116.0,60.0,196.0,87.0,86.0,89.0,704.0,704.0,704.0,704.0
