index,abnormal QRS,atrial fibrillation,incomplete right bundle branch block,left anterior fascicular block,left axis deviation,left ventricular hypertrophy,myocardial infarction,myocardial ischemia,sinus rhythm,t wave abnormal,ventricular ectopics,micro avg,macro avg,weighted avg,samples avg
precision,0.6961325966850829,0.7885714285714286,0.6595744680851063,0.7906976744186046,0.7874762808349146,0.6,0.6193633952254642,0.6040816326530613,0.9387533875338754,0.625,0.8651685393258427,0.7940976163450624,0.7249835821212164,0.7921208015570357,0.821589991928975
recall,0.358974358974359,0.8625,0.543859649122807,0.7513812154696132,0.7423971377459749,0.52,0.8460144927536232,0.7184466019417476,0.971396522714526,0.3305785123966942,0.6581196581196581,0.7790645879732739,0.6639698317490003,0.7790645879732739,0.7966178042449228
f1-score,0.47368421052631576,0.8238805970149254,0.5961538461538461,0.7705382436260624,0.7642725598526704,0.557142857142857,0.7151607963246556,0.656319290465632,0.9547960308710033,0.43243243243243246,0.7475728155339806,0.7865092748735244,0.6810866981767619,0.7756314125403162,0.7857968086781646
support,351.0,160.0,114.0,181.0,559.0,225.0,552.0,206.0,1783.0,242.0,117.0,4490.0,4490.0,4490.0,4490.0
