index,atrial fibrillation,left ventricular high voltage,nonspecific st t abnormality,sinus bradycardia,sinus rhythm,sinus tachycardia,supraventricular tachycardia,t wave abnormal,micro avg,macro avg,weighted avg,samples avg
precision,0.884393063583815,0.78,0.5818181818181818,0.9846153846153847,0.9782608695652174,0.8827160493827161,0.8421052631578947,0.6077586206896551,0.8598130841121495,0.8177084291016081,0.8555071496197784,0.8447265625
recall,0.864406779661017,0.3046875,0.32,0.9922480620155039,0.9090909090909091,0.959731543624161,0.5245901639344263,0.7663043478260869,0.7976878612716763,0.705132413269013,0.7976878612716763,0.8154296875
f1-score,0.8742857142857143,0.43820224719101125,0.41290322580645156,0.9884169884169884,0.9424083769633508,0.9196141479099679,0.6464646464646464,0.6778846153846153,0.8275862068965517,0.7375224953028432,0.8110047944432672,0.8146809895833333
support,177.0,128.0,100.0,387.0,198.0,149.0,61.0,184.0,1384.0,1384.0,1384.0,1384.0
