index,1st degree av block,atrial fibrillation,premature atrial contraction,right bundle branch block,sinus rhythm,st depression,ventricular ectopics,micro avg,macro avg,weighted avg,samples avg
precision,0.9574468085106383,0.8175182481751825,0.0,0.9655172413793104,0.638095238095238,0.8,0.8695652173913043,0.8424657534246576,0.721163250507382,0.785227788006424,0.6790393013100436
recall,0.6428571428571429,0.9655172413793104,0.0,0.8571428571428571,0.7701149425287356,0.6976744186046512,0.449438202247191,0.6988636363636364,0.626106400679984,0.6988636363636364,0.6710334788937409
f1-score,0.7692307692307693,0.8853754940711462,0.0,0.908108108108108,0.6979166666666666,0.7453416149068322,0.5925925925925926,0.7639751552795031,0.6569378922251593,0.7274116050714834,0.6703056768558951
support,70.0,116.0,60.0,196.0,87.0,86.0,89.0,704.0,704.0,704.0,704.0
