index,1st degree av block,atrial fibrillation,premature atrial contraction,right bundle branch block,sinus rhythm,st depression,ventricular ectopics,micro avg,macro avg,weighted avg,samples avg
precision,0.9074074074074074,0.9173553719008265,0.4772727272727273,0.9326424870466321,0.7866666666666666,0.7875,0.7936507936507936,0.846031746031746,0.8003564934207218,0.8354630019764752,0.7086365841824357
recall,0.7,0.9568965517241379,0.35,0.9183673469387755,0.6781609195402298,0.7325581395348837,0.5617977528089888,0.7571022727272727,0.6996829586495737,0.7571022727272727,0.7176128093158661
f1-score,0.7903225806451613,0.9367088607594937,0.40384615384615385,0.9254498714652956,0.728395061728395,0.7590361445783131,0.6578947368421053,0.7991004497751125,0.7430933442664168,0.7909088961850602,0.7081513828238719
support,70.0,116.0,60.0,196.0,87.0,86.0,89.0,704.0,704.0,704.0,704.0
