index,abnormal QRS,atrial fibrillation,incomplete right bundle branch block,left anterior fascicular block,left axis deviation,left ventricular hypertrophy,myocardial infarction,myocardial ischemia,sinus rhythm,t wave abnormal,ventricular ectopics,micro avg,macro avg,weighted avg,samples avg
precision,0.6704545454545454,0.8805031446540881,0.7078651685393258,0.7807486631016043,0.8128544423440454,0.6912751677852349,0.7799227799227799,0.6129032258064516,0.9222103004291845,0.7674418604651163,0.8625,0.8301886792452831,0.7716981180456707,0.8231301930484121,0.8490292956394652
recall,0.6723646723646723,0.875,0.5526315789473685,0.8066298342541437,0.7692307692307693,0.4577777777777778,0.7318840579710145,0.6456310679611651,0.9641054402692092,0.13636363636363635,0.5897435897435898,0.7741648106904232,0.6546693113530315,0.7741648106904232,0.7913749100189778
f1-score,0.6714082503556188,0.877742946708464,0.6206896551724139,0.7934782608695652,0.7904411764705882,0.5508021390374331,0.7551401869158878,0.6288416075650118,0.9426926240745818,0.23157894736842102,0.7005076142131981,0.8011985709346549,0.6875748553410166,0.784291681820211,0.7962759539030726
support,351.0,160.0,114.0,181.0,559.0,225.0,552.0,206.0,1783.0,242.0,117.0,4490.0,4490.0,4490.0,4490.0
