index,1st degree av block,atrial fibrillation,premature atrial contraction,right bundle branch block,sinus rhythm,st depression,ventricular ectopics,micro avg,macro avg,weighted avg,samples avg
precision,0.847457627118644,0.9145299145299145,0.8461538461538461,0.9312169312169312,0.696078431372549,0.8157894736842105,0.9104477611940298,0.8628659476117103,0.8516677121814464,0.8671048611989303,0.7416302765647744
recall,0.7142857142857143,0.9224137931034483,0.55,0.8979591836734694,0.8160919540229885,0.7209302325581395,0.6853932584269663,0.7954545454545454,0.7581534480101038,0.7954545454545454,0.7496360989810772
f1-score,0.7751937984496123,0.9184549356223175,0.6666666666666667,0.9142857142857141,0.7513227513227513,0.765432098765432,0.7820512820512822,0.827790096082779,0.7962010353091109,0.824998781797063,0.7433284813197477
support,70.0,116.0,60.0,196.0,87.0,86.0,89.0,704.0,704.0,704.0,704.0
