index,1st degree av block,atrial fibrillation,premature atrial contraction,right bundle branch block,sinus rhythm,st depression,ventricular ectopics,micro avg,macro avg,weighted avg,samples avg
precision,0.8769230769230769,0.925,0.5416666666666666,0.9346733668341709,0.616822429906542,0.6635514018691588,0.8166666666666667,0.8016997167138811,0.767900515552326,0.8065240065057715,0.7394468704512372
recall,0.8142857142857143,0.9568965517241379,0.43333333333333335,0.9489795918367347,0.7586206896551724,0.8255813953488372,0.550561797752809,0.8039772727272727,0.7554655819909627,0.8039772727272727,0.759825327510917
f1-score,0.8444444444444444,0.9406779661016949,0.4814814814814815,0.9417721518987343,0.6804123711340205,0.7357512953367874,0.6577181208053691,0.8028368794326242,0.7546082616003618,0.79930878732848,0.744784085395439
support,70.0,116.0,60.0,196.0,87.0,86.0,89.0,704.0,704.0,704.0,704.0
