index,abnormal QRS,atrial fibrillation,incomplete right bundle branch block,left anterior fascicular block,left axis deviation,left ventricular hypertrophy,myocardial infarction,myocardial ischemia,sinus rhythm,t wave abnormal,ventricular ectopics,micro avg,macro avg,weighted avg,samples avg
precision,0.6373333333333333,0.8711656441717791,0.58,0.6612903225806451,0.7434312210200927,0.6265060240963856,0.8081534772182254,0.6820512820512821,0.927038626609442,0.5060240963855421,0.7154471544715447,0.7894278877528823,0.7053128347216612,0.7908962722932363,0.8149074013480793
recall,0.6809116809116809,0.8875,0.7631578947368421,0.9060773480662984,0.8604651162790697,0.4622222222222222,0.6105072463768116,0.6456310679611651,0.9691531127313516,0.5206611570247934,0.7521367521367521,0.8082405345211582,0.7325839634951808,0.8082405345211582,0.8181041816635037
f1-score,0.6584022038567493,0.8792569659442724,0.6590909090909091,0.7645687645687645,0.7976782752902156,0.5319693094629155,0.695562435500516,0.6633416458852868,0.9476281875514121,0.5132382892057027,0.7333333333333334,0.7987234510839661,0.7130973017900071,0.795350204116949,0.7925487730572476
support,351.0,160.0,114.0,181.0,559.0,225.0,552.0,206.0,1783.0,242.0,117.0,4490.0,4490.0,4490.0,4490.0
