index,atrial fibrillation,left ventricular high voltage,nonspecific st t abnormality,sinus bradycardia,sinus rhythm,sinus tachycardia,supraventricular tachycardia,t wave abnormal,micro avg,macro avg,weighted avg,samples avg
precision,0.8556149732620321,0.6666666666666666,0.45925925925925926,0.9871794871794872,0.9791666666666666,0.92,0.7636363636363637,0.7284768211920529,0.8497757847533632,0.795000029732816,0.8499408412906476,0.8556315104166666
recall,0.903954802259887,0.40625,0.62,0.9948320413436692,0.9494949494949495,0.9261744966442953,0.6885245901639344,0.5978260869565217,0.8215317919075145,0.7608821208579072,0.8215317919075145,0.8404134114583334
f1-score,0.8791208791208791,0.5048543689320388,0.5276595744680851,0.9909909909909911,0.9641025641025641,0.9230769230769231,0.7241379310344828,0.6567164179104477,0.8354151359294636,0.7713324562045515,0.8308845590371488,0.83330078125
support,177.0,128.0,100.0,387.0,198.0,149.0,61.0,184.0,1384.0,1384.0,1384.0,1384.0
