index,atrial fibrillation,left ventricular high voltage,nonspecific st t abnormality,sinus bradycardia,sinus rhythm,sinus tachycardia,supraventricular tachycardia,t wave abnormal,micro avg,macro avg,weighted avg,samples avg
precision,0.9146341463414634,0.6065573770491803,0.6216216216216216,0.9600997506234414,0.9572192513368984,0.9455782312925171,0.7647058823529411,0.7767857142857143,0.8855024711696869,0.8184002468629723,0.8621723643768496,0.8721516927083333
recall,0.847457627118644,0.2890625,0.46,0.9948320413436692,0.9040404040404041,0.9328859060402684,0.8524590163934426,0.47282608695652173,0.7767341040462428,0.7191954477366187,0.7767341040462428,0.8063151041666666
f1-score,0.8797653958944283,0.3915343915343915,0.5287356321839081,0.9771573604060912,0.9298701298701298,0.9391891891891893,0.8062015503875968,0.5878378378378379,0.8275596612779061,0.7550364359129467,0.8079929700321853,0.8221075148809524
support,177.0,128.0,100.0,387.0,198.0,149.0,61.0,184.0,1384.0,1384.0,1384.0,1384.0
