index,1st degree av block,atrial fibrillation,premature atrial contraction,right bundle branch block,sinus rhythm,st depression,ventricular ectopics,micro avg,macro avg,weighted avg,samples avg
precision,0.8939393939393939,0.9322033898305084,0.525,0.9292929292929293,0.7252747252747253,0.7157894736842105,0.8055555555555556,0.8323529411764706,0.7895793525110462,0.8248636437751397,0.7438136826783115
recall,0.8428571428571429,0.9482758620689655,0.35,0.9387755102040817,0.7586206896551724,0.7906976744186046,0.651685393258427,0.8039772727272727,0.7544160389231991,0.8039772727272727,0.7583697234352256
f1-score,0.8676470588235294,0.94017094017094,0.42,0.934010152284264,0.7415730337078651,0.7513812154696132,0.7204968944099379,0.8179190751445087,0.7678970421237358,0.811535475981033,0.7476952935468218
support,70.0,116.0,60.0,196.0,87.0,86.0,89.0,704.0,704.0,704.0,704.0
