index,abnormal QRS,atrial fibrillation,incomplete right bundle branch block,left anterior fascicular block,left axis deviation,left ventricular hypertrophy,myocardial infarction,myocardial ischemia,sinus rhythm,t wave abnormal,ventricular ectopics,micro avg,macro avg,weighted avg,samples avg
precision,0.7191780821917808,0.8311688311688312,0.5297619047619048,0.8776978417266187,0.7504051863857374,0.6404494382022472,0.7467889908256881,0.5551601423487544,0.9169751454257007,0.5060240963855421,0.8431372549019608,0.7920571173583222,0.7197042649386151,0.7908495313628763,0.8207348995484588
recall,0.5982905982905983,0.8,0.7807017543859649,0.6740331491712708,0.8282647584973166,0.5066666666666667,0.7373188405797102,0.7572815533980582,0.9725182277061133,0.34710743801652894,0.36752136752136755,0.7906458797327395,0.6699731231121451,0.7906458797327395,0.8107889972296751
f1-score,0.6531881804043544,0.8152866242038217,0.6312056737588653,0.7625000000000001,0.7874149659863944,0.56575682382134,0.7420237010027348,0.6406570841889117,0.9439303211758302,0.4117647058823529,0.511904761904762,0.7913508693713778,0.6786938947572152,0.7842506080776311,0.7916600018294934
support,351.0,160.0,114.0,181.0,559.0,225.0,552.0,206.0,1783.0,242.0,117.0,4490.0,4490.0,4490.0,4490.0
