index,1st degree av block,atrial fibrillation,premature atrial contraction,right bundle branch block,sinus rhythm,st depression,ventricular ectopics,micro avg,macro avg,weighted avg,samples avg
precision,0.7972972972972973,0.9262295081967213,0.4909090909090909,0.9523809523809523,0.6306306306306306,0.7391304347826086,0.7671232876712328,0.8002793296089385,0.7576716002669333,0.8040890635536243,0.7445414847161572
recall,0.8428571428571429,0.9741379310344828,0.45,0.9183673469387755,0.8045977011494253,0.7906976744186046,0.6292134831460674,0.8139204545454546,0.7728387542206426,0.8139204545454546,0.7692867540029112
f1-score,0.8194444444444444,0.9495798319327732,0.46956521739130436,0.935064935064935,0.7070707070707072,0.7640449438202247,0.691358024691358,0.8070422535211268,0.7623040149165351,0.8064103591090057,0.7515769044153322
support,70.0,116.0,60.0,196.0,87.0,86.0,89.0,704.0,704.0,704.0,704.0
