index,1st degree av block,atrial fibrillation,premature atrial contraction,right bundle branch block,sinus rhythm,st depression,ventricular ectopics,micro avg,macro avg,weighted avg,samples avg
precision,0.9137931034482759,0.889763779527559,0.6724137931034483,0.9259259259259259,0.7346938775510204,0.6886792452830188,0.8985507246376812,0.8326241134751773,0.8176886356395615,0.841079860324285,0.7729257641921398
recall,0.7571428571428571,0.9741379310344828,0.65,0.8928571428571429,0.8275862068965517,0.8488372093023255,0.6966292134831461,0.8338068181818182,0.8067415086737866,0.8338068181818182,0.7903930131004366
f1-score,0.8281250000000001,0.9300411522633745,0.6610169491525424,0.9090909090909091,0.7783783783783784,0.7604166666666666,0.7848101265822786,0.8332150461320085,0.8074113117334499,0.8333227447607915,0.777292576419214
support,70.0,116.0,60.0,196.0,87.0,86.0,89.0,704.0,704.0,704.0,704.0
