index,1st degree av block,atrial fibrillation,premature atrial contraction,right bundle branch block,sinus rhythm,st depression,ventricular ectopics,micro avg,macro avg,weighted avg,samples avg
precision,0.8378378378378378,0.9722222222222222,0.4444444444444444,0.9698795180722891,0.6542056074766355,0.6756756756756757,0.8064516129032258,0.7973950795947902,0.7658167026617616,0.8167438467929322,0.735080058224163
recall,0.8857142857142857,0.9051724137931034,0.4666666666666667,0.8214285714285714,0.8045977011494253,0.872093023255814,0.5617977528089888,0.7826704545454546,0.7596386306881222,0.7826704545454546,0.7459970887918487
f1-score,0.8611111111111112,0.9375,0.45528455284552843,0.8895027624309392,0.7216494845360825,0.7614213197969543,0.662251655629139,0.7899641577060932,0.755531555192822,0.7924623982857161,0.7345948568655992
support,70.0,116.0,60.0,196.0,87.0,86.0,89.0,704.0,704.0,704.0,704.0
