index,1st degree av block,atrial fibrillation,premature atrial contraction,right bundle branch block,sinus rhythm,st depression,ventricular ectopics,micro avg,macro avg,weighted avg,samples avg
precision,0.8833333333333333,0.8507462686567164,0.5254237288135594,0.9576719576719577,0.6632653061224489,0.7752808988764045,0.8382352941176471,0.8177905308464849,0.7848509696560095,0.8220599546058582,0.7540029112081513
recall,0.7571428571428571,0.9827586206896551,0.5166666666666667,0.923469387755102,0.7471264367816092,0.8023255813953488,0.6404494382022472,0.8096590909090909,0.7671341412333552,0.8096590909090909,0.764919941775837
f1-score,0.8153846153846154,0.9119999999999999,0.5210084033613446,0.9402597402597401,0.7027027027027026,0.7885714285714286,0.7261146496815287,0.8137044967880085,0.7722916485659086,0.8124954803742143,0.7566715186802522
support,70.0,116.0,60.0,196.0,87.0,86.0,89.0,704.0,704.0,704.0,704.0
