index,atrial fibrillation,left ventricular high voltage,nonspecific st t abnormality,sinus bradycardia,sinus rhythm,sinus tachycardia,supraventricular tachycardia,t wave abnormal,micro avg,macro avg,weighted avg,samples avg
precision,0.8677248677248677,0.5714285714285714,0.5670103092783505,0.968503937007874,0.8756218905472637,0.9361702127659575,0.8064516129032258,0.8194444444444444,0.8533653846153846,0.8015444807625693,0.8461532048232671,0.8392740885416666
recall,0.9265536723163842,0.46875,0.55,0.9534883720930233,0.8888888888888888,0.8859060402684564,0.819672131147541,0.32065217391304346,0.7695086705202312,0.7267389098284172,0.7695086705202312,0.7955729166666667
f1-score,0.896174863387978,0.5150214592274678,0.5583756345177665,0.9609375,0.8822055137844612,0.9103448275862069,0.8130081300813008,0.46093749999999994,0.8092705167173252,0.7496256785731477,0.7926229339069307,0.8005022321428571
support,177.0,128.0,100.0,387.0,198.0,149.0,61.0,184.0,1384.0,1384.0,1384.0,1384.0
