index,atrial fibrillation,left ventricular high voltage,nonspecific st t abnormality,sinus bradycardia,sinus rhythm,sinus tachycardia,supraventricular tachycardia,t wave abnormal,micro avg,macro avg,weighted avg,samples avg
precision,0.9028571428571428,0.6716417910447762,0.5178571428571429,0.9671717171717171,0.8687782805429864,0.9708029197080292,0.8214285714285714,0.6091370558375635,0.8339456282145481,0.7912093276809912,0.8314401214493329,0.8352864583333333
recall,0.8926553672316384,0.3515625,0.58,0.9896640826873385,0.9696969696969697,0.8926174496644296,0.7540983606557377,0.6521739130434783,0.8200867052023122,0.760308580372449,0.8200867052023122,0.8377278645833334
f1-score,0.8977272727272727,0.4615384615384616,0.5471698113207547,0.9782886334610471,0.9164677804295943,0.93006993006993,0.7863247863247863,0.6299212598425198,0.8269581056466303,0.7684384919642958,0.8202324396773598,0.819624255952381
support,177.0,128.0,100.0,387.0,198.0,149.0,61.0,184.0,1384.0,1384.0,1384.0,1384.0
