index,1st degree av block,atrial fibrillation,premature atrial contraction,right bundle branch block,sinus rhythm,st depression,ventricular ectopics,micro avg,macro avg,weighted avg,samples avg
precision,0.8260869565217391,0.9285714285714286,0.3488372093023256,0.9533678756476683,0.7647058823529411,0.5669291338582677,0.7868852459016393,0.7606837606837606,0.7393405331651443,0.7935352457637115,0.6965065502183406
recall,0.8142857142857143,0.7844827586206896,0.5,0.9387755102040817,0.5977011494252874,0.8372093023255814,0.5393258426966292,0.7585227272727273,0.715968611079712,0.7585227272727273,0.7241630276564774
f1-score,0.8201438848920863,0.8504672897196262,0.4109589041095891,0.9460154241645244,0.6709677419354838,0.676056338028169,0.64,0.7596017069701281,0.7163727975499254,0.7664998203857308,0.7011159631246967
support,70.0,116.0,60.0,196.0,87.0,86.0,89.0,704.0,704.0,704.0,704.0
