index,abnormal QRS,atrial fibrillation,incomplete right bundle branch block,left anterior fascicular block,left axis deviation,left ventricular hypertrophy,myocardial infarction,myocardial ischemia,sinus rhythm,t wave abnormal,ventricular ectopics,micro avg,macro avg,weighted avg,samples avg
precision,0.6273885350318471,0.7019230769230769,0.5572519083969466,0.7894736842105263,0.8112449799196787,0.7866666666666666,0.5769682726204466,0.7151515151515152,0.9284570208222104,0.5092936802973977,0.8469387755102041,0.769825918762089,0.7137052832318651,0.7824088954072812,0.798801343716598
recall,0.5612535612535613,0.9125,0.6403508771929824,0.7458563535911602,0.7227191413237924,0.26222222222222225,0.8894927536231884,0.5728155339805825,0.9753224901850813,0.5661157024793388,0.7094017094017094,0.7977728285077951,0.6870954859321472,0.7977728285077951,0.8161780424492289
f1-score,0.5924812030075189,0.7934782608695653,0.5959183673469389,0.7670454545454545,0.7644276253547777,0.3933333333333333,0.6999287241625088,0.6361185983827494,0.9513129102844639,0.5362035225048923,0.7720930232558141,0.783550257027234,0.6820310020952743,0.777548002210965,0.7836252336252336
support,351.0,160.0,114.0,181.0,559.0,225.0,552.0,206.0,1783.0,242.0,117.0,4490.0,4490.0,4490.0,4490.0
