index,atrial fibrillation,left ventricular high voltage,nonspecific st t abnormality,sinus bradycardia,sinus rhythm,sinus tachycardia,supraventricular tachycardia,t wave abnormal,micro avg,macro avg,weighted avg,samples avg
precision,0.8994082840236687,0.6794871794871795,0.536,0.9896103896103896,0.9639175257731959,0.9328859060402684,0.8235294117647058,0.7368421052631579,0.8689393939393939,0.8202101002453207,0.8659095069472037,0.859619140625
recall,0.8587570621468926,0.4140625,0.67,0.9844961240310077,0.9444444444444444,0.9328859060402684,0.9180327868852459,0.6086956521739131,0.828757225433526,0.7914218094652216,0.828757225433526,0.841796875
f1-score,0.8786127167630058,0.5145631067961165,0.5955555555555556,0.9870466321243523,0.9540816326530612,0.9328859060402684,0.868217054263566,0.6666666666666666,0.8483727810650887,0.7997036588578241,0.8428158966522291,0.8367047991071428
support,177.0,128.0,100.0,387.0,198.0,149.0,61.0,184.0,1384.0,1384.0,1384.0,1384.0
