index,1st degree av block,atrial fibrillation,premature atrial contraction,right bundle branch block,sinus rhythm,st depression,ventricular ectopics,micro avg,macro avg,weighted avg,samples avg
precision,0.8833333333333333,0.954954954954955,0.4107142857142857,0.9278350515463918,0.5639097744360902,0.8939393939393939,0.7719298245614035,0.7976366322008862,0.7723738026408361,0.8149819999925435,0.7176128093158661
recall,0.7571428571428571,0.9137931034482759,0.38333333333333336,0.9183673469387755,0.8620689655172413,0.686046511627907,0.4943820224719101,0.7670454545454546,0.7164477343543287,0.7670454545454546,0.7292576419213974
f1-score,0.8153846153846154,0.9339207048458151,0.396551724137931,0.923076923076923,0.6818181818181818,0.7763157894736842,0.6027397260273972,0.7820419985517741,0.7328296663949353,0.7810413075848683,0.7180980106744299
support,70.0,116.0,60.0,196.0,87.0,86.0,89.0,704.0,704.0,704.0,704.0
