index,atrial fibrillation,left ventricular high voltage,nonspecific st t abnormality,sinus bradycardia,sinus rhythm,sinus tachycardia,supraventricular tachycardia,t wave abnormal,micro avg,macro avg,weighted avg,samples avg
precision,0.9401197604790419,0.627906976744186,0.6212121212121212,0.9819587628865979,0.9830508474576272,0.9215686274509803,0.847457627118644,0.7305389221556886,0.8959016393442623,0.8317267056881109,0.8720985651763453,0.8693033854166667
recall,0.8870056497175142,0.2109375,0.41,0.9844961240310077,0.8787878787878788,0.9463087248322147,0.819672131147541,0.6630434782608695,0.7897398843930635,0.7250314358471283,0.7897398843930635,0.813232421875
f1-score,0.9127906976744187,0.3157894736842105,0.4939759036144578,0.9832258064516128,0.9279999999999999,0.9337748344370861,0.8333333333333333,0.6951566951566951,0.8394777265745006,0.7620058430439767,0.8190098259764901,0.8254510788690477
support,177.0,128.0,100.0,387.0,198.0,149.0,61.0,184.0,1384.0,1384.0,1384.0,1384.0
