index,1st degree av block,atrial fibrillation,premature atrial contraction,right bundle branch block,sinus rhythm,st depression,ventricular ectopics,micro avg,macro avg,weighted avg,samples avg
precision,0.7261904761904762,0.9478260869565217,0.8611111111111112,0.9576719576719577,0.7777777777777778,0.7311827956989247,0.927536231884058,0.8650674662668666,0.8470423481844039,0.8710946612572665,0.7634643377001455
recall,0.8714285714285714,0.9396551724137931,0.5166666666666667,0.923469387755102,0.7241379310344828,0.7906976744186046,0.7191011235955056,0.8196022727272727,0.7835937896161037,0.8196022727272727,0.7751091703056768
f1-score,0.7922077922077921,0.9437229437229439,0.6458333333333335,0.9402597402597401,0.75,0.7597765363128492,0.8101265822784809,0.8417213712618526,0.8059895611593056,0.8390047783565422,0.7661329451722465
support,70.0,116.0,60.0,196.0,87.0,86.0,89.0,704.0,704.0,704.0,704.0
