index,1st degree av block,atrial fibrillation,premature atrial contraction,right bundle branch block,sinus rhythm,st depression,ventricular ectopics,micro avg,macro avg,weighted avg,samples avg
precision,0.8028169014084507,0.9719626168224299,0.7906976744186046,0.9424083769633508,0.6804123711340206,0.75,0.9230769230769231,0.8558558558558559,0.83733926626054,0.8621427151170916,0.7634643377001455
recall,0.8142857142857143,0.896551724137931,0.5666666666666667,0.9183673469387755,0.7586206896551724,0.8023255813953488,0.6741573033707865,0.8096590909090909,0.7758535752071992,0.8096590909090909,0.7685589519650655
f1-score,0.8085106382978723,0.9327354260089686,0.6601941747572816,0.9302325581395349,0.717391304347826,0.7752808988764044,0.7792207792207791,0.832116788321168,0.8005093970926668,0.8312047387939746,0.7627365356622998
support,70.0,116.0,60.0,196.0,87.0,86.0,89.0,704.0,704.0,704.0,704.0
