index,atrial fibrillation,left ventricular high voltage,nonspecific st t abnormality,sinus bradycardia,sinus rhythm,sinus tachycardia,supraventricular tachycardia,t wave abnormal,micro avg,macro avg,weighted avg,samples avg
precision,0.8374384236453202,0.6395348837209303,0.5925925925925926,0.9842931937172775,0.9336734693877551,0.9319727891156463,0.7446808510638298,0.6334841628959276,0.8393250183418929,0.7872087957674099,0.8352497844899549,0.8331380208333333
recall,0.96045197740113,0.4296875,0.48,0.9715762273901809,0.9242424242424242,0.9194630872483222,0.5737704918032787,0.7608695652173914,0.8265895953757225,0.7525076591628409,0.8265895953757225,0.8326009114583333
f1-score,0.8947368421052632,0.5140186915887851,0.5303867403314917,0.977893368010403,0.9289340101522842,0.9256756756756758,0.6481481481481481,0.691358024691358,0.8329086275937386,0.7638939375879261,0.8267686013693974,0.8193018353174603
support,177.0,128.0,100.0,387.0,198.0,149.0,61.0,184.0,1384.0,1384.0,1384.0,1384.0
