index,abnormal QRS,atrial fibrillation,incomplete right bundle branch block,left anterior fascicular block,left axis deviation,left ventricular hypertrophy,myocardial infarction,myocardial ischemia,sinus rhythm,t wave abnormal,ventricular ectopics,micro avg,macro avg,weighted avg,samples avg
precision,0.6978193146417445,0.875,0.6607142857142857,0.729064039408867,0.8275109170305677,0.75,0.7551401869158878,0.67,0.9254966887417219,0.6068376068376068,0.7692307692307693,0.8261186770428015,0.7515285280474047,0.8163514213413217,0.8382184848286544
recall,0.6381766381766382,0.83125,0.6491228070175439,0.8176795580110497,0.6779964221824687,0.41333333333333333,0.7318840579710145,0.6504854368932039,0.9405496354458778,0.29338842975206614,0.5128205128205128,0.7565701559020045,0.6506078937821553,0.7565701559020045,0.7762624610082237
f1-score,0.6666666666666666,0.8525641025641026,0.6548672566371682,0.7708333333333333,0.7453294001966568,0.5329512893982808,0.7433302667893285,0.6600985221674877,0.9329624478442281,0.39554317548746515,0.6153846153846154,0.7898163217856312,0.6882300978608484,0.7792051731922514,0.7813070067307356
support,351.0,160.0,114.0,181.0,559.0,225.0,552.0,206.0,1783.0,242.0,117.0,4490.0,4490.0,4490.0,4490.0
