index,atrial fibrillation,left ventricular high voltage,nonspecific st t abnormality,sinus bradycardia,sinus rhythm,sinus tachycardia,supraventricular tachycardia,t wave abnormal,micro avg,macro avg,weighted avg,samples avg
precision,0.9459459459459459,0.7021276595744681,0.6060606060606061,0.965,0.9536082474226805,0.9463087248322147,0.7758620689655172,0.7202797202797203,0.8904564315352697,0.826899121635144,0.8678029777399429,0.8701171875
recall,0.7909604519774012,0.2578125,0.4,0.9974160206718347,0.9343434343434344,0.9463087248322147,0.7377049180327869,0.5597826086956522,0.7752890173410405,0.7030410823191655,0.7752890173410405,0.8096516927083334
f1-score,0.8615384615384616,0.37714285714285717,0.4819277108433735,0.9809402795425667,0.9438775510204083,0.9463087248322147,0.7563025210084033,0.6299694189602447,0.8288914638856701,0.7472509406110662,0.8081790712761145,0.8240606398809522
support,177.0,128.0,100.0,387.0,198.0,149.0,61.0,184.0,1384.0,1384.0,1384.0,1384.0
