index,1st degree av block,atrial fibrillation,premature atrial contraction,right bundle branch block,sinus rhythm,st depression,ventricular ectopics,micro avg,macro avg,weighted avg,samples avg
precision,0.8333333333333334,0.9714285714285714,0.3793103448275862,0.9567567567567568,0.6597938144329897,0.7866666666666666,0.8235294117647058,0.8387622149837134,0.7729741284586585,0.8233686157231382,0.7110625909752547
recall,0.8571428571428571,0.8793103448275862,0.18333333333333332,0.9030612244897959,0.735632183908046,0.686046511627907,0.47191011235955055,0.7315340909090909,0.6737766525270109,0.7315340909090909,0.7023289665211062
f1-score,0.8450704225352113,0.923076923076923,0.24719101123595505,0.9291338582677166,0.6956521739130436,0.732919254658385,0.6,0.7814871016691958,0.7104348062410335,0.7672249212785135,0.7011159631246967
support,70.0,116.0,60.0,196.0,87.0,86.0,89.0,704.0,704.0,704.0,704.0
