index,abnormal QRS,atrial fibrillation,incomplete right bundle branch block,left anterior fascicular block,left axis deviation,left ventricular hypertrophy,myocardial infarction,myocardial ischemia,sinus rhythm,t wave abnormal,ventricular ectopics,micro avg,macro avg,weighted avg,samples avg
precision,0.7183098591549296,0.702020202020202,0.8245614035087719,0.7168949771689498,0.8295964125560538,0.4444444444444444,0.8888888888888888,0.5426356589147286,0.9327183939229517,0.5760869565217391,0.8571428571428571,0.8045465777118853,0.7303000049313197,0.814507270580117,0.8195896865388391
recall,0.4358974358974359,0.86875,0.41228070175438597,0.8674033149171271,0.6618962432915921,0.7111111111111111,0.43478260869565216,0.6796116504854369,0.9641054402692092,0.2190082644628099,0.6666666666666666,0.7251670378619154,0.6292284943228571,0.7251670378619154,0.7531891455620269
f1-score,0.5425531914893617,0.776536312849162,0.5497076023391813,0.785,0.7363184079601989,0.5470085470085471,0.5839416058394161,0.603448275862069,0.9481522338665196,0.3173652694610779,0.75,0.7627972355628441,0.6490937678795939,0.7474090199346329,0.7574624388183709
support,351.0,160.0,114.0,181.0,559.0,225.0,552.0,206.0,1783.0,242.0,117.0,4490.0,4490.0,4490.0,4490.0
