index,abnormal QRS,atrial fibrillation,incomplete right bundle branch block,left anterior fascicular block,left axis deviation,left ventricular hypertrophy,myocardial infarction,myocardial ischemia,sinus rhythm,t wave abnormal,ventricular ectopics,micro avg,macro avg,weighted avg,samples avg
precision,0.7385321100917431,0.9159663865546218,0.609375,0.7463414634146341,0.8065764023210832,0.6262626262626263,0.8099547511312217,0.6445497630331753,0.8908539666498232,0.64,0.7777777777777778,0.816267942583732,0.746017295203337,0.8054044863076769,0.8387889099753507
recall,0.4586894586894587,0.68125,0.6842105263157895,0.8453038674033149,0.7459749552772809,0.5511111111111111,0.6485507246376812,0.6601941747572816,0.9887829500841279,0.2644628099173554,0.4188034188034188,0.7599109131403118,0.6315758179088019,0.7599109131403118,0.7840488187945817
f1-score,0.5659050966608085,0.7813620071684588,0.6446280991735538,0.7927461139896373,0.775092936802974,0.5862884160756501,0.7203219315895372,0.6522781774580335,0.9372674109516216,0.37426900584795325,0.5444444444444445,0.7870818915801616,0.6704185127420611,0.771319601166685,0.7865542357067781
support,351.0,160.0,114.0,181.0,559.0,225.0,552.0,206.0,1783.0,242.0,117.0,4490.0,4490.0,4490.0,4490.0
