index,abnormal QRS,atrial fibrillation,incomplete right bundle branch block,left anterior fascicular block,left axis deviation,left ventricular hypertrophy,myocardial infarction,myocardial ischemia,sinus rhythm,t wave abnormal,ventricular ectopics,micro avg,macro avg,weighted avg,samples avg
precision,0.7478632478632479,0.8072289156626506,0.6881720430107527,0.8507462686567164,0.7789473684210526,0.6566265060240963,0.7594433399602386,0.759493670886076,0.9272529858849077,0.68,0.5363636363636364,0.8294248333744755,0.7447398166121251,0.8159333844068652,0.8422201862879829
recall,0.4985754985754986,0.8375,0.5614035087719298,0.6298342541436464,0.7942754919499105,0.48444444444444446,0.6920289855072463,0.5825242718446602,0.9579360628154795,0.21074380165289255,0.5042735042735043,0.7483296213808464,0.613958165816292,0.7483296213808464,0.7704393255240714
f1-score,0.5982905982905983,0.8220858895705521,0.6183574879227053,0.7238095238095237,0.7865367581930911,0.557544757033248,0.7241706161137441,0.6593406593406593,0.9423448275862067,0.3217665615141956,0.5198237885462555,0.7867931155602388,0.6612792243564345,0.7711830094828365,0.7801572988013665
support,351.0,160.0,114.0,181.0,559.0,225.0,552.0,206.0,1783.0,242.0,117.0,4490.0,4490.0,4490.0,4490.0
