index,1st degree av block,atrial fibrillation,premature atrial contraction,right bundle branch block,sinus rhythm,st depression,ventricular ectopics,micro avg,macro avg,weighted avg,samples avg
precision,0.7792207792207793,0.8828125,0.4727272727272727,0.9292929292929293,0.7702702702702703,0.7368421052631579,0.8,0.8124076809453471,0.7673094081106299,0.8082935932054691,0.7219796215429404
recall,0.8571428571428571,0.9741379310344828,0.43333333333333335,0.9387755102040817,0.6551724137931034,0.813953488372093,0.449438202247191,0.78125,0.7317076765895918,0.78125,0.7416302765647744
f1-score,0.8163265306122449,0.9262295081967213,0.4521739130434783,0.934010152284264,0.7080745341614907,0.7734806629834253,0.5755395683453237,0.7965242577842144,0.7408335528038499,0.7871118576638628,0.7256186317321689
support,70.0,116.0,60.0,196.0,87.0,86.0,89.0,704.0,704.0,704.0,704.0
