index,atrial fibrillation,left ventricular high voltage,nonspecific st t abnormality,sinus bradycardia,sinus rhythm,sinus tachycardia,supraventricular tachycardia,t wave abnormal,micro avg,macro avg,weighted avg,samples avg
precision,0.8153846153846154,0.5073529411764706,0.6607142857142857,0.9973684210526316,0.9732620320855615,0.8903225806451613,0.8225806451612904,0.6149732620320856,0.8321060382916053,0.7852448479065128,0.8309347596461523,0.8474934895833334
recall,0.8983050847457628,0.5390625,0.37,0.979328165374677,0.9191919191919192,0.9261744966442953,0.8360655737704918,0.625,0.8164739884393064,0.7616409674658933,0.8164739884393064,0.8382975260416666
f1-score,0.8548387096774194,0.5227272727272727,0.4743589743589744,0.9882659713168188,0.9454545454545455,0.9078947368421052,0.829268292682927,0.6199460916442049,0.8242159008023342,0.7678443243380335,0.820261657054311,0.8265811011904762
support,177.0,128.0,100.0,387.0,198.0,149.0,61.0,184.0,1384.0,1384.0,1384.0,1384.0
