index,1st degree av block,atrial fibrillation,premature atrial contraction,right bundle branch block,sinus rhythm,st depression,ventricular ectopics,micro avg,macro avg,weighted avg,samples avg
precision,0.896551724137931,0.8991596638655462,0.581081081081081,0.9113300492610837,0.7808219178082192,0.711340206185567,0.9,0.829971181556196,0.8114692346199185,0.8377179840900136,0.7561863173216885
recall,0.7428571428571429,0.9224137931034483,0.7166666666666667,0.9438775510204082,0.6551724137931034,0.8023255813953488,0.7078651685393258,0.8181818181818182,0.7844540453393491,0.8181818181818182,0.7736535662299855
f1-score,0.8125,0.9106382978723405,0.6417910447761194,0.9273182957393483,0.7125,0.7540983606557377,0.7924528301886792,0.8240343347639485,0.7930426898903179,0.8240612956077512,0.7612809315866085
support,70.0,116.0,60.0,196.0,87.0,86.0,89.0,704.0,704.0,704.0,704.0
