index,abnormal QRS,atrial fibrillation,incomplete right bundle branch block,left anterior fascicular block,left axis deviation,left ventricular hypertrophy,myocardial infarction,myocardial ischemia,sinus rhythm,t wave abnormal,ventricular ectopics,micro avg,macro avg,weighted avg,samples avg
precision,0.698051948051948,0.8023255813953488,0.6442307692307693,0.7976878612716763,0.7332339791356185,0.8735632183908046,0.7677902621722846,0.7846153846153846,0.9261271048343291,0.5446009389671361,0.7567567567567568,0.8166276346604215,0.7571803458929142,0.8139668698188818,0.8307364264991384
recall,0.6125356125356125,0.8625,0.5877192982456141,0.7624309392265194,0.8801431127012522,0.3377777777777778,0.7427536231884058,0.49514563106796117,0.9562535053280987,0.4793388429752066,0.23931623931623933,0.7766146993318486,0.6323558711238807,0.7766146993318486,0.7983345330802958
f1-score,0.6525037936267071,0.8313253012048193,0.6146788990825688,0.7796610169491525,0.7999999999999999,0.4871794871794873,0.7550644567219152,0.6071428571428571,0.9409492273730684,0.50989010989011,0.36363636363636365,0.7961187214611872,0.6674574102551862,0.7829769811049682,0.7907089576581102
support,351.0,160.0,114.0,181.0,559.0,225.0,552.0,206.0,1783.0,242.0,117.0,4490.0,4490.0,4490.0,4490.0
