index,atrial fibrillation,left ventricular high voltage,nonspecific st t abnormality,sinus bradycardia,sinus rhythm,sinus tachycardia,supraventricular tachycardia,t wave abnormal,micro avg,macro avg,weighted avg,samples avg
precision,0.8707865168539326,0.7222222222222222,0.7959183673469388,0.9422110552763819,0.9402173913043478,0.9763779527559056,0.7704918032786885,0.7299270072992701,0.888034188034188,0.8435190395422109,0.8697623560955208,0.8484700520833333
recall,0.8757062146892656,0.203125,0.39,0.9689922480620154,0.8737373737373737,0.8322147651006712,0.7704918032786885,0.5434782608695652,0.7507225433526011,0.6822182082171975,0.7507225433526011,0.779052734375
f1-score,0.8732394366197184,0.3170731707317073,0.5234899328859061,0.9554140127388534,0.9057591623036649,0.8985507246376812,0.7704918032786885,0.6230529595015576,0.8136256851996866,0.7333839003372222,0.7890961553535422,0.7975632440476191
support,177.0,128.0,100.0,387.0,198.0,149.0,61.0,184.0,1384.0,1384.0,1384.0,1384.0
