index,atrial fibrillation,left ventricular high voltage,nonspecific st t abnormality,sinus bradycardia,sinus rhythm,sinus tachycardia,supraventricular tachycardia,t wave abnormal,micro avg,macro avg,weighted avg,samples avg
precision,0.9386503067484663,0.875,0.5454545454545454,0.9433497536945813,0.9411764705882353,0.9565217391304348,0.7538461538461538,0.5934959349593496,0.841100076394194,0.8184368630527208,0.8539201309564862,0.8429361979166666
recall,0.864406779661017,0.109375,0.48,0.9896640826873385,0.8888888888888888,0.8859060402684564,0.8032786885245902,0.7934782608695652,0.7955202312138728,0.726874717612482,0.7955202312138728,0.8175455729166667
f1-score,0.9,0.19444444444444445,0.5106382978723404,0.965952080706179,0.9142857142857143,0.9198606271777003,0.7777777777777778,0.6790697674418605,0.8176754548830301,0.7327535887132521,0.7944777893361342,0.814657738095238
support,177.0,128.0,100.0,387.0,198.0,149.0,61.0,184.0,1384.0,1384.0,1384.0,1384.0
