index,abnormal QRS,atrial fibrillation,incomplete right bundle branch block,left anterior fascicular block,left axis deviation,left ventricular hypertrophy,myocardial infarction,myocardial ischemia,sinus rhythm,t wave abnormal,ventricular ectopics,micro avg,macro avg,weighted avg,samples avg
precision,0.6954887218045113,0.8032786885245902,0.5737704918032787,0.8461538461538461,0.7546218487394958,0.7380952380952381,0.7546777546777547,0.6544502617801047,0.9278794402583423,0.6063829787234043,0.8405797101449275,0.8219042920572275,0.7450344527914085,0.8084655410202699,0.8313330279431975
recall,0.5270655270655271,0.6125,0.6140350877192983,0.6077348066298343,0.8032200357781754,0.41333333333333333,0.657608695652174,0.6067961165048543,0.9669097027481772,0.23553719008264462,0.49572649572649574,0.7420935412026726,0.5945879082945923,0.7420935412026726,0.770664005409768
f1-score,0.59967585089141,0.6950354609929078,0.5932203389830507,0.7073954983922829,0.7781629116117851,0.5299145299145299,0.7028073572120039,0.6297229219143576,0.9469925844548202,0.3392857142857143,0.6236559139784946,0.7799625468164794,0.6496244620573961,0.7645471456720563,0.7745255330001093
support,351.0,160.0,114.0,181.0,559.0,225.0,552.0,206.0,1783.0,242.0,117.0,4490.0,4490.0,4490.0,4490.0
