index,atrial fibrillation,left ventricular high voltage,nonspecific st t abnormality,sinus bradycardia,sinus rhythm,sinus tachycardia,supraventricular tachycardia,t wave abnormal,micro avg,macro avg,weighted avg,samples avg
precision,0.9107142857142857,0.5826771653543307,0.6375,0.9723618090452262,0.919047619047619,0.9645390070921985,0.8181818181818182,0.6196581196581197,0.83793347487615,0.8030849780116998,0.8420860197916449,0.8439127604166666
recall,0.864406779661017,0.578125,0.51,1.0,0.9747474747474747,0.912751677852349,0.7377049180327869,0.7880434782608695,0.8554913294797688,0.7957224160693122,0.8554913294797688,0.8584798177083333
f1-score,0.8869565217391304,0.5803921568627451,0.5666666666666667,0.9859872611464968,0.946078431372549,0.9379310344827586,0.7758620689655172,0.69377990430622,0.8466213800500536,0.7967067556927605,0.8465199272438984,0.8360956101190475
support,177.0,128.0,100.0,387.0,198.0,149.0,61.0,184.0,1384.0,1384.0,1384.0,1384.0
