index,atrial fibrillation,left ventricular high voltage,nonspecific st t abnormality,sinus bradycardia,sinus rhythm,sinus tachycardia,supraventricular tachycardia,t wave abnormal,micro avg,macro avg,weighted avg,samples avg
precision,0.9050279329608939,0.676056338028169,0.7058823529411765,0.9845758354755784,0.9536082474226805,0.9440559440559441,0.828125,0.8018867924528302,0.9081035923141186,0.849902305417159,0.8857556376374259,0.8828938802083333
recall,0.9152542372881356,0.375,0.36,0.9896640826873385,0.9343434343434344,0.9060402684563759,0.8688524590163934,0.46195652173913043,0.7854046242774566,0.726388875441351,0.7854046242774566,0.81787109375
f1-score,0.9101123595505618,0.4824120603015075,0.4768211920529802,0.9871134020618556,0.9438775510204083,0.9246575342465754,0.8480000000000001,0.5862068965517242,0.8423091824874079,0.7699001244732017,0.8213767585495495,0.8346214657738095
support,177.0,128.0,100.0,387.0,198.0,149.0,61.0,184.0,1384.0,1384.0,1384.0,1384.0
