index,1st degree av block,atrial fibrillation,premature atrial contraction,right bundle branch block,sinus rhythm,st depression,ventricular ectopics,micro avg,macro avg,weighted avg,samples avg
precision,0.8787878787878788,0.8968253968253969,0.6730769230769231,0.9073170731707317,0.6363636363636364,0.6627906976744186,0.9423076923076923,0.8177842565597667,0.7996384711723825,0.8238560799034054,0.7467248908296943
recall,0.8285714285714286,0.9741379310344828,0.5833333333333334,0.9489795918367347,0.7241379310344828,0.6627906976744186,0.550561797752809,0.796875,0.7532161016053843,0.796875,0.754730713245997
f1-score,0.8529411764705883,0.9338842975206612,0.6250000000000001,0.9276807980049877,0.6774193548387097,0.6627906976744186,0.6950354609929078,0.8071942446043164,0.7678216836431819,0.8027777516671193,0.7472100921882581
support,70.0,116.0,60.0,196.0,87.0,86.0,89.0,704.0,704.0,704.0,704.0
