index,abnormal QRS,atrial fibrillation,incomplete right bundle branch block,left anterior fascicular block,left axis deviation,left ventricular hypertrophy,myocardial infarction,myocardial ischemia,sinus rhythm,t wave abnormal,ventricular ectopics,micro avg,macro avg,weighted avg,samples avg
precision,0.6857142857142857,0.8671328671328671,0.53125,0.8503937007874016,0.7633333333333333,0.8625,0.7684630738522954,0.7479674796747967,0.915656299420137,0.5436893203883495,0.835820895522388,0.8238176917422201,0.7610837505296232,0.814015261906126,0.8435475427000851
recall,0.5470085470085471,0.775,0.7456140350877193,0.5966850828729282,0.8193202146690519,0.30666666666666664,0.697463768115942,0.44660194174757284,0.9742007851934941,0.23140495867768596,0.47863247863247865,0.7487750556792873,0.6016907707883715,0.7487750556792873,0.7789815238967781
f1-score,0.6085578446909667,0.8184818481848186,0.6204379562043796,0.7012987012987013,0.7903364969801553,0.45245901639344266,0.7312440645773979,0.5592705167173253,0.9440217391304347,0.32463768115942027,0.6086956521739131,0.7845058919612647,0.6508583197737233,0.765624541813782,0.7839603034518289
support,351.0,160.0,114.0,181.0,559.0,225.0,552.0,206.0,1783.0,242.0,117.0,4490.0,4490.0,4490.0,4490.0
