index,1st degree av block,atrial fibrillation,premature atrial contraction,right bundle branch block,sinus rhythm,st depression,ventricular ectopics,micro avg,macro avg,weighted avg,samples avg
precision,0.8307692307692308,0.9583333333333334,0.4166666666666667,0.9516129032258065,0.6666666666666666,0.6956521739130435,0.8727272727272727,0.826645264847512,0.7703468924717172,0.8186583182983237,0.6834061135371179
recall,0.7714285714285715,0.7931034482758621,0.16666666666666666,0.9030612244897959,0.8045977011494253,0.7441860465116279,0.5393258426966292,0.7315340909090909,0.6746242144597969,0.7315340909090909,0.6921397379912664
f1-score,0.8,0.8679245283018867,0.23809523809523808,0.9267015706806283,0.7291666666666666,0.7191011235955057,0.6666666666666667,0.7761868877166542,0.7068079705723704,0.7630852235577886,0.6826783114992722
support,70.0,116.0,60.0,196.0,87.0,86.0,89.0,704.0,704.0,704.0,704.0
