index,atrial fibrillation,left ventricular high voltage,nonspecific st t abnormality,sinus bradycardia,sinus rhythm,sinus tachycardia,supraventricular tachycardia,t wave abnormal,micro avg,macro avg,weighted avg,samples avg
precision,0.9530201342281879,0.6875,0.6341463414634146,0.9796954314720813,0.9840425531914894,0.922077922077922,0.7878787878787878,0.571969696969697,0.8460421205519245,0.8150413584101975,0.8560508642405938,0.845703125
recall,0.8022598870056498,0.4296875,0.52,0.9974160206718347,0.9343434343434344,0.9530201342281879,0.8524590163934426,0.8206521739130435,0.8417630057803468,0.7887297708194492,0.8417630057803468,0.8497721354166666
f1-score,0.8711656441717791,0.5288461538461539,0.5714285714285714,0.9884763124199744,0.9585492227979273,0.9372937293729373,0.8188976377952757,0.6741071428571429,0.8438971387178559,0.7935955518362202,0.8417700857961584,0.8331659226190475
support,177.0,128.0,100.0,387.0,198.0,149.0,61.0,184.0,1384.0,1384.0,1384.0,1384.0
