index,abnormal QRS,atrial fibrillation,incomplete right bundle branch block,left anterior fascicular block,left axis deviation,left ventricular hypertrophy,myocardial infarction,myocardial ischemia,sinus rhythm,t wave abnormal,ventricular ectopics,micro avg,macro avg,weighted avg,samples avg
precision,0.7007042253521126,0.8402366863905325,0.5732484076433121,0.6563706563706564,0.7269938650306749,0.628140703517588,0.7396768402154399,0.7318435754189944,0.9328641039523552,0.6601941747572816,0.8939393939393939,0.8034436493738819,0.7349284211443947,0.8015536031411056,0.830325240494732
recall,0.5669515669515669,0.8875,0.7894736842105263,0.9392265193370166,0.8479427549194991,0.5555555555555556,0.7463768115942029,0.6359223300970874,0.9663488502523836,0.2809917355371901,0.5042735042735043,0.8002227171492204,0.7018693920662303,0.8002227171492204,0.810874070196104
f1-score,0.6267716535433071,0.8632218844984803,0.6642066420664205,0.7727272727272728,0.782824112303881,0.589622641509434,0.7430117222723174,0.6805194805194805,0.9493112947658403,0.39420289855072466,0.6448087431693988,0.8018299486721714,0.7010207587205962,0.7923720635276343,0.7966833390562204
support,351.0,160.0,114.0,181.0,559.0,225.0,552.0,206.0,1783.0,242.0,117.0,4490.0,4490.0,4490.0,4490.0
