index,atrial fibrillation,left ventricular high voltage,nonspecific st t abnormality,sinus bradycardia,sinus rhythm,sinus tachycardia,supraventricular tachycardia,t wave abnormal,micro avg,macro avg,weighted avg,samples avg
precision,0.9305555555555556,0.6078431372549019,0.5975609756097561,0.95,0.9447513812154696,0.9545454545454546,0.8545454545454545,0.7313432835820896,0.8787107718405428,0.8213931552885851,0.8568647655904981,0.83251953125
recall,0.7570621468926554,0.2421875,0.49,0.9819121447028424,0.8636363636363636,0.8456375838926175,0.7704918032786885,0.532608695652174,0.7485549132947977,0.6854420297569177,0.7485549132947977,0.7787272135416666
f1-score,0.8348909657320872,0.34636871508379885,0.5384615384615385,0.9656925031766201,0.9023746701846966,0.8967971530249111,0.810344827586207,0.6163522012578616,0.8084276238782677,0.7389103218134652,0.7910497464250711,0.7895693824404761
support,177.0,128.0,100.0,387.0,198.0,149.0,61.0,184.0,1384.0,1384.0,1384.0,1384.0
