index,atrial fibrillation,left ventricular high voltage,nonspecific st t abnormality,sinus bradycardia,sinus rhythm,sinus tachycardia,supraventricular tachycardia,t wave abnormal,micro avg,macro avg,weighted avg,samples avg
precision,0.9224806201550387,0.6341463414634146,0.7727272727272727,0.9896373056994818,0.9788359788359788,0.9096774193548387,0.8490566037735849,0.6451612903225806,0.8889837745516652,0.8377153540415239,0.870350979476968,0.8385416666666667
recall,0.672316384180791,0.40625,0.17,0.9870801033591732,0.9343434343434344,0.9463087248322147,0.7377049180327869,0.5434782608695652,0.7521676300578035,0.6746852282022456,0.7521676300578035,0.7819010416666667
f1-score,0.7777777777777778,0.4952380952380952,0.27868852459016397,0.9883570504527814,0.9560723514211885,0.9276315789473683,0.7894736842105263,0.5899705014749262,0.8148727984344422,0.7254011955141034,0.791656121166306,0.7938662574404761
support,177.0,128.0,100.0,387.0,198.0,149.0,61.0,184.0,1384.0,1384.0,1384.0,1384.0
