index,1st degree av block,atrial fibrillation,premature atrial contraction,right bundle branch block,sinus rhythm,st depression,ventricular ectopics,micro avg,macro avg,weighted avg,samples avg
precision,0.9193548387096774,0.9327731092436975,0.8333333333333334,0.934010152284264,0.7448979591836735,0.7578947368421053,0.8625,0.8669527896995708,0.8549663042281072,0.8698438622827596,0.8078602620087336
recall,0.8142857142857143,0.9568965517241379,0.6666666666666666,0.9387755102040817,0.8390804597701149,0.8372093023255814,0.7752808988764045,0.8607954545454546,0.8325993005503859,0.8607954545454546,0.8173216885007278
f1-score,0.8636363636363636,0.9446808510638298,0.7407407407407408,0.9363867684478372,0.7891891891891891,0.7955801104972375,0.8165680473372781,0.8638631503920171,0.8409688672732109,0.8633063642235935,0.8098010674429887
support,70.0,116.0,60.0,196.0,87.0,86.0,89.0,704.0,704.0,704.0,704.0
