index,atrial fibrillation,left ventricular high voltage,nonspecific st t abnormality,sinus bradycardia,sinus rhythm,sinus tachycardia,supraventricular tachycardia,t wave abnormal,micro avg,macro avg,weighted avg,samples avg
precision,0.9230769230769231,0.7142857142857143,0.7307692307692307,0.9820971867007673,0.9502487562189055,0.922077922077922,0.8113207547169812,0.8018018018018018,0.9135593220338983,0.8544597862060308,0.8891059847063064,0.8821614583333333
recall,0.8813559322033898,0.2734375,0.38,0.9922480620155039,0.9646464646464646,0.9530201342281879,0.7049180327868853,0.483695652173913,0.7789017341040463,0.7041652222567931,0.7789017341040463,0.8129069010416666
f1-score,0.9017341040462428,0.3954802259887006,0.5,0.9871465295629821,0.9573934837092732,0.9372937293729373,0.7543859649122806,0.6033898305084746,0.8408736349453978,0.7546029835126113,0.8154017777513187,0.8312313988095237
support,177.0,128.0,100.0,387.0,198.0,149.0,61.0,184.0,1384.0,1384.0,1384.0,1384.0
