index,abnormal QRS,atrial fibrillation,incomplete right bundle branch block,left anterior fascicular block,left axis deviation,left ventricular hypertrophy,myocardial infarction,myocardial ischemia,sinus rhythm,t wave abnormal,ventricular ectopics,micro avg,macro avg,weighted avg,samples avg
precision,0.7661870503597122,0.8265895953757225,0.6076923076923076,0.7123287671232876,0.7166900420757363,0.7192982456140351,0.8129496402877698,0.7231638418079096,0.9232847109670448,0.5153846153846153,0.6101694915254238,0.8013483146067416,0.7212489371103241,0.8022084094840041,0.8223087494273934
recall,0.6068376068376068,0.89375,0.6929824561403509,0.861878453038674,0.9141323792486583,0.36444444444444446,0.6141304347826086,0.6213592233009708,0.9584969153112731,0.5537190082644629,0.6153846153846154,0.7942093541202673,0.6997377760685151,0.7942093541202673,0.8132833802325328
f1-score,0.6772655007949125,0.8588588588588588,0.6475409836065573,0.78,0.8034591194968552,0.48377581120943947,0.6996904024767802,0.6684073107049608,0.9405613648871767,0.5338645418326692,0.6127659574468085,0.7977628635346757,0.7005627137559107,0.7906350208372982,0.7936950767459242
support,351.0,160.0,114.0,181.0,559.0,225.0,552.0,206.0,1783.0,242.0,117.0,4490.0,4490.0,4490.0,4490.0
