index,atrial fibrillation,left ventricular high voltage,nonspecific st t abnormality,sinus bradycardia,sinus rhythm,sinus tachycardia,supraventricular tachycardia,t wave abnormal,micro avg,macro avg,weighted avg,samples avg
precision,0.9090909090909091,0.7575757575757576,0.6851851851851852,0.9697732997481109,0.9781420765027322,0.9210526315789473,0.8448275862068966,0.708994708994709,0.892914653784219,0.846830269360406,0.8775997513484657,0.877685546875
recall,0.903954802259887,0.1953125,0.37,0.9948320413436692,0.9040404040404041,0.9395973154362416,0.8032786885245902,0.7282608695652174,0.8013005780346821,0.7299095776462512,0.8013005780346821,0.8263346354166667
f1-score,0.9065155807365439,0.3105590062111801,0.4805194805194805,0.9821428571428571,0.9396325459317586,0.9302325581395349,0.823529411764706,0.7184986595174263,0.8446306169078446,0.761453762495436,0.8204024473105241,0.8374348958333333
support,177.0,128.0,100.0,387.0,198.0,149.0,61.0,184.0,1384.0,1384.0,1384.0,1384.0
