index,atrial fibrillation,left ventricular high voltage,nonspecific st t abnormality,sinus bradycardia,sinus rhythm,sinus tachycardia,supraventricular tachycardia,t wave abnormal,micro avg,macro avg,weighted avg,samples avg
precision,0.9265536723163842,0.6190476190476191,0.6619718309859155,0.9869109947643979,0.8916256157635468,0.9276315789473685,0.7428571428571429,0.8095238095238095,0.8866559485530546,0.820765283025773,0.867337772515546,0.873046875
recall,0.9265536723163842,0.3046875,0.47,0.9741602067183462,0.9141414141414141,0.9463087248322147,0.8524590163934426,0.5543478260869565,0.7969653179190751,0.7428322950610948,0.7969653179190751,0.82080078125
f1-score,0.9265536723163841,0.4083769633507853,0.5497076023391813,0.9804941482444732,0.9027431421446384,0.9368770764119602,0.7938931297709924,0.6580645161290323,0.8394216133942162,0.769588781338431,0.8226469836179354,0.8304547991071428
support,177.0,128.0,100.0,387.0,198.0,149.0,61.0,184.0,1384.0,1384.0,1384.0,1384.0
