index,atrial fibrillation,left ventricular high voltage,nonspecific st t abnormality,sinus bradycardia,sinus rhythm,sinus tachycardia,supraventricular tachycardia,t wave abnormal,micro avg,macro avg,weighted avg,samples avg
precision,0.9161676646706587,0.7317073170731707,0.6410256410256411,0.9643765903307888,0.9572192513368984,0.972027972027972,0.8541666666666666,0.7581699346405228,0.8983471074380165,0.8493576297215398,0.8808565982876072,0.8604329427083333
recall,0.864406779661017,0.234375,0.5,0.979328165374677,0.9040404040404041,0.9328859060402684,0.6721311475409836,0.6304347826086957,0.7854046242774566,0.7147002731582557,0.7854046242774566,0.8037109375
f1-score,0.8895348837209303,0.35502958579881655,0.5617977528089888,0.9717948717948718,0.9298701298701298,0.9520547945205479,0.7522935779816513,0.688427299703264,0.8380878951426368,0.7626003620249001,0.8191378855249251,0.8183128720238095
support,177.0,128.0,100.0,387.0,198.0,149.0,61.0,184.0,1384.0,1384.0,1384.0,1384.0
