index,abnormal QRS,atrial fibrillation,incomplete right bundle branch block,left anterior fascicular block,left axis deviation,left ventricular hypertrophy,myocardial infarction,myocardial ischemia,sinus rhythm,t wave abnormal,ventricular ectopics,micro avg,macro avg,weighted avg,samples avg
precision,0.6936936936936937,0.8471337579617835,0.65,0.6319702602230484,0.7587301587301587,0.6067415730337079,0.8021978021978022,0.6391304347826087,0.9173207744636316,0.5367965367965368,0.8923076923076924,0.7992356115107914,0.7250929712900603,0.7956621997049683,0.8238138865257508
recall,0.43874643874643876,0.83125,0.5701754385964912,0.9392265193370166,0.855098389982111,0.48,0.6612318840579711,0.7135922330097088,0.9831744251261918,0.512396694214876,0.49572649572649574,0.7917594654788419,0.6800562289815728,0.7917594654788419,0.8089304801169208
f1-score,0.537521815008726,0.8391167192429022,0.6074766355140186,0.7555555555555555,0.8040370058873002,0.5359801488833746,0.7249255213505463,0.6743119266055047,0.9491066594477531,0.5243128964059196,0.6373626373626374,0.7954799731483554,0.6899734110240217,0.7865853924062541,0.7927863224473395
support,351.0,160.0,114.0,181.0,559.0,225.0,552.0,206.0,1783.0,242.0,117.0,4490.0,4490.0,4490.0,4490.0
