index,atrial fibrillation,left ventricular high voltage,nonspecific st t abnormality,sinus bradycardia,sinus rhythm,sinus tachycardia,supraventricular tachycardia,t wave abnormal,micro avg,macro avg,weighted avg,samples avg
precision,0.7636363636363637,0.6774193548387096,0.6486486486486487,0.927536231884058,0.9695121951219512,0.9637681159420289,0.8125,0.7,0.8488188976377953,0.80787761375897,0.8378772140870628,0.8391927083333333
recall,0.9491525423728814,0.328125,0.48,0.9922480620155039,0.803030303030303,0.8926174496644296,0.639344262295082,0.5706521739130435,0.7789017341040463,0.7068962241614054,0.7789017341040463,0.7989908854166667
f1-score,0.8463476070528967,0.4421052631578948,0.5517241379310345,0.9588014981273408,0.8784530386740331,0.9268292682926829,0.7155963302752295,0.6287425149700598,0.8123587038432555,0.7435749573101464,0.7976826988694407,0.8018647693452381
support,177.0,128.0,100.0,387.0,198.0,149.0,61.0,184.0,1384.0,1384.0,1384.0,1384.0
