index,abnormal QRS,atrial fibrillation,incomplete right bundle branch block,left anterior fascicular block,left axis deviation,left ventricular hypertrophy,myocardial infarction,myocardial ischemia,sinus rhythm,t wave abnormal,ventricular ectopics,micro avg,macro avg,weighted avg,samples avg
precision,0.7934272300469484,0.8618421052631579,0.7088607594936709,0.8275862068965517,0.7914529914529914,0.6776315789473685,0.7342419080068143,0.8235294117647058,0.9225840896956754,0.5286885245901639,0.5496688741721855,0.8164556962025317,0.7472285163936576,0.8138196341434665,0.8284089173919683
recall,0.48148148148148145,0.81875,0.49122807017543857,0.6629834254143646,0.8282647584973166,0.4577777777777778,0.7807971014492754,0.33980582524271846,0.9691531127313516,0.5330578512396694,0.7094017094017094,0.7757238307349666,0.6429728284919185,0.7757238307349666,0.7968446654887333
f1-score,0.5992907801418439,0.8397435897435896,0.5803108808290155,0.7361963190184049,0.8094405594405594,0.5464190981432362,0.7568042142230026,0.4810996563573883,0.9452954048140043,0.5308641975308641,0.6194029850746269,0.7955687528551851,0.6768061532105941,0.7845884252684614,0.7895375734358785
support,351.0,160.0,114.0,181.0,559.0,225.0,552.0,206.0,1783.0,242.0,117.0,4490.0,4490.0,4490.0,4490.0
