index,abnormal QRS,atrial fibrillation,incomplete right bundle branch block,left anterior fascicular block,left axis deviation,left ventricular hypertrophy,myocardial infarction,myocardial ischemia,sinus rhythm,t wave abnormal,ventricular ectopics,micro avg,macro avg,weighted avg,samples avg
precision,0.6981981981981982,0.7751479289940828,0.7833333333333333,0.7437185929648241,0.8473684210526315,0.575,0.7003484320557491,0.7341772151898734,0.9276210750399149,0.48484848484848486,0.8765432098765432,0.8047799337434927,0.7405731719594214,0.8035029744789799,0.8268994175773837
recall,0.4415954415954416,0.81875,0.41228070175438597,0.8176795580110497,0.5760286225402504,0.6133333333333333,0.7282608695652174,0.5631067961165048,0.9775659001682557,0.5289256198347108,0.6068376068376068,0.7574610244988864,0.6440331317960687,0.7574610244988864,0.7822982789084484
f1-score,0.5410122164048865,0.7963525835866261,0.5402298850574713,0.7789473684210526,0.6858359957401491,0.5935483870967742,0.714031971580817,0.6373626373626373,0.9519388312397596,0.5059288537549408,0.7171717171717171,0.7804038549793483,0.678396404310621,0.771917873464554,0.779075218058269
support,351.0,160.0,114.0,181.0,559.0,225.0,552.0,206.0,1783.0,242.0,117.0,4490.0,4490.0,4490.0,4490.0
