index,1st degree av block,atrial fibrillation,premature atrial contraction,right bundle branch block,sinus rhythm,st depression,ventricular ectopics,micro avg,macro avg,weighted avg,samples avg
precision,0.8888888888888888,0.9333333333333333,0.543859649122807,0.9424083769633508,0.7586206896551724,0.8313253012048193,0.7397260273972602,0.8427299703264095,0.8054517523665189,0.8397188949759158,0.7472100921882582
recall,0.8,0.9655172413793104,0.5166666666666667,0.9183673469387755,0.7586206896551724,0.8023255813953488,0.6067415730337079,0.8068181818181818,0.7668912998669973,0.8068181818181818,0.7612809315866085
f1-score,0.8421052631578948,0.9491525423728815,0.52991452991453,0.9302325581395349,0.7586206896551724,0.8165680473372782,0.6666666666666666,0.8243831640058055,0.7847514710348512,0.8220563947881631,0.7508491023774866
support,70.0,116.0,60.0,196.0,87.0,86.0,89.0,704.0,704.0,704.0,704.0
