index,atrial fibrillation,left ventricular high voltage,nonspecific st t abnormality,sinus bradycardia,sinus rhythm,sinus tachycardia,supraventricular tachycardia,t wave abnormal,micro avg,macro avg,weighted avg,samples avg
precision,0.8461538461538461,0.6056338028169014,0.5974025974025974,0.9601990049751243,0.9836065573770492,0.9271523178807947,0.7796610169491526,0.7410071942446043,0.8684416601409554,0.8051020422250088,0.8493006298375915,0.8686686197916667
recall,0.9322033898305084,0.3359375,0.46,0.9974160206718347,0.9090909090909091,0.9395973154362416,0.7540983606557377,0.5597826086956522,0.8013005780346821,0.7360157630476105,0.8013005780346821,0.8243001302083334
f1-score,0.8870967741935484,0.4321608040201005,0.5197740112994351,0.9784537389100126,0.9448818897637795,0.9333333333333333,0.7666666666666666,0.6377708978328174,0.8335212326193161,0.7625172645024616,0.8188161146985183,0.8307407924107142
support,177.0,128.0,100.0,387.0,198.0,149.0,61.0,184.0,1384.0,1384.0,1384.0,1384.0
