index,1st degree av block,atrial fibrillation,premature atrial contraction,right bundle branch block,sinus rhythm,st depression,ventricular ectopics,micro avg,macro avg,weighted avg,samples avg
precision,0.9736842105263158,0.7552447552447552,0.25,0.8899521531100478,0.6293103448275862,0.875,0.8409090909090909,0.803030303030303,0.7448715078025423,0.7813037179626594,0.6499272197962155
recall,0.5285714285714286,0.9310344827586207,0.016666666666666666,0.9489795918367347,0.8390804597701149,0.4069767441860465,0.4157303370786517,0.6775568181818182,0.5838628158383233,0.6775568181818182,0.6528384279475983
f1-score,0.6851851851851852,0.8339768339768339,0.03125,0.9185185185185185,0.7192118226600984,0.5555555555555556,0.5563909774436091,0.7349768875192605,0.6142984133342573,0.6910183361869217,0.6462882096069869
support,70.0,116.0,60.0,196.0,87.0,86.0,89.0,704.0,704.0,704.0,704.0
