index,abnormal QRS,atrial fibrillation,incomplete right bundle branch block,left anterior fascicular block,left axis deviation,left ventricular hypertrophy,myocardial infarction,myocardial ischemia,sinus rhythm,t wave abnormal,ventricular ectopics,micro avg,macro avg,weighted avg,samples avg
precision,0.7108433734939759,0.8435374149659864,0.5266272189349113,0.7942857142857143,0.7191358024691358,0.6916666666666667,0.7681451612903226,0.6266666666666667,0.9298715203426124,0.5705128205128205,0.7096774193548387,0.804611085235212,0.7173608889985137,0.7968957427796375,0.8274163994502978
recall,0.33618233618233617,0.775,0.7807017543859649,0.7679558011049724,0.8336314847942755,0.3688888888888889,0.6902173913043478,0.6844660194174758,0.9742007851934941,0.3677685950413223,0.7521367521367521,0.7694877505567929,0.66646816440453,0.7694877505567929,0.7941975874179265
f1-score,0.4564796905222437,0.8078175895765474,0.6289752650176679,0.7808988764044943,0.772162386081193,0.4811594202898551,0.7270992366412213,0.654292343387471,0.95152013147083,0.4472361809045226,0.7302904564315353,0.7866575591985429,0.6761755978843257,0.7725610781490054,0.786160170058475
support,351.0,160.0,114.0,181.0,559.0,225.0,552.0,206.0,1783.0,242.0,117.0,4490.0,4490.0,4490.0,4490.0
