index,1st degree av block,atrial fibrillation,premature atrial contraction,right bundle branch block,sinus rhythm,st depression,ventricular ectopics,micro avg,macro avg,weighted avg,samples avg
precision,0.9193548387096774,0.9032258064516129,0.6078431372549019,0.9476439790575916,0.673469387755102,0.8441558441558441,0.8852459016393442,0.8524096385542169,0.8258484135748676,0.8541391547821657,0.75254730713246
recall,0.8142857142857143,0.9655172413793104,0.5166666666666667,0.923469387755102,0.7586206896551724,0.7558139534883721,0.6067415730337079,0.8039772727272727,0.7630164608948636,0.8039772727272727,0.759825327510917
f1-score,0.8636363636363636,0.9333333333333333,0.5585585585585585,0.9354005167958656,0.7135135135135136,0.7975460122699386,0.7200000000000001,0.8274853801169589,0.7888554711582246,0.824315141559099,0.7535177098495877
support,70.0,116.0,60.0,196.0,87.0,86.0,89.0,704.0,704.0,704.0,704.0
