index,1st degree av block,atrial fibrillation,premature atrial contraction,right bundle branch block,sinus rhythm,st depression,ventricular ectopics,micro avg,macro avg,weighted avg,samples avg
precision,0.8309859154929577,0.904,0.4827586206896552,0.9230769230769231,0.7230769230769231,0.7303370786516854,0.8695652173913043,0.8367029548989113,0.780542954054207,0.8182238546427935,0.7217370208636584
recall,0.8428571428571429,0.9741379310344828,0.23333333333333334,0.9183673469387755,0.5402298850574713,0.7558139534883721,0.6741573033707865,0.7642045454545454,0.7055566994400521,0.7642045454545454,0.7263464337700145
f1-score,0.8368794326241136,0.9377593360995852,0.31460674157303375,0.9207161125319694,0.618421052631579,0.7428571428571429,0.759493670886076,0.7988121752041574,0.7329619270290715,0.7840648982889351,0.7195536147501211
support,70.0,116.0,60.0,196.0,87.0,86.0,89.0,704.0,704.0,704.0,704.0
