index,1st degree av block,atrial fibrillation,premature atrial contraction,right bundle branch block,sinus rhythm,st depression,ventricular ectopics,micro avg,macro avg,weighted avg,samples avg
precision,0.8769230769230769,0.9008264462809917,0.49122807017543857,0.9536082474226805,0.6634615384615384,0.71,0.7878787878787878,0.8076379066478077,0.7691323095917877,0.8113121446391308,0.7518195050946143
recall,0.8142857142857143,0.9396551724137931,0.4666666666666667,0.9438775510204082,0.7931034482758621,0.8255813953488372,0.5842696629213483,0.8110795454545454,0.7667770872760898,0.8110795454545454,0.7671033478893741
f1-score,0.8444444444444444,0.9198312236286921,0.4786324786324786,0.9487179487179488,0.7225130890052356,0.7634408602150538,0.6709677419354839,0.809355067328136,0.7640782552256197,0.8078251157285714,0.7554585152838428
support,70.0,116.0,60.0,196.0,87.0,86.0,89.0,704.0,704.0,704.0,704.0
