index,abnormal QRS,atrial fibrillation,incomplete right bundle branch block,left anterior fascicular block,left axis deviation,left ventricular hypertrophy,myocardial infarction,myocardial ischemia,sinus rhythm,t wave abnormal,ventricular ectopics,micro avg,macro avg,weighted avg,samples avg
precision,0.6602739726027397,0.7272727272727273,0.6178861788617886,0.7122641509433962,0.7671009771986971,0.6244131455399061,0.7378472222222222,0.6585365853658537,0.9489916963226572,0.6231884057971014,0.5470085470085471,0.7928940859006072,0.6931621462850579,0.7943418780527787,0.800617324346138
recall,0.6866096866096866,0.9,0.6666666666666666,0.8342541436464088,0.8425760286225402,0.5911111111111111,0.769927536231884,0.6553398058252428,0.89736399326977,0.35537190082644626,0.5470085470085471,0.7853006681514476,0.7042026745289367,0.7853006681514476,0.7959928451453876
f1-score,0.6731843575418994,0.8044692737430167,0.6413502109704641,0.7684478371501272,0.8030690537084398,0.6073059360730595,0.7535460992907802,0.6569343065693432,0.9224560392043817,0.4526315789473684,0.5470085470085471,0.789079109320801,0.6936730218370388,0.7867098188148824,0.773919407817713
support,351.0,160.0,114.0,181.0,559.0,225.0,552.0,206.0,1783.0,242.0,117.0,4490.0,4490.0,4490.0,4490.0
