index,1st degree av block,atrial fibrillation,premature atrial contraction,right bundle branch block,sinus rhythm,st depression,ventricular ectopics,micro avg,macro avg,weighted avg,samples avg
precision,0.8787878787878788,0.8692307692307693,0.75,0.9523809523809523,0.7211538461538461,0.7291666666666666,0.9166666666666666,0.847672778561354,0.83105525426954,0.8537565890548847,0.7976710334788938
recall,0.8285714285714286,0.9741379310344828,0.65,0.9183673469387755,0.8620689655172413,0.813953488372093,0.7415730337078652,0.8536931818181818,0.826953170591698,0.8536931818181818,0.8114992721979621
f1-score,0.8529411764705883,0.91869918699187,0.6964285714285715,0.935064935064935,0.7853403141361256,0.7692307692307692,0.8198757763975156,0.8506723283793347,0.8253686756743394,0.850540947706687,0.8005822416302766
support,70.0,116.0,60.0,196.0,87.0,86.0,89.0,704.0,704.0,704.0,704.0
