index,1st degree av block,atrial fibrillation,premature atrial contraction,right bundle branch block,sinus rhythm,st depression,ventricular ectopics,micro avg,macro avg,weighted avg,samples avg
precision,0.9047619047619048,0.904,0.6122448979591837,0.9322916666666666,0.7471264367816092,0.7901234567901234,0.8596491228070176,0.8516819571865444,0.8214567836809292,0.8481826464365428,0.7392042697719553
recall,0.8142857142857143,0.9741379310344828,0.5,0.9132653061224489,0.7471264367816092,0.7441860465116279,0.550561797752809,0.7911931818181818,0.7490804617840989,0.7911931818181818,0.7459970887918487
f1-score,0.857142857142857,0.9377593360995852,0.5504587155963303,0.922680412371134,0.7471264367816093,0.7664670658682634,0.6712328767123288,0.8203240058910163,0.7789811000817297,0.8143591767615651,0.740174672489083
support,70.0,116.0,60.0,196.0,87.0,86.0,89.0,704.0,704.0,704.0,704.0
