index,abnormal QRS,atrial fibrillation,incomplete right bundle branch block,left anterior fascicular block,left axis deviation,left ventricular hypertrophy,myocardial infarction,myocardial ischemia,sinus rhythm,t wave abnormal,ventricular ectopics,micro avg,macro avg,weighted avg,samples avg
precision,0.6908396946564885,0.8165680473372781,0.6410256410256411,0.695852534562212,0.7679465776293823,0.6368159203980099,0.7613168724279835,0.7045454545454546,0.9302071973827699,0.5684931506849316,0.7857142857142857,0.8125735813515422,0.7272113978513125,0.8013750991670082,0.8250561699714242
recall,0.5156695156695157,0.8625,0.6578947368421053,0.8342541436464088,0.8228980322003577,0.5688888888888889,0.6702898550724637,0.45145631067961167,0.9568143578238923,0.34297520661157027,0.5641025641025641,0.7685968819599109,0.6588857828670345,0.7685968819599109,0.7914109024278516
f1-score,0.5905383360522023,0.8389057750759878,0.6493506493506495,0.7587939698492462,0.7944732297063903,0.6009389671361504,0.7129094412331406,0.5502958579881657,0.9433231960188001,0.42783505154639173,0.6567164179104477,0.7899736751745451,0.684007353806143,0.7798212663082852,0.7827871954990598
support,351.0,160.0,114.0,181.0,559.0,225.0,552.0,206.0,1783.0,242.0,117.0,4490.0,4490.0,4490.0,4490.0
