index,atrial fibrillation,left ventricular high voltage,nonspecific st t abnormality,sinus bradycardia,sinus rhythm,sinus tachycardia,supraventricular tachycardia,t wave abnormal,micro avg,macro avg,weighted avg,samples avg
precision,0.8434343434343434,0.6578947368421053,0.5258620689655172,1.0,0.9261083743842364,0.9710144927536232,0.7307692307692307,0.7685185185185185,0.8624708624708625,0.8029502207084469,0.8577453468445948,0.866943359375
recall,0.943502824858757,0.390625,0.61,0.9560723514211886,0.9494949494949495,0.8993288590604027,0.9344262295081968,0.45108695652173914,0.8020231213872833,0.7668171463581542,0.8020231213872833,0.8299967447916667
f1-score,0.8906666666666667,0.4901960784313726,0.5648148148148149,0.9775429326287979,0.9376558603491272,0.9337979094076655,0.8201438848920862,0.5684931506849316,0.8311493822538374,0.7729139122344328,0.8198027167654306,0.8331333705357142
support,177.0,128.0,100.0,387.0,198.0,149.0,61.0,184.0,1384.0,1384.0,1384.0,1384.0
