index,abnormal QRS,atrial fibrillation,incomplete right bundle branch block,left anterior fascicular block,left axis deviation,left ventricular hypertrophy,myocardial infarction,myocardial ischemia,sinus rhythm,t wave abnormal,ventricular ectopics,micro avg,macro avg,weighted avg,samples avg
precision,0.6931034482758621,0.8516129032258064,0.6052631578947368,0.7380952380952381,0.8048327137546468,0.63125,0.7936507936507936,0.7315436241610739,0.9180672268907563,0.5209302325581395,0.8271604938271605,0.8167723749119098,0.7377736211212921,0.8068185599600284,0.8361734615971904
recall,0.5726495726495726,0.825,0.6052631578947368,0.856353591160221,0.774597495527728,0.4488888888888889,0.6340579710144928,0.529126213592233,0.9803701626472238,0.4628099173553719,0.5726495726495726,0.7743875278396437,0.660160594852731,0.7743875278396437,0.7948258185546321
f1-score,0.6271450858034321,0.8380952380952381,0.6052631578947368,0.7928388746803068,0.7894257064721969,0.5246753246753246,0.7049345417925479,0.6140845070422536,0.9481963656088961,0.49015317286652077,0.6767676767676768,0.7950154338630389,0.6919617865181027,0.7862196434110585,0.791238933611815
support,351.0,160.0,114.0,181.0,559.0,225.0,552.0,206.0,1783.0,242.0,117.0,4490.0,4490.0,4490.0,4490.0
