index,1st degree av block,atrial fibrillation,premature atrial contraction,right bundle branch block,sinus rhythm,st depression,ventricular ectopics,micro avg,macro avg,weighted avg,samples avg
precision,0.8620689655172413,0.8861788617886179,0.4,0.9485714285714286,0.5238095238095238,0.7738095238095238,0.8166666666666667,0.7827380952380952,0.7444435671661431,0.7924203927643005,0.7001455604075691
recall,0.7142857142857143,0.9396551724137931,0.16666666666666666,0.8469387755102041,0.8850574712643678,0.7558139534883721,0.550561797752809,0.7471590909090909,0.6941399359117039,0.7471590909090909,0.7117903930131004
f1-score,0.7812500000000001,0.9121338912133892,0.23529411764705882,0.8948787061994611,0.6581196581196581,0.7647058823529412,0.6577181208053691,0.7645348837209303,0.7005857680482682,0.7550666672515797,0.7001455604075691
support,70.0,116.0,60.0,196.0,87.0,86.0,89.0,704.0,704.0,704.0,704.0
