index,1st degree av block,atrial fibrillation,premature atrial contraction,right bundle branch block,sinus rhythm,st depression,ventricular ectopics,micro avg,macro avg,weighted avg,samples avg
precision,0.9491525423728814,0.9243697478991597,0.725,0.9359605911330049,0.7901234567901234,0.7058823529411765,0.8846153846153846,0.8651026392961877,0.8450148679645328,0.8647631206092676,0.789665211062591
recall,0.8,0.9482758620689655,0.48333333333333334,0.9693877551020408,0.735632183908046,0.8372093023255814,0.7752808988764045,0.8380681818181818,0.792731333659196,0.8380681818181818,0.7976710334788938
f1-score,0.8682170542635659,0.9361702127659575,0.58,0.9523809523809524,0.761904761904762,0.7659574468085107,0.8263473053892216,0.8513708513708513,0.8129968190732814,0.8473587642568954,0.789907811741873
support,70.0,116.0,60.0,196.0,87.0,86.0,89.0,704.0,704.0,704.0,704.0
