index,atrial fibrillation,left ventricular high voltage,nonspecific st t abnormality,sinus bradycardia,sinus rhythm,sinus tachycardia,supraventricular tachycardia,t wave abnormal,micro avg,macro avg,weighted avg,samples avg
precision,0.8870967741935484,0.6904761904761905,0.5625,0.9455445544554455,0.943502824858757,0.9436619718309859,0.8095238095238095,0.6442307692307693,0.8467374810318664,0.8033171118211883,0.8402539241558761,0.8480631510416666
recall,0.9322033898305084,0.2265625,0.54,0.9870801033591732,0.8434343434343434,0.8993288590604027,0.8360655737704918,0.7282608695652174,0.8063583815028902,0.7491169548775172,0.8063583815028902,0.8226725260416667
f1-score,0.9090909090909092,0.34117647058823525,0.5510204081632654,0.965865992414665,0.8906666666666667,0.9209621993127148,0.8225806451612904,0.6836734693877551,0.8260547742413028,0.7606295950981877,0.8114310436741091,0.8191871279761904
support,177.0,128.0,100.0,387.0,198.0,149.0,61.0,184.0,1384.0,1384.0,1384.0,1384.0
