index,atrial fibrillation,left ventricular high voltage,nonspecific st t abnormality,sinus bradycardia,sinus rhythm,sinus tachycardia,supraventricular tachycardia,t wave abnormal,micro avg,macro avg,weighted avg,samples avg
precision,0.8877005347593583,0.7413793103448276,0.6111111111111112,0.9770992366412213,0.9494949494949495,0.9776119402985075,0.8372093023255814,0.7804878048780488,0.9006622516556292,0.8452617737317007,0.8812223733466091,0.8687337239583334
recall,0.9378531073446328,0.3359375,0.44,0.9922480620155039,0.9494949494949495,0.8791946308724832,0.5901639344262295,0.5217391304347826,0.7861271676300579,0.7058289143235726,0.7861271676300579,0.8131510416666666
f1-score,0.9120879120879122,0.46236559139784944,0.5116279069767442,0.9846153846153846,0.9494949494949495,0.9257950530035336,0.6923076923076923,0.6254071661237786,0.8395061728395062,0.7579627070009806,0.82086737816285,0.8263067336309524
support,177.0,128.0,100.0,387.0,198.0,149.0,61.0,184.0,1384.0,1384.0,1384.0,1384.0
