index,abnormal QRS,atrial fibrillation,incomplete right bundle branch block,left anterior fascicular block,left axis deviation,left ventricular hypertrophy,myocardial infarction,myocardial ischemia,sinus rhythm,t wave abnormal,ventricular ectopics,micro avg,macro avg,weighted avg,samples avg
precision,0.7636363636363637,0.8187134502923976,0.8142857142857143,0.8738738738738738,0.7884615384615384,0.6339869281045751,0.7677543186180422,0.7151898734177216,0.899077868852459,0.5572519083969466,0.8928571428571429,0.8260337655982383,0.7750080891633432,0.8122342767523186,0.8461062757672928
recall,0.47863247863247865,0.875,0.5,0.5359116022099447,0.8067978533094812,0.4311111111111111,0.7246376811594203,0.5485436893203883,0.9842961301177791,0.30165289256198347,0.21367521367521367,0.7518930957683742,0.5818416956452546,0.7518930957683742,0.7823909866282748
f1-score,0.5884413309982487,0.8459214501510574,0.6195652173913043,0.6643835616438356,0.797524314765694,0.5132275132275133,0.7455731593662628,0.6208791208791209,0.9397590361445783,0.3914209115281502,0.3448275862068965,0.7872216392678093,0.6428657456638784,0.7670786221754987,0.7888709702269024
support,351.0,160.0,114.0,181.0,559.0,225.0,552.0,206.0,1783.0,242.0,117.0,4490.0,4490.0,4490.0,4490.0
