index,abnormal QRS,atrial fibrillation,incomplete right bundle branch block,left anterior fascicular block,left axis deviation,left ventricular hypertrophy,myocardial infarction,myocardial ischemia,sinus rhythm,t wave abnormal,ventricular ectopics,micro avg,macro avg,weighted avg,samples avg
precision,0.5502183406113537,0.8552631578947368,0.6377952755905512,0.8518518518518519,0.7940594059405941,0.7340425531914894,0.6636904761904762,0.6770833333333334,0.9030769230769231,0.6173913043478261,0.7671232876712328,0.7855555555555556,0.7319632645182153,0.7842062261667705,0.8129332722553061
recall,0.717948717948718,0.8125,0.7105263157894737,0.7624309392265194,0.7173524150268337,0.30666666666666664,0.8079710144927537,0.6310679611650486,0.9876612450925406,0.29338842975206614,0.47863247863247865,0.7873051224944321,0.6569223803448272,0.7873051224944321,0.8042351067774798
f1-score,0.622991347342398,0.8333333333333334,0.6721991701244813,0.8046647230320699,0.7537593984962407,0.43260188087774293,0.7287581699346406,0.6532663316582915,0.9434770961693009,0.3977591036414566,0.5894736842105263,0.7864293659621802,0.6756622035291348,0.7744450788863382,0.7823400552214111
support,351.0,160.0,114.0,181.0,559.0,225.0,552.0,206.0,1783.0,242.0,117.0,4490.0,4490.0,4490.0,4490.0
