index,1st degree av block,atrial fibrillation,premature atrial contraction,right bundle branch block,sinus rhythm,st depression,ventricular ectopics,micro avg,macro avg,weighted avg,samples avg
precision,0.8888888888888888,0.9180327868852459,0.3548387096774194,0.9421052631578948,0.6804123711340206,0.7692307692307693,0.7045454545454546,0.7770177838577291,0.751150606217099,0.7993057493715265,0.7319262493934983
recall,0.8,0.9655172413793104,0.55,0.9132653061224489,0.7586206896551724,0.6976744186046512,0.6966292134831461,0.8068181818181818,0.7688152670349614,0.8068181818181818,0.7656477438136827
f1-score,0.8421052631578948,0.9411764705882353,0.43137254901960786,0.9274611398963731,0.717391304347826,0.7317073170731708,0.7005649717514125,0.7916376306620209,0.7559684308335031,0.800395924151396,0.7409024745269287
support,70.0,116.0,60.0,196.0,87.0,86.0,89.0,704.0,704.0,704.0,704.0
