index,1st degree av block,atrial fibrillation,premature atrial contraction,right bundle branch block,sinus rhythm,st depression,ventricular ectopics,micro avg,macro avg,weighted avg,samples avg
precision,0.8709677419354839,0.9196428571428571,0.0,0.927461139896373,0.6,0.7910447761194029,0.7246376811594203,0.8167456556082149,0.6905363137505053,0.7587376436835247,0.7023289665211062
recall,0.7714285714285715,0.8879310344827587,0.0,0.9132653061224489,0.896551724137931,0.6162790697674418,0.5617977528089888,0.734375,0.6638933512497344,0.734375,0.7052401746724891
f1-score,0.8181818181818182,0.9035087719298246,0.0,0.9203084832904883,0.7188940092165897,0.6928104575163397,0.6329113924050632,0.7733732236350037,0.6695164189343034,0.7399357949059969,0.6967491508976225
support,70.0,116.0,60.0,196.0,87.0,86.0,89.0,704.0,704.0,704.0,704.0
