index,atrial fibrillation,left ventricular high voltage,nonspecific st t abnormality,sinus bradycardia,sinus rhythm,sinus tachycardia,supraventricular tachycardia,t wave abnormal,micro avg,macro avg,weighted avg,samples avg
precision,0.864406779661017,0.5949367088607594,0.5342465753424658,0.8536585365853658,0.9440993788819876,0.852760736196319,0.7681159420289855,0.6864864864864865,0.8063328424153167,0.7623388930054233,0.7948728487110746,0.81396484375
recall,0.864406779661017,0.3671875,0.39,0.9948320413436692,0.7676767676767676,0.9328859060402684,0.8688524590163934,0.6902173913043478,0.7911849710982659,0.7345073556303079,0.7911849710982659,0.81005859375
f1-score,0.864406779661017,0.45410628019323673,0.45086705202312144,0.918854415274463,0.8467966573816155,0.891025641025641,0.8153846153846154,0.6883468834688347,0.7986870897155361,0.7412235405515681,0.7865836810327825,0.7945521763392857
support,177.0,128.0,100.0,387.0,198.0,149.0,61.0,184.0,1384.0,1384.0,1384.0,1384.0
