index,1st degree av block,atrial fibrillation,premature atrial contraction,right bundle branch block,sinus rhythm,st depression,ventricular ectopics,micro avg,macro avg,weighted avg,samples avg
precision,0.7654320987654321,0.8852459016393442,1.0,0.9315789473684211,0.6966292134831461,0.7857142857142857,0.8484848484848485,0.841296928327645,0.8447264707793539,0.8558971119993871,0.6855895196506551
recall,0.8857142857142857,0.9310344827586207,0.016666666666666666,0.9030612244897959,0.7126436781609196,0.6395348837209303,0.3146067415730337,0.7002840909090909,0.6290374232977503,0.7002840909090909,0.673216885007278
f1-score,0.8211920529801325,0.9075630252100839,0.03278688524590164,0.917098445595855,0.7045454545454545,0.7051282051282051,0.45901639344262296,0.7643410852713178,0.6496186374497508,0.7205514237036851,0.6744298884036874
support,70.0,116.0,60.0,196.0,87.0,86.0,89.0,704.0,704.0,704.0,704.0
