index,1st degree av block,atrial fibrillation,premature atrial contraction,right bundle branch block,sinus rhythm,st depression,ventricular ectopics,micro avg,macro avg,weighted avg,samples avg
precision,0.8852459016393442,0.9322033898305084,0.723404255319149,0.9574468085106383,0.6904761904761905,0.7640449438202247,0.7471264367816092,0.844213649851632,0.8142782751968092,0.8429548050225258,0.7459970887918487
recall,0.7714285714285715,0.9482758620689655,0.5666666666666667,0.9183673469387755,0.6666666666666666,0.7906976744186046,0.7303370786516854,0.8082386363636364,0.7703485524057052,0.8082386363636364,0.7627365356622998
f1-score,0.8244274809160306,0.94017094017094,0.6355140186915887,0.9375000000000001,0.6783625730994152,0.7771428571428571,0.7386363636363638,0.8258345428156749,0.7902506048081707,0.8242060508281501,0.7506065016982048
support,70.0,116.0,60.0,196.0,87.0,86.0,89.0,704.0,704.0,704.0,704.0
