index,1st degree av block,atrial fibrillation,premature atrial contraction,right bundle branch block,sinus rhythm,st depression,ventricular ectopics,micro avg,macro avg,weighted avg,samples avg
precision,0.8833333333333333,0.9411764705882353,0.7333333333333333,0.9627329192546584,0.6699029126213593,0.7325581395348837,0.723404255319149,0.8270440251572327,0.8066344805692788,0.8371732787172502,0.7236778262979136
recall,0.7571428571428571,0.8275862068965517,0.36666666666666664,0.7908163265306123,0.7931034482758621,0.7325581395348837,0.7640449438202247,0.7471590909090909,0.7188455126953798,0.7471590909090909,0.7183406113537117
f1-score,0.8153846153846154,0.8807339449541284,0.4888888888888889,0.8683473389355743,0.7263157894736842,0.7325581395348836,0.7431693989071038,0.7850746268656716,0.7507711594398397,0.7828167935273446,0.7153808830664726
support,70.0,116.0,60.0,196.0,87.0,86.0,89.0,704.0,704.0,704.0,704.0
