index,atrial fibrillation,left ventricular high voltage,nonspecific st t abnormality,sinus bradycardia,sinus rhythm,sinus tachycardia,supraventricular tachycardia,t wave abnormal,micro avg,macro avg,weighted avg,samples avg
precision,0.9181286549707602,0.7380952380952381,0.5688073394495413,0.9922680412371134,0.9838709677419355,0.948905109489051,0.7671232876712328,0.7358490566037735,0.8861660079051383,0.8316309619073308,0.8787987631499591,0.871337890625
recall,0.8870056497175142,0.2421875,0.62,0.9948320413436692,0.9242424242424242,0.87248322147651,0.9180327868852459,0.6358695652173914,0.809971098265896,0.7618316486103444,0.809971098265896,0.8330891927083333
f1-score,0.9022988505747127,0.3647058823529412,0.5933014354066987,0.9935483870967742,0.9531249999999999,0.9090909090909092,0.8358208955223879,0.6822157434402333,0.8463571158927897,0.7792633879355821,0.8315814203138989,0.8374302455357142
support,177.0,128.0,100.0,387.0,198.0,149.0,61.0,184.0,1384.0,1384.0,1384.0,1384.0
