index,abnormal QRS,atrial fibrillation,incomplete right bundle branch block,left anterior fascicular block,left axis deviation,left ventricular hypertrophy,myocardial infarction,myocardial ischemia,sinus rhythm,t wave abnormal,ventricular ectopics,micro avg,macro avg,weighted avg,samples avg
precision,0.6736111111111112,0.888,0.6666666666666666,0.6626506024096386,0.8382978723404255,0.6277056277056277,0.7600767754318618,0.5450980392156862,0.9199363732767762,0.5446428571428571,0.9180327868852459,0.8054845456658145,0.7313380647441725,0.8008044706172974,0.8302794319743473
recall,0.5527065527065527,0.69375,0.6140350877192983,0.9116022099447514,0.7048300536672629,0.6444444444444445,0.717391304347826,0.6747572815533981,0.9730790802019069,0.25206611570247933,0.47863247863247865,0.7719376391982182,0.6561176917200362,0.7719376391982182,0.7899090373666645
f1-score,0.6071987480438185,0.7789473684210526,0.639269406392694,0.7674418604651163,0.7657920310981535,0.6359649122807017,0.7381174277726003,0.6030368763557484,0.9457617879531207,0.34463276836158185,0.6292134831460675,0.7883543727965425,0.6777615154809686,0.778550260864698,0.7842685537600792
support,351.0,160.0,114.0,181.0,559.0,225.0,552.0,206.0,1783.0,242.0,117.0,4490.0,4490.0,4490.0,4490.0
