index,atrial fibrillation,left ventricular high voltage,nonspecific st t abnormality,sinus bradycardia,sinus rhythm,sinus tachycardia,supraventricular tachycardia,t wave abnormal,micro avg,macro avg,weighted avg,samples avg
precision,0.9261744966442953,0.5669291338582677,0.6666666666666666,0.9722921914357683,0.9326923076923077,0.9285714285714286,0.8360655737704918,0.8558558558558559,0.8816614420062696,0.8356559568118853,0.8749647811054224,0.8675130208333334
recall,0.7796610169491526,0.5625,0.46,0.9974160206718347,0.9797979797979798,0.959731543624161,0.8360655737704918,0.5163043478260869,0.8128612716763006,0.7614345603299634,0.8128612716763006,0.8345540364583333
f1-score,0.8466257668711658,0.5647058823529412,0.544378698224852,0.9846938775510206,0.9556650246305419,0.9438943894389439,0.8360655737704918,0.6440677966101693,0.8458646616541354,0.7900121261812658,0.8359970575083987,0.8358723958333333
support,177.0,128.0,100.0,387.0,198.0,149.0,61.0,184.0,1384.0,1384.0,1384.0,1384.0
