index,1st degree av block,atrial fibrillation,premature atrial contraction,right bundle branch block,sinus rhythm,st depression,ventricular ectopics,micro avg,macro avg,weighted avg,samples avg
precision,0.8923076923076924,0.9338842975206612,0.532258064516129,0.9576719576719577,0.7272727272727273,0.7613636363636364,0.8412698412698413,0.841715976331361,0.8065754595603779,0.8438271596898047,0.7561863173216885
recall,0.8285714285714286,0.9741379310344828,0.55,0.923469387755102,0.735632183908046,0.7790697674418605,0.5955056179775281,0.8082386363636364,0.7694837595269212,0.8082386363636364,0.7641921397379913
f1-score,0.8592592592592593,0.9535864978902953,0.540983606557377,0.9402597402597401,0.7314285714285715,0.7701149425287357,0.6973684210526315,0.8246376811594203,0.7847144341395157,0.8230739597062716,0.7573993207180979
support,70.0,116.0,60.0,196.0,87.0,86.0,89.0,704.0,704.0,704.0,704.0
