index,atrial fibrillation,left ventricular high voltage,nonspecific st t abnormality,sinus bradycardia,sinus rhythm,sinus tachycardia,supraventricular tachycardia,t wave abnormal,micro avg,macro avg,weighted avg,samples avg
precision,0.8926553672316384,0.55,0.7441860465116279,0.9553349875930521,0.9621621621621622,0.965034965034965,0.8076923076923077,0.7034883720930233,0.8749003984063745,0.8225692760398471,0.8566059638600716,0.8616536458333334
recall,0.8926553672316384,0.34375,0.32,0.9948320413436692,0.898989898989899,0.9261744966442953,0.6885245901639344,0.657608695652174,0.7933526011560693,0.7153168862532012,0.7933526011560693,0.8185221354166667
f1-score,0.8926553672316384,0.42307692307692313,0.44755244755244755,0.9746835443037974,0.9295039164490861,0.9452054794520547,0.743362831858407,0.6797752808988765,0.8321333838575218,0.7544769738529039,0.8160497101724652,0.8239862351190476
support,177.0,128.0,100.0,387.0,198.0,149.0,61.0,184.0,1384.0,1384.0,1384.0,1384.0
