index,abnormal QRS,atrial fibrillation,incomplete right bundle branch block,left anterior fascicular block,left axis deviation,left ventricular hypertrophy,myocardial infarction,myocardial ischemia,sinus rhythm,t wave abnormal,ventricular ectopics,micro avg,macro avg,weighted avg,samples avg
precision,0.7268292682926829,0.7701149425287356,0.6210526315789474,0.7771739130434783,0.74481658692185,0.7142857142857143,0.7330827067669173,0.7777777777777778,0.9313099041533547,0.5064377682403434,0.75,0.811618062088429,0.7320801103263456,0.8023581459725955,0.8324782409528172
recall,0.42450142450142453,0.8375,0.5175438596491229,0.7900552486187845,0.8354203935599285,0.35555555555555557,0.7065217391304348,0.4077669902912621,0.9809310151430174,0.48760330578512395,0.6666666666666666,0.7685968819599109,0.6372787453546657,0.7685968819599109,0.7974107279192025
f1-score,0.5359712230215827,0.8023952095808383,0.5645933014354068,0.7835616438356164,0.7875210792580101,0.4747774480712167,0.7195571955719559,0.535031847133758,0.9554766457252117,0.4968421052631579,0.7058823529411765,0.7895218485472432,0.669237277439812,0.7758569381723323,0.7906053202663372
support,351.0,160.0,114.0,181.0,559.0,225.0,552.0,206.0,1783.0,242.0,117.0,4490.0,4490.0,4490.0,4490.0
