index,1st degree av block,atrial fibrillation,premature atrial contraction,right bundle branch block,sinus rhythm,st depression,ventricular ectopics,micro avg,macro avg,weighted avg,samples avg
precision,0.9180327868852459,0.9083333333333333,0.5185185185185185,0.8904761904761904,0.6976744186046512,0.8333333333333334,0.8529411764705882,0.8316100443131462,0.8027585368031229,0.8289055567957841,0.7532751091703057
recall,0.8,0.9396551724137931,0.4666666666666667,0.9540816326530612,0.6896551724137931,0.7558139534883721,0.651685393258427,0.7997159090909091,0.7510797129848734,0.7997159090909091,0.7605531295487628
f1-score,0.8549618320610688,0.9237288135593221,0.4912280701754386,0.9211822660098522,0.6936416184971099,0.7926829268292682,0.7388535031847134,0.8153511947863867,0.7737541471881105,0.8115068086159357,0.7530325084910237
support,70.0,116.0,60.0,196.0,87.0,86.0,89.0,704.0,704.0,704.0,704.0
