index,atrial fibrillation,left ventricular high voltage,nonspecific st t abnormality,sinus bradycardia,sinus rhythm,sinus tachycardia,supraventricular tachycardia,t wave abnormal,micro avg,macro avg,weighted avg,samples avg
precision,0.8784530386740331,0.5037593984962406,0.5671641791044776,0.9948186528497409,0.9791666666666666,0.8875,0.8103448275862069,0.643979057591623,0.8391812865497076,0.7831482276211236,0.8350536911096369,0.8600260416666667
recall,0.8983050847457628,0.5234375,0.38,0.9922480620155039,0.9494949494949495,0.9530201342281879,0.7704918032786885,0.6684782608695652,0.8294797687861272,0.7669344743290822,0.8294797687861272,0.8511555989583334
f1-score,0.8882681564245811,0.5134099616858239,0.4550898203592814,0.9935316946959897,0.9641025641025641,0.919093851132686,0.7899159663865546,0.6559999999999999,0.8343023255813954,0.7724265018484351,0.8306877544269294,0.8374906994047618
support,177.0,128.0,100.0,387.0,198.0,149.0,61.0,184.0,1384.0,1384.0,1384.0,1384.0
