index,abnormal QRS,atrial fibrillation,incomplete right bundle branch block,left anterior fascicular block,left axis deviation,left ventricular hypertrophy,myocardial infarction,myocardial ischemia,sinus rhythm,t wave abnormal,ventricular ectopics,micro avg,macro avg,weighted avg,samples avg
precision,0.6414342629482072,0.8395061728395061,0.5197368421052632,0.765625,0.7846790890269151,0.7428571428571429,0.6991304347826087,0.6842105263157895,0.9231991525423728,0.4930875576036866,0.8131868131868132,0.7984604618614416,0.7187866358371187,0.7907511158897766,0.8221255153458543
recall,0.4586894586894587,0.85,0.6929824561403509,0.8121546961325967,0.6779964221824687,0.3466666666666667,0.7282608695652174,0.5679611650485437,0.9775659001682557,0.44214876033057854,0.6324786324786325,0.7623608017817372,0.6533550024911609,0.7623608017817372,0.7861440132626574
f1-score,0.5348837209302326,0.84472049689441,0.5939849624060151,0.7882037533512065,0.727447216890595,0.4727272727272728,0.7133984028393966,0.6206896551724138,0.9496050122582402,0.46623093681917216,0.7115384615384616,0.7799931639512362,0.6748572628934015,0.7699703501393087,0.7797051958068907
support,351.0,160.0,114.0,181.0,559.0,225.0,552.0,206.0,1783.0,242.0,117.0,4490.0,4490.0,4490.0,4490.0
