index,1st degree av block,atrial fibrillation,premature atrial contraction,right bundle branch block,sinus rhythm,st depression,ventricular ectopics,micro avg,macro avg,weighted avg,samples avg
precision,0.8615384615384616,0.888,0.4745762711864407,0.9343434343434344,0.7411764705882353,0.7912087912087912,0.7924528301886793,0.8239644970414202,0.7833280370077204,0.8209889099177796,0.7394468704512372
recall,0.8,0.9568965517241379,0.4666666666666667,0.9438775510204082,0.7241379310344828,0.8372093023255814,0.47191011235955055,0.7911931818181818,0.7429568735901181,0.7911931818181818,0.7489082969432315
f1-score,0.8296296296296297,0.9211618257261411,0.47058823529411764,0.9390862944162437,0.7325581395348838,0.8135593220338984,0.5915492957746479,0.8072463768115942,0.7568761060585089,0.8005278421021749,0.7404172731683648
support,70.0,116.0,60.0,196.0,87.0,86.0,89.0,704.0,704.0,704.0,704.0
