index,1st degree av block,atrial fibrillation,premature atrial contraction,right bundle branch block,sinus rhythm,st depression,ventricular ectopics,micro avg,macro avg,weighted avg,samples avg
precision,0.8450704225352113,0.9,0.8205128205128205,0.9158415841584159,0.7407407407407407,0.6759259259259259,0.863013698630137,0.8371757925072046,0.8230150275004645,0.8404445206753408,0.7663755458515283
recall,0.8571428571428571,0.9310344827586207,0.5333333333333333,0.9438775510204082,0.6896551724137931,0.8488372093023255,0.7078651685393258,0.8252840909090909,0.7873922535015233,0.8252840909090909,0.7802037845705968
f1-score,0.851063829787234,0.9152542372881356,0.6464646464646464,0.9296482412060302,0.7142857142857143,0.7525773195876289,0.7777777777777778,0.8311874105865523,0.7981531094853096,0.8278829865403498,0.7700145560407569
support,70.0,116.0,60.0,196.0,87.0,86.0,89.0,704.0,704.0,704.0,704.0
