index,atrial fibrillation,left ventricular high voltage,nonspecific st t abnormality,sinus bradycardia,sinus rhythm,sinus tachycardia,supraventricular tachycardia,t wave abnormal,micro avg,macro avg,weighted avg,samples avg
precision,0.8415300546448088,0.6451612903225806,0.671875,0.9973333333333333,0.946078431372549,0.95,0.8545454545454545,0.8416666666666667,0.9019118869492935,0.8435237788606741,0.8819034925138189,0.873291015625
recall,0.8700564971751412,0.3125,0.43,0.9664082687338501,0.9747474747474747,0.8926174496644296,0.7704918032786885,0.5489130434782609,0.7839595375722543,0.7207168171347307,0.7839595375722543,0.8097330729166667
f1-score,0.8555555555555556,0.42105263157894735,0.524390243902439,0.9816272965879265,0.9601990049751243,0.9204152249134949,0.810344827586207,0.6644736842105263,0.8388094317742558,0.7672573086637776,0.8212516779045453,0.825883556547619
support,177.0,128.0,100.0,387.0,198.0,149.0,61.0,184.0,1384.0,1384.0,1384.0,1384.0
