index,atrial fibrillation,left ventricular high voltage,nonspecific st t abnormality,sinus bradycardia,sinus rhythm,sinus tachycardia,supraventricular tachycardia,t wave abnormal,micro avg,macro avg,weighted avg,samples avg
precision,0.8066037735849056,0.5116279069767442,0.5157894736842106,1.0,0.9689119170984456,0.9379310344827586,0.8253968253968254,0.6296296296296297,0.8288614938361131,0.7744863201066899,0.827047347767669,0.8447265625
recall,0.9661016949152542,0.515625,0.49,0.9819121447028424,0.9444444444444444,0.912751677852349,0.8524590163934426,0.5543478260869565,0.8258670520231214,0.7772052255494112,0.8258670520231214,0.846923828125
f1-score,0.879177377892031,0.5136186770428016,0.5025641025641027,0.9908735332464146,0.9565217391304347,0.9251700680272109,0.8387096774193549,0.5895953757225434,0.8273615635179153,0.7745288188806116,0.825123221178143,0.8272670200892858
support,177.0,128.0,100.0,387.0,198.0,149.0,61.0,184.0,1384.0,1384.0,1384.0,1384.0
