index,1st degree av block,atrial fibrillation,premature atrial contraction,right bundle branch block,sinus rhythm,st depression,ventricular ectopics,micro avg,macro avg,weighted avg,samples avg
precision,0.8507462686567164,0.7708333333333334,0.75,0.9230769230769231,0.782608695652174,0.5241935483870968,0.875,0.7851622874806801,0.7823512527294634,0.8038843523845784,0.6841339155749636
recall,0.8142857142857143,0.9568965517241379,0.1,0.9183673469387755,0.6206896551724138,0.7558139534883721,0.39325842696629215,0.7215909090909091,0.651330235510815,0.7215909090909091,0.6928675400291121
f1-score,0.832116788321168,0.8538461538461537,0.17647058823529416,0.9207161125319694,0.6923076923076923,0.6190476190476191,0.5426356589147288,0.7520355292376019,0.6624486590292323,0.7245828984251342,0.6826783114992722
support,70.0,116.0,60.0,196.0,87.0,86.0,89.0,704.0,704.0,704.0,704.0
