index,1st degree av block,atrial fibrillation,premature atrial contraction,right bundle branch block,sinus rhythm,st depression,ventricular ectopics,micro avg,macro avg,weighted avg,samples avg
precision,0.90625,0.9495798319327731,0.7692307692307693,0.9581151832460733,0.7684210526315789,0.7954545454545454,0.9041095890410958,0.8841642228739003,0.864451567362405,0.8853134353508153,0.8085880640465793
recall,0.8285714285714286,0.9741379310344828,0.6666666666666666,0.9336734693877551,0.8390804597701149,0.813953488372093,0.7415730337078652,0.8565340909090909,0.8282366396443438,0.8565340909090909,0.8122270742358079
f1-score,0.8656716417910447,0.9617021276595743,0.7142857142857142,0.9457364341085271,0.8021978021978021,0.8045977011494252,0.8148148148148147,0.8701298701298701,0.844143748000986,0.8691492546660168,0.8088306647258612
support,70.0,116.0,60.0,196.0,87.0,86.0,89.0,704.0,704.0,704.0,704.0
