index,1st degree av block,atrial fibrillation,premature atrial contraction,right bundle branch block,sinus rhythm,st depression,ventricular ectopics,micro avg,macro avg,weighted avg,samples avg
precision,0.8484848484848485,0.9327731092436975,0.5128205128205128,0.9435897435897436,0.7560975609756098,0.8181818181818182,0.6931818181818182,0.8363363363363363,0.7864470587825784,0.8254911172808594,0.7286511402231926
recall,0.8,0.9568965517241379,0.3333333333333333,0.9387755102040817,0.7126436781609196,0.7325581395348837,0.6853932584269663,0.7911931818181818,0.7370857816263319,0.7911931818181818,0.74745269286754
f1-score,0.823529411764706,0.9446808510638298,0.40404040404040403,0.9411764705882353,0.7337278106508877,0.7730061349693251,0.6892655367231639,0.813138686131387,0.7584895171143646,0.80625075273722,0.7329936923823388
support,70.0,116.0,60.0,196.0,87.0,86.0,89.0,704.0,704.0,704.0,704.0
