index,atrial fibrillation,left ventricular high voltage,nonspecific st t abnormality,sinus bradycardia,sinus rhythm,sinus tachycardia,supraventricular tachycardia,t wave abnormal,micro avg,macro avg,weighted avg,samples avg
precision,0.8095238095238095,0.5352112676056338,0.5368421052631579,0.9947780678851175,0.9547738693467337,0.9692307692307692,0.8823529411764706,0.6866666666666666,0.8397058823529412,0.7961724370872949,0.8411032414462145,0.8546549479166667
recall,0.96045197740113,0.59375,0.51,0.9844961240310077,0.9595959595959596,0.8456375838926175,0.7377049180327869,0.5597826086956522,0.8251445086705202,0.7689273964561443,0.8251445086705202,0.8408203125
f1-score,0.8785529715762274,0.562962962962963,0.523076923076923,0.9896103896103896,0.9571788413098236,0.9032258064516129,0.8035714285714285,0.6167664670658682,0.8323615160349854,0.7793682238281545,0.830531062961544,0.8314127604166666
support,177.0,128.0,100.0,387.0,198.0,149.0,61.0,184.0,1384.0,1384.0,1384.0,1384.0
