index,abnormal QRS,atrial fibrillation,incomplete right bundle branch block,left anterior fascicular block,left axis deviation,left ventricular hypertrophy,myocardial infarction,myocardial ischemia,sinus rhythm,t wave abnormal,ventricular ectopics,micro avg,macro avg,weighted avg,samples avg
precision,0.7049808429118773,0.8413793103448276,0.6396396396396397,0.8238993710691824,0.813953488372093,0.6030927835051546,0.694888178913738,0.6052631578947368,0.9173249078462349,0.5833333333333334,0.8395061728395061,0.8052912508702715,0.7333873806063931,0.7968933701010616,0.8251030691708658
recall,0.5242165242165242,0.7625,0.6228070175438597,0.7237569060773481,0.6887298747763864,0.52,0.7880434782608695,0.6699029126213593,0.9770050476724621,0.3181818181818182,0.5811965811965812,0.7728285077951003,0.6523945600497462,0.7728285077951003,0.7936882402984098
f1-score,0.6013071895424836,0.7999999999999999,0.6311111111111112,0.7705882352941177,0.7461240310077519,0.558472553699284,0.7385398981324278,0.6359447004608295,0.9462248777838131,0.4117647058823529,0.686868686868687,0.7887259915899534,0.6842678172529871,0.7792939650422543,0.785111620704841
support,351.0,160.0,114.0,181.0,559.0,225.0,552.0,206.0,1783.0,242.0,117.0,4490.0,4490.0,4490.0,4490.0
