index,abnormal QRS,atrial fibrillation,incomplete right bundle branch block,left anterior fascicular block,left axis deviation,left ventricular hypertrophy,myocardial infarction,myocardial ischemia,sinus rhythm,t wave abnormal,ventricular ectopics,micro avg,macro avg,weighted avg,samples avg
precision,0.7529411764705882,0.8071428571428572,0.5954198473282443,0.6525096525096525,0.6861702127659575,0.6745562130177515,0.7115716753022453,0.6830601092896175,0.9261057173678533,0.5214007782101168,0.6376811594202898,0.7759067357512953,0.6953235817113794,0.7795732164755613,0.8038697292934581
recall,0.3646723646723647,0.70625,0.6842105263157895,0.9337016574585635,0.9230769230769231,0.5066666666666667,0.7463768115942029,0.6067961165048543,0.9629837352776219,0.5537190082644629,0.7521367521367521,0.800445434298441,0.7036900510880183,0.800445434298441,0.8164921580175818
f1-score,0.49136276391554706,0.7533333333333334,0.6367346938775511,0.7681818181818182,0.7871853546910755,0.5786802030456853,0.7285587975243148,0.6426735218508997,0.9441847676656585,0.5370741482965933,0.6901960784313725,0.7879850909888182,0.687105952801259,0.7803188227539094,0.7873661916034798
support,351.0,160.0,114.0,181.0,559.0,225.0,552.0,206.0,1783.0,242.0,117.0,4490.0,4490.0,4490.0,4490.0
