index,1st degree av block,atrial fibrillation,premature atrial contraction,right bundle branch block,sinus rhythm,st depression,ventricular ectopics,micro avg,macro avg,weighted avg,samples avg
precision,0.8888888888888888,0.9338842975206612,0.5609756097560976,0.9421052631578948,0.7738095238095238,0.7640449438202247,0.821917808219178,0.8532526475037822,0.8122323335960671,0.8452328800716007,0.745269286754003
recall,0.8,0.9741379310344828,0.38333333333333336,0.9132653061224489,0.7471264367816092,0.7906976744186046,0.6741573033707865,0.8011363636363636,0.7546739978658951,0.8011363636363636,0.7561863173216885
f1-score,0.8421052631578948,0.9535864978902953,0.4554455445544555,0.9274611398963731,0.760233918128655,0.7771428571428571,0.7407407407407406,0.8263736263736264,0.7795308516444673,0.8204163079356364,0.7476952935468221
support,70.0,116.0,60.0,196.0,87.0,86.0,89.0,704.0,704.0,704.0,704.0
