index,abnormal QRS,atrial fibrillation,incomplete right bundle branch block,left anterior fascicular block,left axis deviation,left ventricular hypertrophy,myocardial infarction,myocardial ischemia,sinus rhythm,t wave abnormal,ventricular ectopics,micro avg,macro avg,weighted avg,samples avg
precision,0.6130952380952381,0.7978142076502732,0.7341772151898734,0.8,0.7775831873905429,0.6821192052980133,0.7532710280373832,0.7253521126760564,0.9209129511677282,0.4882943143812709,0.6090225563909775,0.7943467616292009,0.7183310923888506,0.7920105846477636,0.8194838906703313
recall,0.5868945868945868,0.9125,0.5087719298245614,0.7955801104972375,0.7942754919499105,0.4577777777777778,0.730072463768116,0.5,0.9730790802019069,0.6033057851239669,0.6923076923076923,0.7948775055679287,0.6867786289405233,0.7948775055679287,0.8111696442204916
f1-score,0.5997088791848618,0.8513119533527697,0.6010362694300517,0.7977839335180056,0.7858407079646017,0.5478723404255319,0.7414903403863846,0.5919540229885057,0.9462776111262612,0.5397412199630314,0.648,0.7946120449738395,0.6955470253036368,0.7899938843336671,0.791673834894174
support,351.0,160.0,114.0,181.0,559.0,225.0,552.0,206.0,1783.0,242.0,117.0,4490.0,4490.0,4490.0,4490.0
