index,1st degree av block,atrial fibrillation,premature atrial contraction,right bundle branch block,sinus rhythm,st depression,ventricular ectopics,micro avg,macro avg,weighted avg,samples avg
precision,0.8888888888888888,0.8604651162790697,0.3548387096774194,0.9368421052631579,0.717391304347826,0.8181818181818182,0.9,0.8159126365054602,0.7823725632340258,0.8236139641544257,0.7020863658418244
recall,0.8,0.9568965517241379,0.36666666666666664,0.9081632653061225,0.7586206896551724,0.5232558139534884,0.5056179775280899,0.7428977272727273,0.6884601378333824,0.7428977272727273,0.7088791848617176
f1-score,0.8421052631578948,0.9061224489795918,0.36065573770491804,0.922279792746114,0.7374301675977654,0.6382978723404256,0.6474820143884892,0.7776951672862454,0.7220533281307426,0.7715052514574949,0.7001455604075691
support,70.0,116.0,60.0,196.0,87.0,86.0,89.0,704.0,704.0,704.0,704.0
