index,atrial fibrillation,left ventricular high voltage,nonspecific st t abnormality,sinus bradycardia,sinus rhythm,sinus tachycardia,supraventricular tachycardia,t wave abnormal,micro avg,macro avg,weighted avg,samples avg
precision,0.8941176470588236,0.6615384615384615,0.6410256410256411,0.9249394673123487,0.8631578947368421,0.8782051282051282,0.8225806451612904,0.6847290640394089,0.8362004487658938,0.796286743634743,0.8258058373969124,0.8302408854166666
recall,0.8587570621468926,0.3359375,0.5,0.9870801033591732,0.8282828282828283,0.9194630872483222,0.8360655737704918,0.7554347826086957,0.8078034682080925,0.7526276171770505,0.8078034682080925,0.8209635416666666
f1-score,0.8760806916426512,0.44559585492227977,0.5617977528089888,0.955,0.8453608247422681,0.898360655737705,0.829268292682927,0.7183462532299741,0.8217567070929805,0.7662262907208492,0.810596520652862,0.8097609747023808
support,177.0,128.0,100.0,387.0,198.0,149.0,61.0,184.0,1384.0,1384.0,1384.0,1384.0
