index,1st degree av block,atrial fibrillation,premature atrial contraction,right bundle branch block,sinus rhythm,st depression,ventricular ectopics,micro avg,macro avg,weighted avg,samples avg
precision,0.9166666666666666,0.9565217391304348,0.7142857142857143,0.9384615384615385,0.6991150442477876,0.7311827956989247,0.8589743589743589,0.8492176386913229,0.830743979637918,0.8552162500423074,0.7903930131004366
recall,0.7857142857142857,0.9482758620689655,0.5833333333333334,0.9336734693877551,0.9080459770114943,0.7906976744186046,0.7528089887640449,0.8480113636363636,0.8146499415283548,0.8480113636363636,0.8049490538573508
f1-score,0.8461538461538461,0.9523809523809523,0.6422018348623854,0.9360613810741688,0.7899999999999999,0.7597765363128492,0.8023952095808383,0.8486140724946695,0.81842425148072,0.8482827503761925,0.7937894226103832
support,70.0,116.0,60.0,196.0,87.0,86.0,89.0,704.0,704.0,704.0,704.0
