index,1st degree av block,atrial fibrillation,premature atrial contraction,right bundle branch block,sinus rhythm,st depression,ventricular ectopics,micro avg,macro avg,weighted avg,samples avg
precision,0.8,0.9557522123893806,0.6511627906976745,0.9215686274509803,0.7380952380952381,0.7849462365591398,0.7714285714285715,0.8401759530791789,0.8032790966601407,0.833723409055306,0.7557011159631246
recall,0.8571428571428571,0.9310344827586207,0.4666666666666667,0.9591836734693877,0.7126436781609196,0.8488372093023255,0.6067415730337079,0.8139204545454546,0.7688928772192122,0.8139204545454546,0.7700145560407569
f1-score,0.8275862068965518,0.943231441048035,0.5436893203883496,0.9400000000000001,0.7251461988304094,0.8156424581005587,0.679245283018868,0.8268398268398268,0.7820772726118247,0.820870797942052,0.759049005337215
support,70.0,116.0,60.0,196.0,87.0,86.0,89.0,704.0,704.0,704.0,704.0
