index,abnormal QRS,atrial fibrillation,incomplete right bundle branch block,left anterior fascicular block,left axis deviation,left ventricular hypertrophy,myocardial infarction,myocardial ischemia,sinus rhythm,t wave abnormal,ventricular ectopics,micro avg,macro avg,weighted avg,samples avg
precision,0.7108433734939759,0.8028169014084507,0.5328947368421053,0.7823529411764706,0.8176229508196722,0.6069651741293532,0.6475770925110133,0.7085714285714285,0.925704989154013,0.6893203883495146,0.7066666666666667,0.7995327102803739,0.7210306039202422,0.7967453905024412,0.8127871212616975
recall,0.5042735042735043,0.7125,0.7105263157894737,0.7348066298342542,0.7137745974955277,0.5422222222222223,0.7989130434782609,0.6019417475728155,0.957375210319686,0.29338842975206614,0.452991452991453,0.7621380846325168,0.6384284685208421,0.7621380846325168,0.7836430861854591
f1-score,0.59,0.7549668874172185,0.6090225563909775,0.7578347578347577,0.7621776504297995,0.5727699530516432,0.7153284671532847,0.6509186351706037,0.9412737799834574,0.41159420289855075,0.5520833333333333,0.7803876852907641,0.6652700203330568,0.7707913496962151,0.7726540319760659
support,351.0,160.0,114.0,181.0,559.0,225.0,552.0,206.0,1783.0,242.0,117.0,4490.0,4490.0,4490.0,4490.0
