index,1st degree av block,atrial fibrillation,premature atrial contraction,right bundle branch block,sinus rhythm,st depression,ventricular ectopics,micro avg,macro avg,weighted avg,samples avg
precision,0.9032258064516129,0.8888888888888888,0.43103448275862066,0.9289340101522843,0.5748031496062992,0.875,0.7580645161290323,0.7911764705882353,0.7657072648552482,0.8053915745302853,0.7110625909752547
recall,0.8,0.9655172413793104,0.4166666666666667,0.9336734693877551,0.8390804597701149,0.4883720930232558,0.5280898876404494,0.7642045454545454,0.7101999739810789,0.7642045454545454,0.7292576419213974
f1-score,0.8484848484848486,0.9256198347107438,0.423728813559322,0.9312977099236641,0.6822429906542056,0.6268656716417911,0.6225165562913907,0.777456647398844,0.7229652036094237,0.7718657409616859,0.71300339640951
support,70.0,116.0,60.0,196.0,87.0,86.0,89.0,704.0,704.0,704.0,704.0
