index,1st degree av block,atrial fibrillation,premature atrial contraction,right bundle branch block,sinus rhythm,st depression,ventricular ectopics,micro avg,macro avg,weighted avg,samples avg
precision,0.890625,0.9256198347107438,0.7592592592592593,0.9187817258883249,0.7974683544303798,0.8352941176470589,0.9027777777777778,0.8779761904761905,0.861403724244792,0.8762992724878209,0.7831149927219796
recall,0.8142857142857143,0.9655172413793104,0.6833333333333333,0.923469387755102,0.7241379310344828,0.8255813953488372,0.7303370786516854,0.8380681818181818,0.8095231545412094,0.8380681818181818,0.7940320232896652
f1-score,0.8507462686567163,0.9451476793248945,0.7192982456140351,0.9211195928753181,0.7590361445783133,0.8304093567251463,0.8074534161490682,0.8575581395348836,0.8333158148462131,0.855399727048303,0.7855409995147987
support,70.0,116.0,60.0,196.0,87.0,86.0,89.0,704.0,704.0,704.0,704.0
