index,1st degree av block,atrial fibrillation,premature atrial contraction,right bundle branch block,sinus rhythm,st depression,ventricular ectopics,micro avg,macro avg,weighted avg,samples avg
precision,0.7283950617283951,0.9,0.8518518518518519,0.8697674418604651,0.8115942028985508,0.6813186813186813,0.8767123287671232,0.8269230769230769,0.8170913669178669,0.829833357304836,0.7554585152838428
recall,0.8428571428571429,0.9310344827586207,0.38333333333333336,0.9540816326530612,0.6436781609195402,0.7209302325581395,0.7191011235955056,0.7940340909090909,0.7421451583821919,0.7940340909090909,0.7605531295487628
f1-score,0.7814569536423841,0.9152542372881356,0.5287356321839081,0.9099756690997566,0.7179487179487178,0.7005649717514124,0.7901234567901235,0.8101449275362319,0.7634370912434912,0.8011107401157077,0.75254730713246
support,70.0,116.0,60.0,196.0,87.0,86.0,89.0,704.0,704.0,704.0,704.0
