index,abnormal QRS,atrial fibrillation,incomplete right bundle branch block,left anterior fascicular block,left axis deviation,left ventricular hypertrophy,myocardial infarction,myocardial ischemia,sinus rhythm,t wave abnormal,ventricular ectopics,micro avg,macro avg,weighted avg,samples avg
precision,0.6098191214470284,0.7329842931937173,0.48633879781420764,0.8455882352941176,0.7250384024577573,0.6134969325153374,0.7126050420168067,0.6130434782608696,0.9446952595936795,0.46596858638743455,0.8631578947368421,0.7753591641271224,0.6920669130652544,0.7797197835252363,0.7975841458892307
recall,0.6723646723646723,0.875,0.7807017543859649,0.6353591160220995,0.8443649373881932,0.4444444444444444,0.7681159420289855,0.6844660194174758,0.9388670779584969,0.3677685950413223,0.7008547008547008,0.7933184855233854,0.7011188418096688,0.7933184855233854,0.803482538228301
f1-score,0.6395663956639567,0.7977207977207976,0.5993265993265994,0.7255520504731862,0.7801652892561984,0.5154639175257731,0.7393199651264167,0.6467889908256881,0.9417721518987341,0.41108545034642036,0.7735849056603774,0.7842360193747248,0.6882133194385589,0.7827122665370121,0.774812101930746
support,351.0,160.0,114.0,181.0,559.0,225.0,552.0,206.0,1783.0,242.0,117.0,4490.0,4490.0,4490.0,4490.0
