index,1st degree av block,atrial fibrillation,premature atrial contraction,right bundle branch block,sinus rhythm,st depression,ventricular ectopics,micro avg,macro avg,weighted avg,samples avg
precision,0.8507462686567164,0.9173553719008265,0.8333333333333334,0.9292929292929293,0.6851851851851852,0.6979166666666666,0.8805970149253731,0.8398268398268398,0.8277752528515758,0.8467499358816518,0.7729257641921398
recall,0.8142857142857143,0.9568965517241379,0.5,0.9387755102040817,0.8505747126436781,0.7790697674418605,0.6629213483146067,0.8267045454545454,0.786074800659154,0.8267045454545454,0.7831149927219796
f1-score,0.832116788321168,0.9367088607594937,0.625,0.934010152284264,0.7589743589743589,0.7362637362637364,0.7564102564102564,0.8332140300644237,0.7970691647161825,0.8297476651253723,0.7748665696263949
support,70.0,116.0,60.0,196.0,87.0,86.0,89.0,704.0,704.0,704.0,704.0
