index,atrial fibrillation,left ventricular high voltage,nonspecific st t abnormality,sinus bradycardia,sinus rhythm,sinus tachycardia,supraventricular tachycardia,t wave abnormal,micro avg,macro avg,weighted avg,samples avg
precision,0.9181286549707602,0.6222222222222222,0.48214285714285715,0.9973821989528796,0.9536082474226805,0.9391891891891891,0.8125,0.680628272251309,0.8615149196633511,0.8007252052689873,0.8525333362402023,0.86376953125
recall,0.8870056497175142,0.21875,0.54,0.9844961240310077,0.9343434343434344,0.9328859060402684,0.8524590163934426,0.7065217391304348,0.8135838150289018,0.7570577337070128,0.8135838150289018,0.8365885416666667
f1-score,0.9022988505747127,0.323699421965318,0.5094339622641509,0.9908972691807543,0.9438775510204083,0.936026936026936,0.8319999999999999,0.6933333333333335,0.836863619472315,0.7664459155457017,0.8238743958569649,0.8342075892857144
support,177.0,128.0,100.0,387.0,198.0,149.0,61.0,184.0,1384.0,1384.0,1384.0,1384.0
