index,1st degree av block,atrial fibrillation,premature atrial contraction,right bundle branch block,sinus rhythm,st depression,ventricular ectopics,micro avg,macro avg,weighted avg,samples avg
precision,0.8888888888888888,0.9557522123893806,0.6285714285714286,0.9468085106382979,0.6831683168316832,0.6938775510204082,0.863013698630137,0.8405365126676602,0.8085829438528893,0.8413289272570684,0.7503639010189228
recall,0.8,0.9310344827586207,0.36666666666666664,0.9081632653061225,0.7931034482758621,0.7906976744186046,0.7078651685393258,0.8011363636363636,0.7567901008521717,0.8011363636363636,0.75764192139738
f1-score,0.8421052631578948,0.943231441048035,0.46315789473684205,0.9270833333333334,0.7340425531914894,0.7391304347826086,0.7777777777777778,0.8203636363636364,0.7752183854325686,0.8160641538939699,0.7510917030567685
support,70.0,116.0,60.0,196.0,87.0,86.0,89.0,704.0,704.0,704.0,704.0
