index,abnormal QRS,atrial fibrillation,incomplete right bundle branch block,left anterior fascicular block,left axis deviation,left ventricular hypertrophy,myocardial infarction,myocardial ischemia,sinus rhythm,t wave abnormal,ventricular ectopics,micro avg,macro avg,weighted avg,samples avg
precision,0.7589285714285714,0.7966101694915254,0.660377358490566,0.7175925925925926,0.811088295687885,0.7203389830508474,0.789587852494577,0.6794871794871795,0.9069767441860465,0.6275862068965518,0.7294117647058823,0.8257907542579075,0.7452714289556568,0.81172981943605,0.8512128351111401
recall,0.4843304843304843,0.88125,0.6140350877192983,0.856353591160221,0.7066189624329159,0.37777777777777777,0.6594202898550725,0.5145631067961165,0.9842961301177791,0.3760330578512397,0.5299145299145299,0.755902004454343,0.6349630016323122,0.755902004454343,0.7809763758916302
f1-score,0.5913043478260869,0.8367952522255192,0.6363636363636364,0.7808564231738034,0.7552581261950287,0.49562682215743437,0.7186574531095755,0.5856353591160222,0.944055944055944,0.47028423772609823,0.6138613861386139,0.7893023255813952,0.675336271644342,0.7739962082773864,0.7890392983613322
support,351.0,160.0,114.0,181.0,559.0,225.0,552.0,206.0,1783.0,242.0,117.0,4490.0,4490.0,4490.0,4490.0
