index,atrial fibrillation,left ventricular high voltage,nonspecific st t abnormality,sinus bradycardia,sinus rhythm,sinus tachycardia,supraventricular tachycardia,t wave abnormal,micro avg,macro avg,weighted avg,samples avg
precision,0.8783068783068783,0.6612903225806451,0.4722222222222222,0.9645569620253165,0.9653179190751445,0.8910256410256411,0.7878787878787878,0.6025641025641025,0.8228488792480115,0.7778953544598421,0.8261845481927454,0.843505859375
recall,0.9378531073446328,0.3203125,0.51,0.9844961240310077,0.8434343434343434,0.9328859060402684,0.8524590163934426,0.7663043478260869,0.8222543352601156,0.7684681681337228,0.8222543352601156,0.837890625
f1-score,0.9071038251366121,0.43157894736842106,0.4903846153846154,0.9744245524296675,0.9002695417789757,0.9114754098360656,0.8188976377952757,0.6746411483253587,0.8225514998192989,0.7635969597568739,0.81653914608112,0.8246070498511904
support,177.0,128.0,100.0,387.0,198.0,149.0,61.0,184.0,1384.0,1384.0,1384.0,1384.0
