index,1st degree av block,atrial fibrillation,premature atrial contraction,right bundle branch block,sinus rhythm,st depression,ventricular ectopics,micro avg,macro avg,weighted avg,samples avg
precision,0.9298245614035088,0.8947368421052632,1.0,0.9427083333333334,0.6732673267326733,0.8225806451612904,0.6904761904761905,0.8412438625204582,0.8505134141731798,0.8585463070707159,0.7074235807860262
recall,0.7571428571428571,0.8793103448275862,0.016666666666666666,0.923469387755102,0.7816091954022989,0.5930232558139535,0.651685393258427,0.7301136363636364,0.6575581572666989,0.7301136363636364,0.7023289665211062
f1-score,0.8346456692913385,0.8869565217391304,0.03278688524590164,0.9329896907216495,0.723404255319149,0.6891891891891893,0.6705202312138728,0.7817490494296578,0.6814989203886045,0.7500398962065357,0.700242600679282
support,70.0,116.0,60.0,196.0,87.0,86.0,89.0,704.0,704.0,704.0,704.0
