index,atrial fibrillation,left ventricular high voltage,nonspecific st t abnormality,sinus bradycardia,sinus rhythm,sinus tachycardia,supraventricular tachycardia,t wave abnormal,micro avg,macro avg,weighted avg,samples avg
precision,0.8688524590163934,0.5487804878048781,0.625,0.9974093264248705,0.9455445544554455,0.9517241379310345,0.7868852459016393,0.6682926829268293,0.8606927710843374,0.7990611118076363,0.8471956423437789,0.86474609375
recall,0.8983050847457628,0.3515625,0.4,0.9948320413436692,0.9646464646464646,0.9261744966442953,0.7868852459016393,0.7445652173913043,0.8258670520231214,0.758371381334142,0.8258670520231214,0.8448079427083333
f1-score,0.8833333333333333,0.42857142857142855,0.48780487804878053,0.9961190168175937,0.9550000000000001,0.9387755102040818,0.7868852459016392,0.7043701799485861,0.8429203539823009,0.7726074491031805,0.8324113831657355,0.8391880580357143
support,177.0,128.0,100.0,387.0,198.0,149.0,61.0,184.0,1384.0,1384.0,1384.0,1384.0
