index,1st degree av block,atrial fibrillation,premature atrial contraction,right bundle branch block,sinus rhythm,st depression,ventricular ectopics,micro avg,macro avg,weighted avg,samples avg
precision,0.8666666666666667,0.9067796610169492,0.6888888888888889,0.9281767955801105,0.6454545454545455,0.7966101694915254,0.8732394366197183,0.8354037267080745,0.8151165948169148,0.8401852592352831,0.7365356622998545
recall,0.7428571428571429,0.9224137931034483,0.5166666666666667,0.8571428571428571,0.8160919540229885,0.5465116279069767,0.6966292134831461,0.7642045454545454,0.7283304650261753,0.7642045454545454,0.7336244541484717
f1-score,0.8,0.9145299145299146,0.5904761904761905,0.8912466843501327,0.7208121827411168,0.6482758620689655,0.775,0.7982195845697329,0.7629058334523316,0.7949371813680053,0.7297428432799612
support,70.0,116.0,60.0,196.0,87.0,86.0,89.0,704.0,704.0,704.0,704.0
