index,atrial fibrillation,left ventricular high voltage,nonspecific st t abnormality,sinus bradycardia,sinus rhythm,sinus tachycardia,supraventricular tachycardia,t wave abnormal,micro avg,macro avg,weighted avg,samples avg
precision,0.8497409326424871,0.5111111111111111,0.7166666666666667,0.9768041237113402,0.8894230769230769,0.8658536585365854,0.8536585365853658,0.7151162790697675,0.8376193975018369,0.7972967981558,0.8340236707197706,0.8450520833333333
recall,0.9265536723163842,0.5390625,0.43,0.979328165374677,0.9343434343434344,0.9530201342281879,0.5737704918032787,0.6684782608695652,0.8236994219653179,0.7505695823669409,0.8236994219653179,0.8336588541666667
f1-score,0.8864864864864864,0.5247148288973384,0.5375,0.9780645161290323,0.9113300492610836,0.9073482428115015,0.6862745098039217,0.6910112359550561,0.8306010928961749,0.7653412336680525,0.824407243060174,0.8226841517857142
support,177.0,128.0,100.0,387.0,198.0,149.0,61.0,184.0,1384.0,1384.0,1384.0,1384.0
