index,1st degree av block,atrial fibrillation,premature atrial contraction,right bundle branch block,sinus rhythm,st depression,ventricular ectopics,micro avg,macro avg,weighted avg,samples avg
precision,0.8620689655172413,0.9504950495049505,0.85,0.847926267281106,0.6176470588235294,0.9024390243902439,0.8714285714285714,0.8341543513957307,0.8431435624208061,0.8475823789605523,0.6885007278020379
recall,0.7142857142857143,0.8275862068965517,0.2833333333333333,0.9387755102040817,0.7241379310344828,0.43023255813953487,0.6853932584269663,0.7215909090909091,0.6576777874743807,0.7215909090909091,0.6841339155749636
f1-score,0.7812500000000001,0.8847926267281105,0.425,0.8910411622276029,0.6666666666666667,0.5826771653543307,0.7672955974842768,0.7738004569687739,0.7141033169229983,0.7583338876330171,0.6826783114992722
support,70.0,116.0,60.0,196.0,87.0,86.0,89.0,704.0,704.0,704.0,704.0
