index,1st degree av block,atrial fibrillation,premature atrial contraction,right bundle branch block,sinus rhythm,st depression,ventricular ectopics,micro avg,macro avg,weighted avg,samples avg
precision,0.8888888888888888,0.9338842975206612,0.8461538461538461,0.9720670391061452,0.8024691358024691,0.8,0.9014084507042254,0.8964451313755796,0.8778388083108908,0.8958626961592969,0.7758369723435226
recall,0.8,0.9741379310344828,0.7333333333333333,0.8877551020408163,0.7471264367816092,0.7441860465116279,0.7191011235955056,0.8238636363636364,0.8008057104710536,0.8238636363636364,0.7802037845705968
f1-score,0.8421052631578948,0.9535864978902953,0.7857142857142856,0.9279999999999999,0.7738095238095237,0.7710843373493975,0.8,0.8586232420429312,0.8363285582744852,0.8571433819640067,0.7758369723435226
support,70.0,116.0,60.0,196.0,87.0,86.0,89.0,704.0,704.0,704.0,704.0
