index,1st degree av block,atrial fibrillation,premature atrial contraction,right bundle branch block,sinus rhythm,st depression,ventricular ectopics,micro avg,macro avg,weighted avg,samples avg
precision,0.8852459016393442,0.9652173913043478,0.5507246376811594,0.9343434343434344,0.7115384615384616,0.7764705882352941,0.8382352941176471,0.8357142857142857,0.8088251012656696,0.8428842042852177,0.777292576419214
recall,0.7714285714285715,0.9568965517241379,0.6333333333333333,0.9438775510204082,0.8505747126436781,0.7674418604651163,0.6404494382022472,0.8309659090909091,0.7948574312596418,0.8309659090909091,0.789665211062591
f1-score,0.8244274809160306,0.961038961038961,0.5891472868217054,0.9390862944162437,0.774869109947644,0.7719298245614037,0.7261146496815287,0.8333333333333333,0.7980876581976454,0.8338408740893599,0.7792333818534691
support,70.0,116.0,60.0,196.0,87.0,86.0,89.0,704.0,704.0,704.0,704.0
