index,1st degree av block,atrial fibrillation,premature atrial contraction,right bundle branch block,sinus rhythm,st depression,ventricular ectopics,micro avg,macro avg,weighted avg,samples avg
precision,0.9180327868852459,0.9090909090909091,0.48484848484848486,0.9292929292929293,0.7176470588235294,0.8484848484848485,0.7941176470588235,0.8315789473684211,0.8002163806406815,0.8338503202335442,0.7394468704512372
recall,0.8,0.9482758620689655,0.5333333333333333,0.9387755102040817,0.7011494252873564,0.6511627906976745,0.6067415730337079,0.7855113636363636,0.7399197849464457,0.7855113636363636,0.745269286754003
f1-score,0.8549618320610688,0.9282700421940928,0.507936507936508,0.934010152284264,0.7093023255813954,0.736842105263158,0.6878980891719746,0.8078889700511322,0.7656030077846373,0.805922566444907,0.7384764677341097
support,70.0,116.0,60.0,196.0,87.0,86.0,89.0,704.0,704.0,704.0,704.0
