index,1st degree av block,atrial fibrillation,premature atrial contraction,right bundle branch block,sinus rhythm,st depression,ventricular ectopics,micro avg,macro avg,weighted avg,samples avg
precision,0.8709677419354839,0.8968253968253969,0.5230769230769231,0.9438775510204082,0.6989247311827957,0.7951807228915663,0.7162162162162162,0.8154506437768241,0.7778670404498271,0.8157945175804922,0.7493934983017951
recall,0.7714285714285715,0.9741379310344828,0.5666666666666667,0.9438775510204082,0.7471264367816092,0.7674418604651163,0.5955056179775281,0.8096590909090909,0.7665978050534833,0.8096590909090909,0.7656477438136827
f1-score,0.8181818181818182,0.9338842975206612,0.5439999999999999,0.9438775510204082,0.7222222222222223,0.7810650887573964,0.6503067484662577,0.8125445473984321,0.7705053894526805,0.8112578655754125,0.7532751091703057
support,70.0,116.0,60.0,196.0,87.0,86.0,89.0,704.0,704.0,704.0,704.0
