index,atrial fibrillation,left ventricular high voltage,nonspecific st t abnormality,sinus bradycardia,sinus rhythm,sinus tachycardia,supraventricular tachycardia,t wave abnormal,micro avg,macro avg,weighted avg,samples avg
precision,0.7912621359223301,0.8,0.5535714285714286,0.9973890339425587,0.973404255319149,0.9194630872483222,0.8448275862068966,0.7278911564625851,0.8687888198757764,0.8259760854591588,0.866329909791975,0.8631184895833333
recall,0.9209039548022598,0.28125,0.62,0.9870801033591732,0.9242424242424242,0.9194630872483222,0.8032786885245902,0.5815217391304348,0.8085260115606936,0.7547174996634005,0.8085260115606936,0.8331705729166666
f1-score,0.8511749347258485,0.4161849710982659,0.5849056603773586,0.9922077922077922,0.9481865284974094,0.9194630872483222,0.823529411764706,0.6465256797583082,0.8375748502994012,0.7727722582097514,0.8239462234139215,0.8332914806547619
support,177.0,128.0,100.0,387.0,198.0,149.0,61.0,184.0,1384.0,1384.0,1384.0,1384.0
