index,abnormal QRS,atrial fibrillation,incomplete right bundle branch block,left anterior fascicular block,left axis deviation,left ventricular hypertrophy,myocardial infarction,myocardial ischemia,sinus rhythm,t wave abnormal,ventricular ectopics,micro avg,macro avg,weighted avg,samples avg
precision,0.7837837837837838,0.844311377245509,0.803030303030303,0.6611570247933884,0.8036072144288577,0.6113744075829384,0.7708737864077669,0.6868686868686869,0.9186046511627907,0.5859375,0.8055555555555556,0.8222754491017964,0.7522822082599618,0.8127226562778692,0.8445564208276073
recall,0.4131054131054131,0.88125,0.4649122807017544,0.8839779005524862,0.7173524150268337,0.5733333333333334,0.7192028985507246,0.6601941747572816,0.9747616376892877,0.30991735537190085,0.49572649572649574,0.7645879732739421,0.6448849004377738,0.7645879732739421,0.7849082738913248
f1-score,0.5410447761194029,0.8623853211009174,0.5888888888888888,0.7565011820330969,0.7580340264650283,0.5917431192660549,0.7441424554826618,0.6732673267326732,0.9458503401360544,0.4054054054054055,0.6137566137566137,0.7923831506058857,0.6800926777624362,0.7783207418302386,0.789522954777192
support,351.0,160.0,114.0,181.0,559.0,225.0,552.0,206.0,1783.0,242.0,117.0,4490.0,4490.0,4490.0,4490.0
