index,abnormal QRS,atrial fibrillation,incomplete right bundle branch block,left anterior fascicular block,left axis deviation,left ventricular hypertrophy,myocardial infarction,myocardial ischemia,sinus rhythm,t wave abnormal,ventricular ectopics,micro avg,macro avg,weighted avg,samples avg
precision,0.7213114754098361,0.7965116279069767,0.7209302325581395,0.7888198757763976,0.7435456110154905,0.7241379310344828,0.7152658662092625,0.7402597402597403,0.9263904034896401,0.4225352112676056,0.6666666666666666,0.7906443476266911,0.7242158765085672,0.793649340443508,0.8103974434482909
recall,0.5014245014245015,0.85625,0.543859649122807,0.7016574585635359,0.7728085867620751,0.37333333333333335,0.7554347826086957,0.5533980582524272,0.9528883903533371,0.6198347107438017,0.42735042735042733,0.7679287305122494,0.6416581725922674,0.7679287305122494,0.7956318303775931
f1-score,0.5915966386554622,0.8253012048192772,0.6200000000000001,0.7426900584795323,0.7578947368421053,0.49266862170087977,0.7348017621145375,0.6333333333333333,0.9394525850152059,0.5025125628140703,0.5208333333333333,0.7791210032764658,0.6691895306461579,0.7734935077813787,0.7770231880401373
support,351.0,160.0,114.0,181.0,559.0,225.0,552.0,206.0,1783.0,242.0,117.0,4490.0,4490.0,4490.0,4490.0
