index,atrial fibrillation,left ventricular high voltage,nonspecific st t abnormality,sinus bradycardia,sinus rhythm,sinus tachycardia,supraventricular tachycardia,t wave abnormal,micro avg,macro avg,weighted avg,samples avg
precision,0.8736263736263736,0.7209302325581395,0.6708860759493671,0.9770408163265306,0.8669724770642202,0.9455782312925171,0.847457627118644,0.7794117647058824,0.8837579617834395,0.8352379498302093,0.8668878094610074,0.8765462239583333
recall,0.8983050847457628,0.2421875,0.53,0.9896640826873385,0.9545454545454546,0.9328859060402684,0.819672131147541,0.5760869565217391,0.8020231213872833,0.7429183894610131,0.8020231213872833,0.8282063802083334
f1-score,0.8857938718662953,0.36257309941520466,0.5921787709497207,0.9833119383825417,0.9086538461538463,0.9391891891891893,0.8333333333333333,0.6625000000000001,0.8409090909090909,0.7709417561612664,0.8204772061817053,0.836728050595238
support,177.0,128.0,100.0,387.0,198.0,149.0,61.0,184.0,1384.0,1384.0,1384.0,1384.0
