index,1st degree av block,atrial fibrillation,premature atrial contraction,right bundle branch block,sinus rhythm,st depression,ventricular ectopics,micro avg,macro avg,weighted avg,samples avg
precision,0.9076923076923077,0.9652173913043478,0.7450980392156863,0.9494949494949495,0.7272727272727273,0.7777777777777778,0.8648648648648649,0.869942196531792,0.8482025796603802,0.8713709666453215,0.7998544395924309
recall,0.8428571428571429,0.9568965517241379,0.6333333333333333,0.9591836734693877,0.8275862068965517,0.813953488372093,0.7191011235955056,0.8551136363636364,0.8218445028925931,0.8551136363636364,0.8114992721979621
f1-score,0.8740740740740741,0.961038961038961,0.6846846846846847,0.9543147208121828,0.7741935483870968,0.7954545454545455,0.7852760736196319,0.8624641833810888,0.8327195154387396,0.8614289363592175,0.8025230470645317
support,70.0,116.0,60.0,196.0,87.0,86.0,89.0,704.0,704.0,704.0,704.0
