index,1st degree av block,atrial fibrillation,premature atrial contraction,right bundle branch block,sinus rhythm,st depression,ventricular ectopics,micro avg,macro avg,weighted avg,samples avg
precision,0.8793103448275862,0.9537037037037037,0.18181818181818182,0.9709302325581395,0.8666666666666667,0.7307692307692307,0.8936170212765957,0.8882466281310212,0.7824021973743005,0.8397313053946274,0.6455604075691412
recall,0.7285714285714285,0.8879310344827587,0.03333333333333333,0.8520408163265306,0.4482758620689655,0.6627906976744186,0.47191011235955055,0.6548295454545454,0.5835504692595694,0.6548295454545454,0.62882096069869
f1-score,0.796875,0.9196428571428572,0.056338028169014086,0.907608695652174,0.5909090909090909,0.6951219512195121,0.6176470588235293,0.7538838920686836,0.6548775259880253,0.7242778045678997,0.6327025715672003
support,70.0,116.0,60.0,196.0,87.0,86.0,89.0,704.0,704.0,704.0,704.0
