index,1st degree av block,atrial fibrillation,premature atrial contraction,right bundle branch block,sinus rhythm,st depression,ventricular ectopics,micro avg,macro avg,weighted avg,samples avg
precision,0.9259259259259259,0.9016393442622951,0.8444444444444444,0.9064039408866995,0.7631578947368421,0.7368421052631579,0.8939393939393939,0.8608169440242057,0.8531932927798227,0.8622877582173917,0.7583697234352256
recall,0.7142857142857143,0.9482758620689655,0.6333333333333333,0.9387755102040817,0.6666666666666666,0.813953488372093,0.6629213483146067,0.8082386363636364,0.7683159890350658,0.8082386363636364,0.764919941775837
f1-score,0.8064516129032259,0.9243697478991596,0.7238095238095237,0.9223057644110276,0.7116564417177914,0.7734806629834253,0.7612903225806451,0.8336996336996337,0.8033377251863999,0.8296410384493764,0.7588549247937894
support,70.0,116.0,60.0,196.0,87.0,86.0,89.0,704.0,704.0,704.0,704.0
