index,1st degree av block,atrial fibrillation,premature atrial contraction,right bundle branch block,sinus rhythm,st depression,ventricular ectopics,micro avg,macro avg,weighted avg,samples avg
precision,0.8194444444444444,0.9482758620689655,0.8,0.9617486338797814,0.7254901960784313,0.8333333333333334,0.84,0.8680351906158358,0.8468989242578508,0.8713184049389752,0.7874818049490538
recall,0.8428571428571429,0.9482758620689655,0.6666666666666666,0.8979591836734694,0.8505747126436781,0.813953488372093,0.7078651685393258,0.8409090909090909,0.8183074606887629,0.8409090909090909,0.7983988355167394
f1-score,0.8309859154929577,0.9482758620689655,0.7272727272727272,0.9287598944591029,0.783068783068783,0.8235294117647058,0.7682926829268292,0.8542568542568543,0.8300264681505817,0.8539359081734254,0.789422610383309
support,70.0,116.0,60.0,196.0,87.0,86.0,89.0,704.0,704.0,704.0,704.0
