index,atrial fibrillation,left ventricular high voltage,nonspecific st t abnormality,sinus bradycardia,sinus rhythm,sinus tachycardia,supraventricular tachycardia,t wave abnormal,micro avg,macro avg,weighted avg,samples avg
precision,0.9147727272727273,0.5072463768115942,0.47619047619047616,0.9673366834170855,0.9672131147540983,0.9517241379310345,0.7692307692307693,0.7807017543859649,0.8466819221967964,0.7918020049992187,0.8473323309709151,0.8407389322916666
recall,0.9096045197740112,0.546875,0.5,0.9948320413436692,0.8939393939393939,0.9261744966442953,0.6557377049180327,0.483695652173913,0.8020231213872833,0.7388573510991644,0.8020231213872833,0.8199055989583334
f1-score,0.9121813031161472,0.5263157894736842,0.4878048780487805,0.9808917197452229,0.9291338582677166,0.9387755102040818,0.7079646017699115,0.5973154362416107,0.8237476808905382,0.7600478871083944,0.8194711206534002,0.812704613095238
support,177.0,128.0,100.0,387.0,198.0,149.0,61.0,184.0,1384.0,1384.0,1384.0,1384.0
