index,1st degree av block,atrial fibrillation,premature atrial contraction,right bundle branch block,sinus rhythm,st depression,ventricular ectopics,micro avg,macro avg,weighted avg,samples avg
precision,0.9107142857142857,0.9016393442622951,0.7142857142857143,0.9388888888888889,0.5286624203821656,0.8604651162790697,0.8181818181818182,0.8064516129032258,0.8104053697134626,0.8352717917687807,0.6921397379912664
recall,0.7285714285714285,0.9482758620689655,0.08333333333333333,0.8622448979591837,0.9540229885057471,0.43023255813953487,0.5056179775280899,0.7102272727272727,0.6446141494437547,0.7102272727272727,0.6826783114992722
f1-score,0.8095238095238095,0.9243697478991596,0.14925373134328357,0.898936170212766,0.680327868852459,0.5736434108527131,0.6250000000000001,0.7552870090634441,0.6658649626691702,0.7289589894726783,0.6821931101407084
support,70.0,116.0,60.0,196.0,87.0,86.0,89.0,704.0,704.0,704.0,704.0
