index,1st degree av block,atrial fibrillation,premature atrial contraction,right bundle branch block,sinus rhythm,st depression,ventricular ectopics,micro avg,macro avg,weighted avg,samples avg
precision,0.90625,0.925,0.8333333333333334,0.9576719576719577,0.7446808510638298,0.7578947368421053,0.8888888888888888,0.8742603550295858,0.859102823971445,0.8771569548661776,0.7882096069868996
recall,0.8285714285714286,0.9568965517241379,0.5833333333333334,0.923469387755102,0.8045977011494253,0.8372093023255814,0.7191011235955056,0.8394886363636364,0.8075969754935021,0.8394886363636364,0.7962154294032023
f1-score,0.8656716417910447,0.9406779661016949,0.6862745098039216,0.9402597402597401,0.7734806629834253,0.7955801104972375,0.7950310559006211,0.8565217391304348,0.8281393839053836,0.8546214628264059,0.7894226103833091
support,70.0,116.0,60.0,196.0,87.0,86.0,89.0,704.0,704.0,704.0,704.0
