index,1st degree av block,atrial fibrillation,premature atrial contraction,right bundle branch block,sinus rhythm,st depression,ventricular ectopics,micro avg,macro avg,weighted avg,samples avg
precision,0.8028169014084507,0.8818897637795275,0.42105263157894735,0.9322916666666666,0.7386363636363636,0.6198347107438017,0.8245614035087719,0.7939481268011528,0.7458690630460757,0.7918207868338516,0.7168850072780204
recall,0.8142857142857143,0.9655172413793104,0.26666666666666666,0.9132653061224489,0.7471264367816092,0.872093023255814,0.5280898876404494,0.7826704545454546,0.7295777537331448,0.7826704545454546,0.7416302765647744
f1-score,0.8085106382978723,0.9218106995884774,0.326530612244898,0.922680412371134,0.7428571428571429,0.7246376811594203,0.6438356164383561,0.7882689556509299,0.7272661147081857,0.77870989384069,0.722464822901504
support,70.0,116.0,60.0,196.0,87.0,86.0,89.0,704.0,704.0,704.0,704.0
