index,abnormal QRS,atrial fibrillation,incomplete right bundle branch block,left anterior fascicular block,left axis deviation,left ventricular hypertrophy,myocardial infarction,myocardial ischemia,sinus rhythm,t wave abnormal,ventricular ectopics,micro avg,macro avg,weighted avg,samples avg
precision,0.6598837209302325,0.8055555555555556,0.65,0.7903225806451613,0.8288100208768268,0.7230769230769231,0.7535211267605634,0.6271186440677966,0.9094202898550725,0.6333333333333333,0.7387387387387387,0.8135283363802559,0.7381619030763822,0.8040042650234117,0.8430109286041488
recall,0.6467236467236467,0.90625,0.6842105263157895,0.8121546961325967,0.7101967799642218,0.4177777777777778,0.7753623188405797,0.7184466019417476,0.9854178351093662,0.23553719008264462,0.7008547008547008,0.7928730512249443,0.6902665521584611,0.7928730512249443,0.8062964901947952
f1-score,0.6532374100719425,0.8529411764705882,0.6666666666666667,0.8010899182561307,0.7649325626204239,0.5295774647887324,0.7642857142857142,0.6696832579185521,0.9458950201884253,0.3433734939759036,0.7192982456140351,0.8030678998420934,0.7009982664415558,0.7900071254229614,0.8002998655541028
support,351.0,160.0,114.0,181.0,559.0,225.0,552.0,206.0,1783.0,242.0,117.0,4490.0,4490.0,4490.0,4490.0
