index,abnormal QRS,atrial fibrillation,incomplete right bundle branch block,left anterior fascicular block,left axis deviation,left ventricular hypertrophy,myocardial infarction,myocardial ischemia,sinus rhythm,t wave abnormal,ventricular ectopics,micro avg,macro avg,weighted avg,samples avg
precision,0.6862170087976539,0.8160919540229885,0.6875,0.8509316770186336,0.766612641815235,0.634703196347032,0.8362282878411911,0.645933014354067,0.9427917620137299,0.5794392523364486,0.7093023255813954,0.8252823840422975,0.7414319200116705,0.8182730068817428,0.8343116724472657
recall,0.6666666666666666,0.8875,0.5789473684210527,0.7569060773480663,0.8461538461538461,0.6177777777777778,0.6105072463768116,0.6553398058252428,0.9242849130678632,0.256198347107438,0.5213675213675214,0.7648106904231626,0.6656045063738443,0.7648106904231626,0.7795497676853609
f1-score,0.676300578034682,0.8502994011976048,0.6285714285714286,0.801169590643275,0.8044217687074829,0.6261261261261262,0.7057591623036651,0.6506024096385542,0.9334466156896063,0.3553008595988539,0.6009852216748769,0.7938966593457404,0.6939075601987414,0.7850523255327047,0.782569781722324
support,351.0,160.0,114.0,181.0,559.0,225.0,552.0,206.0,1783.0,242.0,117.0,4490.0,4490.0,4490.0,4490.0
