index,abnormal QRS,atrial fibrillation,incomplete right bundle branch block,left anterior fascicular block,left axis deviation,left ventricular hypertrophy,myocardial infarction,myocardial ischemia,sinus rhythm,t wave abnormal,ventricular ectopics,micro avg,macro avg,weighted avg,samples avg
precision,0.7639484978540773,0.7637362637362637,0.7142857142857143,0.8376623376623377,0.8247422680412371,0.5569620253164557,0.7813121272365805,0.6572769953051644,0.9526255707762558,0.6416666666666667,0.7964601769911505,0.8356600538819495,0.7536980585338096,0.8292695957737438,0.8391815544357918
recall,0.5071225071225072,0.86875,0.5701754385964912,0.712707182320442,0.7155635062611807,0.5866666666666667,0.7119565217391305,0.6796116504854369,0.9360628154795289,0.3181818181818182,0.7692307692307693,0.7599109131403118,0.6705480796439974,0.7599109131403118,0.7794265209519446
f1-score,0.6095890410958904,0.8128654970760235,0.6341463414634146,0.7701492537313434,0.7662835249042146,0.5714285714285713,0.7450236966824645,0.6682577565632459,0.9442715700141443,0.425414364640884,0.782608695652174,0.7959874023095765,0.7027307557502155,0.788352724096275,0.7840044263773077
support,351.0,160.0,114.0,181.0,559.0,225.0,552.0,206.0,1783.0,242.0,117.0,4490.0,4490.0,4490.0,4490.0
