index,abnormal QRS,atrial fibrillation,incomplete right bundle branch block,left anterior fascicular block,left axis deviation,left ventricular hypertrophy,myocardial infarction,myocardial ischemia,sinus rhythm,t wave abnormal,ventricular ectopics,micro avg,macro avg,weighted avg,samples avg
precision,0.7593984962406015,0.7906976744186046,0.6346153846153846,0.7365853658536585,0.7708333333333334,0.61875,0.664576802507837,0.6815286624203821,0.9029774127310062,0.6296296296296297,0.746031746031746,0.7981395348837209,0.7214204097983804,0.7852448328473989,0.8343182165216064
recall,0.28774928774928776,0.85,0.5789473684210527,0.8342541436464088,0.7942754919499105,0.44,0.7681159420289855,0.5194174757281553,0.9865395401009535,0.21074380165289255,0.8034188034188035,0.7643652561247216,0.6430419867905863,0.7643652561247216,0.7909353663590951
f1-score,0.41735537190082644,0.8192771084337349,0.6055045871559633,0.7823834196891192,0.7823788546255507,0.5142857142857142,0.7126050420168067,0.5895316804407712,0.9429107477887966,0.3157894736842105,0.7736625514403291,0.7808873720136519,0.6596076864965293,0.7581804017945801,0.7876649563090241
support,351.0,160.0,114.0,181.0,559.0,225.0,552.0,206.0,1783.0,242.0,117.0,4490.0,4490.0,4490.0,4490.0
