index,1st degree av block,atrial fibrillation,premature atrial contraction,right bundle branch block,sinus rhythm,st depression,ventricular ectopics,micro avg,macro avg,weighted avg,samples avg
precision,0.8888888888888888,0.9473684210526315,0.5,0.9558011049723757,0.7065217391304348,0.6759259259259259,0.8208955223880597,0.8241430700447094,0.7850573717654737,0.8268617870247555,0.7314410480349345
recall,0.8,0.9310344827586207,0.38333333333333336,0.8826530612244898,0.7471264367816092,0.8488372093023255,0.6179775280898876,0.7855113636363636,0.7444231502128952,0.7855113636363636,0.7430858806404658
f1-score,0.8421052631578948,0.9391304347826087,0.43396226415094347,0.9177718832891246,0.7262569832402235,0.7525773195876289,0.7051282051282053,0.8043636363636364,0.7595617647623756,0.8018038936255768,0.7331392527899078
support,70.0,116.0,60.0,196.0,87.0,86.0,89.0,704.0,704.0,704.0,704.0
