index,abnormal QRS,atrial fibrillation,incomplete right bundle branch block,left anterior fascicular block,left axis deviation,left ventricular hypertrophy,myocardial infarction,myocardial ischemia,sinus rhythm,t wave abnormal,ventricular ectopics,micro avg,macro avg,weighted avg,samples avg
precision,0.5906862745098039,0.8571428571428571,0.75,0.7326732673267327,0.7592295345104334,0.6729559748427673,0.7355072463768116,0.7704918032786885,0.9034411915767848,0.5529411764705883,0.8144329896907216,0.7959138352209638,0.7399547559751081,0.789102313044411,0.8254215474554458
recall,0.6866096866096866,0.7875,0.5,0.8176795580110497,0.8461538461538461,0.47555555555555556,0.7355072463768116,0.4563106796116505,0.9865395401009535,0.3884297520661157,0.6752136752136753,0.7982182628062361,0.6686817763363041,0.7982182628062361,0.8123050411186004
f1-score,0.6350461133069829,0.8208469055374592,0.6,0.772845953002611,0.8003384094754653,0.5572916666666666,0.7355072463768116,0.573170731707317,0.9431635388739946,0.45631067961165045,0.7383177570093459,0.7970643834093184,0.6938944546880278,0.7879389146162927,0.7955321107863481
support,351.0,160.0,114.0,181.0,559.0,225.0,552.0,206.0,1783.0,242.0,117.0,4490.0,4490.0,4490.0,4490.0
