index,abnormal QRS,atrial fibrillation,incomplete right bundle branch block,left anterior fascicular block,left axis deviation,left ventricular hypertrophy,myocardial infarction,myocardial ischemia,sinus rhythm,t wave abnormal,ventricular ectopics,micro avg,macro avg,weighted avg,samples avg
precision,0.7062706270627063,0.8545454545454545,0.6631578947368421,0.6909090909090909,0.7842105263157895,0.5473684210526316,0.6483357452966715,0.6287128712871287,0.8917004048582996,0.5833333333333334,0.8260869565217391,0.7737733391228832,0.7113301205381534,0.7710314549129546,0.8075584058634907
recall,0.6096866096866097,0.5875,0.5526315789473685,0.8397790055248618,0.7996422182468694,0.6933333333333334,0.8115942028985508,0.616504854368932,0.9882220975883342,0.2603305785123967,0.3247863247863248,0.7937639198218263,0.6440009821721437,0.7937639198218263,0.8090373666644853
f1-score,0.654434250764526,0.6962962962962964,0.6028708133971292,0.7581047381546134,0.79185119574845,0.611764705882353,0.7208366854384554,0.622549019607843,0.9374833732375633,0.36000000000000004,0.4662576687116564,0.7836411609498681,0.6565862497489897,0.7720939614986656,0.7839432212313567
support,351.0,160.0,114.0,181.0,559.0,225.0,552.0,206.0,1783.0,242.0,117.0,4490.0,4490.0,4490.0,4490.0
