index,1st degree av block,atrial fibrillation,premature atrial contraction,right bundle branch block,sinus rhythm,st depression,ventricular ectopics,micro avg,macro avg,weighted avg,samples avg
precision,0.9047619047619048,0.9112903225806451,0.8095238095238095,0.9282051282051282,0.7282608695652174,0.7368421052631579,0.9117647058823529,0.8600883652430045,0.8472355493974595,0.8628079829270693,0.7765647743813683
recall,0.8142857142857143,0.9741379310344828,0.5666666666666667,0.923469387755102,0.7701149425287356,0.813953488372093,0.6966292134831461,0.8295454545454546,0.7941796205894202,0.8295454545454546,0.7852983988355168
f1-score,0.857142857142857,0.9416666666666667,0.6666666666666666,0.9258312020460359,0.7486033519553073,0.7734806629834253,0.7898089171974523,0.8445408532176428,0.8147429035226301,0.8418140215932045,0.7782629791363417
support,70.0,116.0,60.0,196.0,87.0,86.0,89.0,704.0,704.0,704.0,704.0
