index,1st degree av block,atrial fibrillation,premature atrial contraction,right bundle branch block,sinus rhythm,st depression,ventricular ectopics,micro avg,macro avg,weighted avg,samples avg
precision,0.8787878787878788,0.9411764705882353,0.6612903225806451,0.9326424870466321,0.7282608695652174,0.8571428571428571,0.9384615384615385,0.8681818181818182,0.8482517748818578,0.8718224818308268,0.7656477438136827
recall,0.8285714285714286,0.9655172413793104,0.6833333333333333,0.9183673469387755,0.7701149425287356,0.627906976744186,0.6853932584269663,0.8139204545454546,0.7827435039889623,0.8139204545454546,0.7743813682678311
f1-score,0.8529411764705883,0.9531914893617022,0.6721311475409835,0.9254498714652956,0.7486033519553073,0.7248322147651007,0.7922077922077922,0.8401759530791788,0.8099081491095385,0.8380151908735219,0.7656477438136827
support,70.0,116.0,60.0,196.0,87.0,86.0,89.0,704.0,704.0,704.0,704.0
