index,abnormal QRS,atrial fibrillation,incomplete right bundle branch block,left anterior fascicular block,left axis deviation,left ventricular hypertrophy,myocardial infarction,myocardial ischemia,sinus rhythm,t wave abnormal,ventricular ectopics,micro avg,macro avg,weighted avg,samples avg
precision,0.7912087912087912,0.8561643835616438,0.6046511627906976,0.6822033898305084,0.7644991212653779,0.5826771653543307,0.7264492753623188,0.5309446254071661,0.9209129511677282,0.564935064935065,0.7924528301886793,0.7879534258844604,0.7106453419156643,0.7900580525180352,0.8141144776737997
recall,0.41025641025641024,0.78125,0.6842105263157895,0.8895027624309392,0.778175313059034,0.6577777777777778,0.7264492753623188,0.7912621359223301,0.9730790802019069,0.359504132231405,0.358974358974359,0.7837416481069043,0.6736765247756609,0.7837416481069043,0.7993106908361145
f1-score,0.5403377110694183,0.8169934640522875,0.6419753086419753,0.7721822541966425,0.7712765957446808,0.6179540709812108,0.7264492753623188,0.6354775828460039,0.9462776111262612,0.4393939393939394,0.4941176470588235,0.7858418937025458,0.6729486782248693,0.776565124223647,0.7818492725272387
support,351.0,160.0,114.0,181.0,559.0,225.0,552.0,206.0,1783.0,242.0,117.0,4490.0,4490.0,4490.0,4490.0
