index,1st degree av block,atrial fibrillation,premature atrial contraction,right bundle branch block,sinus rhythm,st depression,ventricular ectopics,micro avg,macro avg,weighted avg,samples avg
precision,0.9,0.7969924812030075,0.696969696969697,0.9508196721311475,0.7473684210526316,0.7469879518072289,0.9215686274509803,0.841692789968652,0.8229581215163846,0.8450448717408715,0.7336244541484717
recall,0.7714285714285715,0.9137931034482759,0.38333333333333336,0.8877551020408163,0.8160919540229885,0.7209302325581395,0.5280898876404494,0.7627840909090909,0.7173460263532251,0.7627840909090909,0.7321688500727802
f1-score,0.8307692307692307,0.8514056224899598,0.4946236559139786,0.9182058047493403,0.7802197802197802,0.7337278106508875,0.6714285714285714,0.8002980625931445,0.7543400680316784,0.7916186234383962,0.7280446385249878
support,70.0,116.0,60.0,196.0,87.0,86.0,89.0,704.0,704.0,704.0,704.0
