index,1st degree av block,atrial fibrillation,premature atrial contraction,right bundle branch block,sinus rhythm,st depression,ventricular ectopics,micro avg,macro avg,weighted avg,samples avg
precision,0.875,0.9473684210526315,0.48148148148148145,0.934010152284264,0.7303370786516854,0.813953488372093,0.7375,0.8304093567251462,0.7885215174060222,0.8270972179281343,0.74745269286754
recall,0.8,0.9310344827586207,0.43333333333333335,0.9387755102040817,0.7471264367816092,0.813953488372093,0.6629213483146067,0.8068181818181818,0.7610206571091921,0.8068181818181818,0.7627365356622998
f1-score,0.8358208955223881,0.9391304347826087,0.456140350877193,0.9363867684478372,0.7386363636363638,0.8139534883720931,0.698224852071006,0.8184438040345822,0.7740418791013558,0.816406528779035,0.7510917030567685
support,70.0,116.0,60.0,196.0,87.0,86.0,89.0,704.0,704.0,704.0,704.0
