index,abnormal QRS,atrial fibrillation,incomplete right bundle branch block,left anterior fascicular block,left axis deviation,left ventricular hypertrophy,myocardial infarction,myocardial ischemia,sinus rhythm,t wave abnormal,ventricular ectopics,micro avg,macro avg,weighted avg,samples avg
precision,0.7375565610859729,0.8045977011494253,0.8536585365853658,0.7389162561576355,0.6746347941567065,0.6203703703703703,0.7641325536062378,0.6781609195402298,0.9035087719298246,0.5864661654135338,0.765625,0.7941309255079007,0.738875239090482,0.7882727127670743,0.8230798595205375
recall,0.46438746438746437,0.875,0.30701754385964913,0.8287292817679558,0.9087656529516994,0.5955555555555555,0.7101449275362319,0.5728155339805825,0.9820527201346047,0.32231404958677684,0.4188034188034188,0.7835189309576838,0.6350532862330854,0.7835189309576838,0.8033985559409288
f1-score,0.5699300699300699,0.8383233532934132,0.45161290322580644,0.78125,0.7743902439024388,0.6077097505668934,0.7361502347417841,0.6210526315789473,0.9411448535339962,0.41600000000000004,0.5414364640883979,0.7887892376681614,0.6617273186237952,0.7735098583722367,0.7879406870932294
support,351.0,160.0,114.0,181.0,559.0,225.0,552.0,206.0,1783.0,242.0,117.0,4490.0,4490.0,4490.0,4490.0
