index,atrial fibrillation,left ventricular high voltage,nonspecific st t abnormality,sinus bradycardia,sinus rhythm,sinus tachycardia,supraventricular tachycardia,t wave abnormal,micro avg,macro avg,weighted avg,samples avg
precision,0.8502673796791443,0.5963302752293578,0.6363636363636364,0.9973890339425587,0.9560975609756097,0.8987341772151899,0.8333333333333334,0.5327510917030568,0.8304347826086956,0.7876583110552359,0.829863991972276,0.8457845052083333
recall,0.8983050847457628,0.5078125,0.35,0.9870801033591732,0.98989898989899,0.9530201342281879,0.7377049180327869,0.6630434782608695,0.8280346820809249,0.7608581510657213,0.8280346820809249,0.8468424479166667
f1-score,0.8736263736263736,0.5485232067510548,0.45161290322580644,0.9922077922077922,0.9727047146401985,0.9250814332247557,0.782608695652174,0.5907990314769976,0.8292329956584661,0.7671455188506441,0.824326129897975,0.8297433035714286
support,177.0,128.0,100.0,387.0,198.0,149.0,61.0,184.0,1384.0,1384.0,1384.0,1384.0
