index,1st degree av block,atrial fibrillation,premature atrial contraction,right bundle branch block,sinus rhythm,st depression,ventricular ectopics,micro avg,macro avg,weighted avg,samples avg
precision,0.8833333333333333,0.9416666666666667,0.5555555555555556,0.9526315789473684,0.7294117647058823,0.7326732673267327,0.78125,0.8390977443609022,0.7966460237907913,0.8339712556721519,0.7365841824357108
recall,0.7571428571428571,0.9741379310344828,0.4166666666666667,0.923469387755102,0.7126436781609196,0.8604651162790697,0.5617977528089888,0.7926136363636364,0.7437604842640123,0.7926136363636364,0.74745269286754
f1-score,0.8153846153846154,0.9576271186440678,0.4761904761904762,0.9378238341968912,0.7209302325581395,0.7914438502673797,0.6535947712418301,0.8151935719503286,0.7647135569262,0.8089511433376845,0.7387190684133915
support,70.0,116.0,60.0,196.0,87.0,86.0,89.0,704.0,704.0,704.0,704.0
