index,atrial fibrillation,left ventricular high voltage,nonspecific st t abnormality,sinus bradycardia,sinus rhythm,sinus tachycardia,supraventricular tachycardia,t wave abnormal,micro avg,macro avg,weighted avg,samples avg
precision,0.8823529411764706,0.65625,0.7254901960784313,0.9411764705882353,0.9866666666666667,0.8782051282051282,0.7222222222222222,0.7210884353741497,0.8672064777327935,0.8141815075389129,0.8525355318502086,0.85400390625
recall,0.9322033898305084,0.328125,0.37,0.9922480620155039,0.7474747474747475,0.9194630872483222,0.8524590163934426,0.5760869565217391,0.7738439306358381,0.714757532435533,0.7738439306358381,0.7982584635416667
f1-score,0.9065934065934066,0.4375,0.4900662251655629,0.9660377358490566,0.8505747126436782,0.898360655737705,0.7819548872180451,0.6404833836858006,0.81786941580756,0.7464463758616569,0.7999624138612924,0.8105143229166667
support,177.0,128.0,100.0,387.0,198.0,149.0,61.0,184.0,1384.0,1384.0,1384.0,1384.0
