index,abnormal QRS,atrial fibrillation,incomplete right bundle branch block,left anterior fascicular block,left axis deviation,left ventricular hypertrophy,myocardial infarction,myocardial ischemia,sinus rhythm,t wave abnormal,ventricular ectopics,micro avg,macro avg,weighted avg,samples avg
precision,0.6981132075471698,0.864516129032258,0.6728971962616822,0.8376623376623377,0.7032348804500703,0.6111111111111112,0.7762096774193549,0.6961325966850829,0.899236641221374,0.55,0.64,0.7977932897995947,0.7226467070354945,0.7851861394892746,0.8278199507013065
recall,0.5270655270655271,0.8375,0.631578947368421,0.712707182320442,0.8944543828264758,0.44,0.697463768115942,0.6116504854368932,0.9910263600673023,0.2727272727272727,0.6837606837606838,0.789086859688196,0.6636304190626326,0.789086859688196,0.8095510765002291
f1-score,0.6006493506493507,0.8507936507936507,0.6515837104072398,0.7701492537313434,0.7874015748031494,0.5116279069767442,0.7347328244274809,0.6511627906976744,0.9429028815368197,0.3646408839779005,0.6611570247933884,0.7934161907961035,0.6842547138904311,0.7800473454505014,0.7943467587535384
support,351.0,160.0,114.0,181.0,559.0,225.0,552.0,206.0,1783.0,242.0,117.0,4490.0,4490.0,4490.0,4490.0
