index,atrial fibrillation,left ventricular high voltage,nonspecific st t abnormality,sinus bradycardia,sinus rhythm,sinus tachycardia,supraventricular tachycardia,t wave abnormal,micro avg,macro avg,weighted avg,samples avg
precision,0.9235668789808917,0.6206896551724138,0.5903614457831325,0.9578163771712159,0.967391304347826,0.88125,0.8032786885245902,0.6097560975609756,0.841044776119403,0.7942638059426308,0.8357482270212065,0.8398274739583333
recall,0.8192090395480226,0.421875,0.49,0.9974160206718347,0.898989898989899,0.9463087248322147,0.8032786885245902,0.6793478260869565,0.8143063583815029,0.7570531498316897,0.8143063583815029,0.8331705729166666
f1-score,0.8682634730538923,0.5023255813953489,0.5355191256830601,0.9772151898734177,0.9319371727748692,0.912621359223301,0.8032786885245902,0.6426735218508997,0.8274596182085169,0.7717292640474224,0.8218717998213323,0.8199869791666666
support,177.0,128.0,100.0,387.0,198.0,149.0,61.0,184.0,1384.0,1384.0,1384.0,1384.0
