index,1st degree av block,atrial fibrillation,premature atrial contraction,right bundle branch block,sinus rhythm,st depression,ventricular ectopics,micro avg,macro avg,weighted avg,samples avg
precision,0.9259259259259259,0.7913669064748201,0.2916666666666667,0.9710982658959537,0.6194690265486725,0.6853932584269663,0.813953488372093,0.7889763779527559,0.728410505473014,0.7808638097742482,0.6790393013100436
recall,0.7142857142857143,0.9482758620689655,0.11666666666666667,0.8571428571428571,0.8045977011494253,0.7093023255813954,0.39325842696629215,0.7116477272727273,0.6490756505516166,0.7116477272727273,0.6826783114992722
f1-score,0.8064516129032259,0.8627450980392157,0.16666666666666669,0.9105691056910568,0.7,0.6971428571428572,0.5303030303030303,0.748319641523525,0.667696910106579,0.7287682448898827,0.6741872877244056
support,70.0,116.0,60.0,196.0,87.0,86.0,89.0,704.0,704.0,704.0,704.0
