index,abnormal QRS,atrial fibrillation,incomplete right bundle branch block,left anterior fascicular block,left axis deviation,left ventricular hypertrophy,myocardial infarction,myocardial ischemia,sinus rhythm,t wave abnormal,ventricular ectopics,micro avg,macro avg,weighted avg,samples avg
precision,0.737410071942446,0.9153846153846154,0.75,0.703862660944206,0.7911504424778761,0.6079295154185022,0.782,0.7401129943502824,0.9236479321314952,0.7402597402597403,0.5987261146496815,0.8232018561484918,0.7536803715962587,0.8190232084726098,0.837642606286674
recall,0.584045584045584,0.74375,0.5263157894736842,0.9060773480662984,0.7996422182468694,0.6133333333333333,0.7083333333333334,0.6359223300970874,0.9770050476724621,0.23553719008264462,0.8034188034188035,0.7902004454342985,0.6848528161609182,0.7902004454342985,0.8014386056758938
f1-score,0.6518282988871225,0.8206896551724138,0.6185567010309279,0.7922705314009663,0.7953736654804271,0.6106194690265486,0.7433460076045627,0.6840731070496084,0.949577541564459,0.3573667711598746,0.6861313868613138,0.8063636363636363,0.700893921385293,0.7944598465735925,0.795897005219039
support,351.0,160.0,114.0,181.0,559.0,225.0,552.0,206.0,1783.0,242.0,117.0,4490.0,4490.0,4490.0,4490.0
