index,abnormal QRS,atrial fibrillation,incomplete right bundle branch block,left anterior fascicular block,left axis deviation,left ventricular hypertrophy,myocardial infarction,myocardial ischemia,sinus rhythm,t wave abnormal,ventricular ectopics,micro avg,macro avg,weighted avg,samples avg
precision,0.7777777777777778,0.7551020408163265,0.7419354838709677,0.730593607305936,0.7179856115107913,0.7524752475247525,0.7834394904458599,0.8235294117647058,0.9281886387995713,0.568,0.8191489361702128,0.827443334145747,0.7634705678169911,0.817741142138769,0.8436020766529241
recall,0.4188034188034188,0.925,0.40350877192982454,0.8839779005524862,0.8926654740608229,0.3377777777777778,0.6684782608695652,0.33980582524271846,0.971396522714526,0.29338842975206614,0.6581196581196581,0.7561247216035635,0.617538367256624,0.7561247216035635,0.7845974303601423
f1-score,0.5444444444444445,0.8314606741573034,0.5227272727272727,0.8,0.79585326953748,0.4662576687116565,0.7214076246334311,0.4810996563573883,0.9493011784050424,0.3869209809264305,0.7298578199052133,0.7901780519027114,0.6572118718005148,0.7677662252793372,0.788694946322065
support,351.0,160.0,114.0,181.0,559.0,225.0,552.0,206.0,1783.0,242.0,117.0,4490.0,4490.0,4490.0,4490.0
