index,abnormal QRS,atrial fibrillation,incomplete right bundle branch block,left anterior fascicular block,left axis deviation,left ventricular hypertrophy,myocardial infarction,myocardial ischemia,sinus rhythm,t wave abnormal,ventricular ectopics,micro avg,macro avg,weighted avg,samples avg
precision,0.6374695863746959,0.8383233532934131,0.7340425531914894,0.7421052631578947,0.7420333839150227,0.6875,0.7216666666666667,0.6598984771573604,0.9153886832363829,0.6956521739130435,0.7818181818181819,0.8017124831004957,0.7414453020658318,0.7954626477757109,0.828883362781668
recall,0.7464387464387464,0.875,0.6052631578947368,0.7790055248618785,0.8747763864042933,0.39111111111111113,0.7844202898550725,0.6310679611650486,0.9708356702187325,0.1322314049586777,0.36752136752136755,0.7924276169265033,0.6506974200390605,0.7924276169265033,0.806472089522937
f1-score,0.6876640419947506,0.8562691131498471,0.6634615384615384,0.7601078167115902,0.8029556650246306,0.4985835694050991,0.7517361111111112,0.6451612903225806,0.9422972237343495,0.22222222222222224,0.5000000000000001,0.7970430107526882,0.6664053265579745,0.7779234017270311,0.7935210308091664
support,351.0,160.0,114.0,181.0,559.0,225.0,552.0,206.0,1783.0,242.0,117.0,4490.0,4490.0,4490.0,4490.0
