index,1st degree av block,atrial fibrillation,premature atrial contraction,right bundle branch block,sinus rhythm,st depression,ventricular ectopics,micro avg,macro avg,weighted avg,samples avg
precision,0.7692307692307693,0.967741935483871,0.6326530612244898,0.8592233009708737,0.6593406593406593,0.8333333333333334,0.8666666666666667,0.8147540983606557,0.798312818035809,0.8219230204384672,0.6848617176128093
recall,0.8571428571428571,0.7758620689655172,0.5166666666666667,0.9030612244897959,0.6896551724137931,0.46511627906976744,0.43820224719101125,0.7059659090909091,0.6636723594199155,0.7059659090909091,0.6797671033478894
f1-score,0.8108108108108107,0.861244019138756,0.5688073394495414,0.880597014925373,0.6741573033707866,0.5970149253731343,0.582089552238806,0.756468797564688,0.7106744236153153,0.7460049110707384,0.6770984958757884
support,70.0,116.0,60.0,196.0,87.0,86.0,89.0,704.0,704.0,704.0,704.0
