index,abnormal QRS,atrial fibrillation,incomplete right bundle branch block,left anterior fascicular block,left axis deviation,left ventricular hypertrophy,myocardial infarction,myocardial ischemia,sinus rhythm,t wave abnormal,ventricular ectopics,micro avg,macro avg,weighted avg,samples avg
precision,0.6725352112676056,0.8380281690140845,0.7590361445783133,0.897196261682243,0.6996996996996997,0.6306818181818182,0.6739446870451238,0.7122302158273381,0.9165786694825766,0.53125,0.7228915662650602,0.7891879665234109,0.7321884039130784,0.7835723884000945,0.8176744541151321
recall,0.5441595441595442,0.74375,0.5526315789473685,0.5303867403314917,0.8336314847942755,0.49333333333333335,0.8387681159420289,0.48058252427184467,0.9736399326977005,0.3512396694214876,0.5128205128205128,0.7770601336302896,0.623176676065417,0.7770601336302896,0.8029361080208538
f1-score,0.6015748031496064,0.7880794701986756,0.6395939086294417,0.6666666666666666,0.7608163265306123,0.5536159600997507,0.7473769168684422,0.5739130434782609,0.9442480282839272,0.42288557213930345,0.6,0.7830770957243857,0.6635246087313351,0.7722931957453528,0.7853196861671439
support,351.0,160.0,114.0,181.0,559.0,225.0,552.0,206.0,1783.0,242.0,117.0,4490.0,4490.0,4490.0,4490.0
