index,atrial fibrillation,left ventricular high voltage,nonspecific st t abnormality,sinus bradycardia,sinus rhythm,sinus tachycardia,supraventricular tachycardia,t wave abnormal,micro avg,macro avg,weighted avg,samples avg
precision,0.9244186046511628,0.7380952380952381,0.6142857142857143,1.0,0.9644670050761421,0.9319727891156463,0.7941176470588235,0.71875,0.8969155844155844,0.8357633747853408,0.8793688179060067,0.8814290364583333
recall,0.8983050847457628,0.2421875,0.43,0.9715762273901809,0.9595959595959596,0.9194630872483222,0.8852459016393442,0.625,0.7984104046242775,0.7414217200774462,0.7984104046242775,0.8275553385416666
f1-score,0.9111747851002865,0.3647058823529412,0.5058823529411766,0.9855832241153342,0.9620253164556962,0.9256756756756758,0.8372093023255813,0.6686046511627907,0.8448012232415902,0.7701076487661853,0.8254833414164716,0.8389834449404762
support,177.0,128.0,100.0,387.0,198.0,149.0,61.0,184.0,1384.0,1384.0,1384.0,1384.0
