index,atrial fibrillation,left ventricular high voltage,nonspecific st t abnormality,sinus bradycardia,sinus rhythm,sinus tachycardia,supraventricular tachycardia,t wave abnormal,micro avg,macro avg,weighted avg,samples avg
precision,0.8636363636363636,0.5294117647058824,0.5728155339805825,0.9478908188585607,0.9526315789473684,0.9366197183098591,0.7924528301886793,0.6037735849056604,0.819672131147541,0.7749040241916196,0.8181755747588219,0.8387044270833333
recall,0.9661016949152542,0.421875,0.59,0.9870801033591732,0.9141414141414141,0.8926174496644296,0.6885245901639344,0.6956521739130435,0.8309248554913294,0.7694990532696562,0.8309248554913294,0.8430989583333334
f1-score,0.912,0.46956521739130436,0.5812807881773399,0.9670886075949366,0.9329896907216495,0.9140893470790378,0.7368421052631579,0.6464646464646465,0.825260136347327,0.770040050336509,0.8227946912075667,0.8237165178571428
support,177.0,128.0,100.0,387.0,198.0,149.0,61.0,184.0,1384.0,1384.0,1384.0,1384.0
