index,atrial fibrillation,left ventricular high voltage,nonspecific st t abnormality,sinus bradycardia,sinus rhythm,sinus tachycardia,supraventricular tachycardia,t wave abnormal,micro avg,macro avg,weighted avg,samples avg
precision,0.9101796407185628,0.6857142857142857,0.6818181818181818,0.9947368421052631,0.9942528735632183,0.8910256410256411,0.8,0.7183908045977011,0.8881789137380192,0.8345147836928568,0.8761755770082975,0.865966796875
recall,0.8587570621468926,0.375,0.45,0.9767441860465116,0.8737373737373737,0.9328859060402684,0.8524590163934426,0.6793478260869565,0.8034682080924855,0.7498664213064308,0.8034682080924855,0.8234049479166667
f1-score,0.8837209302325582,0.4848484848484848,0.5421686746987951,0.9856584093872228,0.9301075268817204,0.9114754098360656,0.8253968253968254,0.6983240223463686,0.8437025796661609,0.782712535453505,0.8330620198436387,0.8302269345238095
support,177.0,128.0,100.0,387.0,198.0,149.0,61.0,184.0,1384.0,1384.0,1384.0,1384.0
