index,abnormal QRS,atrial fibrillation,incomplete right bundle branch block,left anterior fascicular block,left axis deviation,left ventricular hypertrophy,myocardial infarction,myocardial ischemia,sinus rhythm,t wave abnormal,ventricular ectopics,micro avg,macro avg,weighted avg,samples avg
precision,0.5898876404494382,0.7440476190476191,0.3805309734513274,0.6581196581196581,0.7626168224299066,0.6418918918918919,0.7094474153297683,0.7014925373134329,0.9383938393839384,0.5151515151515151,0.8714285714285714,0.7731564748201439,0.6830007712724607,0.7784475078945313,0.7985264925942892
recall,0.5982905982905983,0.78125,0.7543859649122807,0.850828729281768,0.7298747763864043,0.4222222222222222,0.7210144927536232,0.4563106796116505,0.9568143578238923,0.4214876033057851,0.5213675213675214,0.7659242761692651,0.6558042678141587,0.7659242761692651,0.7847555788233754
f1-score,0.5940594059405941,0.7621951219512195,0.5058823529411764,0.7421686746987951,0.7458866544789762,0.5093833780160857,0.7151841868823001,0.5529411764705883,0.9475145792835324,0.4636363636363636,0.6524064171122995,0.7695233833072275,0.6537507555829027,0.766295921700921,0.7652321542152051
support,351.0,160.0,114.0,181.0,559.0,225.0,552.0,206.0,1783.0,242.0,117.0,4490.0,4490.0,4490.0,4490.0
