index,atrial fibrillation,left ventricular high voltage,nonspecific st t abnormality,sinus bradycardia,sinus rhythm,sinus tachycardia,supraventricular tachycardia,t wave abnormal,micro avg,macro avg,weighted avg,samples avg
precision,0.8895348837209303,0.6111111111111112,0.5520833333333334,0.9921875,0.9786096256684492,0.9375,0.847457627118644,0.7946428571428571,0.8834405144694534,0.8253908672619157,0.8715434966221359,0.8597005208333334
recall,0.864406779661017,0.4296875,0.53,0.9844961240310077,0.9242424242424242,0.9060402684563759,0.819672131147541,0.483695652173913,0.7940751445086706,0.7427801099640348,0.7940751445086706,0.8165690104166667
f1-score,0.8767908309455587,0.5045871559633027,0.5408163265306124,0.9883268482490272,0.9506493506493506,0.9215017064846417,0.8333333333333333,0.6013513513513513,0.8363774733637748,0.7771696129383973,0.8261254072564064,0.8224795386904761
support,177.0,128.0,100.0,387.0,198.0,149.0,61.0,184.0,1384.0,1384.0,1384.0,1384.0
