index,1st degree av block,atrial fibrillation,premature atrial contraction,right bundle branch block,sinus rhythm,st depression,ventricular ectopics,micro avg,macro avg,weighted avg,samples avg
precision,0.9122807017543859,0.896,0.8076923076923077,0.946236559139785,0.6736842105263158,0.6756756756756757,0.9104477611940298,0.8398268398268398,0.8317167451403572,0.8515170999231668,0.7714701601164483
recall,0.7428571428571429,0.9655172413793104,0.7,0.8979591836734694,0.735632183908046,0.872093023255814,0.6853932584269663,0.8267045454545454,0.7999217190715356,0.8267045454545454,0.7823871906841339
f1-score,0.8188976377952757,0.9294605809128631,0.75,0.9214659685863874,0.7032967032967034,0.7614213197969543,0.7820512820512822,0.8332140300644237,0.8095133560627809,0.8338340946966032,0.7738961669092674
support,70.0,116.0,60.0,196.0,87.0,86.0,89.0,704.0,704.0,704.0,704.0
