index,abnormal QRS,atrial fibrillation,incomplete right bundle branch block,left anterior fascicular block,left axis deviation,left ventricular hypertrophy,myocardial infarction,myocardial ischemia,sinus rhythm,t wave abnormal,ventricular ectopics,micro avg,macro avg,weighted avg,samples avg
precision,0.708,0.8224852071005917,0.5727272727272728,0.8712121212121212,0.7676767676767676,0.8918918918918919,0.7088815789473685,0.7737226277372263,0.9114719748559456,0.5663265306122449,0.734375,0.8126485972420352,0.7571609975237664,0.8088440633502265,0.8347915712322491
recall,0.5042735042735043,0.86875,0.5526315789473685,0.6353591160220995,0.815742397137746,0.14666666666666667,0.7807971014492754,0.5145631067961165,0.975883342680875,0.45867768595041325,0.4017094017094017,0.7612472160356347,0.6050049001484971,0.7612472160356347,0.7905307244290295
f1-score,0.5890183028286189,0.844984802431611,0.5625,0.7348242811501597,0.7909800520381612,0.25190839694656486,0.7431034482758619,0.6180758017492712,0.942578548212351,0.5068493150684933,0.5193370165745856,0.7861085556577737,0.6458327241159708,0.7660273187593408,0.7868522554963232
support,351.0,160.0,114.0,181.0,559.0,225.0,552.0,206.0,1783.0,242.0,117.0,4490.0,4490.0,4490.0,4490.0
