index,abnormal QRS,atrial fibrillation,incomplete right bundle branch block,left anterior fascicular block,left axis deviation,left ventricular hypertrophy,myocardial infarction,myocardial ischemia,sinus rhythm,t wave abnormal,ventricular ectopics,micro avg,macro avg,weighted avg,samples avg
precision,0.7784431137724551,0.8343558282208589,0.7625,0.8164556962025317,0.8011811023622047,0.7976190476190477,0.8270676691729323,0.7309941520467836,0.9199363732767762,0.6391752577319587,0.746031746031746,0.8551377118644068,0.7867054533124815,0.8369927165504059,0.8574973278363108
recall,0.37037037037037035,0.85,0.5350877192982456,0.712707182320442,0.7280858676207513,0.29777777777777775,0.5978260869565217,0.6067961165048543,0.9730790802019069,0.256198347107438,0.4017094017094017,0.7191536748329621,0.5754216318061555,0.7191536748329621,0.7545873961128199
f1-score,0.5019305019305019,0.8421052631578947,0.6288659793814433,0.7610619469026549,0.7628865979381443,0.4336569579288026,0.6940063091482649,0.6631299734748011,0.9457617879531207,0.36578171091445427,0.5222222222222223,0.7812726832809097,0.647400840995664,0.7572366381404235,0.7786151218354608
support,351.0,160.0,114.0,181.0,559.0,225.0,552.0,206.0,1783.0,242.0,117.0,4490.0,4490.0,4490.0,4490.0
