index,abnormal QRS,atrial fibrillation,incomplete right bundle branch block,left anterior fascicular block,left axis deviation,left ventricular hypertrophy,myocardial infarction,myocardial ischemia,sinus rhythm,t wave abnormal,ventricular ectopics,micro avg,macro avg,weighted avg,samples avg
precision,0.66,0.8536585365853658,0.6363636363636364,0.7440758293838863,0.8474945533769063,0.6335403726708074,0.7372013651877133,0.7142857142857143,0.9291125541125541,0.5490196078431373,0.7672413793103449,0.8136603254641301,0.7338175953745515,0.807367542515084,0.8314071941190585
recall,0.5641025641025641,0.875,0.7368421052631579,0.8674033149171271,0.6958855098389982,0.4533333333333333,0.782608695652174,0.6310679611650486,0.9629837352776219,0.4628099173553719,0.7606837606837606,0.7906458797327395,0.7084291725081052,0.7906458797327395,0.804994219400999
f1-score,0.6082949308755762,0.8641975308641976,0.6829268292682926,0.8010204081632653,0.7642436149312377,0.5284974093264249,0.7592267135325131,0.6701030927835051,0.9457449738364087,0.5022421524663677,0.7639484978540774,0.8019880266576302,0.7173132867183514,0.7962289136779949,0.7952605647520902
support,351.0,160.0,114.0,181.0,559.0,225.0,552.0,206.0,1783.0,242.0,117.0,4490.0,4490.0,4490.0,4490.0
