index,1st degree av block,atrial fibrillation,premature atrial contraction,right bundle branch block,sinus rhythm,st depression,ventricular ectopics,micro avg,macro avg,weighted avg,samples avg
precision,0.9166666666666666,0.888,0.589041095890411,0.9387755102040817,0.8507462686567164,0.7790697674418605,0.7976190476190477,0.8451519536903039,0.8228454794969691,0.8501706719194899,0.7627365356622998
recall,0.7857142857142857,0.9568965517241379,0.7166666666666667,0.9387755102040817,0.6551724137931034,0.7790697674418605,0.7528089887640449,0.8295454545454546,0.7978720263297401,0.8295454545454546,0.7852983988355168
f1-score,0.8461538461538461,0.9211618257261411,0.6466165413533834,0.9387755102040817,0.7402597402597402,0.7790697674418605,0.7745664739884393,0.8372759856630824,0.8066576721610704,0.8369624248349049,0.7690441533236292
support,70.0,116.0,60.0,196.0,87.0,86.0,89.0,704.0,704.0,704.0,704.0
