index,abnormal QRS,atrial fibrillation,incomplete right bundle branch block,left anterior fascicular block,left axis deviation,left ventricular hypertrophy,myocardial infarction,myocardial ischemia,sinus rhythm,t wave abnormal,ventricular ectopics,micro avg,macro avg,weighted avg,samples avg
precision,0.6081730769230769,0.8513513513513513,0.4948453608247423,0.7378640776699029,0.8043478260869565,0.7547169811320755,0.7834394904458599,0.7115384615384616,0.9130208333333333,0.5978260869565217,0.7647058823529411,0.8019378098242451,0.7292572207832021,0.8018237549801689,0.8275091071701243
recall,0.7207977207977208,0.7875,0.8421052631578947,0.8397790055248618,0.7942754919499105,0.35555555555555557,0.6684782608695652,0.5388349514563107,0.9831744251261918,0.45454545454545453,0.5555555555555556,0.7926503340757238,0.6855092440490019,0.7926503340757238,0.8099033658355692
f1-score,0.6597131681877444,0.818181818181818,0.6233766233766234,0.7855297157622738,0.7992799279927993,0.4833836858006042,0.7214076246334311,0.6132596685082873,0.9467998919794761,0.516431924882629,0.6435643564356436,0.7972670250896057,0.6919025823401209,0.789362872839274,0.7931217761726236
support,351.0,160.0,114.0,181.0,559.0,225.0,552.0,206.0,1783.0,242.0,117.0,4490.0,4490.0,4490.0,4490.0
