index,1st degree av block,atrial fibrillation,premature atrial contraction,right bundle branch block,sinus rhythm,st depression,ventricular ectopics,micro avg,macro avg,weighted avg,samples avg
precision,0.7638888888888888,0.872,0.6481481481481481,0.925531914893617,0.7040816326530612,0.7560975609756098,0.8243243243243243,0.8152958152958153,0.7848674956976642,0.816138811903187,0.74235807860262
recall,0.7857142857142857,0.9396551724137931,0.5833333333333334,0.8877551020408163,0.7931034482758621,0.7209302325581395,0.6853932584269663,0.8025568181818182,0.7708406903947422,0.8025568181818182,0.75764192139738
f1-score,0.7746478873239437,0.9045643153526971,0.6140350877192983,0.90625,0.7459459459459459,0.7380952380952381,0.7484662576687118,0.808876163206872,0.7760006760151192,0.8076831003732242,0.7462396894711305
support,70.0,116.0,60.0,196.0,87.0,86.0,89.0,704.0,704.0,704.0,704.0
