index,1st degree av block,atrial fibrillation,premature atrial contraction,right bundle branch block,sinus rhythm,st depression,ventricular ectopics,micro avg,macro avg,weighted avg,samples avg
precision,0.9090909090909091,0.940677966101695,0.627906976744186,0.9581151832460733,0.7444444444444445,0.7608695652173914,0.859375,0.8629518072289156,0.8286400064063857,0.8592412308244376,0.7627365356622998
recall,0.8571428571428571,0.9568965517241379,0.45,0.9336734693877551,0.7701149425287356,0.813953488372093,0.6179775280898876,0.8139204545454546,0.7713941196064952,0.8139204545454546,0.7692867540029112
f1-score,0.8823529411764706,0.9487179487179486,0.5242718446601942,0.9457364341085271,0.7570621468926554,0.7865168539325844,0.7189542483660131,0.8377192982456141,0.7948017739791989,0.8325687841206766,0.7637069383794274
support,70.0,116.0,60.0,196.0,87.0,86.0,89.0,704.0,704.0,704.0,704.0
