index,abnormal QRS,atrial fibrillation,incomplete right bundle branch block,left anterior fascicular block,left axis deviation,left ventricular hypertrophy,myocardial infarction,myocardial ischemia,sinus rhythm,t wave abnormal,ventricular ectopics,micro avg,macro avg,weighted avg,samples avg
precision,0.6594982078853047,0.7336683417085427,0.5684931506849316,0.7976878612716763,0.7879341864716636,0.6424242424242425,0.8048780487804879,0.6831683168316832,0.9345637583892618,0.5185185185185185,0.7529411764705882,0.8101840784126225,0.7167068917669909,0.8035610977780019,0.8201939227362957
recall,0.5242165242165242,0.9125,0.7280701754385965,0.7624309392265194,0.7710196779964222,0.4711111111111111,0.5978260869565217,0.6699029126213593,0.9371845204711161,0.4049586776859504,0.5470085470085471,0.7547884187082405,0.6660208338847879,0.7547884187082405,0.7803034269135964
f1-score,0.584126984126984,0.8133704735376044,0.6384615384615385,0.7796610169491525,0.779385171790235,0.5435897435897435,0.6860706860706861,0.6764705882352942,0.9358723046765612,0.4547563805104408,0.6336633663366337,0.7815058226680502,0.6841298412986249,0.7746033512374487,0.7753690575724473
support,351.0,160.0,114.0,181.0,559.0,225.0,552.0,206.0,1783.0,242.0,117.0,4490.0,4490.0,4490.0,4490.0
