index,1st degree av block,atrial fibrillation,premature atrial contraction,right bundle branch block,sinus rhythm,st depression,ventricular ectopics,micro avg,macro avg,weighted avg,samples avg
precision,0.9152542372881356,0.9173553719008265,0.5573770491803278,0.9572192513368984,0.7157894736842105,0.821917808219178,0.8194444444444444,0.8458083832335329,0.8149082337220032,0.8486190159608641,0.7493934983017951
recall,0.7714285714285715,0.9568965517241379,0.5666666666666667,0.9132653061224489,0.7816091954022989,0.6976744186046512,0.6629213483146067,0.8025568181818182,0.7643517226090545,0.8025568181818182,0.759825327510917
f1-score,0.8372093023255813,0.9367088607594937,0.5619834710743801,0.9347258485639687,0.7472527472527474,0.7547169811320754,0.732919254658385,0.8236151603498543,0.786502352252376,0.8229184895551653,0.7508491023774867
support,70.0,116.0,60.0,196.0,87.0,86.0,89.0,704.0,704.0,704.0,704.0
