index,abnormal QRS,atrial fibrillation,incomplete right bundle branch block,left anterior fascicular block,left axis deviation,left ventricular hypertrophy,myocardial infarction,myocardial ischemia,sinus rhythm,t wave abnormal,ventricular ectopics,micro avg,macro avg,weighted avg,samples avg
precision,0.6554621848739496,0.7033492822966507,0.8301886792452831,0.7168949771689498,0.7380952380952381,0.656934306569343,0.8227848101265823,0.6863905325443787,0.9213602550478215,0.5189873417721519,0.88,0.8111786148238153,0.7391316007036681,0.8005171505091858,0.8264162467552297
recall,0.4444444444444444,0.91875,0.38596491228070173,0.8674033149171271,0.8318425760286225,0.4,0.5887681159420289,0.5631067961165048,0.9725182277061133,0.33884297520661155,0.18803418803418803,0.7434298440979955,0.5908795955160312,0.7434298440979955,0.7757869249394672
f1-score,0.529711375212224,0.7967479674796748,0.5269461077844311,0.785,0.782169890664424,0.4972375690607735,0.6863780359028512,0.6186666666666666,0.9462482946793997,0.41,0.3098591549295774,0.7758280069726902,0.6262695511254566,0.755821132604808,0.7754397483211042
support,351.0,160.0,114.0,181.0,559.0,225.0,552.0,206.0,1783.0,242.0,117.0,4490.0,4490.0,4490.0,4490.0
