index,1st degree av block,atrial fibrillation,premature atrial contraction,right bundle branch block,sinus rhythm,st depression,ventricular ectopics,micro avg,macro avg,weighted avg,samples avg
precision,0.8571428571428571,0.9193548387096774,0.5476190476190477,0.9613259668508287,0.6068376068376068,0.7875,0.8596491228070176,0.8253012048192772,0.7913470628524336,0.8308960758166536,0.7217370208636584
recall,0.7714285714285715,0.9827586206896551,0.38333333333333336,0.8877551020408163,0.8160919540229885,0.7325581395348837,0.550561797752809,0.7784090909090909,0.7320696455432938,0.7784090909090909,0.7328966521106259
f1-score,0.81203007518797,0.95,0.4509803921568628,0.923076923076923,0.6960784313725491,0.7590361445783131,0.6712328767123288,0.801169590643275,0.7517764061549924,0.796306340491748,0.7241630276564774
support,70.0,116.0,60.0,196.0,87.0,86.0,89.0,704.0,704.0,704.0,704.0
