index,abnormal QRS,atrial fibrillation,incomplete right bundle branch block,left anterior fascicular block,left axis deviation,left ventricular hypertrophy,myocardial infarction,myocardial ischemia,sinus rhythm,t wave abnormal,ventricular ectopics,micro avg,macro avg,weighted avg,samples avg
precision,0.7434944237918215,0.8783783783783784,0.5347222222222222,0.8774193548387097,0.8316221765913757,0.7523809523809524,0.7247706422018348,0.7894736842105263,0.9172852598091198,0.6292134831460674,0.6923076923076923,0.8331263968214552,0.7610062063526091,0.8211436715934729,0.8459492179831164
recall,0.5698005698005698,0.8125,0.6754385964912281,0.7513812154696132,0.7245080500894454,0.3511111111111111,0.7155797101449275,0.3640776699029126,0.9702748177229389,0.23140495867768596,0.6153846153846154,0.7472160356347439,0.6164964831631863,0.7472160356347439,0.770634557075235
f1-score,0.6451612903225806,0.8441558441558441,0.5968992248062015,0.8095238095238095,0.7743785850860421,0.47878787878787876,0.7201458523245213,0.49833887043189373,0.9430362496593078,0.338368580060423,0.6515837104072398,0.7878360925208406,0.6636708995968856,0.7698049470684116,0.7808727944321164
support,351.0,160.0,114.0,181.0,559.0,225.0,552.0,206.0,1783.0,242.0,117.0,4490.0,4490.0,4490.0,4490.0
