index,atrial fibrillation,left ventricular high voltage,nonspecific st t abnormality,sinus bradycardia,sinus rhythm,sinus tachycardia,supraventricular tachycardia,t wave abnormal,micro avg,macro avg,weighted avg,samples avg
precision,0.9615384615384616,0.6615384615384615,0.5882352941176471,0.9686684073107049,0.8127659574468085,0.9640287769784173,0.8490566037735849,0.7777777777777778,0.8751020408163265,0.8229512175602329,0.8584096424102532,0.852294921875
recall,0.847457627118644,0.3359375,0.4,0.958656330749354,0.9646464646464646,0.8993288590604027,0.7377049180327869,0.532608695652174,0.7745664739884393,0.7095425494074783,0.7745664739884393,0.800537109375
f1-score,0.9009009009009009,0.44559585492227977,0.4761904761904762,0.9636363636363635,0.882217090069284,0.9305555555555556,0.7894736842105263,0.632258064516129,0.8217707934074358,0.7526034987501894,0.8055398767739431,0.8105747767857143
support,177.0,128.0,100.0,387.0,198.0,149.0,61.0,184.0,1384.0,1384.0,1384.0,1384.0
