index,1st degree av block,atrial fibrillation,premature atrial contraction,right bundle branch block,sinus rhythm,st depression,ventricular ectopics,micro avg,macro avg,weighted avg,samples avg
precision,0.8636363636363636,0.8582677165354331,0.6944444444444444,0.8790697674418605,0.6,0.7468354430379747,0.8888888888888888,0.8020086083213773,0.7901632319978523,0.8089728705544089,0.754730713245997
recall,0.8142857142857143,0.9396551724137931,0.4166666666666667,0.9642857142857143,0.8275862068965517,0.686046511627907,0.5393258426966292,0.7940340909090909,0.7411216898389965,0.7940340909090909,0.7612809315866085
f1-score,0.8382352941176471,0.8971193415637861,0.5208333333333334,0.9197080291970803,0.6956521739130435,0.7151515151515152,0.6713286713286712,0.7980014275517487,0.7511469083721539,0.7898126549914474,0.7520621057738963
support,70.0,116.0,60.0,196.0,87.0,86.0,89.0,704.0,704.0,704.0,704.0
