index,atrial fibrillation,left ventricular high voltage,nonspecific st t abnormality,sinus bradycardia,sinus rhythm,sinus tachycardia,supraventricular tachycardia,t wave abnormal,micro avg,macro avg,weighted avg,samples avg
precision,0.8685714285714285,0.5609756097560976,0.6363636363636364,0.9475,0.9875776397515528,0.89171974522293,0.6857142857142857,0.5754189944134078,0.8286821705426357,0.7692301674741674,0.8178996861647033,0.8291829427083333
recall,0.8587570621468926,0.359375,0.42,0.979328165374677,0.803030303030303,0.9395973154362416,0.7868852459016393,0.5597826086956522,0.7723988439306358,0.7133444625731757,0.7723988439306358,0.796875
f1-score,0.8636363636363636,0.43809523809523815,0.5060240963855421,0.963151207115629,0.8857938718662952,0.9150326797385622,0.732824427480916,0.5674931129476585,0.7995512341062079,0.7340063746582757,0.7898336939316523,0.795038132440476
support,177.0,128.0,100.0,387.0,198.0,149.0,61.0,184.0,1384.0,1384.0,1384.0,1384.0
