index,atrial fibrillation,left ventricular high voltage,nonspecific st t abnormality,sinus bradycardia,sinus rhythm,sinus tachycardia,supraventricular tachycardia,t wave abnormal,micro avg,macro avg,weighted avg,samples avg
precision,0.8535353535353535,0.6056338028169014,0.6024096385542169,0.982051282051282,0.9668508287292817,0.8511904761904762,0.86,0.7284768211920529,0.8637770897832817,0.8062685253836956,0.8480168168249317,0.8626139322916666
recall,0.9548022598870056,0.3359375,0.5,0.9896640826873385,0.8838383838383839,0.959731543624161,0.7049180327868853,0.5978260869565217,0.8063583815028902,0.740839736222537,0.8063583815028902,0.8275553385416666
f1-score,0.9013333333333334,0.4321608040201005,0.546448087431694,0.9858429858429858,0.9234828496042216,0.9022082018927444,0.7747747747747747,0.6567164179104477,0.8340807174887892,0.7653709318512878,0.8210941731498671,0.8301246279761905
support,177.0,128.0,100.0,387.0,198.0,149.0,61.0,184.0,1384.0,1384.0,1384.0,1384.0
