index,1st degree av block,atrial fibrillation,premature atrial contraction,right bundle branch block,sinus rhythm,st depression,ventricular ectopics,micro avg,macro avg,weighted avg,samples avg
precision,0.9137931034482759,0.8283582089552238,0.8205128205128205,0.9090909090909091,0.7065217391304348,0.6571428571428571,0.863013698630137,0.8197424892703863,0.8140619052729513,0.8270703879112052,0.754730713245997
recall,0.7571428571428571,0.9568965517241379,0.5333333333333333,0.9183673469387755,0.7471264367816092,0.8023255813953488,0.7078651685393258,0.8139204545454546,0.7747224679793411,0.8139204545454546,0.772197962154294
f1-score,0.8281250000000001,0.8879999999999999,0.6464646464646464,0.9137055837563451,0.7262569832402235,0.7225130890052355,0.7777777777777778,0.8168210976478975,0.7861204400348897,0.8144795861117817,0.7583697234352256
support,70.0,116.0,60.0,196.0,87.0,86.0,89.0,704.0,704.0,704.0,704.0
