index,atrial fibrillation,left ventricular high voltage,nonspecific st t abnormality,sinus bradycardia,sinus rhythm,sinus tachycardia,supraventricular tachycardia,t wave abnormal,micro avg,macro avg,weighted avg,samples avg
precision,0.9047619047619048,0.6019417475728155,0.6507936507936508,0.9974093264248705,0.9635416666666666,0.952054794520548,0.8360655737704918,0.6993865030674846,0.8806552262090483,0.8257443959473041,0.8674802790360884,0.874755859375
recall,0.8587570621468926,0.484375,0.41,0.9948320413436692,0.9343434343434344,0.9328859060402684,0.8360655737704918,0.6195652173913043,0.8157514450867052,0.7588530293795077,0.8157514450867052,0.837646484375
f1-score,0.881159420289855,0.5367965367965367,0.5030674846625766,0.9961190168175937,0.9487179487179487,0.9423728813559323,0.8360655737704918,0.6570605187319885,0.8469617404351087,0.7876699226428654,0.838611871886417,0.8406482514880952
support,177.0,128.0,100.0,387.0,198.0,149.0,61.0,184.0,1384.0,1384.0,1384.0,1384.0
