index,abnormal QRS,atrial fibrillation,incomplete right bundle branch block,left anterior fascicular block,left axis deviation,left ventricular hypertrophy,myocardial infarction,myocardial ischemia,sinus rhythm,t wave abnormal,ventricular ectopics,micro avg,macro avg,weighted avg,samples avg
precision,0.7457627118644068,0.875968992248062,0.696078431372549,0.8273809523809523,0.7995951417004049,0.6473684210526316,0.8211009174311926,0.7448275862068966,0.9094221759500261,0.550561797752809,0.5714285714285714,0.826699629171817,0.7444996090353183,0.8133481625705448,0.8375858909757214
recall,0.37606837606837606,0.70625,0.6228070175438597,0.7679558011049724,0.7066189624329159,0.5466666666666666,0.6485507246376812,0.5242718446601942,0.9798093101514301,0.4049586776859504,0.5128205128205128,0.7447661469933184,0.617888899433869,0.7447661469933184,0.7758370961760792
f1-score,0.5,0.782006920415225,0.6574074074074074,0.7965616045845272,0.7502374169040836,0.5927710843373494,0.7246963562753036,0.6153846153846154,0.943304535637149,0.4666666666666667,0.5405405405405405,0.7835969537199764,0.669961558922988,0.7700199543912645,0.7805026855874314
support,351.0,160.0,114.0,181.0,559.0,225.0,552.0,206.0,1783.0,242.0,117.0,4490.0,4490.0,4490.0,4490.0
