index,1st degree av block,atrial fibrillation,premature atrial contraction,right bundle branch block,sinus rhythm,st depression,ventricular ectopics,micro avg,macro avg,weighted avg,samples avg
precision,0.8833333333333333,0.8974358974358975,0.42,0.9593023255813954,0.6444444444444445,0.8448275862068966,0.7123287671232876,0.8112903225806452,0.765953193446465,0.8114747906310842,0.6804949053857351
recall,0.7571428571428571,0.9051724137931034,0.35,0.8418367346938775,0.6666666666666666,0.5697674418604651,0.5842696629213483,0.7144886363636364,0.6678365395826168,0.7144886363636364,0.6834061135371179
f1-score,0.8153846153846154,0.9012875536480686,0.3818181818181818,0.8967391304347827,0.6553672316384181,0.6805555555555557,0.6419753086419753,0.7598187311178246,0.7104467967316568,0.7570692743946922,0.6754002911208151
support,70.0,116.0,60.0,196.0,87.0,86.0,89.0,704.0,704.0,704.0,704.0
