index,abnormal QRS,atrial fibrillation,incomplete right bundle branch block,left anterior fascicular block,left axis deviation,left ventricular hypertrophy,myocardial infarction,myocardial ischemia,sinus rhythm,t wave abnormal,ventricular ectopics,micro avg,macro avg,weighted avg,samples avg
precision,0.7696335078534031,0.900709219858156,0.7272727272727273,0.6428571428571429,0.8278688524590164,0.81,0.7453531598513011,0.6968085106382979,0.8977099236641222,0.5642201834862385,0.6642857142857143,0.8113425925925926,0.7497017220205563,0.8081084104726746,0.838444255393408
recall,0.4188034188034188,0.79375,0.631578947368421,0.8950276243093923,0.7227191413237924,0.36,0.7264492753623188,0.6359223300970874,0.9893438025799215,0.5082644628099173,0.7948717948717948,0.7806236080178174,0.6797027997750967,0.7806236080178174,0.8013938878345658
f1-score,0.5424354243542435,0.8438538205980067,0.676056338028169,0.7482678983833719,0.7717287488061128,0.4984615384615385,0.7357798165137615,0.6649746192893401,0.9413020277481324,0.5347826086956521,0.7237354085603112,0.7956867196367765,0.6983071135853308,0.7833050677044788,0.7957116457116457
support,351.0,160.0,114.0,181.0,559.0,225.0,552.0,206.0,1783.0,242.0,117.0,4490.0,4490.0,4490.0,4490.0
