index,1st degree av block,atrial fibrillation,premature atrial contraction,right bundle branch block,sinus rhythm,st depression,ventricular ectopics,micro avg,macro avg,weighted avg,samples avg
precision,0.9152542372881356,0.8740157480314961,0.54,0.9459459459459459,0.6470588235294118,0.7926829268292683,0.8055555555555556,0.8170028818443804,0.7886447481685447,0.8230373900370012,0.75254730713246
recall,0.7714285714285715,0.9568965517241379,0.45,0.8928571428571429,0.8850574712643678,0.7558139534883721,0.651685393258427,0.8053977272727273,0.7662484405744313,0.8053977272727273,0.7656477438136827
f1-score,0.8372093023255813,0.9135802469135803,0.49090909090909096,0.9186351706036745,0.7475728155339806,0.7738095238095238,0.7204968944099379,0.8111587982832618,0.7717447206436242,0.8093716992886243,0.7542455118874334
support,70.0,116.0,60.0,196.0,87.0,86.0,89.0,704.0,704.0,704.0,704.0
