index,abnormal QRS,atrial fibrillation,incomplete right bundle branch block,left anterior fascicular block,left axis deviation,left ventricular hypertrophy,myocardial infarction,myocardial ischemia,sinus rhythm,t wave abnormal,ventricular ectopics,micro avg,macro avg,weighted avg,samples avg
precision,0.6466666666666666,0.8156424581005587,0.5454545454545454,0.7727272727272727,0.8046181172291297,0.6770186335403726,0.8034934497816594,0.738255033557047,0.9238956891963811,0.5483870967741935,0.65,0.8119287020109689,0.7205599057298024,0.8047468998592296,0.8347992059856467
recall,0.5527065527065527,0.9125,0.6842105263157895,0.8453038674033149,0.8103756708407871,0.48444444444444446,0.6666666666666666,0.5339805825242718,0.9736399326977005,0.4214876033057851,0.8888888888888888,0.7913140311804009,0.7067458850722002,0.7913140311804009,0.8105730427764325
f1-score,0.5960061443932412,0.8613569321533923,0.6070038910505837,0.8073878627968337,0.8074866310160427,0.5647668393782384,0.7287128712871287,0.619718309859155,0.9481157837247407,0.4766355140186916,0.7509025270758123,0.8014888337468983,0.7061903006139872,0.793855631936241,0.7986728317236791
support,351.0,160.0,114.0,181.0,559.0,225.0,552.0,206.0,1783.0,242.0,117.0,4490.0,4490.0,4490.0,4490.0
