index,1st degree av block,atrial fibrillation,premature atrial contraction,right bundle branch block,sinus rhythm,st depression,ventricular ectopics,micro avg,macro avg,weighted avg,samples avg
precision,0.95,0.907563025210084,0.875,0.915,0.7407407407407407,0.632,0.7790697674418605,0.8278805120910384,0.8284819333418122,0.8405553475442328,0.7724405628335761
recall,0.8142857142857143,0.9310344827586207,0.4666666666666667,0.9336734693877551,0.6896551724137931,0.9186046511627907,0.7528089887640449,0.8267045454545454,0.7866755922056266,0.8267045454545454,0.7860262008733624
f1-score,0.8769230769230769,0.9191489361702128,0.608695652173913,0.9242424242424242,0.7142857142857143,0.7488151658767772,0.7657142857142858,0.8272921108742005,0.793975036483772,0.824387328265826,0.7745754488112566
support,70.0,116.0,60.0,196.0,87.0,86.0,89.0,704.0,704.0,704.0,704.0
