index,1st degree av block,atrial fibrillation,premature atrial contraction,right bundle branch block,sinus rhythm,st depression,ventricular ectopics,micro avg,macro avg,weighted avg,samples avg
precision,0.8507462686567164,0.8625954198473282,0.391304347826087,0.9333333333333333,0.6568627450980392,0.6260869565217392,0.803030303030303,0.7911301859799714,0.7319941963305067,0.7790982042120096,0.720038816108685
recall,0.8142857142857143,0.9741379310344828,0.15,0.9285714285714286,0.7701149425287356,0.8372093023255814,0.5955056179775281,0.7855113636363636,0.72426070524621,0.7855113636363636,0.7438136826783115
f1-score,0.832116788321168,0.9149797570850203,0.21686746987951808,0.9309462915601023,0.708994708994709,0.7164179104477613,0.6838709677419355,0.7883107626514613,0.7148848420043163,0.7727590120070663,0.725376031052887
support,70.0,116.0,60.0,196.0,87.0,86.0,89.0,704.0,704.0,704.0,704.0
