index,1st degree av block,atrial fibrillation,premature atrial contraction,right bundle branch block,sinus rhythm,st depression,ventricular ectopics,micro avg,macro avg,weighted avg,samples avg
precision,0.890625,0.890625,0.48214285714285715,0.9378238341968912,0.6836734693877551,0.821917808219178,0.7611940298507462,0.8203240058910162,0.7811431426853469,0.8186208592776456,0.7343522561863173
recall,0.8142857142857143,0.9827586206896551,0.45,0.923469387755102,0.7701149425287356,0.6976744186046512,0.5730337078651685,0.7911931818181818,0.7444766845327182,0.7911931818181818,0.7489082969432315
f1-score,0.8507462686567163,0.9344262295081966,0.46551724137931033,0.9305912596401028,0.7243243243243244,0.7547169811320754,0.6538461538461537,0.8054953000723065,0.759166922640983,0.8016857771122474,0.7372634643377002
support,70.0,116.0,60.0,196.0,87.0,86.0,89.0,704.0,704.0,704.0,704.0
