index,1st degree av block,atrial fibrillation,premature atrial contraction,right bundle branch block,sinus rhythm,st depression,ventricular ectopics,micro avg,macro avg,weighted avg,samples avg
precision,0.8888888888888888,0.9576271186440678,0.4915254237288136,0.967391304347826,0.7111111111111111,0.7368421052631579,0.7857142857142857,0.8321060382916053,0.7913000339568786,0.8346176821146399,0.7459970887918487
recall,0.8,0.9741379310344828,0.48333333333333334,0.9081632653061225,0.735632183908046,0.813953488372093,0.6179775280898876,0.8025568181818182,0.7618853900062807,0.8025568181818182,0.7583697234352256
f1-score,0.8421052631578948,0.9658119658119658,0.48739495798319327,0.9368421052631578,0.7231638418079096,0.7734806629834253,0.6918238993710691,0.81706435285611,0.7743746709112308,0.8165528762268455,0.7486656962639494
support,70.0,116.0,60.0,196.0,87.0,86.0,89.0,704.0,704.0,704.0,704.0
