index,abnormal QRS,atrial fibrillation,incomplete right bundle branch block,left anterior fascicular block,left axis deviation,left ventricular hypertrophy,myocardial infarction,myocardial ischemia,sinus rhythm,t wave abnormal,ventricular ectopics,micro avg,macro avg,weighted avg,samples avg
precision,0.5381526104417671,0.8228571428571428,0.7093023255813954,0.7845303867403315,0.7334293948126801,0.5588235294117647,0.639300134589502,0.75,0.9180327868852459,0.5894736842105263,0.76,0.7653886010362694,0.709445635957305,0.7694766737071633,0.7980018759679777
recall,0.7635327635327636,0.9,0.5350877192982456,0.7845303867403315,0.9105545617173524,0.5911111111111111,0.8605072463768116,0.45145631067961167,0.9736399326977005,0.23140495867768596,0.6495726495726496,0.8224944320712695,0.695581603673115,0.8224944320712695,0.8282649477564731
f1-score,0.6313309776207303,0.8597014925373134,0.61,0.7845303867403315,0.8124501197126895,0.5745140388768899,0.7335907335907335,0.5636363636363636,0.945019052803484,0.33234421364985167,0.7004608294930875,0.792914653784219,0.6861434735146794,0.7845247330448293,0.7889833050849999
support,351.0,160.0,114.0,181.0,559.0,225.0,552.0,206.0,1783.0,242.0,117.0,4490.0,4490.0,4490.0,4490.0
