index,atrial fibrillation,left ventricular high voltage,nonspecific st t abnormality,sinus bradycardia,sinus rhythm,sinus tachycardia,supraventricular tachycardia,t wave abnormal,micro avg,macro avg,weighted avg,samples avg
precision,0.8858695652173914,0.5339805825242718,0.42342342342342343,0.9922680412371134,0.9796954314720813,0.9436619718309859,0.8333333333333334,0.6395939086294417,0.8342981186685963,0.7789782822085053,0.8342503205658452,0.8565266927083333
recall,0.9209039548022598,0.4296875,0.47,0.9948320413436692,0.9747474747474747,0.8993288590604027,0.819672131147541,0.6847826086956522,0.833092485549133,0.774244321224625,0.833092485549133,0.8522135416666666
f1-score,0.9030470914127424,0.4761904761904762,0.44549763033175355,0.9935483870967742,0.9772151898734176,0.9209621993127148,0.8264462809917356,0.6614173228346457,0.8336948662328272,0.7755405722555325,0.8328545453805384,0.8365420386904762
support,177.0,128.0,100.0,387.0,198.0,149.0,61.0,184.0,1384.0,1384.0,1384.0,1384.0
