index,1st degree av block,atrial fibrillation,premature atrial contraction,right bundle branch block,sinus rhythm,st depression,ventricular ectopics,micro avg,macro avg,weighted avg,samples avg
precision,0.9411764705882353,0.8461538461538461,0.0,0.9329896907216495,0.7580645161290323,0.7160493827160493,0.8571428571428571,0.8571428571428571,0.7216538233502384,0.7822723758224236,0.6521106259097526
recall,0.6857142857142857,0.9482758620689655,0.0,0.923469387755102,0.5402298850574713,0.6744186046511628,0.33707865168539325,0.6732954545454546,0.5870266681331973,0.6732954545454546,0.6448326055312955
f1-score,0.7933884297520661,0.894308943089431,0.0,0.9282051282051282,0.6308724832214766,0.6946107784431137,0.48387096774193544,0.7541766109785203,0.6321795329218788,0.708653667222489,0.6443474041727317
support,70.0,116.0,60.0,196.0,87.0,86.0,89.0,704.0,704.0,704.0,704.0
