index,abnormal QRS,atrial fibrillation,incomplete right bundle branch block,left anterior fascicular block,left axis deviation,left ventricular hypertrophy,myocardial infarction,myocardial ischemia,sinus rhythm,t wave abnormal,ventricular ectopics,micro avg,macro avg,weighted avg,samples avg
precision,0.6734104046242775,0.875,0.5488721804511278,0.8814814814814815,0.7898550724637681,0.5933014354066986,0.675,0.7041420118343196,0.9317046085508051,0.47513812154696133,0.71875,0.7935323383084577,0.7151504833054037,0.7909728695133121,0.8130521562724952
recall,0.6638176638176638,0.875,0.6403508771929824,0.6574585635359116,0.7799642218246869,0.5511111111111111,0.782608695652174,0.5776699029126213,0.9411104879416713,0.35537190082644626,0.5897435897435898,0.7815144766146993,0.6740188195053508,0.7815144766146993,0.7985613943241061
f1-score,0.6685796269727403,0.875,0.5910931174089069,0.7531645569620253,0.7848784878487849,0.5714285714285714,0.7248322147651006,0.6346666666666667,0.9363839285714285,0.4066193853427896,0.6478873239436619,0.7874775583482945,0.6904121709009705,0.7840363744369626,0.7810738887010074
support,351.0,160.0,114.0,181.0,559.0,225.0,552.0,206.0,1783.0,242.0,117.0,4490.0,4490.0,4490.0,4490.0
