index,1st degree av block,atrial fibrillation,premature atrial contraction,right bundle branch block,sinus rhythm,st depression,ventricular ectopics,micro avg,macro avg,weighted avg,samples avg
precision,0.9137931034482759,0.8780487804878049,0.4594594594594595,0.9405405405405406,0.648936170212766,0.6842105263157895,0.7391304347826086,0.8073836276083467,0.7520170021781779,0.7937710938335212,0.675885492479379
recall,0.7571428571428571,0.9310344827586207,0.2833333333333333,0.8877551020408163,0.7011494252873564,0.45348837209302323,0.5730337078651685,0.7144886363636364,0.655276754360168,0.7144886363636364,0.6790393013100436
f1-score,0.8281250000000001,0.903765690376569,0.35051546391752575,0.9133858267716536,0.6740331491712708,0.5454545454545454,0.6455696202531644,0.7581009796533534,0.6944070422778186,0.7469684532038362,0.6721494420184376
support,70.0,116.0,60.0,196.0,87.0,86.0,89.0,704.0,704.0,704.0,704.0
