index,abnormal QRS,atrial fibrillation,incomplete right bundle branch block,left anterior fascicular block,left axis deviation,left ventricular hypertrophy,myocardial infarction,myocardial ischemia,sinus rhythm,t wave abnormal,ventricular ectopics,micro avg,macro avg,weighted avg,samples avg
precision,0.7815533980582524,0.7976878612716763,0.477124183006536,0.8395061728395061,0.7841105354058722,0.8125,0.7312859884836852,0.7692307692307693,0.9355877616747182,0.6744186046511628,0.8837209302325582,0.8381804623415362,0.7715205640777033,0.8299147880387171,0.8464334794843269
recall,0.4586894586894587,0.8625,0.6403508771929824,0.7513812154696132,0.8121645796064401,0.2311111111111111,0.6902173913043478,0.4854368932038835,0.9775659001682557,0.2396694214876033,0.6495726495726496,0.7510022271714922,0.6180599543460314,0.7510022271714922,0.779046964640185
f1-score,0.578096947935368,0.828828828828829,0.5468164794007491,0.7930029154518949,0.797891036906854,0.35986159169550175,0.7101584342963654,0.5952380952380952,0.9561162918266594,0.35365853658536583,0.7487684729064039,0.7922001644543639,0.6607670573701897,0.770814771561271,0.7867398672483418
support,351.0,160.0,114.0,181.0,559.0,225.0,552.0,206.0,1783.0,242.0,117.0,4490.0,4490.0,4490.0,4490.0
