index,atrial fibrillation,left ventricular high voltage,nonspecific st t abnormality,sinus bradycardia,sinus rhythm,sinus tachycardia,supraventricular tachycardia,t wave abnormal,micro avg,macro avg,weighted avg,samples avg
precision,0.8290155440414507,0.6049382716049383,0.6818181818181818,0.9361179361179361,0.8917525773195877,0.9236111111111112,0.8837209302325582,0.6448979591836734,0.8281136198106337,0.7994840639286797,0.8246969484241651,0.8243815104166667
recall,0.903954802259887,0.3828125,0.45,0.9844961240310077,0.8737373737373737,0.8926174496644296,0.6229508196721312,0.8586956521739131,0.8215317919075145,0.7461580901923428,0.8215317919075145,0.8285319010416667
f1-score,0.8648648648648648,0.4688995215311005,0.5421686746987951,0.9596977329974811,0.8826530612244898,0.9078498293515358,0.7307692307692308,0.7365967365967366,0.8248095756256801,0.7616874565042794,0.8156544532395354,0.8119977678571428
support,177.0,128.0,100.0,387.0,198.0,149.0,61.0,184.0,1384.0,1384.0,1384.0,1384.0
