index,abnormal QRS,atrial fibrillation,incomplete right bundle branch block,left anterior fascicular block,left axis deviation,left ventricular hypertrophy,myocardial infarction,myocardial ischemia,sinus rhythm,t wave abnormal,ventricular ectopics,micro avg,macro avg,weighted avg,samples avg
precision,0.7068062827225131,0.7640449438202247,0.6346153846153846,0.7358490566037735,0.7317460317460317,0.7764705882352941,0.7412451361867705,0.6536585365853659,0.930032292787944,0.5882352941176471,0.8380952380952381,0.8143299214472745,0.7364362532287444,0.8022497949272712,0.8315762493728596
recall,0.38461538461538464,0.85,0.5789473684210527,0.861878453038674,0.8246869409660107,0.29333333333333333,0.6902173913043478,0.6504854368932039,0.9691531127313516,0.2892561983471074,0.7521367521367521,0.7619153674832962,0.6495191247079289,0.7619153674832962,0.7856324847850271
f1-score,0.49815498154981547,0.8047337278106509,0.6055045871559633,0.7938931297709922,0.7754415475189234,0.42580645161290326,0.7148217636022515,0.6520681265206812,0.949189783026641,0.3878116343490305,0.7927927927927928,0.7872511793809688,0.6727471387009678,0.769160457472478,0.7834082673065723
support,351.0,160.0,114.0,181.0,559.0,225.0,552.0,206.0,1783.0,242.0,117.0,4490.0,4490.0,4490.0,4490.0
