index,1st degree av block,atrial fibrillation,premature atrial contraction,right bundle branch block,sinus rhythm,st depression,ventricular ectopics,micro avg,macro avg,weighted avg,samples avg
precision,0.8169014084507042,0.9173553719008265,0.45161290322580644,0.9381443298969072,0.6290322580645161,0.8333333333333334,0.7777777777777778,0.8159057437407953,0.7663081975214102,0.8099205680765471,0.7292576419213974
recall,0.8285714285714286,0.9568965517241379,0.23333333333333334,0.9285714285714286,0.896551724137931,0.6395348837209303,0.6292134831460674,0.7869318181818182,0.7303818333150367,0.7869318181818182,0.7445414847161572
f1-score,0.822695035460993,0.9367088607594937,0.3076923076923077,0.9333333333333333,0.7393364928909952,0.7236842105263159,0.6956521739130433,0.8011569052783805,0.7370146306537831,0.7899345349293795,0.7321688500727802
support,70.0,116.0,60.0,196.0,87.0,86.0,89.0,704.0,704.0,704.0,704.0
