index,atrial fibrillation,left ventricular high voltage,nonspecific st t abnormality,sinus bradycardia,sinus rhythm,sinus tachycardia,supraventricular tachycardia,t wave abnormal,micro avg,macro avg,weighted avg,samples avg
precision,0.8564102564102564,0.4748201438848921,0.5666666666666667,0.981675392670157,0.9623655913978495,0.94,0.8727272727272727,0.6044444444444445,0.8178621659634318,0.7823887210251923,0.8265889927332476,0.832763671875
recall,0.943502824858757,0.515625,0.51,0.9689922480620154,0.9040404040404041,0.9463087248322147,0.7868852459016393,0.7391304347826086,0.8403179190751445,0.7893106103097048,0.8403179190751445,0.844970703125
f1-score,0.8978494623655914,0.49438202247191015,0.5368421052631579,0.975292587776333,0.9322916666666667,0.94314381270903,0.8275862068965518,0.6650366748166259,0.8289379900213827,0.7840530673707333,0.8318601015834286,0.8229631696428572
support,177.0,128.0,100.0,387.0,198.0,149.0,61.0,184.0,1384.0,1384.0,1384.0,1384.0
