index,1st degree av block,atrial fibrillation,premature atrial contraction,right bundle branch block,sinus rhythm,st depression,ventricular ectopics,micro avg,macro avg,weighted avg,samples avg
precision,0.9206349206349206,0.9262295081967213,0.673469387755102,0.9484536082474226,0.7021276595744681,0.8354430379746836,0.8076923076923077,0.8586156111929307,0.8305786328679465,0.8565482399296619,0.7758369723435226
recall,0.8285714285714286,0.9741379310344828,0.55,0.9387755102040817,0.7586206896551724,0.7674418604651163,0.7078651685393258,0.828125,0.7893446554956582,0.828125,0.7838427947598253
f1-score,0.8721804511278196,0.9495798319327732,0.6055045871559633,0.9435897435897437,0.729281767955801,0.8,0.7544910179640719,0.8430947216196674,0.8078039142465961,0.8407314935611558,0.777292576419214
support,70.0,116.0,60.0,196.0,87.0,86.0,89.0,704.0,704.0,704.0,704.0
