index,abnormal QRS,atrial fibrillation,incomplete right bundle branch block,left anterior fascicular block,left axis deviation,left ventricular hypertrophy,myocardial infarction,myocardial ischemia,sinus rhythm,t wave abnormal,ventricular ectopics,micro avg,macro avg,weighted avg,samples avg
precision,0.706766917293233,0.8,0.6774193548387096,0.8024691358024691,0.7258320126782885,0.7235772357723578,0.7523277467411545,0.7159090909090909,0.9115323854660348,0.6428571428571429,0.84375,0.8168030813673568,0.7547673656689529,0.8038769469762778,0.8331250136334881
recall,0.5356125356125356,0.825,0.5526315789473685,0.7182320441988951,0.8193202146690519,0.39555555555555555,0.7318840579710145,0.6116504854368932,0.9708356702187325,0.1859504132231405,0.23076923076923078,0.7556792873051225,0.5979492533274925,0.7556792873051225,0.7795214100298846
f1-score,0.6094003241491086,0.8123076923076924,0.6086956521739131,0.7580174927113702,0.7697478991596638,0.5114942528735631,0.7419651056014693,0.6596858638743455,0.9402498642042368,0.28846153846153844,0.3624161073825503,0.7850532161036557,0.6420401629908592,0.7639136767480372,0.7803645939239159
support,351.0,160.0,114.0,181.0,559.0,225.0,552.0,206.0,1783.0,242.0,117.0,4490.0,4490.0,4490.0,4490.0
