index,abnormal QRS,atrial fibrillation,incomplete right bundle branch block,left anterior fascicular block,left axis deviation,left ventricular hypertrophy,myocardial infarction,myocardial ischemia,sinus rhythm,t wave abnormal,ventricular ectopics,micro avg,macro avg,weighted avg,samples avg
precision,0.6537467700258398,0.8214285714285714,0.7052631578947368,0.7823529411764706,0.7427701674277016,0.8085106382978723,0.7377622377622378,0.7272727272727273,0.921832884097035,0.5375722543352601,0.5251396648044693,0.7960132890365449,0.7239683649566293,0.7956008425409566,0.8179209475819645
recall,0.7207977207977208,0.8625,0.5877192982456141,0.7348066298342542,0.8729874776386404,0.3377777777777778,0.7644927536231884,0.5825242718446602,0.9590577678070668,0.384297520661157,0.8034188034188035,0.800445434298441,0.6918527292408074,0.800445434298441,0.8138701655650807
f1-score,0.6856368563685636,0.8414634146341463,0.6411483253588517,0.7578347578347577,0.8026315789473685,0.47648902821316613,0.7508896797153025,0.6469002695417789,0.9400769653655855,0.44819277108433736,0.6351351351351351,0.798223209328151,0.6933089801999085,0.7902262843104417,0.7915876483673093
support,351.0,160.0,114.0,181.0,559.0,225.0,552.0,206.0,1783.0,242.0,117.0,4490.0,4490.0,4490.0,4490.0
