index,atrial fibrillation,left ventricular high voltage,nonspecific st t abnormality,sinus bradycardia,sinus rhythm,sinus tachycardia,supraventricular tachycardia,t wave abnormal,micro avg,macro avg,weighted avg,samples avg
precision,0.922077922077922,0.6382978723404256,0.6666666666666666,0.9748110831234257,0.9787234042553191,0.952054794520548,0.7761194029850746,0.6763005780346821,0.8754863813229572,0.823131465500508,0.8643457110327927,0.8540852864583333
recall,0.8022598870056498,0.46875,0.44,1.0,0.9292929292929293,0.9328859060402684,0.8524590163934426,0.6358695652173914,0.8128612716763006,0.7576896629937102,0.8128612716763006,0.8310546875
f1-score,0.8580060422960725,0.5405405405405406,0.5301204819277109,0.9872448979591836,0.9533678756476683,0.9423728813559323,0.8124999999999999,0.6554621848739497,0.8430123641813414,0.7849518630751322,0.8348844097511909,0.8283528645833333
support,177.0,128.0,100.0,387.0,198.0,149.0,61.0,184.0,1384.0,1384.0,1384.0,1384.0
