index,1st degree av block,atrial fibrillation,premature atrial contraction,right bundle branch block,sinus rhythm,st depression,ventricular ectopics,micro avg,macro avg,weighted avg,samples avg
precision,0.8870967741935484,0.7972027972027972,0.6444444444444445,0.9430051813471503,0.7777777777777778,0.6633663366336634,0.9142857142857143,0.826530612244898,0.8038827179835851,0.8297664503812091,0.7434497816593887
recall,0.7857142857142857,0.9827586206896551,0.48333333333333334,0.9285714285714286,0.6436781609195402,0.7790697674418605,0.7191011235955056,0.8053977272727273,0.7603181028950871,0.8053977272727273,0.7641921397379913
f1-score,0.8333333333333333,0.8803088803088803,0.5523809523809524,0.9357326478149101,0.7044025157232704,0.7165775401069518,0.8050314465408805,0.8158273381294964,0.7753953308870255,0.811863786396312,0.7482775351770984
support,70.0,116.0,60.0,196.0,87.0,86.0,89.0,704.0,704.0,704.0,704.0
