index,1st degree av block,atrial fibrillation,premature atrial contraction,right bundle branch block,sinus rhythm,st depression,ventricular ectopics,micro avg,macro avg,weighted avg,samples avg
precision,0.8571428571428571,0.9230769230769231,0.5909090909090909,0.953125,0.660377358490566,0.75,0.6883116883116883,0.8147612156295224,0.7747061311330178,0.8132905383237046,0.7406598738476469
recall,0.7714285714285715,0.9310344827586207,0.43333333333333335,0.9336734693877551,0.8045977011494253,0.8023255813953488,0.5955056179775281,0.7997159090909091,0.7531283939186546,0.7997159090909091,0.75764192139738
f1-score,0.81203007518797,0.927038626609442,0.5,0.9432989690721649,0.7253886010362693,0.7752808988764044,0.6385542168674699,0.8071684587813619,0.7602273410928173,0.8038060721345577,0.7440562833575933
support,70.0,116.0,60.0,196.0,87.0,86.0,89.0,704.0,704.0,704.0,704.0
