index,1st degree av block,atrial fibrillation,premature atrial contraction,right bundle branch block,sinus rhythm,st depression,ventricular ectopics,micro avg,macro avg,weighted avg,samples avg
precision,0.84375,0.7956204379562044,1.0,0.9038461538461539,0.631578947368421,0.8405797101449275,0.9615384615384616,0.8190630048465266,0.8538448158363098,0.8541512266011438,0.6877729257641921
recall,0.7714285714285715,0.9396551724137931,0.016666666666666666,0.9591836734693877,0.8275862068965517,0.6744186046511628,0.2808988764044944,0.7201704545454546,0.6385482531329468,0.7201704545454546,0.6906841339155749
f1-score,0.8059701492537314,0.8616600790513834,0.03278688524590164,0.9306930693069307,0.716417910447761,0.7483870967741935,0.4347826086956522,0.7664399092970521,0.647242542682222,0.7189472088381862,0.6846191169335275
support,70.0,116.0,60.0,196.0,87.0,86.0,89.0,704.0,704.0,704.0,704.0
