index,atrial fibrillation,left ventricular high voltage,nonspecific st t abnormality,sinus bradycardia,sinus rhythm,sinus tachycardia,supraventricular tachycardia,t wave abnormal,micro avg,macro avg,weighted avg,samples avg
precision,0.9192546583850931,0.5591397849462365,0.48360655737704916,0.9368932038834952,0.9722222222222222,0.8980891719745223,0.7846153846153846,0.6458333333333334,0.8219971056439942,0.7749567895921671,0.8224179559732463,0.8357747395833333
recall,0.8361581920903954,0.40625,0.59,0.9974160206718347,0.8838383838383839,0.9463087248322147,0.8360655737704918,0.6739130434782609,0.8208092485549133,0.7712437423351977,0.8208092485549133,0.8350423177083333
f1-score,0.8757396449704142,0.4705882352941176,0.5315315315315314,0.9662077596996246,0.925925925925926,0.9215686274509803,0.8095238095238095,0.6595744680851064,0.8214027476500361,0.7700825003101888,0.8191520814786558,0.8195242745535714
support,177.0,128.0,100.0,387.0,198.0,149.0,61.0,184.0,1384.0,1384.0,1384.0,1384.0
