index,atrial fibrillation,left ventricular high voltage,nonspecific st t abnormality,sinus bradycardia,sinus rhythm,sinus tachycardia,supraventricular tachycardia,t wave abnormal,micro avg,macro avg,weighted avg,samples avg
precision,0.972027972027972,0.6617647058823529,0.7714285714285715,0.9735449735449735,0.8516746411483254,0.9562043795620438,0.7307692307692307,0.6978021978021978,0.8715447154471545,0.8269020840207084,0.8632501114749238,0.8307291666666667
recall,0.7853107344632768,0.3515625,0.27,0.9509043927648578,0.898989898989899,0.8791946308724832,0.9344262295081968,0.6902173913043478,0.7745664739884393,0.7200757222378826,0.7745664739884393,0.7955729166666667
f1-score,0.8687499999999999,0.45918367346938777,0.4,0.9620915032679738,0.8746928746928747,0.9160839160839161,0.8201438848920862,0.6939890710382512,0.8201989288446825,0.7493668654305612,0.803672059757179,0.7978748139880952
support,177.0,128.0,100.0,387.0,198.0,149.0,61.0,184.0,1384.0,1384.0,1384.0,1384.0
