index,atrial fibrillation,left ventricular high voltage,nonspecific st t abnormality,sinus bradycardia,sinus rhythm,sinus tachycardia,supraventricular tachycardia,t wave abnormal,micro avg,macro avg,weighted avg,samples avg
precision,0.8882978723404256,0.5263157894736842,0.671875,0.9478908188585607,0.9653179190751445,0.8780487804878049,0.8260869565217391,0.7410071942446043,0.860062893081761,0.8056050413752454,0.8434373090415785,0.8527018229166667
recall,0.943502824858757,0.390625,0.43,0.9870801033591732,0.8434343434343434,0.9664429530201343,0.6229508196721312,0.5597826086956522,0.7904624277456648,0.7179773316300239,0.7904624277456648,0.8121744791666667
f1-score,0.9150684931506848,0.44843049327354256,0.524390243902439,0.9670886075949366,0.9002695417789757,0.9201277955271566,0.7102803738317758,0.6377708978328174,0.8237951807228916,0.752928305861541,0.8107643791668565,0.8168573288690475
support,177.0,128.0,100.0,387.0,198.0,149.0,61.0,184.0,1384.0,1384.0,1384.0,1384.0
