index,atrial fibrillation,left ventricular high voltage,nonspecific st t abnormality,sinus bradycardia,sinus rhythm,sinus tachycardia,supraventricular tachycardia,t wave abnormal,micro avg,macro avg,weighted avg,samples avg
precision,0.9010989010989011,0.5064102564102564,0.5423728813559322,0.9554455445544554,0.978021978021978,0.9586206896551724,0.88,0.8021978021978022,0.848644578313253,0.8155210066618122,0.8569920247142728,0.8443196614583334
recall,0.9265536723163842,0.6171875,0.64,0.9974160206718347,0.898989898989899,0.9328859060402684,0.7213114754098361,0.3967391304347826,0.8143063583815029,0.7663854504828757,0.8143063583815029,0.8289388020833334
f1-score,0.9136490250696379,0.5563380281690141,0.5871559633027523,0.9759797724399494,0.9368421052631579,0.9455782312925171,0.7927927927927928,0.530909090909091,0.8311209439528024,0.779905626154864,0.824985866835129,0.8206845238095237
support,177.0,128.0,100.0,387.0,198.0,149.0,61.0,184.0,1384.0,1384.0,1384.0,1384.0
