index,abnormal QRS,atrial fibrillation,incomplete right bundle branch block,left anterior fascicular block,left axis deviation,left ventricular hypertrophy,myocardial infarction,myocardial ischemia,sinus rhythm,t wave abnormal,ventricular ectopics,micro avg,macro avg,weighted avg,samples avg
precision,0.8258064516129032,0.8562091503267973,0.6509433962264151,0.7587939698492462,0.7287066246056783,0.6306818181818182,0.8207547169811321,0.5843621399176955,0.9158829676071055,0.5797101449275363,0.7652173913043478,0.8097549699491448,0.7379153428673341,0.8071104726551441,0.8277905023667735
recall,0.3646723646723647,0.81875,0.6052631578947368,0.8342541436464088,0.8264758497316637,0.49333333333333335,0.6304347826086957,0.6893203883495146,0.9831744251261918,0.49586776859504134,0.7521367521367521,0.7801781737193764,0.6812439060086094,0.7801781737193764,0.8009434373841153
f1-score,0.5059288537549407,0.8370607028753994,0.6272727272727273,0.7947368421052631,0.7745180217937971,0.5536159600997507,0.7131147540983607,0.6325167037861916,0.9483364890451718,0.5345211581291759,0.7586206896551725,0.7946914700544464,0.6982039002378136,0.7833676727906627,0.7904924464246498
support,351.0,160.0,114.0,181.0,559.0,225.0,552.0,206.0,1783.0,242.0,117.0,4490.0,4490.0,4490.0,4490.0
