index,1st degree av block,atrial fibrillation,premature atrial contraction,right bundle branch block,sinus rhythm,st depression,ventricular ectopics,micro avg,macro avg,weighted avg,samples avg
precision,0.9433962264150944,0.923728813559322,0.74,0.9384615384615385,0.6568627450980392,0.7216494845360825,0.8787878787878788,0.8428781204111601,0.8289838124082795,0.8507809310598767,0.75764192139738
recall,0.7142857142857143,0.9396551724137931,0.6166666666666667,0.9336734693877551,0.7701149425287356,0.813953488372093,0.651685393258427,0.8153409090909091,0.7771478352733121,0.8153409090909091,0.7714701601164483
f1-score,0.8130081300813008,0.9316239316239315,0.6727272727272727,0.9360613810741688,0.708994708994709,0.7650273224043715,0.7483870967741937,0.8288808664259928,0.7965471205257069,0.8279715245034935,0.7607957302280447
support,70.0,116.0,60.0,196.0,87.0,86.0,89.0,704.0,704.0,704.0,704.0
