index,atrial fibrillation,left ventricular high voltage,nonspecific st t abnormality,sinus bradycardia,sinus rhythm,sinus tachycardia,supraventricular tachycardia,t wave abnormal,micro avg,macro avg,weighted avg,samples avg
precision,0.8654970760233918,0.8181818181818182,0.6,0.9846547314578005,0.9742268041237113,0.9150326797385621,0.8604651162790697,0.6964285714285714,0.8814102564102564,0.8393108496541156,0.8734462731148865,0.858154296875
recall,0.8361581920903954,0.2109375,0.57,0.9948320413436692,0.9545454545454546,0.9395973154362416,0.6065573770491803,0.6358695652173914,0.7947976878612717,0.7185621807102915,0.7947976878612717,0.8101399739583333
f1-score,0.8505747126436781,0.3354037267080745,0.5846153846153846,0.9897172236503856,0.9642857142857142,0.9271523178807947,0.7115384615384615,0.6647727272727273,0.8358662613981762,0.7535075335744026,0.8163018785662137,0.8190662202380952
support,177.0,128.0,100.0,387.0,198.0,149.0,61.0,184.0,1384.0,1384.0,1384.0,1384.0
