index,abnormal QRS,atrial fibrillation,incomplete right bundle branch block,left anterior fascicular block,left axis deviation,left ventricular hypertrophy,myocardial infarction,myocardial ischemia,sinus rhythm,t wave abnormal,ventricular ectopics,micro avg,macro avg,weighted avg,samples avg
precision,0.7372881355932204,0.8650793650793651,0.7195121951219512,0.9263157894736842,0.7974683544303798,0.6545454545454545,0.6923076923076923,0.6228070175438597,0.9204006325777544,0.7111111111111111,0.8548387096774194,0.8219376661029234,0.7728794961328993,0.8159415049262878,0.8369369369369369
recall,0.49572649572649574,0.68125,0.5175438596491229,0.4861878453038674,0.7889087656529516,0.48,0.8152173913043478,0.6893203883495146,0.9792484576556366,0.1322314049586777,0.452991452991453,0.7576837416481069,0.5926023692356424,0.7576837416481069,0.7844981785659751
f1-score,0.5928449744463373,0.7622377622377624,0.6020408163265306,0.6376811594202898,0.7931654676258992,0.5538461538461539,0.7487520798668884,0.6543778801843319,0.9489130434782609,0.22299651567944254,0.5921787709497206,0.7885038822575038,0.6462758749146925,0.7673428670033501,0.7865803128514992
support,351.0,160.0,114.0,181.0,559.0,225.0,552.0,206.0,1783.0,242.0,117.0,4490.0,4490.0,4490.0,4490.0
