index,1st degree av block,atrial fibrillation,premature atrial contraction,right bundle branch block,sinus rhythm,st depression,ventricular ectopics,micro avg,macro avg,weighted avg,samples avg
precision,0.8461538461538461,0.9032258064516129,0.7391304347826086,0.956989247311828,0.6634615384615384,0.723404255319149,0.8082191780821918,0.8309248554913294,0.8057977580803966,0.8349262897615722,0.7601892285298398
recall,0.7857142857142857,0.9655172413793104,0.5666666666666667,0.9081632653061225,0.7931034482758621,0.7906976744186046,0.6629213483146067,0.8167613636363636,0.7818262757250655,0.8167613636363636,0.7743813682678311
f1-score,0.8148148148148148,0.9333333333333333,0.6415094339622641,0.9319371727748691,0.7225130890052356,0.7555555555555555,0.7283950617283951,0.8237822349570201,0.7897226373106382,0.8226101315630316,0.7633187772925764
support,70.0,116.0,60.0,196.0,87.0,86.0,89.0,704.0,704.0,704.0,704.0
