index,1st degree av block,atrial fibrillation,premature atrial contraction,right bundle branch block,sinus rhythm,st depression,ventricular ectopics,micro avg,macro avg,weighted avg,samples avg
precision,0.8571428571428571,0.8507462686567164,0.5441176470588235,0.9574468085106383,0.6166666666666667,0.7702702702702703,0.7837837837837838,0.7967032967032966,0.7685963288699652,0.8077318188292523,0.7612809315866085
recall,0.8571428571428571,0.9827586206896551,0.6166666666666667,0.9183673469387755,0.8505747126436781,0.6627906976744186,0.651685393258427,0.8238636363636364,0.791426613573497,0.8238636363636364,0.7831149927219796
f1-score,0.8571428571428571,0.9119999999999999,0.578125,0.9375000000000001,0.7149758454106279,0.7124999999999999,0.7116564417177914,0.8100558659217876,0.7748428777530395,0.8111432128744432,0.7660844250363901
support,70.0,116.0,60.0,196.0,87.0,86.0,89.0,704.0,704.0,704.0,704.0
