index,abnormal QRS,atrial fibrillation,incomplete right bundle branch block,left anterior fascicular block,left axis deviation,left ventricular hypertrophy,myocardial infarction,myocardial ischemia,sinus rhythm,t wave abnormal,ventricular ectopics,micro avg,macro avg,weighted avg,samples avg
precision,0.6877470355731226,0.7857142857142857,0.6862745098039216,0.8227848101265823,0.6941340782122905,0.7326732673267327,0.7180851063829787,0.6424581005586593,0.9259456579648375,0.625,0.891566265060241,0.8062283737024222,0.7465802833385138,0.7978616889581374,0.8307985952053749
recall,0.49572649572649574,0.89375,0.6140350877192983,0.7182320441988951,0.889087656529517,0.3288888888888889,0.7336956521739131,0.558252427184466,0.9747616376892877,0.30991735537190085,0.6324786324786325,0.7783964365256125,0.649893261632845,0.7783964365256125,0.7994666579412341
f1-score,0.5761589403973509,0.8362573099415204,0.6481481481481481,0.7669616519174043,0.7796078431372548,0.4539877300613497,0.7258064516129031,0.5974025974025974,0.9497267759562842,0.41436464088397795,0.74,0.7920679886685552,0.6807656444962537,0.7774207372188902,0.7919681631546038
support,351.0,160.0,114.0,181.0,559.0,225.0,552.0,206.0,1783.0,242.0,117.0,4490.0,4490.0,4490.0,4490.0
