index,1st degree av block,atrial fibrillation,premature atrial contraction,right bundle branch block,sinus rhythm,st depression,ventricular ectopics,micro avg,macro avg,weighted avg,samples avg
precision,0.9152542372881356,0.8421052631578947,0.4666666666666667,0.9246231155778895,0.6568627450980392,0.8913043478260869,0.7962962962962963,0.8181818181818182,0.7847303817015726,0.8176814501373506,0.705482775351771
recall,0.7714285714285715,0.9655172413793104,0.35,0.9387755102040817,0.7701149425287356,0.47674418604651164,0.48314606741573035,0.7414772727272727,0.6793895027147059,0.7414772727272727,0.7096069868995634
f1-score,0.8372093023255813,0.8995983935742972,0.4,0.9316455696202531,0.708994708994709,0.6212121212121212,0.6013986013986014,0.7779433681073027,0.7142940995893662,0.7644770654747677,0.7022804463852499
support,70.0,116.0,60.0,196.0,87.0,86.0,89.0,704.0,704.0,704.0,704.0
