index,abnormal QRS,atrial fibrillation,incomplete right bundle branch block,left anterior fascicular block,left axis deviation,left ventricular hypertrophy,myocardial infarction,myocardial ischemia,sinus rhythm,t wave abnormal,ventricular ectopics,micro avg,macro avg,weighted avg,samples avg
precision,0.7366548042704626,0.852760736196319,0.7380952380952381,0.7022222222222222,0.7338345864661654,0.6217948717948718,0.7581818181818182,0.6267281105990783,0.9327082184225042,0.3937677053824363,0.5902777777777778,0.7781122339281875,0.6988205535826267,0.7864956360831856,0.7939827236437406
recall,0.5897435897435898,0.86875,0.543859649122807,0.8729281767955801,0.8729874776386404,0.4311111111111111,0.7554347826086957,0.6601941747572816,0.9484015703869882,0.5743801652892562,0.7264957264957265,0.8060133630289532,0.7131169476317888,0.8060133630289532,0.8155923477957376
f1-score,0.6550632911392406,0.8606811145510836,0.6262626262626264,0.7783251231527094,0.7973856209150327,0.5091863517060369,0.7568058076225046,0.6430260047281323,0.9404894327030034,0.4672268907563025,0.6513409961685824,0.7918170878459687,0.6987084781550231,0.7921160572012942,0.7809162182043539
support,351.0,160.0,114.0,181.0,559.0,225.0,552.0,206.0,1783.0,242.0,117.0,4490.0,4490.0,4490.0,4490.0
