index,1st degree av block,atrial fibrillation,premature atrial contraction,right bundle branch block,sinus rhythm,st depression,ventricular ectopics,micro avg,macro avg,weighted avg,samples avg
precision,0.890625,0.875968992248062,0.4827586206896552,0.916256157635468,0.8421052631578947,0.6990291262135923,0.7741935483870968,0.8165680473372781,0.7829909583331098,0.8164641559577608,0.7353226589034448
recall,0.8142857142857143,0.9741379310344828,0.4666666666666667,0.9489795918367347,0.5517241379310345,0.8372093023255814,0.5393258426966292,0.7840909090909091,0.7331898838252633,0.7840909090909091,0.7481804949053857
f1-score,0.8507462686567163,0.9224489795918366,0.47457627118644075,0.9323308270676692,0.6666666666666666,0.761904761904762,0.6357615894039735,0.8,0.749205052068295,0.7924351275509033,0.7350315380883066
support,70.0,116.0,60.0,196.0,87.0,86.0,89.0,704.0,704.0,704.0,704.0
