index,1st degree av block,atrial fibrillation,premature atrial contraction,right bundle branch block,sinus rhythm,st depression,ventricular ectopics,micro avg,macro avg,weighted avg,samples avg
precision,0.9180327868852459,0.9159663865546218,0.75,0.9629629629629629,0.6880733944954128,0.835820895522388,0.8488372093023255,0.8645066273932254,0.8456705193889938,0.8686713503224109,0.7802037845705968
recall,0.8,0.9396551724137931,0.6,0.9285714285714286,0.8620689655172413,0.6511627906976745,0.8202247191011236,0.8338068181818182,0.8002404394716088,0.8338068181818182,0.7925764192139738
f1-score,0.8549618320610688,0.9276595744680851,0.6666666666666665,0.9454545454545454,0.7653061224489797,0.7320261437908497,0.8342857142857142,0.848879248011569,0.818051514167987,0.8473753400314863,0.7826297913634158
support,70.0,116.0,60.0,196.0,87.0,86.0,89.0,704.0,704.0,704.0,704.0
