index,abnormal QRS,atrial fibrillation,incomplete right bundle branch block,left anterior fascicular block,left axis deviation,left ventricular hypertrophy,myocardial infarction,myocardial ischemia,sinus rhythm,t wave abnormal,ventricular ectopics,micro avg,macro avg,weighted avg,samples avg
precision,0.7662835249042146,0.8506493506493507,0.6134453781512605,0.7722772277227723,0.7421289355322339,0.8214285714285714,0.7612781954887218,0.6612021857923497,0.918673087212413,0.5294117647058824,0.7758620689655172,0.8101671628119991,0.7466036627775717,0.8079680859725631,0.8219346465109176
recall,0.5698005698005698,0.81875,0.6403508771929824,0.861878453038674,0.8855098389982111,0.30666666666666664,0.7336956521739131,0.587378640776699,0.9629837352776219,0.5206611570247934,0.38461538461538464,0.7879732739420935,0.6611173614150471,0.7879732739420935,0.8073042776432607
f1-score,0.6535947712418301,0.8343949044585987,0.6266094420600858,0.8146214099216711,0.8075040783034259,0.44660194174757273,0.7472324723247232,0.6221079691516709,0.9403066812705366,0.525,0.5142857142857142,0.7989161115501863,0.68475085316053,0.7879933018530147,0.7910335173047037
support,351.0,160.0,114.0,181.0,559.0,225.0,552.0,206.0,1783.0,242.0,117.0,4490.0,4490.0,4490.0,4490.0
