index,1st degree av block,atrial fibrillation,premature atrial contraction,right bundle branch block,sinus rhythm,st depression,ventricular ectopics,micro avg,macro avg,weighted avg,samples avg
precision,0.8055555555555556,0.918918918918919,0.5,0.8755760368663594,0.8518518518518519,0.7654320987654321,0.803921568627451,0.8366013071895425,0.7887508615122242,0.8183006788665785,0.6957787481804949
recall,0.8285714285714286,0.8793103448275862,0.21666666666666667,0.9693877551020408,0.5287356321839081,0.7209302325581395,0.4606741573033708,0.7272727272727273,0.6577537453161629,0.7272727272727273,0.6979621542940321
f1-score,0.8169014084507044,0.8986784140969163,0.3023255813953488,0.9200968523002422,0.6524822695035462,0.7425149700598802,0.5857142857142857,0.778115501519757,0.7026733973601319,0.7566180807697296,0.6904415332362931
support,70.0,116.0,60.0,196.0,87.0,86.0,89.0,704.0,704.0,704.0,704.0
