index,1st degree av block,atrial fibrillation,premature atrial contraction,right bundle branch block,sinus rhythm,st depression,ventricular ectopics,micro avg,macro avg,weighted avg,samples avg
precision,0.875,0.9487179487179487,0.6571428571428571,0.9414893617021277,0.7160493827160493,0.7441860465116279,0.8627450980392157,0.8569131832797428,0.8207615278328324,0.8499181511296264,0.7263464337700145
recall,0.8,0.9568965517241379,0.38333333333333336,0.9030612244897959,0.6666666666666666,0.7441860465116279,0.4943820224719101,0.7571022727272727,0.7069322635996389,0.7571022727272727,0.7205240174672489
f1-score,0.8358208955223881,0.9527896995708154,0.4842105263157894,0.921875,0.6904761904761905,0.7441860465116278,0.6285714285714286,0.8039215686274509,0.7511328267097485,0.793729382286953,0.7205240174672489
support,70.0,116.0,60.0,196.0,87.0,86.0,89.0,704.0,704.0,704.0,704.0
