index,abnormal QRS,atrial fibrillation,incomplete right bundle branch block,left anterior fascicular block,left axis deviation,left ventricular hypertrophy,myocardial infarction,myocardial ischemia,sinus rhythm,t wave abnormal,ventricular ectopics,micro avg,macro avg,weighted avg,samples avg
precision,0.6854460093896714,0.875,0.6574074074074074,0.6964285714285714,0.8190045248868778,0.689873417721519,0.6890243902439024,0.6456310679611651,0.9118257261410788,0.564935064935065,0.8461538461538461,0.8039944263817929,0.7346118205699187,0.7949834370615503,0.8295006871278058
recall,0.41595441595441596,0.83125,0.6228070175438597,0.861878453038674,0.6475849731663685,0.48444444444444446,0.8188405797101449,0.6456310679611651,0.9859786876051598,0.359504132231405,0.4700854700854701,0.7710467706013363,0.6494508401582825,0.7710467706013363,0.7925637501908688
f1-score,0.5177304964539007,0.8525641025641026,0.6396396396396398,0.7703703703703704,0.7232767232767232,0.5691906005221933,0.748344370860927,0.6456310679611651,0.9474535165723524,0.4393939393939394,0.6043956043956044,0.7871759890859482,0.6779991301828108,0.7740116975193917,0.7856496992090213
support,351.0,160.0,114.0,181.0,559.0,225.0,552.0,206.0,1783.0,242.0,117.0,4490.0,4490.0,4490.0,4490.0
