index,atrial fibrillation,left ventricular high voltage,nonspecific st t abnormality,sinus bradycardia,sinus rhythm,sinus tachycardia,supraventricular tachycardia,t wave abnormal,micro avg,macro avg,weighted avg,samples avg
precision,0.8810810810810811,0.7884615384615384,0.5975609756097561,0.9948051948051948,0.9836956521739131,0.9455782312925171,0.8679245283018868,0.7542372881355932,0.9046434494195689,0.851668061232685,0.8880101799576576,0.8729654947916666
recall,0.9209039548022598,0.3203125,0.49,0.9896640826873385,0.9141414141414141,0.9328859060402684,0.7540983606557377,0.483695652173913,0.7882947976878613,0.7257127338126165,0.7882947976878613,0.8173014322916667
f1-score,0.9005524861878452,0.45555555555555555,0.5384615384615385,0.9922279792746115,0.9476439790575917,0.9391891891891893,0.8070175438596491,0.5894039735099337,0.8424710424710424,0.7712565306369894,0.8242762870922303,0.8302222842261905
support,177.0,128.0,100.0,387.0,198.0,149.0,61.0,184.0,1384.0,1384.0,1384.0,1384.0
