index,abnormal QRS,atrial fibrillation,incomplete right bundle branch block,left anterior fascicular block,left axis deviation,left ventricular hypertrophy,myocardial infarction,myocardial ischemia,sinus rhythm,t wave abnormal,ventricular ectopics,micro avg,macro avg,weighted avg,samples avg
precision,0.5781637717121588,0.8695652173913043,0.7536231884057971,0.7004608294930875,0.7880910683012259,0.6106194690265486,0.746,0.7083333333333334,0.9344978165938864,0.4825174825174825,0.6838235294117647,0.792469947833976,0.7141541551078717,0.7914007833731445,0.8120476408612002
recall,0.6638176638176638,0.75,0.45614035087719296,0.8397790055248618,0.8050089445438283,0.30666666666666664,0.6757246376811594,0.49514563106796117,0.9601794727986539,0.5702479338842975,0.7948717948717948,0.778173719376392,0.6652347365212801,0.778173719376392,0.7942902951377527
f1-score,0.6180371352785146,0.8053691275167786,0.5683060109289617,0.7638190954773869,0.7964601769911506,0.40828402366863903,0.7091254752851711,0.582857142857143,0.94716459197787,0.5227272727272727,0.7351778656126481,0.7852567704236432,0.6779389016655942,0.7792270584043334,0.7784072648479428
support,351.0,160.0,114.0,181.0,559.0,225.0,552.0,206.0,1783.0,242.0,117.0,4490.0,4490.0,4490.0,4490.0
