index,1st degree av block,atrial fibrillation,premature atrial contraction,right bundle branch block,sinus rhythm,st depression,ventricular ectopics,micro avg,macro avg,weighted avg,samples avg
precision,0.8235294117647058,0.9487179487179487,0.5555555555555556,0.9629629629629629,0.7471264367816092,0.7368421052631579,0.8026315789473685,0.8309659090909091,0.7967665714276153,0.8374645547270354,0.7668607472100921
recall,0.8,0.9568965517241379,0.6666666666666666,0.9285714285714286,0.7471264367816092,0.813953488372093,0.6853932584269663,0.8309659090909091,0.799801118648986,0.8309659090909091,0.7867540029112081
f1-score,0.8115942028985507,0.9527896995708154,0.606060606060606,0.9454545454545454,0.7471264367816093,0.7734806629834253,0.7393939393939394,0.8309659090909091,0.7965571561633559,0.8328598355802209,0.772197962154294
support,70.0,116.0,60.0,196.0,87.0,86.0,89.0,704.0,704.0,704.0,704.0
