index,1st degree av block,atrial fibrillation,premature atrial contraction,right bundle branch block,sinus rhythm,st depression,ventricular ectopics,micro avg,macro avg,weighted avg,samples avg
precision,0.8142857142857143,0.8925619834710744,0.5555555555555556,0.9719101123595506,0.7349397590361446,0.5982905982905983,0.8135593220338984,0.8087349397590361,0.7687290064332194,0.8127335732792654,0.7069383794274623
recall,0.8142857142857143,0.9310344827586207,0.3333333333333333,0.8826530612244898,0.7011494252873564,0.813953488372093,0.5393258426966292,0.7627840909090909,0.7165336211368911,0.7627840909090909,0.7219796215429404
f1-score,0.8142857142857143,0.9113924050632911,0.4166666666666667,0.9251336898395722,0.7176470588235295,0.6896551724137931,0.6486486486486486,0.7850877192982457,0.7319184793916022,0.779152117714291,0.7096069868995634
support,70.0,116.0,60.0,196.0,87.0,86.0,89.0,704.0,704.0,704.0,704.0
