index,atrial fibrillation,left ventricular high voltage,nonspecific st t abnormality,sinus bradycardia,sinus rhythm,sinus tachycardia,supraventricular tachycardia,t wave abnormal,micro avg,macro avg,weighted avg,samples avg
precision,0.9476744186046512,0.5050505050505051,0.5873015873015873,0.9642857142857143,0.8842105263157894,0.9407407407407408,0.7894736842105263,0.6785714285714286,0.8479623824451411,0.7871635756351179,0.8327692623360546,0.8299967447916666
recall,0.9209039548022598,0.390625,0.37,0.9767441860465116,0.8484848484848485,0.8523489932885906,0.7377049180327869,0.6195652173913043,0.7817919075144508,0.7145471397557878,0.7817919075144508,0.802001953125
f1-score,0.9340974212034383,0.44052863436123346,0.4539877300613497,0.9704749679075738,0.865979381443299,0.8943661971830986,0.7627118644067797,0.6477272727272727,0.8135338345864661,0.7462341836617556,0.8042826713542623,0.7993443080357143
support,177.0,128.0,100.0,387.0,198.0,149.0,61.0,184.0,1384.0,1384.0,1384.0,1384.0
