index,atrial fibrillation,left ventricular high voltage,nonspecific st t abnormality,sinus bradycardia,sinus rhythm,sinus tachycardia,supraventricular tachycardia,t wave abnormal,micro avg,macro avg,weighted avg,samples avg
precision,0.9390243902439024,0.6610169491525424,0.5555555555555556,0.9301204819277108,0.9939024390243902,0.9767441860465116,0.7236842105263158,0.7746478873239436,0.8764227642276423,0.819337012475109,0.8636829359709147,0.85009765625
recall,0.8700564971751412,0.3046875,0.45,0.9974160206718347,0.8232323232323232,0.8456375838926175,0.9016393442622951,0.5978260869565217,0.7789017341040463,0.7238119195238417,0.7789017341040463,0.8006998697916667
f1-score,0.9032258064516129,0.41711229946524064,0.4972375690607735,0.9625935162094763,0.9005524861878452,0.9064748201438849,0.802919708029197,0.6748466257668712,0.8247895944912013,0.7581203539143627,0.8107173493859453,0.8103701636904762
support,177.0,128.0,100.0,387.0,198.0,149.0,61.0,184.0,1384.0,1384.0,1384.0,1384.0
