index,abnormal QRS,atrial fibrillation,incomplete right bundle branch block,left anterior fascicular block,left axis deviation,left ventricular hypertrophy,myocardial infarction,myocardial ischemia,sinus rhythm,t wave abnormal,ventricular ectopics,micro avg,macro avg,weighted avg,samples avg
precision,0.6616541353383458,0.7486631016042781,0.6794871794871795,0.6894977168949772,0.7735537190082644,0.73,0.685374149659864,0.6476683937823834,0.9412087912087912,0.5793650793650794,0.7889908256880734,0.8065718946632486,0.7204966447306579,0.7958560405733045,0.8275527343323953
recall,0.5014245014245015,0.875,0.4649122807017544,0.8342541436464088,0.8372093023255814,0.3244444444444444,0.730072463768116,0.6067961165048543,0.9607403252944475,0.30165289256198347,0.7350427350427351,0.7708240534521158,0.6519590187013479,0.7708240534521158,0.7901184477455664
f1-score,0.5705024311183143,0.8069164265129684,0.5520833333333333,0.755,0.8041237113402062,0.44923076923076916,0.7070175438596491,0.6265664160401002,0.9508742714404662,0.39673913043478265,0.7610619469026549,0.7882929051360892,0.6709196345648404,0.7749082112531555,0.7845566074379633
support,351.0,160.0,114.0,181.0,559.0,225.0,552.0,206.0,1783.0,242.0,117.0,4490.0,4490.0,4490.0,4490.0
