index,1st degree av block,atrial fibrillation,premature atrial contraction,right bundle branch block,sinus rhythm,st depression,ventricular ectopics,micro avg,macro avg,weighted avg,samples avg
precision,0.9032258064516129,0.940677966101695,0.56,0.9572192513368984,0.7362637362637363,0.7840909090909091,0.8181818181818182,0.851963746223565,0.8142370696323814,0.8492391602789584,0.7503639010189228
recall,0.8,0.9568965517241379,0.4666666666666667,0.9132653061224489,0.7701149425287356,0.8023255813953488,0.6067415730337079,0.8011363636363636,0.7594300887815779,0.8011363636363636,0.7569141193595342
f1-score,0.8484848484848486,0.9487179487179486,0.509090909090909,0.9347258485639687,0.752808988764045,0.7931034482758621,0.6967741935483871,0.8257686676427526,0.7833865979208527,0.8223169376551368,0.7510917030567685
support,70.0,116.0,60.0,196.0,87.0,86.0,89.0,704.0,704.0,704.0,704.0
