index,1st degree av block,atrial fibrillation,premature atrial contraction,right bundle branch block,sinus rhythm,st depression,ventricular ectopics,micro avg,macro avg,weighted avg,samples avg
precision,0.9047619047619048,0.9416666666666667,0.6612903225806451,0.967391304347826,0.7640449438202247,0.7448979591836735,0.8873239436619719,0.8631732168850073,0.8387681492889876,0.8684058909968043,0.7911208151382824
recall,0.8142857142857143,0.9741379310344828,0.6833333333333333,0.9081632653061225,0.7816091954022989,0.8488372093023255,0.7078651685393258,0.8423295454545454,0.8168902596005146,0.8423295454545454,0.7998544395924309
f1-score,0.857142857142857,0.9576271186440678,0.6721311475409835,0.9368421052631578,0.7727272727272727,0.7934782608695652,0.7875000000000001,0.8526240115025161,0.8253498231697005,0.8531073443306891,0.7923338185346918
support,70.0,116.0,60.0,196.0,87.0,86.0,89.0,704.0,704.0,704.0,704.0
