index,atrial fibrillation,left ventricular high voltage,nonspecific st t abnormality,sinus bradycardia,sinus rhythm,sinus tachycardia,supraventricular tachycardia,t wave abnormal,micro avg,macro avg,weighted avg,samples avg
precision,0.9,0.6666666666666666,0.45038167938931295,0.9322033898305084,0.8781725888324873,0.9084507042253521,0.8181818181818182,0.6764705882352942,0.8260869565217391,0.77881592942018,0.8194011703753369,0.8302408854166667
recall,0.9152542372881356,0.296875,0.59,0.9948320413436692,0.8737373737373737,0.8657718120805369,0.7377049180327869,0.5,0.7825144508670521,0.7217719228103128,0.7825144508670521,0.80712890625
f1-score,0.9075630252100839,0.41081081081081083,0.5108225108225108,0.9624999999999999,0.8759493670886076,0.8865979381443297,0.7758620689655172,0.5750000000000001,0.8037105751391465,0.7381382151302325,0.7915179508686169,0.8022646949404761
support,177.0,128.0,100.0,387.0,198.0,149.0,61.0,184.0,1384.0,1384.0,1384.0,1384.0
