index,atrial fibrillation,left ventricular high voltage,nonspecific st t abnormality,sinus bradycardia,sinus rhythm,sinus tachycardia,supraventricular tachycardia,t wave abnormal,micro avg,macro avg,weighted avg,samples avg
precision,0.8909090909090909,0.6082474226804123,0.723404255319149,0.9745547073791349,0.95,0.9375,0.8518518518518519,0.5891472868217055,0.8438880706921944,0.815701826870168,0.8476829770374267,0.8463541666666667
recall,0.8305084745762712,0.4609375,0.34,0.9896640826873385,0.9595959595959596,0.9060402684563759,0.7540983606557377,0.8260869565217391,0.8280346820809249,0.7583664503116778,0.8280346820809249,0.8400065104166667
f1-score,0.8596491228070176,0.5244444444444444,0.4625850340136055,0.9820512820512821,0.9547738693467336,0.9215017064846417,0.7999999999999999,0.6877828054298643,0.8358862144420132,0.7740985330721986,0.8289740966596081,0.8292317708333333
support,177.0,128.0,100.0,387.0,198.0,149.0,61.0,184.0,1384.0,1384.0,1384.0,1384.0
