index,abnormal QRS,atrial fibrillation,incomplete right bundle branch block,left anterior fascicular block,left axis deviation,left ventricular hypertrophy,myocardial infarction,myocardial ischemia,sinus rhythm,t wave abnormal,ventricular ectopics,micro avg,macro avg,weighted avg,samples avg
precision,0.6538461538461539,0.8244274809160306,0.6086956521739131,0.8289473684210527,0.7902912621359224,0.7647058823529411,0.6221009549795361,0.6941176470588235,0.9178666666666667,0.5637583892617449,0.6714285714285714,0.7906012439530062,0.7218350935673961,0.7867709835656943,0.8181009096263333
recall,0.5811965811965812,0.675,0.6140350877192983,0.6961325966850829,0.7280858676207513,0.40444444444444444,0.8260869565217391,0.5728155339805825,0.9652271452607964,0.34710743801652894,0.4017094017094017,0.7643652561247216,0.6192582775595642,0.7643652561247216,0.7881661322339288
f1-score,0.6153846153846154,0.7422680412371135,0.611353711790393,0.7567567567567567,0.7579143389199254,0.5290697674418604,0.7097276264591439,0.6276595744680851,0.9409513395297977,0.4296675191815857,0.5026737967914439,0.7772619182425545,0.6566751898146109,0.7674211871357945,0.7772715832037865
support,351.0,160.0,114.0,181.0,559.0,225.0,552.0,206.0,1783.0,242.0,117.0,4490.0,4490.0,4490.0,4490.0
