index,1st degree av block,atrial fibrillation,premature atrial contraction,right bundle branch block,sinus rhythm,st depression,ventricular ectopics,micro avg,macro avg,weighted avg,samples avg
precision,0.8805970149253731,0.9344262295081968,0.46938775510204084,0.9666666666666667,0.6601941747572816,0.8023255813953488,0.7222222222222222,0.8232695139911634,0.7765456635110185,0.8215622679292293,0.7406598738476468
recall,0.8428571428571429,0.9827586206896551,0.38333333333333336,0.8877551020408163,0.7816091954022989,0.8023255813953488,0.5842696629213483,0.7940340909090909,0.752129805519992,0.7940340909090909,0.7503639010189228
f1-score,0.8613138686131387,0.9579831932773109,0.42201834862385323,0.9255319148936171,0.7157894736842106,0.8023255813953488,0.6459627329192547,0.8083875632682573,0.7615607304866764,0.8052666830966021,0.7421154779233382
support,70.0,116.0,60.0,196.0,87.0,86.0,89.0,704.0,704.0,704.0,704.0
