index,atrial fibrillation,left ventricular high voltage,nonspecific st t abnormality,sinus bradycardia,sinus rhythm,sinus tachycardia,supraventricular tachycardia,t wave abnormal,micro avg,macro avg,weighted avg,samples avg
precision,0.8895027624309392,0.6712328767123288,0.4965034965034965,0.9436274509803921,0.993421052631579,0.8980891719745223,0.8305084745762712,0.7741935483870968,0.848644578313253,0.8121348542745782,0.8539156468546608,0.839599609375
recall,0.9096045197740112,0.3828125,0.71,0.9948320413436692,0.7626262626262627,0.9463087248322147,0.8032786885245902,0.6521739130434783,0.8143063583815029,0.7702045812680283,0.8143063583815029,0.8252766927083334
f1-score,0.8994413407821229,0.4875621890547264,0.5843621399176955,0.9685534591194968,0.8628571428571429,0.9215686274509803,0.8166666666666667,0.7079646017699115,0.8311209439528024,0.7811220209523428,0.825951642598769,0.8182384672619047
support,177.0,128.0,100.0,387.0,198.0,149.0,61.0,184.0,1384.0,1384.0,1384.0,1384.0
