index,1st degree av block,atrial fibrillation,premature atrial contraction,right bundle branch block,sinus rhythm,st depression,ventricular ectopics,micro avg,macro avg,weighted avg,samples avg
precision,0.8615384615384616,0.8421052631578947,0.775,0.9368421052631579,0.7473684210526316,0.7604166666666666,0.9047619047619048,0.8475073313782991,0.832576117491531,0.8509284814691888,0.772197962154294
recall,0.8,0.9655172413793104,0.5166666666666667,0.9081632653061225,0.8160919540229885,0.8488372093023255,0.6404494382022472,0.8210227272727273,0.7851036821256657,0.8210227272727273,0.777292576419214
f1-score,0.8296296296296297,0.8995983935742972,0.62,0.922279792746114,0.7802197802197802,0.802197802197802,0.7500000000000001,0.8340548340548342,0.8005607711953748,0.8295631519532141,0.7724405628335761
support,70.0,116.0,60.0,196.0,87.0,86.0,89.0,704.0,704.0,704.0,704.0
