index,1st degree av block,atrial fibrillation,premature atrial contraction,right bundle branch block,sinus rhythm,st depression,ventricular ectopics,micro avg,macro avg,weighted avg,samples avg
precision,0.9193548387096774,0.9401709401709402,0.7222222222222222,0.8957345971563981,0.7553191489361702,0.7578947368421053,0.8518518518518519,0.853448275862069,0.8346497622699093,0.8508785657474097,0.7889374090247453
recall,0.8142857142857143,0.9482758620689655,0.43333333333333335,0.9642857142857143,0.8160919540229885,0.8372093023255814,0.7752808988764045,0.84375,0.7983946827426717,0.84375,0.8020378457059679
f1-score,0.8636363636363636,0.944206008583691,0.5416666666666666,0.9287469287469288,0.7845303867403314,0.7955801104972375,0.8117647058823529,0.8485714285714285,0.8100187386790817,0.8429516086041936,0.7913634158175642
support,70.0,116.0,60.0,196.0,87.0,86.0,89.0,704.0,704.0,704.0,704.0
