index,1st degree av block,atrial fibrillation,premature atrial contraction,right bundle branch block,sinus rhythm,st depression,ventricular ectopics,micro avg,macro avg,weighted avg,samples avg
precision,0.9,0.8934426229508197,0.38666666666666666,0.9336734693877551,0.69,0.7962962962962963,0.7666666666666667,0.7991004497751124,0.7666779602811721,0.8090684077799856,0.7125181950509462
recall,0.7714285714285715,0.9396551724137931,0.48333333333333334,0.9336734693877551,0.7931034482758621,0.5,0.5168539325842697,0.7571022727272727,0.7054354182033693,0.7571022727272727,0.722707423580786
f1-score,0.8307692307692307,0.9159663865546218,0.42962962962962964,0.9336734693877551,0.7379679144385026,0.6142857142857143,0.6174496644295303,0.7775346462436178,0.725677429927855,0.7743871092200417,0.7117903930131004
support,70.0,116.0,60.0,196.0,87.0,86.0,89.0,704.0,704.0,704.0,704.0
