index,abnormal QRS,atrial fibrillation,incomplete right bundle branch block,left anterior fascicular block,left axis deviation,left ventricular hypertrophy,myocardial infarction,myocardial ischemia,sinus rhythm,t wave abnormal,ventricular ectopics,micro avg,macro avg,weighted avg,samples avg
precision,0.7462121212121212,0.7976878612716763,0.6526315789473685,0.7976878612716763,0.7440758293838863,0.6729559748427673,0.8333333333333334,0.7518248175182481,0.9277628032345013,0.531578947368421,0.6466666666666666,0.8200238379022646,0.7365834359136969,0.8127092637067582,0.8325545884867919
recall,0.5612535612535613,0.8625,0.543859649122807,0.7624309392265194,0.8425760286225402,0.47555555555555556,0.552536231884058,0.5,0.9652271452607964,0.41735537190082644,0.8290598290598291,0.7661469933184856,0.6647594828987722,0.7661469933184856,0.7868747682307005
f1-score,0.6406504065040651,0.828828828828829,0.5933014354066986,0.7796610169491525,0.7902684563758388,0.5572916666666666,0.664488017429194,0.6005830903790087,0.9461242440901593,0.4675925925925926,0.7265917602996256,0.7921704087507196,0.6904892286838028,0.7815172111198223,0.7851916851916851
support,351.0,160.0,114.0,181.0,559.0,225.0,552.0,206.0,1783.0,242.0,117.0,4490.0,4490.0,4490.0,4490.0
