index,abnormal QRS,atrial fibrillation,incomplete right bundle branch block,left anterior fascicular block,left axis deviation,left ventricular hypertrophy,myocardial infarction,myocardial ischemia,sinus rhythm,t wave abnormal,ventricular ectopics,micro avg,macro avg,weighted avg,samples avg
precision,0.7729083665338645,0.8475609756097561,0.6081081081081081,0.7688172043010753,0.7483221476510067,0.6518987341772152,0.7468581687612208,0.7,0.9228694714131608,0.5608108108108109,0.5698924731182796,0.8083044982698961,0.7180042236804088,0.7983754429927543,0.8248347621228977
recall,0.5527065527065527,0.86875,0.7894736842105263,0.7900552486187845,0.7978533094812165,0.4577777777777778,0.7536231884057971,0.6116504854368932,0.9596186203028604,0.34297520661157027,0.452991452991453,0.7804008908685969,0.6706795933221302,0.7804008908685969,0.7962535174399581
f1-score,0.6445182724252491,0.8580246913580247,0.6870229007633588,0.779291553133515,0.7722943722943724,0.5378590078328982,0.7502254283137962,0.6528497409326425,0.9408853450646137,0.42564102564102574,0.5047619047619047,0.7941076487252124,0.6866703856837637,0.7848297107553472,0.786793376623885
support,351.0,160.0,114.0,181.0,559.0,225.0,552.0,206.0,1783.0,242.0,117.0,4490.0,4490.0,4490.0,4490.0
