index,abnormal QRS,atrial fibrillation,incomplete right bundle branch block,left anterior fascicular block,left axis deviation,left ventricular hypertrophy,myocardial infarction,myocardial ischemia,sinus rhythm,t wave abnormal,ventricular ectopics,micro avg,macro avg,weighted avg,samples avg
precision,0.6900826446280992,0.8731343283582089,0.8032786885245902,0.7004608294930875,0.804642166344294,0.8089887640449438,0.7184466019417476,0.6232558139534884,0.9078197824961161,0.5666666666666667,0.6813186813186813,0.8074505238649593,0.7434631788881748,0.8001244181543115,0.8344534607246471
recall,0.4757834757834758,0.73125,0.4298245614035088,0.8397790055248618,0.7441860465116279,0.32,0.8043478260869565,0.6504854368932039,0.9831744251261918,0.4214876033057851,0.5299145299145299,0.7723830734966592,0.6300211736863766,0.7723830734966592,0.7972056802565277
f1-score,0.5632377740303541,0.7959183673469388,0.5599999999999999,0.7638190954773869,0.7732342007434944,0.4585987261146497,0.7589743589743588,0.6365795724465558,0.943995691976306,0.4834123222748815,0.5961538461538461,0.7895276038702332,0.6667203595944339,0.7756184018251877,0.7925056086073036
support,351.0,160.0,114.0,181.0,559.0,225.0,552.0,206.0,1783.0,242.0,117.0,4490.0,4490.0,4490.0,4490.0
