index,atrial fibrillation,left ventricular high voltage,nonspecific st t abnormality,sinus bradycardia,sinus rhythm,sinus tachycardia,supraventricular tachycardia,t wave abnormal,micro avg,macro avg,weighted avg,samples avg
precision,0.9060773480662984,0.515527950310559,0.6545454545454545,0.965,0.946524064171123,0.9571428571428572,0.8135593220338984,0.6228070175438597,0.8291991495393338,0.7976480017267562,0.8378052557762556,0.833740234375
recall,0.9265536723163842,0.6484375,0.36,0.9974160206718347,0.8939393939393939,0.8993288590604027,0.7868852459016393,0.7717391304347826,0.8453757225433526,0.7855374777905546,0.8453757225433526,0.8548990885416667
f1-score,0.9162011173184358,0.5743944636678201,0.464516129032258,0.9809402795425667,0.9194805194805195,0.9273356401384083,0.8,0.6893203883495146,0.8372093023255814,0.7840235671911904,0.8364383633635257,0.8288318452380953
support,177.0,128.0,100.0,387.0,198.0,149.0,61.0,184.0,1384.0,1384.0,1384.0,1384.0
