index,1st degree av block,atrial fibrillation,premature atrial contraction,right bundle branch block,sinus rhythm,st depression,ventricular ectopics,micro avg,macro avg,weighted avg,samples avg
precision,0.8529411764705882,0.9105691056910569,0.8076923076923077,0.9329896907216495,0.735632183908046,0.7752808988764045,0.881578947368421,0.8606676342525399,0.8423834729612106,0.8605029830614286,0.7852983988355168
recall,0.8285714285714286,0.9655172413793104,0.7,0.923469387755102,0.735632183908046,0.8023255813953488,0.7528089887640449,0.8423295454545454,0.8154749731104686,0.8423295454545454,0.7983988355167394
f1-score,0.8405797101449276,0.9372384937238494,0.75,0.9282051282051282,0.735632183908046,0.7885714285714286,0.8121212121212121,0.8513998564249821,0.8274783080963702,0.8502619046111467,0.7884522076661814
support,70.0,116.0,60.0,196.0,87.0,86.0,89.0,704.0,704.0,704.0,704.0
