index,atrial fibrillation,left ventricular high voltage,nonspecific st t abnormality,sinus bradycardia,sinus rhythm,sinus tachycardia,supraventricular tachycardia,t wave abnormal,micro avg,macro avg,weighted avg,samples avg
precision,0.9053254437869822,0.7551020408163265,0.4880952380952381,0.9896640826873385,0.9633507853403142,0.9391891891891891,0.819672131147541,0.703030303030303,0.879585326953748,0.8204286517616541,0.8661455267546652,0.868896484375
recall,0.864406779661017,0.2890625,0.41,0.9896640826873385,0.9292929292929293,0.9328859060402684,0.819672131147541,0.6304347826086957,0.7969653179190751,0.7331773889297237,0.7969653179190751,0.8264973958333334
f1-score,0.884393063583815,0.4180790960451978,0.44565217391304346,0.9896640826873385,0.9460154241645244,0.936026936026936,0.819672131147541,0.664756446991404,0.8362395754359363,0.7630324193199751,0.8213230980046478,0.8321940104166666
support,177.0,128.0,100.0,387.0,198.0,149.0,61.0,184.0,1384.0,1384.0,1384.0,1384.0
