index,abnormal QRS,atrial fibrillation,incomplete right bundle branch block,left anterior fascicular block,left axis deviation,left ventricular hypertrophy,myocardial infarction,myocardial ischemia,sinus rhythm,t wave abnormal,ventricular ectopics,micro avg,macro avg,weighted avg,samples avg
precision,0.7228464419475655,0.8343558282208589,0.6403508771929824,0.6575875486381323,0.8054545454545454,0.6666666666666666,0.7840172786177105,0.5833333333333334,0.9293739967897271,0.5963855421686747,0.7818181818181819,0.8124857077521153,0.7274718400771253,0.8074174922202224,0.835469973605567
recall,0.5498575498575499,0.85,0.6403508771929824,0.9337016574585635,0.7924865831842576,0.4444444444444444,0.657608695652174,0.7475728155339806,0.9742007851934941,0.4090909090909091,0.7350427350427351,0.7913140311804009,0.7031233684228264,0.7913140311804009,0.8078114434046637
f1-score,0.6245954692556636,0.8421052631578947,0.6403508771929824,0.7716894977168949,0.7989179440937781,0.5333333333333333,0.7152709359605912,0.6553191489361702,0.9512595837897042,0.4852941176470589,0.7577092511013217,0.801760126368047,0.7068950383804903,0.7940434476006155,0.7986112477637902
support,351.0,160.0,114.0,181.0,559.0,225.0,552.0,206.0,1783.0,242.0,117.0,4490.0,4490.0,4490.0,4490.0
