index,abnormal QRS,atrial fibrillation,incomplete right bundle branch block,left anterior fascicular block,left axis deviation,left ventricular hypertrophy,myocardial infarction,myocardial ischemia,sinus rhythm,t wave abnormal,ventricular ectopics,micro avg,macro avg,weighted avg,samples avg
precision,0.7419354838709677,0.8838709677419355,0.5973154362416108,0.7631578947368421,0.7279635258358662,0.8688524590163934,0.8508997429305912,0.7346938775510204,0.9209823812066203,0.5572916666666666,0.8,0.8262342691190707,0.7679057668907742,0.8245228125779962,0.8386482123770259
recall,0.5242165242165242,0.85625,0.7807017543859649,0.8011049723756906,0.8568872987477638,0.23555555555555555,0.5996376811594203,0.5242718446601942,0.9674705552439709,0.44214876033057854,0.47863247863247865,0.7603563474387528,0.64244340230074,0.7603563474387528,0.7878694675304844
f1-score,0.6143572621035058,0.8698412698412699,0.6768060836501901,0.7816711590296496,0.7871815940838126,0.37062937062937057,0.7035069075451647,0.6118980169971671,0.9436542669584245,0.4930875576036866,0.5989304812834224,0.7919276270006959,0.6774149063386967,0.775769022868898,0.7868233969928886
support,351.0,160.0,114.0,181.0,559.0,225.0,552.0,206.0,1783.0,242.0,117.0,4490.0,4490.0,4490.0,4490.0
