index,1st degree av block,atrial fibrillation,premature atrial contraction,right bundle branch block,sinus rhythm,st depression,ventricular ectopics,micro avg,macro avg,weighted avg,samples avg
precision,0.8382352941176471,0.9789473684210527,0.3333333333333333,0.9666666666666667,0.6388888888888888,0.6181818181818182,0.92,0.7996768982229402,0.756321909944201,0.8129659114896503,0.6819505094614265
recall,0.8142857142857143,0.8017241379310345,0.18333333333333332,0.8877551020408163,0.7931034482758621,0.7906976744186046,0.25842696629213485,0.703125,0.6470466252253572,0.703125,0.6775836972343523
f1-score,0.8260869565217392,0.881516587677725,0.23655913978494622,0.9255319148936171,0.7076923076923076,0.693877551020408,0.4035087719298246,0.7482993197278911,0.6678247470743667,0.7284585166081304,0.6739446870451238
support,70.0,116.0,60.0,196.0,87.0,86.0,89.0,704.0,704.0,704.0,704.0
