index,abnormal QRS,atrial fibrillation,incomplete right bundle branch block,left anterior fascicular block,left axis deviation,left ventricular hypertrophy,myocardial infarction,myocardial ischemia,sinus rhythm,t wave abnormal,ventricular ectopics,micro avg,macro avg,weighted avg,samples avg
precision,0.7111111111111111,0.7323232323232324,0.8076923076923077,0.751269035532995,0.7801047120418848,0.6141304347826086,0.7108433734939759,0.6951871657754011,0.9355013550135501,0.7428571428571429,0.8351648351648352,0.8207927842392594,0.7560167914353678,0.8129543309868361,0.838479157123225
recall,0.5470085470085471,0.90625,0.3684210526315789,0.8176795580110497,0.7996422182468694,0.5022222222222222,0.7481884057971014,0.6310679611650486,0.9680314077397645,0.10743801652892562,0.6495726495726496,0.7701559020044544,0.6405020035385234,0.7701559020044544,0.7899232161944026
f1-score,0.6183574879227054,0.8100558659217879,0.5060240963855421,0.783068783068783,0.7897526501766785,0.5525672371638141,0.7290379523389232,0.6615776081424937,0.9514884233737597,0.18772563176895307,0.7307692307692308,0.7946685051131792,0.6654931788211519,0.7746150049163292,0.7890577077017755
support,351.0,160.0,114.0,181.0,559.0,225.0,552.0,206.0,1783.0,242.0,117.0,4490.0,4490.0,4490.0,4490.0
