index,1st degree av block,atrial fibrillation,premature atrial contraction,right bundle branch block,sinus rhythm,st depression,ventricular ectopics,micro avg,macro avg,weighted avg,samples avg
precision,0.8939393939393939,0.9568965517241379,0.5510204081632653,0.9104477611940298,0.7471264367816092,0.7386363636363636,0.7625,0.8311499272197962,0.7943667022055427,0.8259516626879411,0.745269286754003
recall,0.8428571428571429,0.9568965517241379,0.45,0.9336734693877551,0.7471264367816092,0.7558139534883721,0.6853932584269663,0.8110795454545454,0.7673944018094263,0.8110795454545454,0.7656477438136827
f1-score,0.8676470588235294,0.9568965517241379,0.4954128440366973,0.9219143576826196,0.7471264367816093,0.7471264367816092,0.7218934911242604,0.8209920920201293,0.7797167395649233,0.8176941379814203,0.7510917030567685
support,70.0,116.0,60.0,196.0,87.0,86.0,89.0,704.0,704.0,704.0,704.0
