index,1st degree av block,atrial fibrillation,premature atrial contraction,right bundle branch block,sinus rhythm,st depression,ventricular ectopics,micro avg,macro avg,weighted avg,samples avg
precision,0.8253968253968254,0.9279279279279279,0.5,0.9793103448275862,0.5373134328358209,0.6354166666666666,0.8541666666666666,0.7870216306156406,0.7513616949030706,0.8022374720554083,0.6579330422125182
recall,0.7428571428571429,0.8879310344827587,0.03333333333333333,0.7244897959183674,0.8275862068965517,0.7093023255813954,0.4606741573033708,0.671875,0.6265962851961314,0.671875,0.6462882096069869
f1-score,0.7819548872180451,0.9074889867841409,0.0625,0.8328445747800587,0.6515837104072398,0.6703296703296703,0.5985401459854015,0.724904214559387,0.6436059965006509,0.702555836186928,0.646045608927705
support,70.0,116.0,60.0,196.0,87.0,86.0,89.0,704.0,704.0,704.0,704.0
