index,atrial fibrillation,left ventricular high voltage,nonspecific st t abnormality,sinus bradycardia,sinus rhythm,sinus tachycardia,supraventricular tachycardia,t wave abnormal,micro avg,macro avg,weighted avg,samples avg
precision,0.8971428571428571,0.7884615384615384,0.7735849056603774,0.9973890339425587,0.9107981220657277,0.9513888888888888,0.8208955223880597,0.7183098591549296,0.9023596419853539,0.8572463409631172,0.8868526177043409,0.8837076822916666
recall,0.8870056497175142,0.3203125,0.41,0.9870801033591732,0.9797979797979798,0.9194630872483222,0.9016393442622951,0.5543478260869565,0.8013005780346821,0.7449558113090301,0.8013005780346821,0.8313802083333333
f1-score,0.8920454545454545,0.45555555555555555,0.5359477124183006,0.9922077922077922,0.9440389294403893,0.9351535836177475,0.8593750000000001,0.6257668711656442,0.8488327592805205,0.7800113623688605,0.8291928574238598,0.8418898809523809
support,177.0,128.0,100.0,387.0,198.0,149.0,61.0,184.0,1384.0,1384.0,1384.0,1384.0
