index,1st degree av block,atrial fibrillation,premature atrial contraction,right bundle branch block,sinus rhythm,st depression,ventricular ectopics,micro avg,macro avg,weighted avg,samples avg
precision,0.8656716417910447,0.9180327868852459,0.5,0.9526315789473684,0.7159090909090909,0.7875,0.6547619047619048,0.8160583941605839,0.7706438576135222,0.8126243012935316,0.7297428432799612
recall,0.8285714285714286,0.9655172413793104,0.45,0.923469387755102,0.7241379310344828,0.7325581395348837,0.6179775280898876,0.7940340909090909,0.7488902366235851,0.7940340909090909,0.7496360989810772
f1-score,0.8467153284671534,0.9411764705882353,0.4736842105263158,0.9378238341968912,0.72,0.7590361445783131,0.6358381502890174,0.8048956083513319,0.7591820198065609,0.8028235390973908,0.7348374575448811
support,70.0,116.0,60.0,196.0,87.0,86.0,89.0,704.0,704.0,704.0,704.0
