index,abnormal QRS,atrial fibrillation,incomplete right bundle branch block,left anterior fascicular block,left axis deviation,left ventricular hypertrophy,myocardial infarction,myocardial ischemia,sinus rhythm,t wave abnormal,ventricular ectopics,micro avg,macro avg,weighted avg,samples avg
precision,0.7603686635944701,0.746268656716418,0.5481481481481482,0.8111111111111111,0.8303393213572854,0.6631578947368421,0.7252931323283082,0.7017543859649122,0.944475602916433,0.5728155339805825,0.7878787878787878,0.8200934579439252,0.7356010217030271,0.8170799516503151,0.8278504897148964
recall,0.4700854700854701,0.9375,0.6491228070175439,0.8066298342541437,0.7441860465116279,0.56,0.7844202898550725,0.5825242718446602,0.944475602916433,0.48760330578512395,0.6666666666666666,0.7817371937639198,0.6939285722669767,0.7817371937639198,0.8000839822873722
f1-score,0.5809859154929577,0.8310249307479225,0.5943775100401607,0.8088642659279778,0.7849056603773584,0.6072289156626507,0.7536988685813751,0.636604774535809,0.944475602916433,0.5267857142857143,0.7222222222222221,0.8004561003420751,0.7082885800718711,0.7950126471222084,0.7906036956884414
support,351.0,160.0,114.0,181.0,559.0,225.0,552.0,206.0,1783.0,242.0,117.0,4490.0,4490.0,4490.0,4490.0
