index,1st degree av block,atrial fibrillation,premature atrial contraction,right bundle branch block,sinus rhythm,st depression,ventricular ectopics,micro avg,macro avg,weighted avg,samples avg
precision,0.9285714285714286,0.8951612903225806,0.8461538461538461,0.9505494505494505,0.6836734693877551,0.7010309278350515,0.9206349206349206,0.8528072837632777,0.8465393333507192,0.8630971481838062,0.7532751091703057
recall,0.7428571428571429,0.9568965517241379,0.55,0.8826530612244898,0.7701149425287356,0.7906976744186046,0.651685393258427,0.7982954545454546,0.763557823715934,0.7982954545454546,0.7569141193595342
f1-score,0.8253968253968255,0.925,0.6666666666666667,0.9153439153439152,0.7243243243243244,0.7431693989071039,0.763157894736842,0.8246515040352166,0.7947227179108111,0.8229190658224308,0.75254730713246
support,70.0,116.0,60.0,196.0,87.0,86.0,89.0,704.0,704.0,704.0,704.0
