index,abnormal QRS,atrial fibrillation,incomplete right bundle branch block,left anterior fascicular block,left axis deviation,left ventricular hypertrophy,myocardial infarction,myocardial ischemia,sinus rhythm,t wave abnormal,ventricular ectopics,micro avg,macro avg,weighted avg,samples avg
precision,0.6809338521400778,0.8376623376623377,0.654320987654321,0.6682027649769585,0.7981132075471699,0.5192307692307693,0.6704730831973899,0.6347826086956522,0.9239013933547695,0.5,0.7477477477477478,0.7831055343939054,0.6941244320188358,0.7768846960870065,0.8147170778526711
recall,0.4985754985754986,0.80625,0.4649122807017544,0.8011049723756906,0.7567084078711985,0.48,0.7445652173913043,0.7087378640776699,0.9669097027481772,0.4049586776859504,0.7094017094017094,0.7783964365256125,0.6674658482571776,0.7783964365256125,0.7968795672185502
f1-score,0.5756578947368421,0.821656050955414,0.5435897435897435,0.728643216080402,0.7768595041322315,0.49884526558891457,0.7055793991416309,0.6697247706422018,0.9449164154562893,0.4474885844748858,0.7280701754385965,0.7807438847313749,0.6764573654761047,0.7749631931979911,0.7801779022118006
support,351.0,160.0,114.0,181.0,559.0,225.0,552.0,206.0,1783.0,242.0,117.0,4490.0,4490.0,4490.0,4490.0
