index,1st degree av block,atrial fibrillation,premature atrial contraction,right bundle branch block,sinus rhythm,st depression,ventricular ectopics,micro avg,macro avg,weighted avg,samples avg
precision,0.8253968253968254,0.9107142857142857,0.7380952380952381,0.8985507246376812,0.6,0.7261904761904762,0.9,0.8138528138528138,0.7998496500049296,0.8218390229939143,0.7496360989810772
recall,0.7428571428571429,0.8793103448275862,0.5166666666666667,0.9489795918367347,0.7931034482758621,0.7093023255813954,0.7078651685393258,0.8011363636363636,0.7568692412263877,0.8011363636363636,0.7620087336244541
f1-score,0.7819548872180451,0.8947368421052632,0.607843137254902,0.9230769230769231,0.6831683168316831,0.7176470588235294,0.7924528301886792,0.807444523979957,0.7715542850712893,0.8062522350253083,0.7510917030567685
support,70.0,116.0,60.0,196.0,87.0,86.0,89.0,704.0,704.0,704.0,704.0
