index,atrial fibrillation,left ventricular high voltage,nonspecific st t abnormality,sinus bradycardia,sinus rhythm,sinus tachycardia,supraventricular tachycardia,t wave abnormal,micro avg,macro avg,weighted avg,samples avg
precision,0.861878453038674,0.574468085106383,0.5967741935483871,0.9922480620155039,0.9402985074626866,0.8773006134969326,0.8333333333333334,0.5569620253164557,0.8266569555717407,0.7791579091647944,0.8236799583211829,0.83935546875
recall,0.8813559322033898,0.421875,0.37,0.9922480620155039,0.9545454545454546,0.959731543624161,0.6557377049180327,0.717391304347826,0.8200867052023122,0.7441106252067959,0.8200867052023122,0.8387858072916666
f1-score,0.8715083798882682,0.4864864864864865,0.45679012345679015,0.9922480620155039,0.9473684210526316,0.9166666666666666,0.7339449541284403,0.6270783847980997,0.8233587232499093,0.7540114348116109,0.8168508754065118,0.8218284970238094
support,177.0,128.0,100.0,387.0,198.0,149.0,61.0,184.0,1384.0,1384.0,1384.0,1384.0
