index,atrial fibrillation,left ventricular high voltage,nonspecific st t abnormality,sinus bradycardia,sinus rhythm,sinus tachycardia,supraventricular tachycardia,t wave abnormal,micro avg,macro avg,weighted avg,samples avg
precision,0.8895027624309392,0.543859649122807,0.5324675324675324,0.9595959595959596,0.9468085106382979,0.9635036496350365,0.8245614035087719,0.6608187134502924,0.8433005299015897,0.7901397726062047,0.8342380284965878,0.8400065104166666
recall,0.9096045197740112,0.484375,0.41,0.9819121447028424,0.898989898989899,0.8859060402684564,0.7704918032786885,0.6141304347826086,0.8049132947976878,0.7444262302245632,0.8049132947976878,0.8256022135416667
f1-score,0.8994413407821229,0.5123966942148761,0.46327683615819204,0.9706257982120051,0.9222797927461138,0.9230769230769231,0.7966101694915254,0.6366197183098592,0.8236598890942698,0.7655409091239522,0.8183734614971057,0.8162481398809524
support,177.0,128.0,100.0,387.0,198.0,149.0,61.0,184.0,1384.0,1384.0,1384.0,1384.0
