index,atrial fibrillation,left ventricular high voltage,nonspecific st t abnormality,sinus bradycardia,sinus rhythm,sinus tachycardia,supraventricular tachycardia,t wave abnormal,micro avg,macro avg,weighted avg,samples avg
precision,0.8707865168539326,0.8611111111111112,0.7058823529411765,0.9973821989528796,0.983957219251337,0.9333333333333333,0.8113207547169812,0.7297297297297297,0.9068219633943427,0.8616879021113102,0.8949260219513641,0.8714192708333334
recall,0.8757062146892656,0.2421875,0.48,0.9844961240310077,0.9292929292929293,0.9395973154362416,0.7049180327868853,0.5869565217391305,0.7875722543352601,0.7178943297469325,0.7875722543352601,0.8157552083333333
f1-score,0.8732394366197184,0.3780487804878049,0.5714285714285713,0.9908972691807543,0.9558441558441558,0.9364548494983278,0.7543859649122806,0.6506024096385542,0.843000773395205,0.7638626797012709,0.8223201063334357,0.8291713169642856
support,177.0,128.0,100.0,387.0,198.0,149.0,61.0,184.0,1384.0,1384.0,1384.0,1384.0
