index,1st degree av block,atrial fibrillation,premature atrial contraction,right bundle branch block,sinus rhythm,st depression,ventricular ectopics,micro avg,macro avg,weighted avg,samples avg
precision,0.855072463768116,0.9572649572649573,0.4745762711864407,0.9536082474226805,0.7191011235955056,0.8076923076923077,0.8,0.8387573964497042,0.7953307672757154,0.8373621256915943,0.7481804949053857
recall,0.8428571428571429,0.9655172413793104,0.4666666666666667,0.9438775510204082,0.735632183908046,0.7325581395348837,0.6292134831460674,0.8053977272727273,0.7594746297875036,0.8053977272727273,0.7612809315866085
f1-score,0.8489208633093526,0.9613733905579399,0.47058823529411764,0.9487179487179488,0.7272727272727273,0.7682926829268293,0.7044025157232705,0.8217391304347826,0.7756526234003124,0.8198373689013444,0.7510917030567685
support,70.0,116.0,60.0,196.0,87.0,86.0,89.0,704.0,704.0,704.0,704.0
