index,abnormal QRS,atrial fibrillation,incomplete right bundle branch block,left anterior fascicular block,left axis deviation,left ventricular hypertrophy,myocardial infarction,myocardial ischemia,sinus rhythm,t wave abnormal,ventricular ectopics,micro avg,macro avg,weighted avg,samples avg
precision,0.6018808777429467,0.8898305084745762,0.6705882352941176,0.7424242424242424,0.7215384615384616,0.631578947368421,0.6885245901639344,0.7723577235772358,0.9468977082168809,0.5555555555555556,0.8901098901098901,0.8012048192771084,0.7373897036787511,0.7964323740466194,0.8177028117706084
recall,0.5470085470085471,0.65625,0.5,0.8121546961325967,0.8389982110912343,0.48,0.7608695652173914,0.46116504854368934,0.950084127874369,0.371900826446281,0.6923076923076923,0.7701559020044544,0.642794428601982,0.7701559020044544,0.788648212377026
f1-score,0.573134328358209,0.7553956834532374,0.5728643216080402,0.7757255936675462,0.7758478081058725,0.5454545454545454,0.7228915662650602,0.5775075987841946,0.948488241881299,0.44554455445544555,0.7788461538461537,0.7853736089030207,0.6792454905345096,0.7777898771853626,0.7777882167712676
support,351.0,160.0,114.0,181.0,559.0,225.0,552.0,206.0,1783.0,242.0,117.0,4490.0,4490.0,4490.0,4490.0
