index,atrial fibrillation,left ventricular high voltage,nonspecific st t abnormality,sinus bradycardia,sinus rhythm,sinus tachycardia,supraventricular tachycardia,t wave abnormal,micro avg,macro avg,weighted avg,samples avg
precision,0.7877358490566038,0.5913978494623656,0.488,0.9973753280839895,0.9735449735449735,0.9379310344827586,0.7142857142857143,0.6821192052980133,0.8310269482884195,0.7715487442768023,0.8320140268994252,0.8496907552083333
recall,0.943502824858757,0.4296875,0.61,0.9819121447028424,0.9292929292929293,0.912751677852349,0.9016393442622951,0.5597826086956522,0.8244219653179191,0.7835711287081031,0.8244219653179191,0.8431803385416667
f1-score,0.8586118251928021,0.4977375565610861,0.5422222222222223,0.9895833333333334,0.9509043927648578,0.9251700680272109,0.7971014492753624,0.6149253731343285,0.8277112803772216,0.7720320275639005,0.8242590603231048,0.8321242559523809
support,177.0,128.0,100.0,387.0,198.0,149.0,61.0,184.0,1384.0,1384.0,1384.0,1384.0
