index,atrial fibrillation,left ventricular high voltage,nonspecific st t abnormality,sinus bradycardia,sinus rhythm,sinus tachycardia,supraventricular tachycardia,t wave abnormal,micro avg,macro avg,weighted avg,samples avg
precision,0.9248554913294798,0.5192307692307693,0.5050505050505051,0.9974093264248705,0.9891891891891892,0.9571428571428572,0.8333333333333334,0.7718120805369127,0.8728682170542635,0.8122529440297397,0.86559531906373,0.8540852864583334
recall,0.903954802259887,0.421875,0.5,0.9948320413436692,0.9242424242424242,0.8993288590604027,0.7377049180327869,0.625,0.8135838150289018,0.7508672556173963,0.8135838150289018,0.82861328125
f1-score,0.9142857142857141,0.46551724137931033,0.5025125628140703,0.9961190168175937,0.9556135770234986,0.9273356401384083,0.782608695652174,0.6906906906906907,0.8421839940164547,0.7793353923501825,0.8376985623324308,0.8269438244047619
support,177.0,128.0,100.0,387.0,198.0,149.0,61.0,184.0,1384.0,1384.0,1384.0,1384.0
