index,atrial fibrillation,left ventricular high voltage,nonspecific st t abnormality,sinus bradycardia,sinus rhythm,sinus tachycardia,supraventricular tachycardia,t wave abnormal,micro avg,macro avg,weighted avg,samples avg
precision,0.8609625668449198,0.55,0.48717948717948717,0.9771573604060914,0.9368421052631579,0.9448275862068966,0.8275862068965517,0.6009615384615384,0.8286764705882353,0.7731896064073305,0.8215332011641636,0.8414713541666666
recall,0.9096045197740112,0.4296875,0.38,0.9948320413436692,0.898989898989899,0.9194630872483222,0.7868852459016393,0.6793478260869565,0.8143063583815029,0.7498512649180622,0.8143063583815029,0.8340657552083333
f1-score,0.8846153846153846,0.48245614035087725,0.4269662921348315,0.9859154929577465,0.9175257731958762,0.9319727891156463,0.8067226890756303,0.6377551020408163,0.8214285714285714,0.7592412079358511,0.8162343247905381,0.8221865699404761
support,177.0,128.0,100.0,387.0,198.0,149.0,61.0,184.0,1384.0,1384.0,1384.0,1384.0
