index,abnormal QRS,atrial fibrillation,incomplete right bundle branch block,left anterior fascicular block,left axis deviation,left ventricular hypertrophy,myocardial infarction,myocardial ischemia,sinus rhythm,t wave abnormal,ventricular ectopics,micro avg,macro avg,weighted avg,samples avg
precision,0.7425149700598802,0.7577319587628866,0.7380952380952381,0.7626262626262627,0.793418647166362,0.7142857142857143,0.7670103092783506,0.6702127659574468,0.9241527703066165,0.5450643776824035,0.7661290322580645,0.8202058893943022,0.7437492769526568,0.8104752726482157,0.8364897585236568
recall,0.35327635327635326,0.91875,0.543859649122807,0.8342541436464088,0.776386404293381,0.3111111111111111,0.6739130434782609,0.6116504854368932,0.9635445877734156,0.5247933884297521,0.811965811965812,0.7630289532293987,0.665773179866745,0.7630289532293987,0.7915799576816526
f1-score,0.4787644787644787,0.8305084745762711,0.6262626262626264,0.7968337730870713,0.7848101265822786,0.43343653250774,0.7174541947926713,0.6395939086294415,0.943437671609006,0.5347368421052632,0.7883817427385892,0.7905849775008654,0.6885654883323125,0.776028514420253,0.791494010138078
support,351.0,160.0,114.0,181.0,559.0,225.0,552.0,206.0,1783.0,242.0,117.0,4490.0,4490.0,4490.0,4490.0
