index,1st degree av block,atrial fibrillation,premature atrial contraction,right bundle branch block,sinus rhythm,st depression,ventricular ectopics,micro avg,macro avg,weighted avg,samples avg
precision,0.875,0.9487179487179487,0.7608695652173914,0.9158415841584159,0.7386363636363636,0.7634408602150538,0.7586206896551724,0.8450502152080345,0.8230181445143351,0.8435979054737835,0.7758369723435226
recall,0.8,0.9568965517241379,0.5833333333333334,0.9438775510204082,0.7471264367816092,0.8255813953488372,0.7415730337078652,0.8366477272727273,0.7997697574165985,0.8366477272727273,0.7925764192139738
f1-score,0.8358208955223881,0.9527896995708154,0.6603773584905662,0.9296482412060302,0.7428571428571429,0.7932960893854749,0.75,0.8408279800142756,0.8092556324332024,0.8387312496282953,0.7802037845705968
support,70.0,116.0,60.0,196.0,87.0,86.0,89.0,704.0,704.0,704.0,704.0
