index,atrial fibrillation,left ventricular high voltage,nonspecific st t abnormality,sinus bradycardia,sinus rhythm,sinus tachycardia,supraventricular tachycardia,t wave abnormal,micro avg,macro avg,weighted avg,samples avg
precision,0.8820224719101124,0.5639097744360902,0.5740740740740741,0.9922480620155039,0.9731182795698925,0.9315068493150684,0.8333333333333334,0.7815126050420168,0.8640850417615793,0.8164656812120115,0.8640241536323449,0.8553059895833333
recall,0.8870056497175142,0.5859375,0.62,0.9922480620155039,0.9141414141414141,0.912751677852349,0.819672131147541,0.5054347826086957,0.8222543352601156,0.7796489021853772,0.8222543352601156,0.8361002604166666
f1-score,0.8845070422535212,0.574712643678161,0.5961538461538461,0.9922480620155039,0.9427083333333334,0.9220338983050848,0.8264462809917356,0.6138613861386139,0.8426508700481302,0.7940839366087249,0.8389735321694514,0.8304222470238094
support,177.0,128.0,100.0,387.0,198.0,149.0,61.0,184.0,1384.0,1384.0,1384.0,1384.0
