index,1st degree av block,atrial fibrillation,premature atrial contraction,right bundle branch block,sinus rhythm,st depression,ventricular ectopics,micro avg,macro avg,weighted avg,samples avg
precision,0.9180327868852459,0.8615384615384616,0.5777777777777777,0.9346733668341709,0.7311827956989247,0.6,0.9782608695652174,0.8125894134477826,0.8002094368999713,0.8300305735848066,0.7554585152838428
recall,0.8,0.9655172413793104,0.43333333333333335,0.9489795918367347,0.7816091954022989,0.872093023255814,0.5056179775280899,0.8068181818181818,0.7581643375336544,0.8068181818181818,0.7678311499272198
f1-score,0.8549618320610688,0.9105691056910569,0.4952380952380952,0.9417721518987343,0.7555555555555556,0.7109004739336493,0.6666666666666667,0.8096935138987882,0.7622376972921182,0.8039475559884028,0.7564289180009703
support,70.0,116.0,60.0,196.0,87.0,86.0,89.0,704.0,704.0,704.0,704.0
