index,1st degree av block,atrial fibrillation,premature atrial contraction,right bundle branch block,sinus rhythm,st depression,ventricular ectopics,micro avg,macro avg,weighted avg,samples avg
precision,0.8448275862068966,0.9385964912280702,0.3076923076923077,0.9261363636363636,0.6339285714285714,0.7777777777777778,0.6923076923076923,0.8089887640449438,0.73160954146824,0.783601490013869,0.6669577874818049
recall,0.7,0.9224137931034483,0.06666666666666667,0.8316326530612245,0.8160919540229885,0.6511627906976745,0.6067415730337079,0.7159090909090909,0.6563870615122444,0.7159090909090909,0.6804949053857351
f1-score,0.765625,0.9304347826086956,0.1095890410958904,0.8763440860215053,0.7135678391959799,0.7088607594936709,0.6467065868263474,0.7596081386586285,0.6787325850345842,0.7392930137253241,0.6666666666666666
support,70.0,116.0,60.0,196.0,87.0,86.0,89.0,704.0,704.0,704.0,704.0
