index,1st degree av block,atrial fibrillation,premature atrial contraction,right bundle branch block,sinus rhythm,st depression,ventricular ectopics,micro avg,macro avg,weighted avg,samples avg
precision,0.7605633802816901,0.8620689655172413,0.5333333333333333,0.9278350515463918,0.6043956043956044,0.6626506024096386,0.7761194029850746,0.7852760736196319,0.732423762924139,0.7751990099121154,0.6579330422125182
recall,0.7714285714285715,0.8620689655172413,0.26666666666666666,0.9183673469387755,0.632183908045977,0.6395348837209303,0.5842696629213483,0.7272727272727273,0.6677885721770729,0.7272727272727273,0.6863173216885007
f1-score,0.7659574468085106,0.8620689655172413,0.3555555555555555,0.923076923076923,0.6179775280898875,0.650887573964497,0.6666666666666666,0.7551622418879056,0.6917415228113261,0.7456635527998668,0.6641921397379913
support,70.0,116.0,60.0,196.0,87.0,86.0,89.0,704.0,704.0,704.0,704.0
