index,atrial fibrillation,left ventricular high voltage,nonspecific st t abnormality,sinus bradycardia,sinus rhythm,sinus tachycardia,supraventricular tachycardia,t wave abnormal,micro avg,macro avg,weighted avg,samples avg
precision,0.8961038961038961,0.5460526315789473,0.64,0.9673366834170855,0.9835164835164835,0.9357142857142857,0.8085106382978723,0.6946107784431138,0.850190114068441,0.8089806746339605,0.8512641961071549,0.8242513020833333
recall,0.7796610169491526,0.6484375,0.48,0.9948320413436692,0.9040404040404041,0.8791946308724832,0.6229508196721312,0.6304347826086957,0.8078034682080925,0.7424438994358169,0.8078034682080925,0.816162109375
f1-score,0.8338368580060423,0.5928571428571429,0.5485714285714285,0.9808917197452229,0.9421052631578947,0.9065743944636678,0.7037037037037038,0.660968660968661,0.8284549833271582,0.7711886464342205,0.8266601611097089,0.8038713727678571
support,177.0,128.0,100.0,387.0,198.0,149.0,61.0,184.0,1384.0,1384.0,1384.0,1384.0
