index,1st degree av block,atrial fibrillation,premature atrial contraction,right bundle branch block,sinus rhythm,st depression,ventricular ectopics,micro avg,macro avg,weighted avg,samples avg
precision,0.8615384615384616,0.9459459459459459,0.42105263157894735,0.9593023255813954,0.6632653061224489,0.8307692307692308,0.8518518518518519,0.8544520547945206,0.7905322504840403,0.8356376222155313,0.6710334788937409
recall,0.8,0.9051724137931034,0.13333333333333333,0.8418367346938775,0.7471264367816092,0.627906976744186,0.5168539325842697,0.7088068181818182,0.6531756897043399,0.7088068181818182,0.6739446870451238
f1-score,0.8296296296296297,0.9251101321585904,0.20253164556962025,0.8967391304347827,0.7027027027027026,0.7152317880794703,0.6433566433566433,0.7748447204968943,0.7021859531330629,0.7573912327735456,0.6666666666666666
support,70.0,116.0,60.0,196.0,87.0,86.0,89.0,704.0,704.0,704.0,704.0
