index,1st degree av block,atrial fibrillation,premature atrial contraction,right bundle branch block,sinus rhythm,st depression,ventricular ectopics,micro avg,macro avg,weighted avg,samples avg
precision,0.8245614035087719,0.9139784946236559,0.5,0.9479768786127167,0.675,0.7023809523809523,0.8307692307692308,0.8280701754385965,0.7706667085564753,0.8133700216949915,0.6441048034934498
recall,0.6714285714285714,0.7327586206896551,0.15,0.8367346938775511,0.6206896551724138,0.686046511627907,0.6067415730337079,0.6704545454545454,0.6149142322614009,0.6704545454545454,0.6462882096069869
f1-score,0.7401574803149606,0.8133971291866028,0.23076923076923075,0.888888888888889,0.6467065868263473,0.6941176470588234,0.7012987012987013,0.7409733124018839,0.673619380620508,0.7281344343644953,0.638524987869966
support,70.0,116.0,60.0,196.0,87.0,86.0,89.0,704.0,704.0,704.0,704.0
