index,abnormal QRS,atrial fibrillation,incomplete right bundle branch block,left anterior fascicular block,left axis deviation,left ventricular hypertrophy,myocardial infarction,myocardial ischemia,sinus rhythm,t wave abnormal,ventricular ectopics,micro avg,macro avg,weighted avg,samples avg
precision,0.6040955631399317,0.8301886792452831,0.6153846153846154,0.7551020408163265,0.782608695652174,0.64,0.7354166666666667,0.6519607843137255,0.9320282762370854,0.6033057851239669,0.6936936936936937,0.8057773602630343,0.7130713454794063,0.793406638755911,0.8304812075998517
recall,0.5042735042735043,0.825,0.42105263157894735,0.8176795580110497,0.7728085867620751,0.64,0.6394927536231884,0.6456310679611651,0.9613011777902412,0.30165289256198347,0.6581196581196581,0.7641425389755011,0.6533647118801648,0.7641425389755011,0.7838503152062475
f1-score,0.5496894409937888,0.8275862068965517,0.5,0.7851458885941645,0.7776777677767777,0.64,0.6841085271317829,0.6487804878048781,0.9464384318056323,0.4022038567493113,0.6754385964912282,0.7844078646547783,0.6760972003858285,0.7746824332765767,0.7817347563110274
support,351.0,160.0,114.0,181.0,559.0,225.0,552.0,206.0,1783.0,242.0,117.0,4490.0,4490.0,4490.0,4490.0
