index,1st degree av block,atrial fibrillation,premature atrial contraction,right bundle branch block,sinus rhythm,st depression,ventricular ectopics,micro avg,macro avg,weighted avg,samples avg
precision,0.717948717948718,0.9230769230769231,0.5625,0.9297297297297298,0.6372549019607843,0.782608695652174,0.8064516129032258,0.8171701112877583,0.7656529401816508,0.8065768156327026,0.6851043182920913
recall,0.8,0.9310344827586207,0.15,0.8775510204081632,0.7471264367816092,0.627906976744186,0.5617977528089888,0.7301136363636364,0.6707738099287954,0.7301136363636364,0.6979621542940321
f1-score,0.7567567567567569,0.927038626609442,0.23684210526315785,0.9028871391076115,0.6878306878306877,0.6967741935483871,0.662251655629139,0.7711927981995498,0.6957687378207403,0.7533950384630314,0.6840160809593124
support,70.0,116.0,60.0,196.0,87.0,86.0,89.0,704.0,704.0,704.0,704.0
