index,atrial fibrillation,left ventricular high voltage,nonspecific st t abnormality,sinus bradycardia,sinus rhythm,sinus tachycardia,supraventricular tachycardia,t wave abnormal,micro avg,macro avg,weighted avg,samples avg
precision,0.7421052631578947,0.5321100917431193,0.5145631067961165,0.9743589743589743,0.9836065573770492,0.8782051282051282,0.7692307692307693,0.6404494382022472,0.8100436681222707,0.7543286661339123,0.808069648189387,0.828125
recall,0.7966101694915254,0.453125,0.53,0.9819121447028424,0.9090909090909091,0.9194630872483222,0.819672131147541,0.6195652173913043,0.8041907514450867,0.7536798323840554,0.8041907514450867,0.8235677083333334
f1-score,0.768392370572207,0.48945147679324896,0.5221674876847291,0.9781209781209781,0.9448818897637795,0.898360655737705,0.7936507936507937,0.6298342541436465,0.8071065989847716,0.7531074883083859,0.8053824848088031,0.80751953125
support,177.0,128.0,100.0,387.0,198.0,149.0,61.0,184.0,1384.0,1384.0,1384.0,1384.0
