index,1st degree av block,atrial fibrillation,premature atrial contraction,right bundle branch block,sinus rhythm,st depression,ventricular ectopics,micro avg,macro avg,weighted avg,samples avg
precision,0.7671232876712328,0.907563025210084,0.44,0.9659090909090909,0.7142857142857143,0.6867469879518072,0.7903225806451613,0.8203497615262321,0.75313581238187,0.8043124015108947,0.6872877244056284
recall,0.8,0.9310344827586207,0.18333333333333332,0.8673469387755102,0.7471264367816092,0.6627906976744186,0.550561797752809,0.7329545454545454,0.6774562410109002,0.7329545454545454,0.6965065502183406
f1-score,0.7832167832167832,0.9191489361702128,0.25882352941176473,0.9139784946236559,0.7303370786516854,0.6745562130177515,0.6490066225165563,0.7741935483870968,0.7041525225154872,0.7605517012756515,0.6857836001940806
support,70.0,116.0,60.0,196.0,87.0,86.0,89.0,704.0,704.0,704.0,704.0
