index,abnormal QRS,atrial fibrillation,incomplete right bundle branch block,left anterior fascicular block,left axis deviation,left ventricular hypertrophy,myocardial infarction,myocardial ischemia,sinus rhythm,t wave abnormal,ventricular ectopics,micro avg,macro avg,weighted avg,samples avg
precision,0.5421245421245421,0.855072463768116,0.4727272727272727,0.727810650887574,0.7621527777777778,0.6867469879518072,0.6380255941499086,0.6081081081081081,0.9415041782729805,0.47435897435897434,0.7378640776699029,0.7797884841363102,0.6769541479815421,0.768501277826526,0.8189679994764741
recall,0.42165242165242167,0.7375,0.45614035087719296,0.6795580110497238,0.7853309481216458,0.5066666666666667,0.6322463768115942,0.6553398058252428,0.9478407178911946,0.30578512396694213,0.6495726495726496,0.7389755011135858,0.6161484611304795,0.7389755011135858,0.768645158475667
f1-score,0.47435897435897434,0.7919463087248322,0.46428571428571425,0.702857142857143,0.773568281938326,0.5831202046035806,0.635122838944495,0.630841121495327,0.9446618222470653,0.37185929648241206,0.6909090909090909,0.7588336192109777,0.6421391633497237,0.7511544008681604,0.7656600029481385
support,351.0,160.0,114.0,181.0,559.0,225.0,552.0,206.0,1783.0,242.0,117.0,4490.0,4490.0,4490.0,4490.0
