index,abnormal QRS,atrial fibrillation,incomplete right bundle branch block,left anterior fascicular block,left axis deviation,left ventricular hypertrophy,myocardial infarction,myocardial ischemia,sinus rhythm,t wave abnormal,ventricular ectopics,micro avg,macro avg,weighted avg,samples avg
precision,0.6587677725118484,0.7898089171974523,0.5555555555555556,0.7692307692307693,0.8140495867768595,0.654054054054054,0.6631578947368421,0.618421052631579,0.924812030075188,0.56875,0.7368421052631579,0.8004848484848485,0.7048590670939369,0.7858847815845149,0.8311001679645746
recall,0.396011396011396,0.775,0.4824561403508772,0.7182320441988951,0.7048300536672629,0.5377777777777778,0.5706521739130435,0.6844660194174758,0.96578799775659,0.3760330578512397,0.5982905982905983,0.7354120267260579,0.6190488417486505,0.7354120267260579,0.7661060576314813
f1-score,0.49466192170818507,0.7823343848580442,0.5164319248826291,0.7428571428571429,0.7555129434324065,0.5902439024390244,0.6134371957156767,0.6497695852534562,0.9448559670781894,0.4527363184079602,0.660377358490566,0.7665699361578642,0.6548380586475709,0.7552875785554384,0.7691394623598012
support,351.0,160.0,114.0,181.0,559.0,225.0,552.0,206.0,1783.0,242.0,117.0,4490.0,4490.0,4490.0,4490.0
