index,atrial fibrillation,left ventricular high voltage,nonspecific st t abnormality,sinus bradycardia,sinus rhythm,sinus tachycardia,supraventricular tachycardia,t wave abnormal,micro avg,macro avg,weighted avg,samples avg
precision,0.8620689655172413,0.6285714285714286,0.5934065934065934,0.9769230769230769,0.9572192513368984,0.9324324324324325,0.8103448275862069,0.7160493827160493,0.8600760456273764,0.8096269948112409,0.8526728359560946,0.8577962239583333
recall,0.847457627118644,0.515625,0.54,0.9844961240310077,0.9040404040404041,0.9261744966442953,0.7704918032786885,0.6304347826086957,0.8171965317919075,0.7648400297152169,0.8171965317919075,0.8304850260416667
f1-score,0.8547008547008546,0.5665236051502146,0.5654450261780104,0.9806949806949806,0.9298701298701298,0.9292929292929293,0.7899159663865546,0.6705202312138728,0.8380881808077066,0.7858704654359433,0.8338222988149578,0.8291713169642857
support,177.0,128.0,100.0,387.0,198.0,149.0,61.0,184.0,1384.0,1384.0,1384.0,1384.0
