index,abnormal QRS,atrial fibrillation,incomplete right bundle branch block,left anterior fascicular block,left axis deviation,left ventricular hypertrophy,myocardial infarction,myocardial ischemia,sinus rhythm,t wave abnormal,ventricular ectopics,micro avg,macro avg,weighted avg,samples avg
precision,0.732484076433121,0.7514450867052023,0.5478260869565217,0.7839506172839507,0.785063752276867,0.6982248520710059,0.765661252900232,0.6820512820512821,0.9361585030269676,0.54,0.6630434782608695,0.8169950738916256,0.7169008170878199,0.8058364951309884,0.8348886416683027
recall,0.32763532763532766,0.8125,0.5526315789473685,0.7016574585635359,0.7710196779964222,0.5244444444444445,0.5978260869565217,0.6456310679611651,0.9540100953449243,0.4462809917355372,0.5213675213675214,0.7387527839643653,0.6231822046320699,0.7387527839643653,0.7727919202495473
f1-score,0.452755905511811,0.7807807807807807,0.5502183406113537,0.7405247813411078,0.7779783393501806,0.5989847715736041,0.671414038657172,0.6633416458852868,0.9450000000000001,0.48868778280542985,0.583732057416268,0.775906432748538,0.6594016767211813,0.7637030315947801,0.7767444419986793
support,351.0,160.0,114.0,181.0,559.0,225.0,552.0,206.0,1783.0,242.0,117.0,4490.0,4490.0,4490.0,4490.0
