index,1st degree av block,atrial fibrillation,premature atrial contraction,right bundle branch block,sinus rhythm,st depression,ventricular ectopics,micro avg,macro avg,weighted avg,samples avg
precision,0.8507462686567164,0.9203539823008849,0.6,0.9310344827586207,0.686046511627907,0.8142857142857143,0.8142857142857143,0.8466666666666667,0.8023932391307939,0.8337814004050998,0.6914119359534207
recall,0.8142857142857143,0.896551724137931,0.2,0.826530612244898,0.6781609195402298,0.6627906976744186,0.6404494382022472,0.7215909090909091,0.6741098722979199,0.7215909090909091,0.6921397379912664
f1-score,0.832116788321168,0.908296943231441,0.3,0.8756756756756757,0.6820809248554913,0.7307692307692307,0.7169811320754716,0.7791411042944785,0.7208458135612111,0.7659681364958236,0.6851043182920913
support,70.0,116.0,60.0,196.0,87.0,86.0,89.0,704.0,704.0,704.0,704.0
