index,atrial fibrillation,left ventricular high voltage,nonspecific st t abnormality,sinus bradycardia,sinus rhythm,sinus tachycardia,supraventricular tachycardia,t wave abnormal,micro avg,macro avg,weighted avg,samples avg
precision,0.84375,0.5862068965517241,0.6447368421052632,0.9820971867007673,0.9672131147540983,0.9387755102040817,0.8103448275862069,0.7534246575342466,0.874198717948718,0.8158186294295485,0.858649167220465,0.84775390625
recall,0.7627118644067796,0.3984375,0.49,0.9922480620155039,0.8939393939393939,0.9261744966442953,0.7704918032786885,0.5978260869565217,0.7882947976878613,0.7289786509051479,0.7882947976878613,0.80859375
f1-score,0.801186943620178,0.47441860465116276,0.5568181818181819,0.9871465295629821,0.9291338582677166,0.9324324324324326,0.7899159663865546,0.6666666666666666,0.8290273556231003,0.7672148979257344,0.8193610350610544,0.8124465215773808
support,177.0,128.0,100.0,387.0,198.0,149.0,61.0,184.0,1384.0,1384.0,1384.0,1384.0
