index,atrial fibrillation,left ventricular high voltage,nonspecific st t abnormality,sinus bradycardia,sinus rhythm,sinus tachycardia,supraventricular tachycardia,t wave abnormal,micro avg,macro avg,weighted avg,samples avg
precision,0.8268156424581006,0.7011494252873564,0.7285714285714285,0.9921052631578947,0.967741935483871,0.8903225806451613,0.8571428571428571,0.6842105263157895,0.8723570869224746,0.8310074573828073,0.8636898798561188,0.8619791666666666
recall,0.8361581920903954,0.4765625,0.51,0.9741602067183462,0.9090909090909091,0.9261744966442953,0.6885245901639344,0.6358695652173914,0.8049132947976878,0.744567557490659,0.8049132947976878,0.8241373697916667
f1-score,0.8314606741573033,0.5674418604651162,0.6000000000000001,0.9830508474576272,0.9374999999999999,0.9078947368421052,0.7636363636363637,0.6591549295774648,0.8372792183389703,0.7812674265169975,0.8302091159284861,0.8292178199404763
support,177.0,128.0,100.0,387.0,198.0,149.0,61.0,184.0,1384.0,1384.0,1384.0,1384.0
