index,abnormal QRS,atrial fibrillation,incomplete right bundle branch block,left anterior fascicular block,left axis deviation,left ventricular hypertrophy,myocardial infarction,myocardial ischemia,sinus rhythm,t wave abnormal,ventricular ectopics,micro avg,macro avg,weighted avg,samples avg
precision,0.712,0.8269230769230769,0.5384615384615384,0.774390243902439,0.8095238095238095,0.594488188976378,0.7337526205450734,0.6473429951690821,0.9223768736616702,0.541871921182266,0.7831325301204819,0.8034831725111791,0.7167512544059832,0.796390684658534,0.8299086010950417
recall,0.5071225071225072,0.80625,0.49122807017543857,0.7016574585635359,0.6994633273703041,0.6711111111111111,0.6340579710144928,0.6504854368932039,0.9663488502523836,0.45454545454545453,0.5555555555555556,0.7603563474387528,0.6488932493276353,0.7603563474387528,0.7845461684444734
f1-score,0.5923460898502496,0.8164556962025316,0.5137614678899082,0.7362318840579709,0.7504798464491363,0.6304801670146138,0.6802721088435375,0.648910411622276,0.9438509997261024,0.4943820224719101,0.65,0.7813250944043942,0.6779246085571125,0.7749469866041883,0.7791546622055097
support,351.0,160.0,114.0,181.0,559.0,225.0,552.0,206.0,1783.0,242.0,117.0,4490.0,4490.0,4490.0,4490.0
