index,atrial fibrillation,left ventricular high voltage,nonspecific st t abnormality,sinus bradycardia,sinus rhythm,sinus tachycardia,supraventricular tachycardia,t wave abnormal,micro avg,macro avg,weighted avg,samples avg
precision,0.8944099378881988,0.6218487394957983,0.6571428571428571,0.9763779527559056,0.9629629629629629,0.9319727891156463,0.8888888888888888,0.7350993377483444,0.8756927949326999,0.8335879332498253,0.8674066934286921,0.8497721354166667
recall,0.8135593220338984,0.578125,0.46,0.9612403100775194,0.9191919191919192,0.9194630872483222,0.6557377049180327,0.6032608695652174,0.7991329479768786,0.7388222766293637,0.7991329479768786,0.8173828125
f1-score,0.8520710059171599,0.5991902834008097,0.5411764705882354,0.9687500000000001,0.9405684754521964,0.9256756756756758,0.7547169811320755,0.6626865671641792,0.8356630147336607,0.7806044324162915,0.8299617914768357,0.818354724702381
support,177.0,128.0,100.0,387.0,198.0,149.0,61.0,184.0,1384.0,1384.0,1384.0,1384.0
