index,1st degree av block,atrial fibrillation,premature atrial contraction,right bundle branch block,sinus rhythm,st depression,ventricular ectopics,micro avg,macro avg,weighted avg,samples avg
precision,0.8450704225352113,0.923728813559322,0.5128205128205128,0.9234972677595629,0.7466666666666667,0.7560975609756098,0.9038461538461539,0.8435483870967742,0.80167534259472,0.8359500925236667,0.6938379427462397
recall,0.8571428571428571,0.9396551724137931,0.3333333333333333,0.8622448979591837,0.6436781609195402,0.7209302325581395,0.5280898876404494,0.7428977272727273,0.6978677917096139,0.7428977272727273,0.7059679767103348
f1-score,0.851063829787234,0.9316239316239315,0.40404040404040403,0.8918205804749341,0.6913580246913581,0.7380952380952381,0.6666666666666666,0.7900302114803626,0.7392383821971096,0.7807383155208321,0.6942746239689471
support,70.0,116.0,60.0,196.0,87.0,86.0,89.0,704.0,704.0,704.0,704.0
