index,atrial fibrillation,left ventricular high voltage,nonspecific st t abnormality,sinus bradycardia,sinus rhythm,sinus tachycardia,supraventricular tachycardia,t wave abnormal,micro avg,macro avg,weighted avg,samples avg
precision,0.8709677419354839,0.6666666666666666,0.6888888888888889,0.9796437659033079,0.9576719576719577,0.9366197183098591,0.86,0.7361963190184049,0.8845843422114609,0.8370818822993211,0.8703765594624179,0.8421223958333333
recall,0.7627118644067796,0.53125,0.31,0.9948320413436692,0.9141414141414141,0.8926174496644296,0.7049180327868853,0.6521739130434783,0.791907514450867,0.720330589423332,0.791907514450867,0.8072916666666666
f1-score,0.8132530120481929,0.591304347826087,0.4275862068965517,0.9871794871794871,0.9354005167958657,0.9140893470790378,0.7747747747747747,0.69164265129683,0.8356843309187953,0.7669037929871033,0.8239609436579639,0.8107142857142857
support,177.0,128.0,100.0,387.0,198.0,149.0,61.0,184.0,1384.0,1384.0,1384.0,1384.0
