index,1st degree av block,atrial fibrillation,premature atrial contraction,right bundle branch block,sinus rhythm,st depression,ventricular ectopics,micro avg,macro avg,weighted avg,samples avg
precision,0.8709677419354839,0.9279279279279279,0.3448275862068966,0.9555555555555556,0.7012987012987013,0.7407407407407407,0.8596491228070176,0.8408710217755444,0.7715667680674747,0.8207548129019056,0.6774623968947112
recall,0.7714285714285715,0.8879310344827587,0.16666666666666666,0.8775510204081632,0.6206896551724138,0.6976744186046512,0.550561797752809,0.7130681818181818,0.6532147377880049,0.7130681818181818,0.6797671033478894
f1-score,0.8181818181818182,0.9074889867841409,0.2247191011235955,0.9148936170212767,0.6585365853658537,0.7185628742514969,0.6712328767123288,0.7717140661029976,0.701945122777216,0.7587678421635352,0.6732654051431344
support,70.0,116.0,60.0,196.0,87.0,86.0,89.0,704.0,704.0,704.0,704.0
