index,abnormal QRS,atrial fibrillation,incomplete right bundle branch block,left anterior fascicular block,left axis deviation,left ventricular hypertrophy,myocardial infarction,myocardial ischemia,sinus rhythm,t wave abnormal,ventricular ectopics,micro avg,macro avg,weighted avg,samples avg
precision,0.5870307167235495,0.8269230769230769,0.5865384615384616,0.7891156462585034,0.8238993710691824,0.6717948717948717,0.716,0.5793991416309013,0.9448160535117057,0.5188679245283019,0.7456140350877193,0.8011834319526627,0.7081817544605703,0.7954927642485079,0.8281127980280524
recall,0.49002849002849,0.80625,0.5350877192982456,0.6408839779005525,0.7030411449016101,0.5822222222222222,0.6485507246376812,0.6553398058252428,0.9506449803701627,0.45454545454545453,0.7264957264957265,0.7538975501113586,0.6539172951113988,0.7538975501113586,0.7789040856837467
f1-score,0.5341614906832297,0.8164556962025316,0.5596330275229358,0.7073170731707317,0.7586872586872587,0.6238095238095238,0.6806083650190115,0.6150341685649203,0.9477215543751747,0.4845814977973568,0.735930735930736,0.7768215720022948,0.6785400356148554,0.7728201507135228,0.7758304936271038
support,351.0,160.0,114.0,181.0,559.0,225.0,552.0,206.0,1783.0,242.0,117.0,4490.0,4490.0,4490.0,4490.0
