index,abnormal QRS,atrial fibrillation,incomplete right bundle branch block,left anterior fascicular block,left axis deviation,left ventricular hypertrophy,myocardial infarction,myocardial ischemia,sinus rhythm,t wave abnormal,ventricular ectopics,micro avg,macro avg,weighted avg,samples avg
precision,0.6096654275092936,0.8540145985401459,0.5462962962962963,0.7974683544303798,0.7671480144404332,0.6923076923076923,0.7285714285714285,0.6737967914438503,0.9181380417335474,0.5555555555555556,0.7289719626168224,0.8038173471853105,0.7156303784950404,0.788331243136678,0.8195907772178957
recall,0.4672364672364672,0.73125,0.5175438596491229,0.6961325966850829,0.7602862254025045,0.6,0.5543478260869565,0.6116504854368932,0.9624228827818284,0.30991735537190085,0.6666666666666666,0.7409799554565701,0.6252231241197658,0.7409799554565701,0.766968784765395
f1-score,0.529032258064516,0.7878787878787877,0.5315315315315315,0.7433628318584071,0.7637017070979335,0.6428571428571429,0.6296296296296297,0.6412213740458015,0.9397590361445783,0.3978779840848807,0.6964285714285714,0.771120639703326,0.6639346231474346,0.7597889626443824,0.7660443084171898
support,351.0,160.0,114.0,181.0,559.0,225.0,552.0,206.0,1783.0,242.0,117.0,4490.0,4490.0,4490.0,4490.0
