index,1st degree av block,atrial fibrillation,premature atrial contraction,right bundle branch block,sinus rhythm,st depression,ventricular ectopics,micro avg,macro avg,weighted avg,samples avg
precision,0.7903225806451613,0.7328767123287672,0.47058823529411764,0.898936170212766,0.5555555555555556,0.7341772151898734,0.7457627118644068,0.7327707454289732,0.7040313115843783,0.7423416448156849,0.6453178068898593
recall,0.7,0.9224137931034483,0.4,0.8622448979591837,0.8045977011494253,0.6744186046511628,0.4943820224719101,0.7400568181818182,0.6940081456193044,0.7400568181818182,0.6972343522561864
f1-score,0.7424242424242423,0.816793893129771,0.4324324324324324,0.8802083333333335,0.6572769953051644,0.703030303030303,0.5945945945945945,0.7363957597173145,0.6895372563214058,0.7325954423623636,0.6610383309073266
support,70.0,116.0,60.0,196.0,87.0,86.0,89.0,704.0,704.0,704.0,704.0
