index,abnormal QRS,atrial fibrillation,incomplete right bundle branch block,left anterior fascicular block,left axis deviation,left ventricular hypertrophy,myocardial infarction,myocardial ischemia,sinus rhythm,t wave abnormal,ventricular ectopics,micro avg,macro avg,weighted avg,samples avg
precision,0.677570093457944,0.7971014492753623,0.5,0.7902097902097902,0.7490974729241877,0.6933333333333334,0.7493917274939172,0.7019867549668874,0.9366391184573003,0.5336538461538461,0.7790697674418605,0.8131923464249748,0.7189139412467663,0.7992724367370836,0.8303677769779464
recall,0.4131054131054131,0.6875,0.4473684210526316,0.6243093922651933,0.7423971377459749,0.4622222222222222,0.5579710144927537,0.5145631067961165,0.9534492428491307,0.45867768595041325,0.5726495726495726,0.7193763919821826,0.5849284735572202,0.7193763919821826,0.7574558820321533
f1-score,0.5132743362831859,0.7382550335570469,0.4722222222222222,0.697530864197531,0.7457322551662173,0.5546666666666668,0.6396677050882658,0.5938375350140056,0.9449694274596999,0.49333333333333335,0.6600985221674877,0.7634129047506499,0.6412352637414238,0.7521061550418805,0.764472810235522
support,351.0,160.0,114.0,181.0,559.0,225.0,552.0,206.0,1783.0,242.0,117.0,4490.0,4490.0,4490.0,4490.0
