index,abnormal QRS,atrial fibrillation,incomplete right bundle branch block,left anterior fascicular block,left axis deviation,left ventricular hypertrophy,myocardial infarction,myocardial ischemia,sinus rhythm,t wave abnormal,ventricular ectopics,micro avg,macro avg,weighted avg,samples avg
precision,0.685,0.7770700636942676,0.5181818181818182,0.8412698412698413,0.7922794117647058,0.6548672566371682,0.7814726840855107,0.6166666666666667,0.932425068119891,0.6107784431137725,0.73,0.8153174987881726,0.7218192048666947,0.8063422354773538,0.8338143227973737
recall,0.3903133903133903,0.7625,0.5,0.585635359116022,0.7710196779964222,0.6577777777777778,0.5960144927536232,0.7184466019417476,0.9596186203028604,0.4214876033057851,0.6239316239316239,0.7492204899777283,0.6351586497672048,0.7492204899777283,0.7785517963484064
f1-score,0.4972776769509981,0.7697160883280757,0.5089285714285715,0.6905537459283387,0.7815049864007253,0.656319290465632,0.6762589928057554,0.663677130044843,0.9458264234383638,0.4987775061124694,0.6728110599078341,0.7808727948003715,0.6692410428919643,0.7708428213692656,0.7799555994471248
support,351.0,160.0,114.0,181.0,559.0,225.0,552.0,206.0,1783.0,242.0,117.0,4490.0,4490.0,4490.0,4490.0
