index,atrial fibrillation,left ventricular high voltage,nonspecific st t abnormality,sinus bradycardia,sinus rhythm,sinus tachycardia,supraventricular tachycardia,t wave abnormal,micro avg,macro avg,weighted avg,samples avg
precision,0.8597560975609756,0.7808219178082192,0.6296296296296297,0.9817232375979112,0.9680851063829787,0.9090909090909091,0.7962962962962963,0.7133757961783439,0.8787878787878788,0.829847373818158,0.868484470917893,0.8441569010416666
recall,0.7966101694915254,0.4453125,0.51,0.9715762273901809,0.9191919191919192,0.9395973154362416,0.7049180327868853,0.6086956521739131,0.796242774566474,0.7369877270588332,0.796242774566474,0.8125
f1-score,0.8269794721407624,0.5671641791044776,0.5635359116022101,0.9766233766233767,0.9430051813471503,0.9240924092409241,0.7478260869565216,0.656891495601173,0.8354814253222137,0.7757647640770745,0.8267120236895613,0.8150739397321428
support,177.0,128.0,100.0,387.0,198.0,149.0,61.0,184.0,1384.0,1384.0,1384.0,1384.0
