index,1st degree av block,atrial fibrillation,premature atrial contraction,right bundle branch block,sinus rhythm,st depression,ventricular ectopics,micro avg,macro avg,weighted avg,samples avg
precision,0.7846153846153846,0.9024390243902439,0.5161290322580645,0.8737373737373737,0.6078431372549019,0.7746478873239436,0.7222222222222222,0.7872670807453416,0.740233437400305,0.7750086931380223,0.6644832605531296
recall,0.7285714285714285,0.9568965517241379,0.26666666666666666,0.8826530612244898,0.7126436781609196,0.6395348837209303,0.43820224719101125,0.7201704545454546,0.660738359608512,0.7201704545454546,0.6841339155749636
f1-score,0.7555555555555555,0.9288702928870294,0.3516483516483517,0.8781725888324874,0.6560846560846562,0.7006369426751592,0.5454545454545454,0.7522255192878339,0.6880604190196836,0.7382644432794548,0.6673944687045124
support,70.0,116.0,60.0,196.0,87.0,86.0,89.0,704.0,704.0,704.0,704.0
