index,atrial fibrillation,left ventricular high voltage,nonspecific st t abnormality,sinus bradycardia,sinus rhythm,sinus tachycardia,supraventricular tachycardia,t wave abnormal,micro avg,macro avg,weighted avg,samples avg
precision,0.8484848484848485,0.5615384615384615,0.5657894736842105,0.9672544080604534,0.9296482412060302,0.8597560975609756,0.8108108108108109,0.7611940298507462,0.8433179723502304,0.7880595463995671,0.8342906906025535,0.8299316406249999
recall,0.7909604519774012,0.5703125,0.43,0.9922480620155039,0.9343434343434344,0.9463087248322147,0.4918032786885246,0.5543478260869565,0.7933526011560693,0.7137905347430045,0.7933526011560693,0.8098958333333334
f1-score,0.8187134502923978,0.5658914728682171,0.48863636363636365,0.9795918367346937,0.9319899244332494,0.9009584664536741,0.6122448979591837,0.6415094339622641,0.817572598659717,0.7424419807925055,0.8088681774369918,0.8037527901785715
support,177.0,128.0,100.0,387.0,198.0,149.0,61.0,184.0,1384.0,1384.0,1384.0,1384.0
