index,abnormal QRS,atrial fibrillation,incomplete right bundle branch block,left anterior fascicular block,left axis deviation,left ventricular hypertrophy,myocardial infarction,myocardial ischemia,sinus rhythm,t wave abnormal,ventricular ectopics,micro avg,macro avg,weighted avg,samples avg
precision,0.7188940092165899,0.8175675675675675,0.5663716814159292,0.7597765363128491,0.7743682310469314,0.7647058823529411,0.7451403887688985,0.676923076923077,0.9249054565099946,0.5949367088607594,0.8181818181818182,0.8201071080817917,0.7419792142870324,0.8084033922405355,0.8335460157494056
recall,0.4444444444444444,0.75625,0.5614035087719298,0.7513812154696132,0.7674418604651163,0.52,0.625,0.6407766990291263,0.9601794727986539,0.3884297520661157,0.5384615384615384,0.7503340757238307,0.6321607719551398,0.7503340757238307,0.7762002923019872
f1-score,0.5492957746478873,0.7857142857142857,0.5638766519823789,0.7555555555555555,0.7708894878706201,0.6190476190476191,0.6798029556650247,0.658354114713217,0.9422124380847551,0.47000000000000003,0.6494845360824743,0.7836706210746684,0.676748492669438,0.7729029357432998,0.7787479940022313
support,351.0,160.0,114.0,181.0,559.0,225.0,552.0,206.0,1783.0,242.0,117.0,4490.0,4490.0,4490.0,4490.0
