index,abnormal QRS,atrial fibrillation,incomplete right bundle branch block,left anterior fascicular block,left axis deviation,left ventricular hypertrophy,myocardial infarction,myocardial ischemia,sinus rhythm,t wave abnormal,ventricular ectopics,micro avg,macro avg,weighted avg,samples avg
precision,0.706140350877193,0.8187919463087249,0.6442307692307693,0.7857142857142857,0.7947154471544715,0.8071428571428572,0.7320675105485233,0.6567164179104478,0.929776810016331,0.6153846153846154,0.7590361445783133,0.8276119402985075,0.7499742868060484,0.8140932854789691,0.8409680867307986
recall,0.4586894586894587,0.7625,0.5877192982456141,0.7900552486187845,0.6994633273703041,0.5022222222222222,0.6286231884057971,0.6407766990291263,0.9579360628154795,0.3305785123966942,0.5384615384615384,0.7409799554565701,0.6270023232959109,0.7409799554565701,0.7663023798617019
f1-score,0.5561312607944733,0.7896440129449838,0.6146788990825688,0.7878787878787878,0.7440532825880115,0.6191780821917807,0.6764132553606238,0.6486486486486487,0.943646408839779,0.43010752688172044,0.63,0.781903642773208,0.6763981968373979,0.7698852405832446,0.7777438955405056
support,351.0,160.0,114.0,181.0,559.0,225.0,552.0,206.0,1783.0,242.0,117.0,4490.0,4490.0,4490.0,4490.0
