index,abnormal QRS,atrial fibrillation,incomplete right bundle branch block,left anterior fascicular block,left axis deviation,left ventricular hypertrophy,myocardial infarction,myocardial ischemia,sinus rhythm,t wave abnormal,ventricular ectopics,micro avg,macro avg,weighted avg,samples avg
precision,0.6855670103092784,0.7748344370860927,0.5822784810126582,0.7841726618705036,0.7712177121771218,0.6906474820143885,0.6827309236947792,0.6538461538461539,0.9244468429573665,0.5,0.8072289156626506,0.803448275862069,0.7142700564209995,0.7872434733728116,0.8236819143598805
recall,0.3789173789173789,0.73125,0.40350877192982454,0.6022099447513812,0.7477638640429338,0.4266666666666667,0.6159420289855072,0.6601941747572816,0.9607403252944475,0.359504132231405,0.5726495726495726,0.7265033407572383,0.5872133509296726,0.7265033407572383,0.7593809305673712
f1-score,0.4880733944954128,0.7524115755627009,0.47668393782383417,0.68125,0.7593097184377839,0.5274725274725276,0.6476190476190475,0.6570048309178744,0.9422442244224423,0.4182692307692308,0.6699999999999999,0.7630409356725147,0.638212589774623,0.7494308684196088,0.7643028956588278
support,351.0,160.0,114.0,181.0,559.0,225.0,552.0,206.0,1783.0,242.0,117.0,4490.0,4490.0,4490.0,4490.0
