index,1st degree av block,atrial fibrillation,premature atrial contraction,right bundle branch block,sinus rhythm,st depression,ventricular ectopics,micro avg,macro avg,weighted avg,samples avg
precision,0.8787878787878788,0.918918918918919,0.5111111111111111,0.917098445595855,0.6632653061224489,0.7777777777777778,0.8518518518518519,0.8240740740740741,0.7884016128808347,0.8223515531953935,0.715186802523047
recall,0.8285714285714286,0.8793103448275862,0.38333333333333336,0.9030612244897959,0.7471264367816092,0.7325581395348837,0.5168539325842697,0.7585227272727273,0.7129735485889866,0.7585227272727273,0.7248908296943232
f1-score,0.8529411764705883,0.8986784140969163,0.4380952380952381,0.910025706940874,0.7027027027027026,0.7544910179640719,0.6433566433566433,0.7899408284023668,0.7428986999467192,0.7839253340526926,0.7134885977680738
support,70.0,116.0,60.0,196.0,87.0,86.0,89.0,704.0,704.0,704.0,704.0
