index,atrial fibrillation,left ventricular high voltage,nonspecific st t abnormality,sinus bradycardia,sinus rhythm,sinus tachycardia,supraventricular tachycardia,t wave abnormal,micro avg,macro avg,weighted avg,samples avg
precision,0.8087431693989071,0.6764705882352942,0.5769230769230769,0.979539641943734,0.9675675675675676,0.9428571428571428,0.7142857142857143,0.782258064516129,0.8664571877454831,0.8060806207159457,0.8569948919860881,0.8557942708333334
recall,0.8361581920903954,0.5390625,0.45,0.9896640826873385,0.9040404040404041,0.8859060402684564,0.819672131147541,0.5271739130434783,0.7969653179190751,0.7439596579097016,0.7969653179190751,0.8180338541666666
f1-score,0.8222222222222223,0.6,0.5056179775280899,0.9845758354755785,0.9347258485639687,0.9134948096885813,0.7633587786259541,0.6298701298701298,0.830259691381257,0.7692332002468156,0.8219461079962014,0.8215029761904762
support,177.0,128.0,100.0,387.0,198.0,149.0,61.0,184.0,1384.0,1384.0,1384.0,1384.0
