index,atrial fibrillation,left ventricular high voltage,nonspecific st t abnormality,sinus bradycardia,sinus rhythm,sinus tachycardia,supraventricular tachycardia,t wave abnormal,micro avg,macro avg,weighted avg,samples avg
precision,0.7422680412371134,0.5384615384615384,0.43434343434343436,0.9744245524296675,0.9438775510204082,0.9448818897637795,0.8,0.7018633540372671,0.8183183183183184,0.7600150451616511,0.813915591955471,0.8255208333333334
recall,0.8135593220338984,0.4375,0.43,0.9844961240310077,0.9343434343434344,0.8053691275167785,0.7868852459016393,0.6141304347826086,0.7875722543352601,0.7257854610761709,0.7875722543352601,0.8104654947916667
f1-score,0.7762803234501348,0.4827586206896552,0.4321608040201005,0.9794344473007711,0.9390862944162437,0.8695652173913044,0.7933884297520661,0.6550724637681159,0.8026509572901326,0.740968325098549,0.7990507683817112,0.8018322172619048
support,177.0,128.0,100.0,387.0,198.0,149.0,61.0,184.0,1384.0,1384.0,1384.0,1384.0
