index,1st degree av block,atrial fibrillation,premature atrial contraction,right bundle branch block,sinus rhythm,st depression,ventricular ectopics,micro avg,macro avg,weighted avg,samples avg
precision,0.8405797101449275,0.9203539823008849,0.35135135135135137,0.9720670391061452,0.6213592233009708,0.7126436781609196,0.7,0.7963525835866262,0.7311935691950284,0.7881441351590294,0.6707908782144589
recall,0.8285714285714286,0.896551724137931,0.21666666666666667,0.8877551020408163,0.735632183908046,0.7209302325581395,0.550561797752809,0.7443181818181818,0.6909527336622624,0.7443181818181818,0.7045123726346434
f1-score,0.8345323741007195,0.908296943231441,0.26804123711340205,0.9279999999999999,0.6736842105263158,0.7167630057803469,0.6163522012578616,0.7694566813509545,0.7065242817157268,0.7625819269226571,0.6795245026686075
support,70.0,116.0,60.0,196.0,87.0,86.0,89.0,704.0,704.0,704.0,704.0
