index,abnormal QRS,atrial fibrillation,incomplete right bundle branch block,left anterior fascicular block,left axis deviation,left ventricular hypertrophy,myocardial infarction,myocardial ischemia,sinus rhythm,t wave abnormal,ventricular ectopics,micro avg,macro avg,weighted avg,samples avg
precision,0.5843137254901961,0.7721518987341772,0.6341463414634146,0.8246753246753247,0.7736549165120594,0.6415094339622641,0.6868686868686869,0.6130434782608696,0.9304347826086956,0.5822784810126582,0.7422680412371134,0.7981761459083273,0.7077586464386781,0.7837796216934756,0.8254368169622408
recall,0.42450142450142453,0.7625,0.45614035087719296,0.7016574585635359,0.7459749552772809,0.4533333333333333,0.6159420289855072,0.6844660194174758,0.9601794727986539,0.38016528925619836,0.6153846153846154,0.7407572383073496,0.618204086217747,0.7407572383073496,0.768798944222673
f1-score,0.49174917491749176,0.7672955974842767,0.5306122448979592,0.7582089552238807,0.7595628415300546,0.53125,0.6494746895893027,0.6467889908256881,0.9450731438034777,0.45999999999999996,0.6728971962616823,0.768395518077856,0.655719348593983,0.7581484853786902,0.7702604439892575
support,351.0,160.0,114.0,181.0,559.0,225.0,552.0,206.0,1783.0,242.0,117.0,4490.0,4490.0,4490.0,4490.0
