index,abnormal QRS,atrial fibrillation,incomplete right bundle branch block,left anterior fascicular block,left axis deviation,left ventricular hypertrophy,myocardial infarction,myocardial ischemia,sinus rhythm,t wave abnormal,ventricular ectopics,micro avg,macro avg,weighted avg,samples avg
precision,0.748792270531401,0.7484276729559748,0.6111111111111112,0.7552083333333334,0.8241525423728814,0.7320261437908496,0.7069672131147541,0.67,0.9332597904026475,0.5660377358490566,0.735632183908046,0.8208955223880597,0.7301468179427324,0.8083873605097632,0.8410520690181708
recall,0.4415954415954416,0.74375,0.4824561403508772,0.8011049723756906,0.6958855098389982,0.49777777777777776,0.625,0.6504854368932039,0.9489624228827819,0.371900826446281,0.5470085470085471,0.734966592427617,0.6187206431972363,0.734966592427617,0.7662936544292477
f1-score,0.5555555555555555,0.7460815047021944,0.5392156862745098,0.7774798927613941,0.7546071774975752,0.5925925925925926,0.6634615384615384,0.6600985221674877,0.9410456062291436,0.4488778054862843,0.6274509803921569,0.7755581668625147,0.6642242601927666,0.7647799130221232,0.7753046439487117
support,351.0,160.0,114.0,181.0,559.0,225.0,552.0,206.0,1783.0,242.0,117.0,4490.0,4490.0,4490.0,4490.0
