index,atrial fibrillation,left ventricular high voltage,nonspecific st t abnormality,sinus bradycardia,sinus rhythm,sinus tachycardia,supraventricular tachycardia,t wave abnormal,micro avg,macro avg,weighted avg,samples avg
precision,0.8351648351648352,0.7368421052631579,0.5777777777777777,0.9746192893401016,0.9424083769633508,0.8853503184713376,0.8275862068965517,0.70625,0.8593272171253823,0.8107498637346391,0.8497414904349131,0.8646740141369047
recall,0.8587570621468926,0.4375,0.52,0.9922480620155039,0.9090909090909091,0.9328859060402684,0.7868852459016393,0.6141304347826086,0.8121387283236994,0.7564372024972277,0.8121387283236994,0.8367513020833333
f1-score,0.8467966573816156,0.5490196078431372,0.5473684210526315,0.9833546734955186,0.9254498714652956,0.9084967320261438,0.8067226890756303,0.6569767441860465,0.8350668647845468,0.7780231745657524,0.8266990689988196,0.8343029203869048
support,177.0,128.0,100.0,387.0,198.0,149.0,61.0,184.0,1384.0,1384.0,1384.0,1384.0
