index,1st degree av block,atrial fibrillation,premature atrial contraction,right bundle branch block,sinus rhythm,st depression,ventricular ectopics,micro avg,macro avg,weighted avg,samples avg
precision,0.8285714285714286,0.9298245614035088,0.2631578947368421,0.9340659340659341,0.6415094339622641,0.7571428571428571,0.6790123456790124,0.8021806853582555,0.7190406365088354,0.7756871464749651,0.6688500727802038
recall,0.8285714285714286,0.9137931034482759,0.08333333333333333,0.8673469387755102,0.7816091954022989,0.6162790697674418,0.6179775280898876,0.7315340909090909,0.6727015139125966,0.7315340909090909,0.6914119359534207
f1-score,0.8285714285714286,0.9217391304347825,0.12658227848101267,0.8994708994708994,0.7046632124352331,0.6794871794871794,0.6470588235294118,0.7652303120356613,0.6867961360585639,0.7473619379935686,0.673216885007278
support,70.0,116.0,60.0,196.0,87.0,86.0,89.0,704.0,704.0,704.0,704.0
