index,1st degree av block,atrial fibrillation,premature atrial contraction,right bundle branch block,sinus rhythm,st depression,ventricular ectopics,micro avg,macro avg,weighted avg,samples avg
precision,0.803030303030303,0.9074074074074074,0.5185185185185185,0.907608695652174,0.6216216216216216,0.8405797101449275,0.7619047619047619,0.8073248407643312,0.7658101454685305,0.8020657043940147,0.6737020863658418
recall,0.7571428571428571,0.8448275862068966,0.23333333333333334,0.8520408163265306,0.7931034482758621,0.6744186046511628,0.5393258426966292,0.7201704545454546,0.6705989269476103,0.7201704545454546,0.6885007278020379
f1-score,0.7794117647058824,0.875,0.32183908045977017,0.8789473684210527,0.696969696969697,0.7483870967741935,0.631578947368421,0.7612612612612613,0.7045905649570025,0.7512088534691166,0.6746724890829694
support,70.0,116.0,60.0,196.0,87.0,86.0,89.0,704.0,704.0,704.0,704.0
