index,atrial fibrillation,left ventricular high voltage,nonspecific st t abnormality,sinus bradycardia,sinus rhythm,sinus tachycardia,supraventricular tachycardia,t wave abnormal,micro avg,macro avg,weighted avg,samples avg
precision,0.8418079096045198,0.49056603773584906,0.5294117647058824,0.9896373056994818,0.9682539682539683,0.9280575539568345,0.7419354838709677,0.7337662337662337,0.8573692551505546,0.7779295321992172,0.8366973839519122,0.8526529947916668
recall,0.8418079096045198,0.203125,0.54,0.9870801033591732,0.9242424242424242,0.8657718120805369,0.7540983606557377,0.6141304347826086,0.7817919075144508,0.716282005590625,0.7817919075144508,0.80712890625
f1-score,0.8418079096045198,0.287292817679558,0.5346534653465347,0.9883570504527814,0.9457364341085271,0.8958333333333333,0.7479674796747967,0.6686390532544378,0.8178382464096748,0.7387859429318111,0.8028349627182063,0.8127139136904762
support,177.0,128.0,100.0,387.0,198.0,149.0,61.0,184.0,1384.0,1384.0,1384.0,1384.0
