index,atrial fibrillation,left ventricular high voltage,nonspecific st t abnormality,sinus bradycardia,sinus rhythm,sinus tachycardia,supraventricular tachycardia,t wave abnormal,micro avg,macro avg,weighted avg,samples avg
precision,0.8606060606060606,0.65625,0.6301369863013698,0.9670886075949368,0.9166666666666666,0.9210526315789473,0.7962962962962963,0.7388059701492538,0.8656716417910447,0.8108629023991915,0.8503291020111634,0.8497186569940476
recall,0.8022598870056498,0.4921875,0.46,0.9870801033591732,0.9444444444444444,0.9395973154362416,0.7049180327868853,0.5380434782608695,0.796242774566474,0.733566345161658,0.796242774566474,0.8154296875
f1-score,0.8304093567251462,0.5625,0.5317919075144509,0.9769820971867008,0.9303482587064676,0.9302325581395349,0.7478260869565216,0.6226415094339623,0.8295069627399322,0.766591471832848,0.8188227990823101,0.8161202566964285
support,177.0,128.0,100.0,387.0,198.0,149.0,61.0,184.0,1384.0,1384.0,1384.0,1384.0
