index,atrial fibrillation,left ventricular high voltage,nonspecific st t abnormality,sinus bradycardia,sinus rhythm,sinus tachycardia,supraventricular tachycardia,t wave abnormal,micro avg,macro avg,weighted avg,samples avg
precision,0.825136612021858,0.5522388059701493,0.6428571428571429,0.9870801033591732,0.9441624365482234,0.8961038961038961,0.7659574468085106,0.6705202312138728,0.8386617100371747,0.7855070843603533,0.8335146181592937,0.840380859375
recall,0.8531073446327684,0.578125,0.45,0.9870801033591732,0.9393939393939394,0.9261744966442953,0.5901639344262295,0.6304347826086957,0.815028901734104,0.7443099501331377,0.815028901734104,0.8291015625
f1-score,0.838888888888889,0.564885496183206,0.5294117647058824,0.9870801033591732,0.9417721518987343,0.9108910891089109,0.6666666666666666,0.6498599439775911,0.8266764382557714,0.7611820130986318,0.8223731271872055,0.819615730406746
support,177.0,128.0,100.0,387.0,198.0,149.0,61.0,184.0,1384.0,1384.0,1384.0,1384.0
