index,atrial fibrillation,left ventricular high voltage,nonspecific st t abnormality,sinus bradycardia,sinus rhythm,sinus tachycardia,supraventricular tachycardia,t wave abnormal,micro avg,macro avg,weighted avg,samples avg
precision,0.8390804597701149,0.6666666666666666,0.55,0.9869451697127938,0.9585492227979274,0.9096774193548387,0.8363636363636363,0.6976744186046512,0.8611111111111112,0.8056196241588286,0.8493665547910355,0.852294921875
recall,0.8248587570621468,0.4375,0.44,0.9767441860465116,0.9343434343434344,0.9463087248322147,0.7540983606557377,0.6521739130434783,0.8063583815028902,0.7457534219979404,0.8063583815028902,0.8241373697916666
f1-score,0.8319088319088318,0.5283018867924528,0.48888888888888893,0.9818181818181818,0.9462915601023018,0.9276315789473683,0.793103448275862,0.6741573033707865,0.8328358208955225,0.7715127100130843,0.8249495074698615,0.8226609002976191
support,177.0,128.0,100.0,387.0,198.0,149.0,61.0,184.0,1384.0,1384.0,1384.0,1384.0
