index,1st degree av block,atrial fibrillation,premature atrial contraction,right bundle branch block,sinus rhythm,st depression,ventricular ectopics,micro avg,macro avg,weighted avg,samples avg
precision,0.8405797101449275,0.9038461538461539,0.5,0.9358288770053476,0.6842105263157895,0.7662337662337663,0.8604651162790697,0.8456140350877193,0.7844520214035792,0.8226037052326162,0.6647258612324114
recall,0.8285714285714286,0.8103448275862069,0.11666666666666667,0.8928571428571429,0.5977011494252874,0.686046511627907,0.4157303370786517,0.6846590909090909,0.6211311519733274,0.6846590909090909,0.6572052401746725
f1-score,0.8345323741007195,0.8545454545454546,0.18918918918918917,0.9138381201044385,0.638036809815951,0.7239263803680982,0.5606060606060606,0.7566718995290425,0.6735249126757017,0.7324843357467727,0.6551951202606224
support,70.0,116.0,60.0,196.0,87.0,86.0,89.0,704.0,704.0,704.0,704.0
