index,1st degree av block,atrial fibrillation,premature atrial contraction,right bundle branch block,sinus rhythm,st depression,ventricular ectopics,micro avg,macro avg,weighted avg,samples avg
precision,0.6470588235294118,0.8672566371681416,0.5357142857142857,0.9555555555555556,0.6391752577319587,0.7721518987341772,0.8253968253968254,0.7984496124031008,0.7489013262614793,0.7965927013699521,0.6761280931586608
recall,0.7857142857142857,0.8448275862068966,0.25,0.8775510204081632,0.7126436781609196,0.7093023255813954,0.5842696629213483,0.7315340909090909,0.6806155084275727,0.7315340909090909,0.6979621542940321
f1-score,0.7096774193548386,0.8558951965065502,0.3409090909090909,0.9148936170212767,0.6739130434782609,0.7393939393939394,0.6842105263157895,0.7635285396590067,0.7026989761399637,0.7554659189671974,0.6799611838913149
support,70.0,116.0,60.0,196.0,87.0,86.0,89.0,704.0,704.0,704.0,704.0
