index,abnormal QRS,atrial fibrillation,incomplete right bundle branch block,left anterior fascicular block,left axis deviation,left ventricular hypertrophy,myocardial infarction,myocardial ischemia,sinus rhythm,t wave abnormal,ventricular ectopics,micro avg,macro avg,weighted avg,samples avg
precision,0.6846153846153846,0.7349397590361446,0.5420560747663551,0.7887323943661971,0.7933723196881092,0.6881720430107527,0.7346938775510204,0.6831683168316832,0.932425068119891,0.5698324022346368,0.7419354838709677,0.8111670261202971,0.7176311930991948,0.8005083823651321,0.8306655323604476
recall,0.5071225071225072,0.7625,0.5087719298245614,0.6187845303867403,0.7280858676207513,0.5688888888888889,0.6521739130434783,0.6699029126213593,0.9596186203028604,0.4214876033057851,0.5897435897435898,0.7538975501113586,0.635189123896411,0.7538975501113586,0.7791658486573741
f1-score,0.5826513911620296,0.7484662576687117,0.5248868778280542,0.6934984520123838,0.7593283582089553,0.6228710462287105,0.690978886756238,0.6764705882352942,0.9458264234383638,0.4845605700712589,0.6571428571428573,0.7814844742006234,0.6715165189775324,0.7740684349557343,0.7790024730702696
support,351.0,160.0,114.0,181.0,559.0,225.0,552.0,206.0,1783.0,242.0,117.0,4490.0,4490.0,4490.0,4490.0
