index,abnormal QRS,atrial fibrillation,incomplete right bundle branch block,left anterior fascicular block,left axis deviation,left ventricular hypertrophy,myocardial infarction,myocardial ischemia,sinus rhythm,t wave abnormal,ventricular ectopics,micro avg,macro avg,weighted avg,samples avg
precision,0.6526717557251909,0.7735849056603774,0.5847457627118644,0.7828571428571428,0.7910750507099391,0.7346938775510204,0.70018281535649,0.6084656084656085,0.925067385444744,0.569620253164557,0.6759259259259259,0.8014723343623842,0.708990043961169,0.7899572425468075,0.8238455162183976
recall,0.48717948717948717,0.76875,0.6052631578947368,0.7569060773480663,0.6976744186046512,0.48,0.6938405797101449,0.558252427184466,0.9624228827818284,0.371900826446281,0.6239316239316239,0.7516703786191536,0.6369201346437534,0.7516703786191536,0.7780664441681392
f1-score,0.5579119086460033,0.7711598746081505,0.5948275862068965,0.7696629213483146,0.7414448669201521,0.5806451612903226,0.6969972702456779,0.5822784810126582,0.9433754810335349,0.45,0.6488888888888888,0.7757728996667049,0.667017494563691,0.7668140708929587,0.774447405803338
support,351.0,160.0,114.0,181.0,559.0,225.0,552.0,206.0,1783.0,242.0,117.0,4490.0,4490.0,4490.0,4490.0
