index,abnormal QRS,atrial fibrillation,incomplete right bundle branch block,left anterior fascicular block,left axis deviation,left ventricular hypertrophy,myocardial infarction,myocardial ischemia,sinus rhythm,t wave abnormal,ventricular ectopics,micro avg,macro avg,weighted avg,samples avg
precision,0.73224043715847,0.7321428571428571,0.5887096774193549,0.7710843373493976,0.7831541218637993,0.73224043715847,0.7350597609561753,0.6507177033492823,0.9339158929546696,0.5637254901960784,0.7402597402597403,0.8123662306777646,0.7239318596189359,0.8043163700819208,0.832475696035018
recall,0.3817663817663818,0.76875,0.6403508771929824,0.7071823204419889,0.7817531305903399,0.5955555555555555,0.6684782608695652,0.6601941747572816,0.9590577678070668,0.47520661157024796,0.48717948717948717,0.7608017817371938,0.6477704152482633,0.7608017817371938,0.7876044325196868
f1-score,0.50187265917603,0.7500000000000001,0.6134453781512604,0.7377521613832853,0.7824529991047449,0.6568627450980392,0.7001897533206831,0.655421686746988,0.9463198671831765,0.515695067264574,0.5876288659793815,0.7857389304197816,0.6770582894007421,0.776652400874194,0.7844625242930328
support,351.0,160.0,114.0,181.0,559.0,225.0,552.0,206.0,1783.0,242.0,117.0,4490.0,4490.0,4490.0,4490.0
