index,1st degree av block,atrial fibrillation,premature atrial contraction,right bundle branch block,sinus rhythm,st depression,ventricular ectopics,micro avg,macro avg,weighted avg,samples avg
precision,0.8666666666666667,0.926605504587156,0.4230769230769231,0.9132653061224489,0.5980392156862745,0.6777777777777778,0.7419354838709677,0.7779433681073026,0.7353381253983163,0.779670567189635,0.6579330422125182
recall,0.7428571428571429,0.8706896551724138,0.36666666666666664,0.9132653061224489,0.7011494252873564,0.7093023255813954,0.5168539325842697,0.7414772727272727,0.6886834934673848,0.7414772727272727,0.7008733624454149
f1-score,0.8,0.8977777777777779,0.3928571428571428,0.9132653061224489,0.6455026455026455,0.6931818181818181,0.609271523178808,0.7592727272727272,0.7074080305172347,0.7566920211348456,0.6694808345463368
support,70.0,116.0,60.0,196.0,87.0,86.0,89.0,704.0,704.0,704.0,704.0
