index,atrial fibrillation,left ventricular high voltage,nonspecific st t abnormality,sinus bradycardia,sinus rhythm,sinus tachycardia,supraventricular tachycardia,t wave abnormal,micro avg,macro avg,weighted avg,samples avg
precision,0.823170731707317,0.6825396825396826,0.6338028169014085,0.9818652849740933,0.9518716577540107,0.8703703703703703,0.7894736842105263,0.7150837988826816,0.8620961386918834,0.8060222534175112,0.8484953273151187,0.84873046875
recall,0.7627118644067796,0.3359375,0.45,0.979328165374677,0.898989898989899,0.9463087248322147,0.7377049180327869,0.6956521739130435,0.7904624277456648,0.7258291556936751,0.7904624277456648,0.8107096354166666
f1-score,0.7917888563049854,0.4502617801047121,0.5263157894736842,0.9805950840879689,0.9246753246753248,0.9067524115755626,0.7627118644067797,0.7052341597796143,0.8247267244628722,0.756041908801079,0.8124149889071773,0.8147205171130952
support,177.0,128.0,100.0,387.0,198.0,149.0,61.0,184.0,1384.0,1384.0,1384.0,1384.0
