index,atrial fibrillation,left ventricular high voltage,nonspecific st t abnormality,sinus bradycardia,sinus rhythm,sinus tachycardia,supraventricular tachycardia,t wave abnormal,micro avg,macro avg,weighted avg,samples avg
precision,0.9285714285714286,0.5891472868217055,0.5866666666666667,0.9696202531645569,0.9536082474226805,0.9261744966442953,0.7924528301886793,0.6646341463414634,0.8521939953810623,0.8013594194776845,0.846188178301807,0.834375
recall,0.7344632768361582,0.59375,0.44,0.9896640826873385,0.9343434343434344,0.9261744966442953,0.6885245901639344,0.592391304347826,0.7998554913294798,0.7374138981278734,0.7998554913294798,0.818115234375
f1-score,0.8201892744479495,0.5914396887159532,0.5028571428571429,0.979539641943734,0.9438775510204083,0.9261744966442953,0.7368421052631579,0.6264367816091954,0.8251956764815506,0.7659195853127295,0.820335858952351,0.8114583333333333
support,177.0,128.0,100.0,387.0,198.0,149.0,61.0,184.0,1384.0,1384.0,1384.0,1384.0
