index,abnormal QRS,atrial fibrillation,incomplete right bundle branch block,left anterior fascicular block,left axis deviation,left ventricular hypertrophy,myocardial infarction,myocardial ischemia,sinus rhythm,t wave abnormal,ventricular ectopics,micro avg,macro avg,weighted avg,samples avg
precision,0.6804979253112033,0.8129032258064516,0.6197183098591549,0.7931034482758621,0.7561837455830389,0.6635514018691588,0.7291242362525459,0.6170212765957447,0.9387978142076503,0.5621301775147929,0.7524752475247525,0.808570755827643,0.7205006189818505,0.7979196547033328,0.8310080055842768
recall,0.4672364672364672,0.7875,0.38596491228070173,0.7624309392265194,0.7656529516994633,0.6311111111111111,0.6485507246376812,0.7038834951456311,0.9635445877734156,0.3925619834710744,0.6495726495726496,0.7648106904231626,0.6507281656504286,0.7648106904231626,0.7867482494601139
f1-score,0.5540540540540541,0.8,0.47567567567567565,0.7774647887323944,0.7608888888888888,0.6469248291571753,0.6864813039309684,0.6575963718820862,0.9510102407971216,0.4622871046228711,0.6972477064220184,0.7860821792377247,0.6790573603784776,0.7776884977502895,0.7830484423704763
support,351.0,160.0,114.0,181.0,559.0,225.0,552.0,206.0,1783.0,242.0,117.0,4490.0,4490.0,4490.0,4490.0
