index,abnormal QRS,atrial fibrillation,incomplete right bundle branch block,left anterior fascicular block,left axis deviation,left ventricular hypertrophy,myocardial infarction,myocardial ischemia,sinus rhythm,t wave abnormal,ventricular ectopics,micro avg,macro avg,weighted avg,samples avg
precision,0.7680412371134021,0.8048780487804879,0.4852941176470588,0.779874213836478,0.8319502074688797,0.7216494845360825,0.7531914893617021,0.6330275229357798,0.9318429661941112,0.5796178343949044,0.7647058823529411,0.8231126313217689,0.7321884549656207,0.815067819349435,0.8391144776737997
recall,0.42450142450142453,0.825,0.5789473684210527,0.6850828729281768,0.7173524150268337,0.6222222222222222,0.6413043478260869,0.6699029126213593,0.9584969153112731,0.3760330578512397,0.5555555555555556,0.7503340757238307,0.6413090083877477,0.7503340757238307,0.7786052396221887
f1-score,0.5467889908256881,0.8148148148148149,0.528,0.7294117647058823,0.7704130643611912,0.6682577565632458,0.6927592954990216,0.6509433962264151,0.9449820293060548,0.456140350877193,0.6435643564356436,0.7850401957357568,0.6769159836013773,0.7756372288135046,0.7819123666581294
support,351.0,160.0,114.0,181.0,559.0,225.0,552.0,206.0,1783.0,242.0,117.0,4490.0,4490.0,4490.0,4490.0
