index,1st degree av block,atrial fibrillation,premature atrial contraction,right bundle branch block,sinus rhythm,st depression,ventricular ectopics,micro avg,macro avg,weighted avg,samples avg
precision,0.7971014492753623,0.9019607843137255,0.42424242424242425,0.9310344827586207,0.65625,0.7411764705882353,0.7195121951219512,0.7925117004680188,0.7387539723286171,0.7858428527575917,0.6589034449296457
recall,0.7857142857142857,0.7931034482758621,0.23333333333333334,0.826530612244898,0.7241379310344828,0.7325581395348837,0.6629213483146067,0.7215909090909091,0.6797570140646216,0.7215909090909091,0.6848617176128093
f1-score,0.7913669064748201,0.8440366972477066,0.3010752688172043,0.8756756756756757,0.6885245901639345,0.736842105263158,0.6900584795321638,0.7553903345724907,0.7039399604535233,0.7495541959810974,0.6627365356622998
support,70.0,116.0,60.0,196.0,87.0,86.0,89.0,704.0,704.0,704.0,704.0
