index,atrial fibrillation,left ventricular high voltage,nonspecific st t abnormality,sinus bradycardia,sinus rhythm,sinus tachycardia,supraventricular tachycardia,t wave abnormal,micro avg,macro avg,weighted avg,samples avg
precision,0.8085106382978723,0.6470588235294118,0.573170731707317,0.979539641943734,0.9725274725274725,0.8789808917197452,0.8064516129032258,0.7941176470588235,0.8651597817614964,0.8075446824609502,0.8534455309725771,0.8611653645833333
recall,0.8587570621468926,0.4296875,0.47,0.9896640826873385,0.8939393939393939,0.9261744966442953,0.819672131147541,0.5869565217391305,0.8020231213872833,0.746856398538074,0.8020231213872833,0.82421875
f1-score,0.8328767123287671,0.5164319248826292,0.5164835164835165,0.9845758354755785,0.9315789473684211,0.9019607843137255,0.8130081300813008,0.675,0.8323959505061868,0.7714894813667423,0.8228612346974139,0.8275716145833333
support,177.0,128.0,100.0,387.0,198.0,149.0,61.0,184.0,1384.0,1384.0,1384.0,1384.0
