index,atrial fibrillation,left ventricular high voltage,nonspecific st t abnormality,sinus bradycardia,sinus rhythm,sinus tachycardia,supraventricular tachycardia,t wave abnormal,micro avg,macro avg,weighted avg,samples avg
precision,0.8465909090909091,0.6551724137931034,0.6097560975609756,0.9921259842519685,0.9484536082474226,0.9295774647887324,0.8275862068965517,0.696551724137931,0.8687747035573122,0.8132268010959494,0.8551923107549113,0.8538574218749999
recall,0.8418079096045198,0.4453125,0.5,0.9767441860465116,0.9292929292929293,0.8859060402684564,0.7868852459016393,0.5489130434782609,0.7940751445086706,0.7393577318240396,0.7940751445086706,0.817626953125
f1-score,0.8441926345609065,0.5302325581395348,0.5494505494505494,0.9843749999999999,0.9387755102040816,0.9072164948453608,0.8067226890756303,0.613981762917933,0.8297470743676859,0.7718683998992495,0.8211167491814133,0.8197544642857143
support,177.0,128.0,100.0,387.0,198.0,149.0,61.0,184.0,1384.0,1384.0,1384.0,1384.0
