index,atrial fibrillation,left ventricular high voltage,nonspecific st t abnormality,sinus bradycardia,sinus rhythm,sinus tachycardia,supraventricular tachycardia,t wave abnormal,micro avg,macro avg,weighted avg,samples avg
precision,0.8834355828220859,0.6142857142857143,0.5625,0.9671717171717171,0.9583333333333334,0.8947368421052632,0.78125,0.7295597484276729,0.8628526645768025,0.7989091172682233,0.845739275518722,0.8588564918154762
recall,0.8135593220338984,0.3359375,0.45,0.9896640826873385,0.9292929292929293,0.912751677852349,0.819672131147541,0.6304347826086957,0.7955202312138728,0.7351640532028441,0.7955202312138728,0.818115234375
f1-score,0.8470588235294118,0.4343434343434343,0.5,0.9782886334610471,0.9435897435897437,0.9036544850498338,0.8,0.6763848396501457,0.8278195488721805,0.7604149949529521,0.8156453544139537,0.8212487599206348
support,177.0,128.0,100.0,387.0,198.0,149.0,61.0,184.0,1384.0,1384.0,1384.0,1384.0
