index,atrial fibrillation,left ventricular high voltage,nonspecific st t abnormality,sinus bradycardia,sinus rhythm,sinus tachycardia,supraventricular tachycardia,t wave abnormal,micro avg,macro avg,weighted avg,samples avg
precision,0.8727272727272727,0.5909090909090909,0.6025641025641025,0.9896373056994818,0.9715909090909091,0.9150326797385621,0.8,0.722972972972973,0.8652037617554859,0.808179291712799,0.8554169326439837,0.8435872395833334
recall,0.8135593220338984,0.5078125,0.47,0.9870801033591732,0.8636363636363636,0.9395973154362416,0.7868852459016393,0.5815217391304348,0.7976878612716763,0.743761573687219,0.7976878612716763,0.8133951822916667
f1-score,0.8421052631578948,0.546218487394958,0.5280898876404494,0.9883570504527814,0.9144385026737968,0.9271523178807947,0.7933884297520661,0.6445783132530121,0.8300751879699247,0.7730410315257192,0.8240429104059638,0.8130347842261905
support,177.0,128.0,100.0,387.0,198.0,149.0,61.0,184.0,1384.0,1384.0,1384.0,1384.0
