index,abnormal QRS,atrial fibrillation,incomplete right bundle branch block,left anterior fascicular block,left axis deviation,left ventricular hypertrophy,myocardial infarction,myocardial ischemia,sinus rhythm,t wave abnormal,ventricular ectopics,micro avg,macro avg,weighted avg,samples avg
precision,0.6413043478260869,0.8590604026845637,0.6126126126126126,0.7986111111111112,0.757071547420965,0.6896551724137931,0.7238658777120316,0.6022727272727273,0.9286100594916171,0.5928571428571429,0.7307692307692307,0.8056338028169014,0.7215172938338075,0.793682552166384,0.8262602796501101
recall,0.5042735042735043,0.8,0.5964912280701754,0.6353591160220995,0.813953488372093,0.6222222222222222,0.6648550724637681,0.5145631067961165,0.9629837352776219,0.34297520661157027,0.6495726495726496,0.7643652561247216,0.6461135754256202,0.7643652561247216,0.7890713958510568
f1-score,0.5645933014354066,0.8284789644012946,0.6044444444444443,0.7076923076923078,0.7844827586206897,0.6542056074766355,0.6931067044381493,0.5549738219895288,0.9454845814977973,0.4345549738219896,0.6877828054298643,0.7844571428571429,0.6781636610225553,0.7754568797569504,0.7818721488213014
support,351.0,160.0,114.0,181.0,559.0,225.0,552.0,206.0,1783.0,242.0,117.0,4490.0,4490.0,4490.0,4490.0
