index,abnormal QRS,atrial fibrillation,incomplete right bundle branch block,left anterior fascicular block,left axis deviation,left ventricular hypertrophy,myocardial infarction,myocardial ischemia,sinus rhythm,t wave abnormal,ventricular ectopics,micro avg,macro avg,weighted avg,samples avg
precision,0.6203389830508474,0.7716049382716049,0.625,0.7383720930232558,0.7754318618042226,0.6280487804878049,0.6983471074380165,0.6745562130177515,0.9176533907427341,0.5271317829457365,0.7047619047619048,0.7951195941048562,0.6982951868676254,0.7776199825348726,0.8202942652095194
recall,0.5213675213675214,0.78125,0.43859649122807015,0.7016574585635359,0.7227191413237924,0.4577777777777778,0.6123188405797102,0.5533980582524272,0.9562535053280987,0.2809917355371901,0.6324786324786325,0.7329621380846325,0.6053462874942507,0.7329621380846325,0.7619145780162728
f1-score,0.56656346749226,0.7763975155279503,0.5154639175257731,0.7195467422096317,0.7481481481481481,0.5295629820051414,0.6525096525096525,0.608,0.9365558912386707,0.36657681940700815,0.6666666666666666,0.7627766832773206,0.6441810729755366,0.7508861436165886,0.7630718495125275
support,351.0,160.0,114.0,181.0,559.0,225.0,552.0,206.0,1783.0,242.0,117.0,4490.0,4490.0,4490.0,4490.0
