index,atrial fibrillation,left ventricular high voltage,nonspecific st t abnormality,sinus bradycardia,sinus rhythm,sinus tachycardia,supraventricular tachycardia,t wave abnormal,micro avg,macro avg,weighted avg,samples avg
precision,0.8470588235294118,0.5760869565217391,0.5,0.9845360824742269,0.9459459459459459,0.9121621621621622,0.746031746031746,0.6813186813186813,0.838391502276176,0.7741425497479891,0.8300318204097166,0.8307291666666666
recall,0.8135593220338984,0.4140625,0.45,0.9870801033591732,0.8838383838383839,0.9060402684563759,0.7704918032786885,0.6739130434782609,0.7984104046242775,0.7373731780555977,0.7984104046242775,0.81787109375
f1-score,0.8299711815561959,0.48181818181818187,0.4736842105263158,0.9858064516129033,0.9138381201044387,0.9090909090909091,0.7580645161290323,0.6775956284153005,0.8179126572908956,0.7537336499066597,0.8126930408833162,0.8085681733630952
support,177.0,128.0,100.0,387.0,198.0,149.0,61.0,184.0,1384.0,1384.0,1384.0,1384.0
