index,atrial fibrillation,left ventricular high voltage,nonspecific st t abnormality,sinus bradycardia,sinus rhythm,sinus tachycardia,supraventricular tachycardia,t wave abnormal,micro avg,macro avg,weighted avg,samples avg
precision,0.8125,0.5818181818181818,0.5436893203883495,0.9819121447028424,0.9513513513513514,0.8896103896103896,0.7230769230769231,0.672,0.8329501915708812,0.7694947888685046,0.824659947426857,0.842041015625
recall,0.807909604519774,0.5,0.56,0.9819121447028424,0.8888888888888888,0.9194630872483222,0.7704918032786885,0.45652173913043476,0.7854046242774566,0.7356484084711189,0.7854046242774566,0.8116048177083333
f1-score,0.8101983002832861,0.5378151260504201,0.5517241379310345,0.9819121447028424,0.9190600522193211,0.9042904290429042,0.746031746031746,0.5436893203883495,0.8084789884715506,0.7493401570812379,0.8017903069392414,0.8087053571428571
support,177.0,128.0,100.0,387.0,198.0,149.0,61.0,184.0,1384.0,1384.0,1384.0,1384.0
