index,atrial fibrillation,left ventricular high voltage,nonspecific st t abnormality,sinus bradycardia,sinus rhythm,sinus tachycardia,supraventricular tachycardia,t wave abnormal,micro avg,macro avg,weighted avg,samples avg
precision,0.8333333333333334,0.6106194690265486,0.46511627906976744,0.9820971867007673,0.9329896907216495,0.8742138364779874,0.7450980392156863,0.6256684491978609,0.8105413105413105,0.7586420354679501,0.8148889643339898,0.8184407552083333
recall,0.847457627118644,0.5390625,0.6,0.9922480620155039,0.9141414141414141,0.9328859060402684,0.6229508196721312,0.6358695652173914,0.8222543352601156,0.7605769867756691,0.8222543352601156,0.8330891927083333
f1-score,0.8403361344537815,0.5726141078838174,0.5240174672489083,0.9871465295629821,0.9234693877551021,0.9025974025974026,0.6785714285714286,0.6307277628032345,0.8163558106169296,0.757435027609582,0.8173715842011475,0.8099190848214286
support,177.0,128.0,100.0,387.0,198.0,149.0,61.0,184.0,1384.0,1384.0,1384.0,1384.0
