index,1st degree av block,atrial fibrillation,premature atrial contraction,right bundle branch block,sinus rhythm,st depression,ventricular ectopics,micro avg,macro avg,weighted avg,samples avg
precision,0.8484848484848485,0.9035087719298246,0.45454545454545453,0.9398907103825137,0.6804123711340206,0.8169014084507042,0.8307692307692308,0.8467874794069192,0.7820732565280852,0.8225569920445751,0.6928675400291121
recall,0.8,0.8879310344827587,0.08333333333333333,0.8775510204081632,0.7586206896551724,0.6744186046511628,0.6067415730337079,0.7301136363636364,0.6697994650806142,0.7301136363636364,0.6972343522561864
f1-score,0.823529411764706,0.8956521739130435,0.1408450704225352,0.9076517150395779,0.717391304347826,0.7388535031847132,0.7012987012987013,0.784134248665141,0.7036031257101577,0.7617374723555149,0.6885007278020379
support,70.0,116.0,60.0,196.0,87.0,86.0,89.0,704.0,704.0,704.0,704.0
