index,1st degree av block,atrial fibrillation,premature atrial contraction,right bundle branch block,sinus rhythm,st depression,ventricular ectopics,micro avg,macro avg,weighted avg,samples avg
precision,0.7466666666666667,0.9292035398230089,0.4444444444444444,0.8855721393034826,0.5259259259259259,0.6753246753246753,0.6020408163265306,0.7306122448979592,0.6870254582592478,0.7353809567369656,0.6812227074235808
recall,0.8,0.9051724137931034,0.26666666666666666,0.9081632653061225,0.8160919540229885,0.6046511627906976,0.6629213483146067,0.7627840909090909,0.7090952586991693,0.7627840909090909,0.7256186317321689
f1-score,0.7724137931034483,0.9170305676855894,0.33333333333333337,0.8967254408060453,0.6396396396396397,0.6380368098159509,0.6310160427807486,0.7463516330785267,0.689742232452108,0.7427314486748035,0.6917515769044154
support,70.0,116.0,60.0,196.0,87.0,86.0,89.0,704.0,704.0,704.0,704.0
