index,1st degree av block,atrial fibrillation,premature atrial contraction,right bundle branch block,sinus rhythm,st depression,ventricular ectopics,micro avg,macro avg,weighted avg,samples avg
precision,0.7777777777777778,0.8547008547008547,0.4,0.9273743016759777,0.6288659793814433,0.7532467532467533,0.8666666666666667,0.7869362363919129,0.7440903333499248,0.7897428992002485,0.6697476952935468
recall,0.7,0.8620689655172413,0.3333333333333333,0.8469387755102041,0.7011494252873564,0.6744186046511628,0.5842696629213483,0.71875,0.6717398238886637,0.71875,0.6870451237263464
f1-score,0.7368421052631577,0.8583690987124464,0.3636363636363636,0.8853333333333335,0.6630434782608695,0.7116564417177915,0.6979865771812079,0.7512991833704528,0.7024096283007386,0.7492916476365529,0.669383794274624
support,70.0,116.0,60.0,196.0,87.0,86.0,89.0,704.0,704.0,704.0,704.0
