index,abnormal QRS,atrial fibrillation,incomplete right bundle branch block,left anterior fascicular block,left axis deviation,left ventricular hypertrophy,myocardial infarction,myocardial ischemia,sinus rhythm,t wave abnormal,ventricular ectopics,micro avg,macro avg,weighted avg,samples avg
precision,0.7048192771084337,0.7195767195767195,0.639344262295082,0.8198757763975155,0.7952755905511811,0.732824427480916,0.7100213219616205,0.7320261437908496,0.9342904472667035,0.6083333333333333,0.6862745098039216,0.8276931025574786,0.7347874372332978,0.8083142452699842,0.8411055122919531
recall,0.3333333333333333,0.85,0.34210526315789475,0.7292817679558011,0.7227191413237924,0.4266666666666667,0.6032608695652174,0.5436893203883495,0.9489624228827819,0.30165289256198347,0.5982905982905983,0.7135857461024498,0.5818147523751289,0.7135857461024498,0.7493946731234867
f1-score,0.4526112185686653,0.7793696275071632,0.4457142857142858,0.7719298245614034,0.7572633552014995,0.5393258426966292,0.6523016650342801,0.6239554317548747,0.9415692821368948,0.4033149171270718,0.6392694063926941,0.7664155005382131,0.6369658960632238,0.7480122569450728,0.7660609380948364
support,351.0,160.0,114.0,181.0,559.0,225.0,552.0,206.0,1783.0,242.0,117.0,4490.0,4490.0,4490.0,4490.0
