index,atrial fibrillation,left ventricular high voltage,nonspecific st t abnormality,sinus bradycardia,sinus rhythm,sinus tachycardia,supraventricular tachycardia,t wave abnormal,micro avg,macro avg,weighted avg,samples avg
precision,0.9113924050632911,0.8153846153846154,0.6172839506172839,0.9743589743589743,0.972972972972973,0.9090909090909091,0.7627118644067796,0.6739130434782609,0.8746081504702194,0.8296385919216359,0.8693060855752113,0.8583170572916666
recall,0.8135593220338984,0.4140625,0.5,0.9819121447028424,0.9090909090909091,0.9395973154362416,0.7377049180327869,0.6739130434782609,0.8063583815028902,0.7462300190968674,0.8063583815028902,0.82568359375
f1-score,0.8597014925373134,0.5492227979274611,0.5524861878453038,0.9781209781209781,0.9399477806788512,0.9240924092409241,0.7500000000000001,0.6739130434782609,0.8390977443609022,0.7784355862286365,0.8307792985422533,0.8275204613095237
support,177.0,128.0,100.0,387.0,198.0,149.0,61.0,184.0,1384.0,1384.0,1384.0,1384.0
