index,abnormal QRS,atrial fibrillation,incomplete right bundle branch block,left anterior fascicular block,left axis deviation,left ventricular hypertrophy,myocardial infarction,myocardial ischemia,sinus rhythm,t wave abnormal,ventricular ectopics,micro avg,macro avg,weighted avg,samples avg
precision,0.6901408450704225,0.7784810126582279,0.6222222222222222,0.7852760736196319,0.7260726072607261,0.75,0.7033582089552238,0.5679611650485437,0.9258064516129032,0.5480769230769231,0.6666666666666666,0.7931998136935259,0.7058238341992266,0.7842072469300607,0.8219422812643151
recall,0.4188034188034188,0.76875,0.49122807017543857,0.7071823204419889,0.7871198568872988,0.5066666666666667,0.6829710144927537,0.5679611650485437,0.96578799775659,0.47107438016528924,0.5811965811965812,0.7585746102449888,0.6317037701485971,0.7585746102449888,0.7864264991383635
f1-score,0.5212765957446809,0.7735849056603774,0.5490196078431373,0.7441860465116279,0.7553648068669527,0.6047745358090185,0.6930147058823529,0.5679611650485437,0.9453746911885809,0.5066666666666667,0.6210045662100457,0.7755009107468124,0.6620207539483624,0.7667636607876679,0.7781276213479604
support,351.0,160.0,114.0,181.0,559.0,225.0,552.0,206.0,1783.0,242.0,117.0,4490.0,4490.0,4490.0,4490.0
