index,atrial fibrillation,left ventricular high voltage,nonspecific st t abnormality,sinus bradycardia,sinus rhythm,sinus tachycardia,supraventricular tachycardia,t wave abnormal,micro avg,macro avg,weighted avg,samples avg
precision,0.8111111111111111,0.6774193548387096,0.5802469135802469,0.9846153846153847,0.9346733668341709,0.9261744966442953,0.7708333333333334,0.7161290322580646,0.8586872586872587,0.8001503741519146,0.8462435630001324,0.8509114583333334
recall,0.8248587570621468,0.4921875,0.47,0.9922480620155039,0.9393939393939394,0.9261744966442953,0.6065573770491803,0.6032608695652174,0.8034682080924855,0.7318351252162854,0.8034682080924855,0.8193359375
f1-score,0.8179271708683473,0.5701357466063348,0.5193370165745855,0.9884169884169884,0.9370277078085643,0.9261744966442953,0.6788990825688073,0.6548672566371682,0.830160507652109,0.7615981832656364,0.8219952791822062,0.8195684523809524
support,177.0,128.0,100.0,387.0,198.0,149.0,61.0,184.0,1384.0,1384.0,1384.0,1384.0
