index,abnormal QRS,atrial fibrillation,incomplete right bundle branch block,left anterior fascicular block,left axis deviation,left ventricular hypertrophy,myocardial infarction,myocardial ischemia,sinus rhythm,t wave abnormal,ventricular ectopics,micro avg,macro avg,weighted avg,samples avg
precision,0.668141592920354,0.7926829268292683,0.5728155339805825,0.7447916666666666,0.7908366533864541,0.6702702702702703,0.7571743929359823,0.5896414342629482,0.9270777479892761,0.55625,0.6216216216216216,0.8029439696106363,0.6992094400784933,0.7915572349121286,0.8297308204087865
recall,0.4301994301994302,0.8125,0.5175438596491229,0.7900552486187845,0.7101967799642218,0.5511111111111111,0.6213768115942029,0.7184466019417476,0.9697139652271453,0.3677685950413223,0.5897435897435898,0.7532293986636971,0.6435141811900617,0.7532293986636971,0.7787099448116397
f1-score,0.5233968804159445,0.8024691358024691,0.543778801843318,0.7667560321715818,0.7483506126295948,0.6048780487804878,0.6825870646766169,0.6477024070021883,0.9479166666666666,0.44278606965174133,0.6052631578947368,0.777292576419214,0.6650804434123043,0.7674001639116158,0.778780536407655
support,351.0,160.0,114.0,181.0,559.0,225.0,552.0,206.0,1783.0,242.0,117.0,4490.0,4490.0,4490.0,4490.0
