index,atrial fibrillation,left ventricular high voltage,nonspecific st t abnormality,sinus bradycardia,sinus rhythm,sinus tachycardia,supraventricular tachycardia,t wave abnormal,micro avg,macro avg,weighted avg,samples avg
precision,0.8910256410256411,0.5955882352941176,0.5567010309278351,0.9896907216494846,0.9396984924623115,0.9481481481481482,0.803921568627451,0.7103825136612022,0.8505576208178439,0.8043945439745239,0.8523924990837191,0.8351399739583333
recall,0.7853107344632768,0.6328125,0.54,0.9922480620155039,0.9444444444444444,0.8590604026845637,0.6721311475409836,0.7065217391304348,0.8265895953757225,0.7665661287849008,0.8265895953757225,0.83056640625
f1-score,0.834834834834835,0.6136363636363635,0.5482233502538071,0.990967741935484,0.9420654911838791,0.9014084507042253,0.7321428571428572,0.7084468664850136,0.8384023451813851,0.7839657445220581,0.8385056615563062,0.8190731956845237
support,177.0,128.0,100.0,387.0,198.0,149.0,61.0,184.0,1384.0,1384.0,1384.0,1384.0
