index,atrial fibrillation,left ventricular high voltage,nonspecific st t abnormality,sinus bradycardia,sinus rhythm,sinus tachycardia,supraventricular tachycardia,t wave abnormal,micro avg,macro avg,weighted avg,samples avg
precision,0.8361581920903954,0.7011494252873564,0.4954128440366973,0.9744245524296675,0.96875,0.9133333333333333,0.75,0.675392670157068,0.8410938654841094,0.7893276271668147,0.8398209036172687,0.8398600260416667
recall,0.8361581920903954,0.4765625,0.54,0.9844961240310077,0.9393939393939394,0.9194630872483222,0.6885245901639344,0.7010869565217391,0.8222543352601156,0.7607106736811673,0.8222543352601156,0.8334147135416667
f1-score,0.8361581920903954,0.5674418604651162,0.5167464114832536,0.9794344473007711,0.9538461538461539,0.9163879598662208,0.7179487179487181,0.688,0.8315674095725247,0.7719954678750786,0.8288573314087687,0.8214773995535714
support,177.0,128.0,100.0,387.0,198.0,149.0,61.0,184.0,1384.0,1384.0,1384.0,1384.0
