index,atrial fibrillation,left ventricular high voltage,nonspecific st t abnormality,sinus bradycardia,sinus rhythm,sinus tachycardia,supraventricular tachycardia,t wave abnormal,micro avg,macro avg,weighted avg,samples avg
precision,0.8700564971751412,0.625,0.4244604316546763,0.9870466321243523,0.9661016949152542,0.8424242424242424,0.7333333333333333,0.5384615384615384,0.8017429193899782,0.7483605462610672,0.8085640852039602,0.8269694010416666
recall,0.8700564971751412,0.5078125,0.59,0.9844961240310077,0.8636363636363636,0.9328859060402684,0.7213114754098361,0.4945652173913043,0.7976878612716763,0.7455955104604901,0.7976878612716763,0.8219401041666666
f1-score,0.8700564971751411,0.5603448275862069,0.493723849372385,0.9857697283311773,0.912,0.8853503184713375,0.7272727272727273,0.5155807365439093,0.799710249909453,0.7437623355941105,0.8008042608904505,0.8035993303571429
support,177.0,128.0,100.0,387.0,198.0,149.0,61.0,184.0,1384.0,1384.0,1384.0,1384.0
