index,atrial fibrillation,left ventricular high voltage,nonspecific st t abnormality,sinus bradycardia,sinus rhythm,sinus tachycardia,supraventricular tachycardia,t wave abnormal,micro avg,macro avg,weighted avg,samples avg
precision,0.8212290502793296,0.6774193548387096,0.6385542168674698,0.9796437659033079,0.9572192513368984,0.8757763975155279,0.7857142857142857,0.7375886524822695,0.8631090487238979,0.8091431218672248,0.8516688994869595,0.8652750651041666
recall,0.8305084745762712,0.4921875,0.53,0.9948320413436692,0.9040404040404041,0.9463087248322147,0.7213114754098361,0.5652173913043478,0.8063583815028902,0.7480507514383429,0.8063583815028902,0.8262532552083334
f1-score,0.8258426966292135,0.5701357466063348,0.5792349726775956,0.9871794871794871,0.9298701298701298,0.9096774193548388,0.7521367521367521,0.6399999999999999,0.8337691445648113,0.774259650556794,0.8254407910070095,0.8298062939664501
support,177.0,128.0,100.0,387.0,198.0,149.0,61.0,184.0,1384.0,1384.0,1384.0,1384.0
