index,atrial fibrillation,left ventricular high voltage,nonspecific st t abnormality,sinus bradycardia,sinus rhythm,sinus tachycardia,supraventricular tachycardia,t wave abnormal,micro avg,macro avg,weighted avg,samples avg
precision,0.8771929824561403,0.6857142857142857,0.5974025974025974,0.982051282051282,0.9387755102040817,0.9172413793103448,0.7758620689655172,0.6867469879518072,0.8664571877454831,0.8076233867570071,0.8519250295433164,0.8555094401041667
recall,0.847457627118644,0.375,0.46,0.9896640826873385,0.9292929292929293,0.8926174496644296,0.7377049180327869,0.6195652173913043,0.7969653179190751,0.7314127780234291,0.7969653179190751,0.816162109375
f1-score,0.8620689655172413,0.4848484848484848,0.5197740112994351,0.9858429858429858,0.934010152284264,0.9047619047619048,0.7563025210084033,0.6514285714285714,0.830259691381257,0.7623796996239114,0.8192820046925684,0.8203016493055555
support,177.0,128.0,100.0,387.0,198.0,149.0,61.0,184.0,1384.0,1384.0,1384.0,1384.0
