index,abnormal QRS,atrial fibrillation,incomplete right bundle branch block,left anterior fascicular block,left axis deviation,left ventricular hypertrophy,myocardial infarction,myocardial ischemia,sinus rhythm,t wave abnormal,ventricular ectopics,micro avg,macro avg,weighted avg,samples avg
precision,0.592156862745098,0.8092105263157895,0.4927536231884058,0.7317073170731707,0.7800369685767098,0.718562874251497,0.6652892561983471,0.64,0.9341150195421553,0.47767857142857145,0.7666666666666667,0.788722341184868,0.6916525169078556,0.7780748231981314,0.8150022904260192
recall,0.4301994301994302,0.76875,0.2982456140350877,0.8287292817679558,0.7549194991055456,0.5333333333333333,0.5833333333333334,0.6990291262135923,0.9383062254627033,0.44214876033057854,0.5897435897435898,0.7383073496659243,0.6242489266841045,0.7383073496659243,0.7657101411338699
f1-score,0.4983498349834984,0.7884615384615384,0.3715846994535519,0.77720207253886,0.7672727272727273,0.6122448979591837,0.6216216216216217,0.6682134570765661,0.936205931729155,0.4592274678111588,0.6666666666666667,0.7626826181985505,0.6515500832340481,0.7549988321743553,0.7624471827861659
support,351.0,160.0,114.0,181.0,559.0,225.0,552.0,206.0,1783.0,242.0,117.0,4490.0,4490.0,4490.0,4490.0
