index,abnormal QRS,atrial fibrillation,incomplete right bundle branch block,left anterior fascicular block,left axis deviation,left ventricular hypertrophy,myocardial infarction,myocardial ischemia,sinus rhythm,t wave abnormal,ventricular ectopics,micro avg,macro avg,weighted avg,samples avg
precision,0.6495327102803738,0.8116883116883117,0.65,0.6652542372881356,0.7115384615384616,0.6199095022624435,0.6753731343283582,0.5863453815261044,0.9312977099236641,0.49673202614379086,0.8023255813953488,0.7792387543252595,0.6909088233068176,0.7701057784018532,0.812198154571036
recall,0.396011396011396,0.78125,0.45614035087719296,0.8674033149171271,0.7280858676207513,0.6088888888888889,0.6557971014492754,0.7087378640776699,0.9579360628154795,0.3140495867768595,0.5897435897435898,0.7523385300668152,0.64218582028893,0.7523385300668152,0.7778417642824421
f1-score,0.4920353982300885,0.7961783439490444,0.5360824742268041,0.7529976019184652,0.7197170645446508,0.6143497757847534,0.6654411764705882,0.6417582417582418,0.9444290848769697,0.3848101265822784,0.6798029556650246,0.7655524079320113,0.6570547494551736,0.7559361355115934,0.7669764474849221
support,351.0,160.0,114.0,181.0,559.0,225.0,552.0,206.0,1783.0,242.0,117.0,4490.0,4490.0,4490.0,4490.0
