index,abnormal QRS,atrial fibrillation,incomplete right bundle branch block,left anterior fascicular block,left axis deviation,left ventricular hypertrophy,myocardial infarction,myocardial ischemia,sinus rhythm,t wave abnormal,ventricular ectopics,micro avg,macro avg,weighted avg,samples avg
precision,0.7345971563981043,0.7873563218390804,0.6526315789473685,0.7230769230769231,0.8149606299212598,0.6968085106382979,0.7109826589595376,0.6086956521739131,0.9240301724137931,0.5853658536585366,0.673469387755102,0.8073222248298522,0.7192704405256287,0.7989524338410933,0.831514080666623
recall,0.4415954415954416,0.85625,0.543859649122807,0.7790055248618785,0.740608228980322,0.5822222222222222,0.6684782608695652,0.7475728155339806,0.9618620302860348,0.39669421487603307,0.5641025641025641,0.7661469933184856,0.6620228138591681,0.7661469933184856,0.7887016556508082
f1-score,0.5516014234875445,0.8203592814371257,0.5933014354066986,0.75,0.7760074976569822,0.6343825665859565,0.6890756302521008,0.6710239651416121,0.9425666391865898,0.4729064039408867,0.6139534883720931,0.7861958633299051,0.6831980301334174,0.7773392265620882,0.7837863287015829
support,351.0,160.0,114.0,181.0,559.0,225.0,552.0,206.0,1783.0,242.0,117.0,4490.0,4490.0,4490.0,4490.0
