index,1st degree av block,atrial fibrillation,premature atrial contraction,right bundle branch block,sinus rhythm,st depression,ventricular ectopics,micro avg,macro avg,weighted avg,samples avg
precision,0.8484848484848485,0.9107142857142857,0.3888888888888889,0.9095477386934674,0.7096774193548387,0.7733333333333333,0.75,0.8131699846860643,0.7558066449242375,0.7977842170519703,0.7001455604075691
recall,0.8,0.8793103448275862,0.23333333333333334,0.923469387755102,0.7586206896551724,0.6744186046511628,0.6067415730337079,0.7542613636363636,0.6965562761794378,0.7542613636363636,0.7161572052401747
f1-score,0.823529411764706,0.8947368421052632,0.2916666666666667,0.9164556962025318,0.7333333333333333,0.7204968944099379,0.670807453416149,0.7826086956521741,0.7215751854140839,0.7727648369839888,0.7016011644832606
support,70.0,116.0,60.0,196.0,87.0,86.0,89.0,704.0,704.0,704.0,704.0
