index,1st degree av block,atrial fibrillation,premature atrial contraction,right bundle branch block,sinus rhythm,st depression,ventricular ectopics,micro avg,macro avg,weighted avg,samples avg
precision,0.828125,0.9252336448598131,0.625,0.9090909090909091,0.6470588235294118,0.746268656716418,0.8461538461538461,0.833616298811545,0.7895615543357711,0.8192593542868175,0.6586608442503639
recall,0.7571428571428571,0.853448275862069,0.16666666666666666,0.9183673469387755,0.632183908045977,0.5813953488372093,0.4943820224719101,0.6974431818181818,0.6290837751379236,0.6974431818181818,0.6652110625909753
f1-score,0.7910447761194029,0.8878923766816144,0.2631578947368421,0.9137055837563451,0.6395348837209304,0.6535947712418301,0.624113475177305,0.7594740912606343,0.68186339449061,0.7395443219107644,0.6567200388161086
support,70.0,116.0,60.0,196.0,87.0,86.0,89.0,704.0,704.0,704.0,704.0
