index,1st degree av block,atrial fibrillation,premature atrial contraction,right bundle branch block,sinus rhythm,st depression,ventricular ectopics,micro avg,macro avg,weighted avg,samples avg
precision,0.8382352941176471,0.8859649122807017,0.48,0.9312169312169312,0.6746987951807228,0.7910447761194029,0.8163265306122449,0.8319327731092437,0.77392674850395,0.8127111165948815,0.6630276564774381
recall,0.8142857142857143,0.8706896551724138,0.2,0.8979591836734694,0.6436781609195402,0.6162790697674418,0.449438202247191,0.703125,0.6417614265808245,0.703125,0.6717612809315866
f1-score,0.8260869565217392,0.8782608695652173,0.28235294117647064,0.9142857142857141,0.6588235294117646,0.6928104575163397,0.5797101449275361,0.7621247113163971,0.6903329447721117,0.7447998204551912,0.6607957302280446
support,70.0,116.0,60.0,196.0,87.0,86.0,89.0,704.0,704.0,704.0,704.0
