index,abnormal QRS,atrial fibrillation,incomplete right bundle branch block,left anterior fascicular block,left axis deviation,left ventricular hypertrophy,myocardial infarction,myocardial ischemia,sinus rhythm,t wave abnormal,ventricular ectopics,micro avg,macro avg,weighted avg,samples avg
precision,0.6486486486486487,0.78125,0.5481481481481482,0.6923076923076923,0.7521514629948365,0.5719557195571956,0.7206477732793523,0.6391752577319587,0.9337748344370861,0.5409836065573771,0.7319587628865979,0.7848970251716247,0.6873638096862631,0.7796348270324426,0.8028095892502672
recall,0.41025641025641024,0.78125,0.6491228070175439,0.8453038674033149,0.7817531305903399,0.6888888888888889,0.644927536231884,0.6019417475728155,0.9489624228827819,0.4090909090909091,0.6068376068376068,0.7639198218262806,0.6698486660702269,0.7639198218262806,0.7896712693322864
f1-score,0.5026178010471205,0.78125,0.5943775100401607,0.7611940298507462,0.7666666666666667,0.625,0.6806883365200764,0.62,0.941307371349096,0.4658823529411765,0.6635514018691588,0.7742663656884876,0.6729577700258365,0.7680035008211016,0.7704966204966205
support,351.0,160.0,114.0,181.0,559.0,225.0,552.0,206.0,1783.0,242.0,117.0,4490.0,4490.0,4490.0,4490.0
