index,atrial fibrillation,left ventricular high voltage,nonspecific st t abnormality,sinus bradycardia,sinus rhythm,sinus tachycardia,supraventricular tachycardia,t wave abnormal,micro avg,macro avg,weighted avg,samples avg
precision,0.8418079096045198,0.6585365853658537,0.6527777777777778,0.987012987012987,0.9576719576719577,0.9319727891156463,0.7962962962962963,0.7692307692307693,0.8803486529318542,0.824413384009476,0.8664306470292252,0.861962890625
recall,0.8418079096045198,0.421875,0.47,0.9819121447028424,0.9141414141414141,0.9194630872483222,0.7049180327868853,0.6521739130434783,0.8027456647398844,0.7382864376909327,0.8027456647398844,0.82177734375
f1-score,0.8418079096045198,0.5142857142857142,0.5465116279069767,0.9844559585492229,0.9354005167958657,0.9256756756756758,0.7478260869565216,0.7058823529411764,0.8397581254724111,0.7752307303394592,0.8302737806536126,0.8274042038690477
support,177.0,128.0,100.0,387.0,198.0,149.0,61.0,184.0,1384.0,1384.0,1384.0,1384.0
