index,atrial fibrillation,left ventricular high voltage,nonspecific st t abnormality,sinus bradycardia,sinus rhythm,sinus tachycardia,supraventricular tachycardia,t wave abnormal,micro avg,macro avg,weighted avg,samples avg
precision,0.9324324324324325,0.6206896551724138,0.5875,0.9693877551020408,0.953125,0.8805031446540881,0.7586206896551724,0.6759776536312849,0.8496978851963746,0.797279541330929,0.8446252503740465,0.8457798549107143
recall,0.7796610169491526,0.5625,0.47,0.9819121447028424,0.9242424242424242,0.9395973154362416,0.7213114754098361,0.657608695652174,0.8128612716763006,0.7546041340490839,0.8128612716763006,0.8272298177083334
f1-score,0.8492307692307692,0.5901639344262296,0.5222222222222221,0.975609756097561,0.9384615384615383,0.9090909090909091,0.7394957983193277,0.6666666666666666,0.8308714918759231,0.7738676993144029,0.8270837196722959,0.8210332961309523
support,177.0,128.0,100.0,387.0,198.0,149.0,61.0,184.0,1384.0,1384.0,1384.0,1384.0
