index,abnormal QRS,atrial fibrillation,incomplete right bundle branch block,left anterior fascicular block,left axis deviation,left ventricular hypertrophy,myocardial infarction,myocardial ischemia,sinus rhythm,t wave abnormal,ventricular ectopics,micro avg,macro avg,weighted avg,samples avg
precision,0.6666666666666666,0.8301886792452831,0.6666666666666666,0.7678571428571429,0.7611408199643493,0.7184466019417476,0.6948818897637795,0.6572769953051644,0.9356789444749862,0.5448717948717948,0.75,0.808147797252487,0.7266978365234165,0.7964006529785518,0.83112325400461
recall,0.5014245014245015,0.825,0.42105263157894735,0.712707182320442,0.7638640429338104,0.6577777777777778,0.6394927536231884,0.6796116504854369,0.9545709478407179,0.3512396694214876,0.6153846153846154,0.7599109131403118,0.6474659793446296,0.7599109131403118,0.7860589402962285
f1-score,0.5723577235772358,0.8275862068965517,0.5161290322580646,0.7392550143266475,0.7625000000000001,0.6867749419953597,0.6660377358490566,0.6682577565632459,0.9450305385896723,0.4271356783919598,0.676056338028169,0.7832874196510561,0.680647360588724,0.7749411775868152,0.7820449057737193
support,351.0,160.0,114.0,181.0,559.0,225.0,552.0,206.0,1783.0,242.0,117.0,4490.0,4490.0,4490.0,4490.0
