index,atrial fibrillation,left ventricular high voltage,nonspecific st t abnormality,sinus bradycardia,sinus rhythm,sinus tachycardia,supraventricular tachycardia,t wave abnormal,micro avg,macro avg,weighted avg,samples avg
precision,0.85,0.5909090909090909,0.5,0.9770992366412213,0.9635416666666666,0.8452380952380952,0.7169811320754716,0.7354838709677419,0.827512473271561,0.7724066365622859,0.8309323524000438,0.83447265625
recall,0.864406779661017,0.7109375,0.54,0.9922480620155039,0.9343434343434344,0.9530201342281879,0.6229508196721312,0.6195652173913043,0.8388728323699421,0.7796839934139473,0.8388728323699421,0.8441569010416667
f1-score,0.8571428571428572,0.6453900709219859,0.5192307692307693,0.9846153846153846,0.9487179487179487,0.8958990536277602,0.6666666666666666,0.6725663716814159,0.8331539289558665,0.7737786403255986,0.8331267611663786,0.8243791852678571
support,177.0,128.0,100.0,387.0,198.0,149.0,61.0,184.0,1384.0,1384.0,1384.0,1384.0
