index,abnormal QRS,atrial fibrillation,incomplete right bundle branch block,left anterior fascicular block,left axis deviation,left ventricular hypertrophy,myocardial infarction,myocardial ischemia,sinus rhythm,t wave abnormal,ventricular ectopics,micro avg,macro avg,weighted avg,samples avg
precision,0.7045454545454546,0.7771084337349398,0.5047619047619047,0.7319587628865979,0.7863070539419087,0.6238938053097345,0.6877637130801688,0.5941422594142259,0.9360529217199559,0.4956140350877193,0.7155963302752294,0.7883486023020907,0.687067697705258,0.7831328615002869,0.8167293807124316
recall,0.4415954415954416,0.80625,0.4649122807017544,0.7845303867403315,0.6779964221824687,0.6266666666666667,0.5905797101449275,0.6893203883495146,0.9523275378575434,0.4669421487603306,0.6666666666666666,0.7474387527839643,0.6516170590605133,0.7474387527839643,0.7718004929869337
f1-score,0.5429071803852891,0.7914110429447854,0.4840182648401826,0.7573333333333332,0.7281460134486071,0.6252771618625277,0.6354775828460039,0.6382022471910113,0.9441201000834029,0.48085106382978726,0.6902654867256638,0.7673488053046759,0.6652735888627812,0.7616723902323201,0.7665000266695181
support,351.0,160.0,114.0,181.0,559.0,225.0,552.0,206.0,1783.0,242.0,117.0,4490.0,4490.0,4490.0,4490.0
