index,abnormal QRS,atrial fibrillation,incomplete right bundle branch block,left anterior fascicular block,left axis deviation,left ventricular hypertrophy,myocardial infarction,myocardial ischemia,sinus rhythm,t wave abnormal,ventricular ectopics,micro avg,macro avg,weighted avg,samples avg
precision,0.6680327868852459,0.81875,0.5094339622641509,0.8169934640522876,0.7950191570881227,0.7103448275862069,0.7021276595744681,0.6735751295336787,0.9311475409836065,0.5757575757575758,0.7764705882352941,0.8128640776699029,0.7252411538146034,0.8000938740327691,0.831191239665816
recall,0.46438746438746437,0.81875,0.47368421052631576,0.6906077348066298,0.7423971377459749,0.4577777777777778,0.657608695652174,0.6310679611650486,0.9556926528323051,0.3925619834710744,0.5641025641025641,0.745879732739421,0.6226034711333934,0.745879732739421,0.7732380079837706
f1-score,0.5478991596638655,0.81875,0.49090909090909085,0.7485029940119761,0.7678075855689177,0.5567567567567567,0.6791393826005612,0.6516290726817043,0.9432604483808469,0.46683046683046686,0.6534653465346534,0.777932636469222,0.665904573085349,0.7682878218426803,0.7754057491345627
support,351.0,160.0,114.0,181.0,559.0,225.0,552.0,206.0,1783.0,242.0,117.0,4490.0,4490.0,4490.0,4490.0
