index,1st degree av block,atrial fibrillation,premature atrial contraction,right bundle branch block,sinus rhythm,st depression,ventricular ectopics,micro avg,macro avg,weighted avg,samples avg
precision,0.8260869565217391,0.8898305084745762,0.4166666666666667,0.9497206703910615,0.6666666666666666,0.8243243243243243,0.796875,0.8293460925039873,0.7671672561492906,0.812507733278569,0.6882581271227559
recall,0.8142857142857143,0.9051724137931034,0.16666666666666666,0.8673469387755102,0.7586206896551724,0.7093023255813954,0.5730337078651685,0.7386363636363636,0.6849183509461045,0.7386363636363636,0.7023289665211062
f1-score,0.8201438848920863,0.8974358974358974,0.23809523809523808,0.9066666666666667,0.7096774193548386,0.7625,0.6666666666666667,0.7813673929376409,0.7144551104444848,0.7672660309866411,0.6889859291606016
support,70.0,116.0,60.0,196.0,87.0,86.0,89.0,704.0,704.0,704.0,704.0
