index,atrial fibrillation,left ventricular high voltage,nonspecific st t abnormality,sinus bradycardia,sinus rhythm,sinus tachycardia,supraventricular tachycardia,t wave abnormal,micro avg,macro avg,weighted avg,samples avg
precision,0.8805031446540881,0.6016260162601627,0.6923076923076923,0.9819121447028424,0.9623655913978495,0.9019607843137255,0.7931034482758621,0.7364864864864865,0.8686473807662236,0.8187831635498386,0.8604922859347572,0.8509928385416666
recall,0.7909604519774012,0.578125,0.45,0.9819121447028424,0.9040404040404041,0.9261744966442953,0.7540983606557377,0.592391304347826,0.8027456647398844,0.7472127702960634,0.8027456647398844,0.8206380208333334
f1-score,0.8333333333333334,0.5896414342629482,0.5454545454545455,0.9819121447028424,0.9322916666666667,0.9139072847682119,0.7731092436974789,0.6566265060240963,0.8343972962823883,0.7782845198637655,0.8282257474967886,0.8210146949404762
support,177.0,128.0,100.0,387.0,198.0,149.0,61.0,184.0,1384.0,1384.0,1384.0,1384.0
