index,abnormal QRS,atrial fibrillation,incomplete right bundle branch block,left anterior fascicular block,left axis deviation,left ventricular hypertrophy,myocardial infarction,myocardial ischemia,sinus rhythm,t wave abnormal,ventricular ectopics,micro avg,macro avg,weighted avg,samples avg
precision,0.7,0.821917808219178,0.6082474226804123,0.7314814814814815,0.7835820895522388,0.6666666666666666,0.6924643584521385,0.649746192893401,0.9303211758301578,0.5286624203821656,0.616822429906542,0.8054398431756923,0.7027192769149438,0.7888469531952844,0.8256298671552909
recall,0.358974358974359,0.75,0.5175438596491229,0.8729281767955801,0.7513416815742398,0.3466666666666667,0.6159420289855072,0.6213592233009708,0.9584969153112731,0.34297520661157027,0.5641025641025641,0.7320712694877506,0.6091209710883504,0.7320712694877506,0.7633662718408482
f1-score,0.4745762711864407,0.7843137254901962,0.5592417061611373,0.7959697732997482,0.7671232876712328,0.456140350877193,0.6519654841802492,0.6352357320099256,0.9441988950276242,0.4160401002506266,0.5892857142857142,0.7670050169175127,0.6430991854945535,0.7517198926988775,0.7671202467812638
support,351.0,160.0,114.0,181.0,559.0,225.0,552.0,206.0,1783.0,242.0,117.0,4490.0,4490.0,4490.0,4490.0
