index,1st degree av block,atrial fibrillation,premature atrial contraction,right bundle branch block,sinus rhythm,st depression,ventricular ectopics,micro avg,macro avg,weighted avg,samples avg
precision,0.835820895522388,0.8780487804878049,0.4375,0.9119170984455959,0.7311827956989247,0.7407407407407407,0.7037037037037037,0.7959183673469388,0.7484162877998798,0.7887686208489051,0.6957787481804949
recall,0.8,0.9310344827586207,0.35,0.8979591836734694,0.7816091954022989,0.6976744186046512,0.6404494382022472,0.7755681818181818,0.7283895312344697,0.7755681818181818,0.7328966521106259
f1-score,0.8175182481751825,0.903765690376569,0.38888888888888884,0.9048843187660668,0.7555555555555556,0.7185628742514969,0.6705882352941176,0.7856115107913668,0.7371091159011254,0.7812014925107467,0.7057253760310529
support,70.0,116.0,60.0,196.0,87.0,86.0,89.0,704.0,704.0,704.0,704.0
