index,abnormal QRS,atrial fibrillation,incomplete right bundle branch block,left anterior fascicular block,left axis deviation,left ventricular hypertrophy,myocardial infarction,myocardial ischemia,sinus rhythm,t wave abnormal,ventricular ectopics,micro avg,macro avg,weighted avg,samples avg
precision,0.6105263157894737,0.7548387096774194,0.5922330097087378,0.815068493150685,0.7697841726618705,0.6550218340611353,0.7521367521367521,0.6327433628318584,0.9214208826695371,0.4900398406374502,0.6666666666666666,0.786918869644485,0.6964072763628716,0.7823625503555013,0.8211755338873983
recall,0.49572649572649574,0.73125,0.5350877192982456,0.6574585635359116,0.7656529516994633,0.6666666666666666,0.6376811594202898,0.6941747572815534,0.9601794727986539,0.5082644628099173,0.6324786324786325,0.7690423162583518,0.6622382619741664,0.7690423162583518,0.79340357306459
f1-score,0.5471698113207547,0.7428571428571429,0.5622119815668204,0.7278287461773699,0.767713004484305,0.6607929515418502,0.6901960784313725,0.6620370370370371,0.9404009887393573,0.49898580121703856,0.6491228070175439,0.7778779004280243,0.6772105773082356,0.7740262047556101,0.7810933709238793
support,351.0,160.0,114.0,181.0,559.0,225.0,552.0,206.0,1783.0,242.0,117.0,4490.0,4490.0,4490.0,4490.0
