index,atrial fibrillation,left ventricular high voltage,nonspecific st t abnormality,sinus bradycardia,sinus rhythm,sinus tachycardia,supraventricular tachycardia,t wave abnormal,micro avg,macro avg,weighted avg,samples avg
precision,0.8562874251497006,0.6336633663366337,0.5769230769230769,0.9796437659033079,0.934010152284264,0.9343065693430657,0.7619047619047619,0.7564102564102564,0.8630030959752322,0.8041436717818833,0.8520864139303126,0.8500162760416666
recall,0.807909604519774,0.5,0.45,0.9948320413436692,0.9292929292929293,0.8590604026845637,0.7868852459016393,0.6413043478260869,0.805635838150289,0.7461605714460828,0.805635838150289,0.8235677083333334
f1-score,0.8313953488372092,0.5589519650655022,0.5056179775280899,0.9871794871794871,0.9316455696202531,0.8951048951048951,0.7741935483870968,0.6941176470588235,0.8333333333333334,0.7722758048476697,0.8266495615821653,0.8212704613095239
support,177.0,128.0,100.0,387.0,198.0,149.0,61.0,184.0,1384.0,1384.0,1384.0,1384.0
