index,atrial fibrillation,left ventricular high voltage,nonspecific st t abnormality,sinus bradycardia,sinus rhythm,sinus tachycardia,supraventricular tachycardia,t wave abnormal,micro avg,macro avg,weighted avg,samples avg
precision,0.8552631578947368,0.547945205479452,0.49019607843137253,0.9577114427860697,0.9726775956284153,0.918918918918919,0.7543859649122807,0.643979057591623,0.8295107033639144,0.7676346777053586,0.8202249095086253,0.8282877604166667
recall,0.7344632768361582,0.3125,0.5,0.9948320413436692,0.898989898989899,0.912751677852349,0.7049180327868853,0.6684782608695652,0.7839595375722543,0.7158666485848157,0.7839595375722543,0.8067220052083334
f1-score,0.7902735562310029,0.3980099502487562,0.495049504950495,0.9759188846641319,0.9343832020997376,0.9158249158249159,0.7288135593220338,0.6559999999999999,0.8060921248142645,0.7367841966676342,0.7981478797233391,0.8004278273809524
support,177.0,128.0,100.0,387.0,198.0,149.0,61.0,184.0,1384.0,1384.0,1384.0,1384.0
