index,abnormal QRS,atrial fibrillation,incomplete right bundle branch block,left anterior fascicular block,left axis deviation,left ventricular hypertrophy,myocardial infarction,myocardial ischemia,sinus rhythm,t wave abnormal,ventricular ectopics,micro avg,macro avg,weighted avg,samples avg
precision,0.7348837209302326,0.831081081081081,0.5816326530612245,0.8091603053435115,0.7725563909774437,0.75,0.7790178571428571,0.7153284671532847,0.937984496124031,0.6,0.7191011235955056,0.8363448631905007,0.7482496450371973,0.8203623671978364,0.8426351896690879
recall,0.45014245014245013,0.76875,0.5,0.585635359116022,0.7352415026833632,0.4,0.6322463768115942,0.47572815533980584,0.950084127874369,0.371900826446281,0.5470085470085471,0.7216035634743875,0.5833397586747666,0.7216035634743875,0.757785267107301
f1-score,0.558303886925795,0.7987012987012988,0.5377358490566037,0.6794871794871795,0.7534372135655364,0.5217391304347827,0.698,0.5714285714285715,0.9439955419336862,0.4591836734693877,0.6213592233009709,0.7747489239598278,0.6493974153003467,0.760931951047129,0.772842516062855
support,351.0,160.0,114.0,181.0,559.0,225.0,552.0,206.0,1783.0,242.0,117.0,4490.0,4490.0,4490.0,4490.0
