index,1st degree av block,atrial fibrillation,premature atrial contraction,right bundle branch block,sinus rhythm,st depression,ventricular ectopics,micro avg,macro avg,weighted avg,samples avg
precision,0.6923076923076923,0.9150943396226415,0.475,0.9402173913043478,0.6346153846153846,0.7078651685393258,0.5825242718446602,0.7556818181818182,0.7068034640334361,0.7604086558288526,0.6791606016496846
recall,0.7714285714285715,0.8362068965517241,0.31666666666666665,0.8826530612244898,0.7586206896551724,0.7325581395348837,0.6741573033707865,0.7556818181818182,0.7103273326331848,0.7556818181818182,0.7183406113537117
f1-score,0.7297297297297296,0.8738738738738739,0.37999999999999995,0.9105263157894737,0.6910994764397905,0.7199999999999999,0.625,0.7556818181818182,0.7043184851189811,0.7548071914708084,0.6895196506550219
support,70.0,116.0,60.0,196.0,87.0,86.0,89.0,704.0,704.0,704.0,704.0
