index,1st degree av block,atrial fibrillation,premature atrial contraction,right bundle branch block,sinus rhythm,st depression,ventricular ectopics,micro avg,macro avg,weighted avg,samples avg
precision,0.7936507936507936,0.9026548672566371,0.4444444444444444,0.976878612716763,0.59375,0.7375,0.8333333333333334,0.8266666666666667,0.754601721628853,0.8063157834987845,0.6550218340611353
recall,0.7142857142857143,0.8793103448275862,0.06666666666666667,0.8622448979591837,0.6551724137931034,0.686046511627907,0.6179775280898876,0.7045454545454546,0.6402434396071498,0.7045454545454546,0.6688500727802038
f1-score,0.7518796992481204,0.8908296943231441,0.11594202898550725,0.9159891598915989,0.6229508196721311,0.7108433734939759,0.7096774193548387,0.7607361963190183,0.6740160278527594,0.7399840373881745,0.6545366327025716
support,70.0,116.0,60.0,196.0,87.0,86.0,89.0,704.0,704.0,704.0,704.0
