index,abnormal QRS,atrial fibrillation,incomplete right bundle branch block,left anterior fascicular block,left axis deviation,left ventricular hypertrophy,myocardial infarction,myocardial ischemia,sinus rhythm,t wave abnormal,ventricular ectopics,micro avg,macro avg,weighted avg,samples avg
precision,0.6075949367088608,0.7905405405405406,0.6052631578947368,0.7662337662337663,0.787819253438114,0.7927927927927928,0.6861598440545809,0.6140350877192983,0.9341383095499451,0.5933333333333334,0.7047619047619048,0.8070565013570195,0.7166066297298068,0.7935576479843114,0.83021071919377
recall,0.41025641025641024,0.73125,0.40350877192982454,0.6519337016574586,0.7173524150268337,0.39111111111111113,0.6376811594202898,0.6796116504854369,0.9545709478407179,0.3677685950413223,0.6324786324786325,0.7285077951002227,0.5979566722952762,0.7285077951002227,0.7602818314682721
f1-score,0.4897959183673469,0.7597402597402597,0.4842105263157894,0.7044776119402985,0.750936329588015,0.5238095238095238,0.6610328638497652,0.6451612903225807,0.944244105409154,0.4540816326530613,0.6666666666666666,0.7657731476062273,0.6440142480602238,0.7534713072297331,0.7672839859280538
support,351.0,160.0,114.0,181.0,559.0,225.0,552.0,206.0,1783.0,242.0,117.0,4490.0,4490.0,4490.0,4490.0
