index,abnormal QRS,atrial fibrillation,incomplete right bundle branch block,left anterior fascicular block,left axis deviation,left ventricular hypertrophy,myocardial infarction,myocardial ischemia,sinus rhythm,t wave abnormal,ventricular ectopics,micro avg,macro avg,weighted avg,samples avg
precision,0.7061855670103093,0.8098159509202454,0.5841584158415841,0.7808219178082192,0.7883211678832117,0.578125,0.7346938775510204,0.625,0.9389567147613762,0.5567010309278351,0.7659574468085106,0.8069795427196149,0.7153397354102101,0.7993126245284253,0.8244341193493736
recall,0.3903133903133903,0.825,0.5175438596491229,0.6298342541436464,0.7728085867620751,0.6577777777777778,0.5869565217391305,0.6553398058252428,0.9489624228827819,0.4462809917355372,0.6153846153846154,0.7467706013363029,0.6405638387466653,0.7467706013363029,0.7768023471413301
f1-score,0.5027522935779817,0.8173374613003095,0.5488372093023255,0.6972477064220183,0.7804878048780487,0.6153846153846154,0.6525679758308157,0.6398104265402844,0.9439330543933055,0.4954128440366972,0.6824644549763033,0.7757085020242915,0.6705668951493368,0.7673837200363964,0.7739835697462816
support,351.0,160.0,114.0,181.0,559.0,225.0,552.0,206.0,1783.0,242.0,117.0,4490.0,4490.0,4490.0,4490.0
