index,abnormal QRS,atrial fibrillation,incomplete right bundle branch block,left anterior fascicular block,left axis deviation,left ventricular hypertrophy,myocardial infarction,myocardial ischemia,sinus rhythm,t wave abnormal,ventricular ectopics,micro avg,macro avg,weighted avg,samples avg
precision,0.6958333333333333,0.793939393939394,0.5714285714285714,0.8024691358024691,0.8097087378640777,0.5772058823529411,0.7489270386266095,0.6045454545454545,0.9204909284951974,0.5408805031446541,0.7755102040816326,0.8016317016317016,0.7128126530558486,0.7939784569827583,0.8289651637109264
recall,0.4757834757834758,0.81875,0.5964912280701754,0.7182320441988951,0.7459749552772809,0.6977777777777778,0.6322463768115942,0.6456310679611651,0.9674705552439709,0.35537190082644626,0.6495726495726496,0.7659242761692651,0.6639365483203119,0.7659242761692651,0.7888707109046091
f1-score,0.5651438240270727,0.8061538461538461,0.5836909871244635,0.7580174927113702,0.776536312849162,0.6317907444668008,0.6856581532416502,0.6244131455399062,0.9433962264150944,0.4289276807980049,0.7069767441860466,0.7833712984054669,0.6827913779557654,0.7757312718954089,0.7832648137732883
support,351.0,160.0,114.0,181.0,559.0,225.0,552.0,206.0,1783.0,242.0,117.0,4490.0,4490.0,4490.0,4490.0
