index,atrial fibrillation,left ventricular high voltage,nonspecific st t abnormality,sinus bradycardia,sinus rhythm,sinus tachycardia,supraventricular tachycardia,t wave abnormal,micro avg,macro avg,weighted avg,samples avg
precision,0.8963414634146342,0.7065217391304348,0.6153846153846154,0.9845758354755784,0.9619565217391305,0.9285714285714286,0.6923076923076923,0.7041420118343196,0.8696330991412958,0.8112251634822292,0.8614696279410194,0.8520670572916667
recall,0.8305084745762712,0.5078125,0.48,0.9896640826873385,0.8939393939393939,0.87248322147651,0.7377049180327869,0.6467391304347826,0.8049132947976878,0.7448564651433853,0.8049132947976878,0.8225911458333334
f1-score,0.8621700879765396,0.5909090909090909,0.5393258426966293,0.9871134020618556,0.9267015706806283,0.8996539792387543,0.7142857142857143,0.6742209631728046,0.8360225140712946,0.7742975813777522,0.8304547541707915,0.8240071614583333
support,177.0,128.0,100.0,387.0,198.0,149.0,61.0,184.0,1384.0,1384.0,1384.0,1384.0
