index,abnormal QRS,atrial fibrillation,incomplete right bundle branch block,left anterior fascicular block,left axis deviation,left ventricular hypertrophy,myocardial infarction,myocardial ischemia,sinus rhythm,t wave abnormal,ventricular ectopics,micro avg,macro avg,weighted avg,samples avg
precision,0.673728813559322,0.7530120481927711,0.64,0.7513812154696132,0.8382642998027613,0.6387665198237885,0.7294372294372294,0.6094420600858369,0.932750136686714,0.492,0.7272727272727273,0.8014067995310669,0.7078231863937058,0.7959188796549252,0.8293483556195421
recall,0.452991452991453,0.78125,0.42105263157894735,0.7513812154696132,0.7602862254025045,0.6444444444444445,0.6105072463768116,0.6893203883495146,0.9568143578238923,0.5082644628099173,0.6153846153846154,0.7612472160356347,0.6537906400574284,0.7612472160356347,0.7856401195384246
f1-score,0.5417376490630325,0.7668711656441719,0.5079365079365079,0.7513812154696132,0.797373358348968,0.6415929203539823,0.6646942800788954,0.6469248291571754,0.9446290143964563,0.5,0.6666666666666667,0.7808109651627643,0.6754370551923154,0.7751214850121343,0.7805810161742365
support,351.0,160.0,114.0,181.0,559.0,225.0,552.0,206.0,1783.0,242.0,117.0,4490.0,4490.0,4490.0,4490.0
