index,1st degree av block,atrial fibrillation,premature atrial contraction,right bundle branch block,sinus rhythm,st depression,ventricular ectopics,micro avg,macro avg,weighted avg,samples avg
precision,0.8688524590163934,0.9145299145299145,0.5,0.9540229885057471,0.6633663366336634,0.8813559322033898,0.8653846153846154,0.845514950166113,0.8067874637533892,0.8443499434511295,0.6866569626394954
recall,0.7571428571428571,0.9224137931034483,0.31666666666666665,0.8469387755102041,0.7701149425287356,0.6046511627906976,0.5056179775280899,0.7230113636363636,0.674792310752957,0.7230113636363636,0.6877729257641921
f1-score,0.8091603053435115,0.9184549356223175,0.3877551020408163,0.8972972972972973,0.7127659574468086,0.7172413793103448,0.6382978723404256,0.7794793261868299,0.7258532642002173,0.7710503946815536,0.6818118805018368
support,70.0,116.0,60.0,196.0,87.0,86.0,89.0,704.0,704.0,704.0,704.0
