index,atrial fibrillation,left ventricular high voltage,nonspecific st t abnormality,sinus bradycardia,sinus rhythm,sinus tachycardia,supraventricular tachycardia,t wave abnormal,micro avg,macro avg,weighted avg,samples avg
precision,0.8774193548387097,0.6857142857142857,0.6164383561643836,0.9818652849740933,0.946524064171123,0.9256756756756757,0.7818181818181819,0.7325581395348837,0.8756019261637239,0.818501667861417,0.8616469670709381,0.8451334635416666
recall,0.768361581920904,0.375,0.45,0.979328165374677,0.8939393939393939,0.9194630872483222,0.7049180327868853,0.6847826086956522,0.7882947976878613,0.7219741087457293,0.7882947976878613,0.806396484375
f1-score,0.8192771084337349,0.4848484848484848,0.5202312138728323,0.9805950840879689,0.9194805194805195,0.9225589225589227,0.7413793103448276,0.7078651685393259,0.8296577946768061,0.7620294765208271,0.8190576766209516,0.8116303943452381
support,177.0,128.0,100.0,387.0,198.0,149.0,61.0,184.0,1384.0,1384.0,1384.0,1384.0
