index,atrial fibrillation,left ventricular high voltage,nonspecific st t abnormality,sinus bradycardia,sinus rhythm,sinus tachycardia,supraventricular tachycardia,t wave abnormal,micro avg,macro avg,weighted avg,samples avg
precision,0.875,0.6761904761904762,0.4957983193277311,0.96,0.967741935483871,0.8789808917197452,0.7843137254901961,0.6580310880829016,0.8305209097578871,0.7870070545368651,0.8338360740168774,0.830078125
recall,0.751412429378531,0.5546875,0.59,0.9922480620155039,0.9090909090909091,0.9261744966442953,0.6557377049180327,0.6902173913043478,0.8179190751445087,0.7586960616689524,0.8179190751445087,0.8246256510416667
f1-score,0.8085106382978723,0.6094420600858369,0.5388127853881278,0.9758576874205844,0.9374999999999999,0.9019607843137255,0.7142857142857142,0.6737400530503979,0.8241718238077903,0.7700137153552824,0.823851102193451,0.812455822172619
support,177.0,128.0,100.0,387.0,198.0,149.0,61.0,184.0,1384.0,1384.0,1384.0,1384.0
