index,abnormal QRS,atrial fibrillation,incomplete right bundle branch block,left anterior fascicular block,left axis deviation,left ventricular hypertrophy,myocardial infarction,myocardial ischemia,sinus rhythm,t wave abnormal,ventricular ectopics,micro avg,macro avg,weighted avg,samples avg
precision,0.6778846153846154,0.8050314465408805,0.6712328767123288,0.754601226993865,0.7570093457943925,0.6214689265536724,0.7051792828685259,0.6666666666666666,0.922622246104245,0.5739644970414202,0.7741935483870968,0.804553160571567,0.7208958799134282,0.7892989866318976,0.8271720873415789
recall,0.4017094017094017,0.8,0.4298245614035088,0.6795580110497238,0.7245080500894454,0.4888888888888889,0.6413043478260869,0.6116504854368932,0.9629837352776219,0.40082644628099173,0.6153846153846154,0.7398663697104677,0.6142398675770161,0.7398663697104677,0.7693115633793601
f1-score,0.5044722719141325,0.8025078369905957,0.5240641711229946,0.7151162790697675,0.7404021937842779,0.5472636815920398,0.6717267552182163,0.6379746835443036,0.942371020856202,0.4720194647201946,0.6857142857142857,0.770855087597169,0.6585120585933646,0.7591515153299941,0.7705611510696256
support,351.0,160.0,114.0,181.0,559.0,225.0,552.0,206.0,1783.0,242.0,117.0,4490.0,4490.0,4490.0,4490.0
