index,1st degree av block,atrial fibrillation,premature atrial contraction,right bundle branch block,sinus rhythm,st depression,ventricular ectopics,micro avg,macro avg,weighted avg,samples avg
precision,0.8450704225352113,0.9401709401709402,0.3829787234042553,0.9277777777777778,0.7032967032967034,0.803030303030303,0.8269230769230769,0.8253205128205128,0.7756068495911811,0.81943394826643,0.6728529839883551
recall,0.8571428571428571,0.9482758620689655,0.3,0.8520408163265306,0.735632183908046,0.6162790697674418,0.48314606741573035,0.7315340909090909,0.6846452652327958,0.7315340909090909,0.6950509461426492
f1-score,0.851063829787234,0.944206008583691,0.33644859813084116,0.8882978723404255,0.7191011235955056,0.6973684210526315,0.6099290780141844,0.7756024096385542,0.720916418786359,0.7673506162698664,0.6771955361475013
support,70.0,116.0,60.0,196.0,87.0,86.0,89.0,704.0,704.0,704.0,704.0
