index,1st degree av block,atrial fibrillation,premature atrial contraction,right bundle branch block,sinus rhythm,st depression,ventricular ectopics,micro avg,macro avg,weighted avg,samples avg
precision,0.8412698412698413,0.8449612403100775,0.6470588235294118,0.9411764705882353,0.6923076923076923,0.782608695652174,0.6987951807228916,0.8226837060702875,0.7783111349114747,0.8095545433993042,0.6853469189713731
recall,0.7571428571428571,0.9396551724137931,0.18333333333333332,0.8979591836734694,0.6206896551724138,0.627906976744186,0.651685393258427,0.7315340909090909,0.6683389388197829,0.7315340909090909,0.6994177583697234
f1-score,0.7969924812030075,0.889795918367347,0.2857142857142857,0.9190600522193212,0.6545454545454545,0.6967741935483871,0.6744186046511629,0.7744360902255639,0.7024715700355665,0.7573518730074379,0.6846191169335275
support,70.0,116.0,60.0,196.0,87.0,86.0,89.0,704.0,704.0,704.0,704.0
