index,atrial fibrillation,left ventricular high voltage,nonspecific st t abnormality,sinus bradycardia,sinus rhythm,sinus tachycardia,supraventricular tachycardia,t wave abnormal,micro avg,macro avg,weighted avg,samples avg
precision,0.8597560975609756,0.6197183098591549,0.5274725274725275,0.9922279792746114,0.9736842105263158,0.9090909090909091,0.7450980392156863,0.6686746987951807,0.8553157474020784,0.7869653464744201,0.8417423394263136,0.8267415364583333
recall,0.7966101694915254,0.34375,0.48,0.9896640826873385,0.9343434343434344,0.8053691275167785,0.6229508196721312,0.6032608695652174,0.773121387283237,0.6969935629095532,0.773121387283237,0.7919921875
f1-score,0.8269794721407624,0.44221105527638194,0.5026178010471205,0.9909443725743855,0.9536082474226805,0.8540925266903915,0.6785714285714286,0.6342857142857143,0.8121442125237192,0.7354138272511082,0.8026815621194211,0.7923409598214286
support,177.0,128.0,100.0,387.0,198.0,149.0,61.0,184.0,1384.0,1384.0,1384.0,1384.0
