index,atrial fibrillation,left ventricular high voltage,nonspecific st t abnormality,sinus bradycardia,sinus rhythm,sinus tachycardia,supraventricular tachycardia,t wave abnormal,micro avg,macro avg,weighted avg,samples avg
precision,0.8628571428571429,0.5777777777777777,0.573170731707317,0.979381443298969,0.9738219895287958,0.9290780141843972,0.5925925925925926,0.7070063694267515,0.8487654320987654,0.774460757671718,0.8385156500950504,0.8202311197916666
recall,0.8531073446327684,0.609375,0.47,0.9819121447028424,0.9393939393939394,0.8791946308724832,0.26229508196721313,0.6032608695652174,0.7947976878612717,0.699817376391808,0.7947976878612717,0.8055013020833334
f1-score,0.8579545454545455,0.5931558935361216,0.5164835164835165,0.9806451612903226,0.9562982005141388,0.9034482758620689,0.36363636363636365,0.6510263929618768,0.8208955223880597,0.7278310437173694,0.8127683882065287,0.7980608258928572
support,177.0,128.0,100.0,387.0,198.0,149.0,61.0,184.0,1384.0,1384.0,1384.0,1384.0
