index,1st degree av block,atrial fibrillation,premature atrial contraction,right bundle branch block,sinus rhythm,st depression,ventricular ectopics,micro avg,macro avg,weighted avg,samples avg
precision,0.8028169014084507,0.9009009009009009,0.42,0.9234972677595629,0.6309523809523809,0.7241379310344828,0.7142857142857143,0.7827426810477658,0.7309415851916418,0.7779080964023034,0.6606016496846191
recall,0.8142857142857143,0.8620689655172413,0.35,0.8622448979591837,0.6091954022988506,0.7325581395348837,0.5056179775280899,0.7215909090909091,0.6765672995891376,0.7215909090909091,0.6804949053857351
f1-score,0.8085106382978723,0.881057268722467,0.3818181818181818,0.8918205804749341,0.6198830409356725,0.7283236994219654,0.5921052631578948,0.7509238728750924,0.7005026675469982,0.7468286131641766,0.6647258612324114
support,70.0,116.0,60.0,196.0,87.0,86.0,89.0,704.0,704.0,704.0,704.0
