index,1st degree av block,atrial fibrillation,premature atrial contraction,right bundle branch block,sinus rhythm,st depression,ventricular ectopics,micro avg,macro avg,weighted avg,samples avg
precision,0.828125,0.918918918918919,0.36470588235294116,0.9340659340659341,0.5855855855855856,0.6990291262135923,0.7916666666666666,0.7554945054945055,0.7317281591148055,0.7827321090146909,0.6848617176128093
recall,0.7571428571428571,0.8793103448275862,0.5166666666666667,0.8673469387755102,0.7471264367816092,0.8372093023255814,0.6404494382022472,0.78125,0.7493217121031511,0.78125,0.7372634643377002
f1-score,0.7910447761194029,0.8986784140969163,0.42758620689655175,0.8994708994708994,0.6565656565656566,0.761904761904762,0.7080745341614907,0.7681564245810055,0.7347607498879543,0.7773223782089265,0.7005822416302766
support,70.0,116.0,60.0,196.0,87.0,86.0,89.0,704.0,704.0,704.0,704.0
