index,1st degree av block,atrial fibrillation,premature atrial contraction,right bundle branch block,sinus rhythm,st depression,ventricular ectopics,micro avg,macro avg,weighted avg,samples avg
precision,0.855072463768116,0.8907563025210085,0.5,0.9704142011834319,0.6701030927835051,0.7638888888888888,0.7450980392156863,0.838160136286201,0.7707618554800909,0.8149021676064817,0.6695778748180495
recall,0.8428571428571429,0.9137931034482759,0.08333333333333333,0.8367346938775511,0.7471264367816092,0.6395348837209303,0.42696629213483145,0.6988636363636364,0.6414779837362391,0.6988636363636364,0.6695778748180495
f1-score,0.8489208633093526,0.9021276595744682,0.14285714285714285,0.8986301369863015,0.7065217391304347,0.6962025316455697,0.5428571428571428,0.7621998450813323,0.6768738880514874,0.7364052544079392,0.6634643377001456
support,70.0,116.0,60.0,196.0,87.0,86.0,89.0,704.0,704.0,704.0,704.0
