index,abnormal QRS,atrial fibrillation,incomplete right bundle branch block,left anterior fascicular block,left axis deviation,left ventricular hypertrophy,myocardial infarction,myocardial ischemia,sinus rhythm,t wave abnormal,ventricular ectopics,micro avg,macro avg,weighted avg,samples avg
precision,0.6385542168674698,0.8541666666666666,0.6170212765957447,0.75,0.7938931297709924,0.5859375,0.7045009784735812,0.7251461988304093,0.9331872946330778,0.4790697674418605,0.7614678899082569,0.7980836644075718,0.7129949926534599,0.7905737304250564,0.8221429662107628
recall,0.452991452991453,0.76875,0.5087719298245614,0.7458563535911602,0.7441860465116279,0.6666666666666666,0.6521739130434783,0.6019417475728155,0.9556926528323051,0.4256198347107438,0.7094017094017094,0.7605790645879733,0.6574593006496838,0.7605790645879733,0.7823233645267543
f1-score,0.5299999999999999,0.8092105263157894,0.5576923076923077,0.7479224376731302,0.7682363804247461,0.6237006237006237,0.6773283160865475,0.6578249336870027,0.944305901911887,0.45076586433260396,0.7345132743362831,0.7788801459687535,0.6819545969237202,0.7733517433608876,0.7749906199058741
support,351.0,160.0,114.0,181.0,559.0,225.0,552.0,206.0,1783.0,242.0,117.0,4490.0,4490.0,4490.0,4490.0
