index,atrial fibrillation,left ventricular high voltage,nonspecific st t abnormality,sinus bradycardia,sinus rhythm,sinus tachycardia,supraventricular tachycardia,t wave abnormal,micro avg,macro avg,weighted avg,samples avg
precision,0.834319526627219,0.5352112676056338,0.6153846153846154,0.9721518987341772,0.9685863874345549,0.9060402684563759,0.7540983606557377,0.7317073170731707,0.8583724569640062,0.7896874552464355,0.8391308496160638,0.8466796875
recall,0.7966101694915254,0.296875,0.48,0.9922480620155039,0.9343434343434344,0.9060402684563759,0.7540983606557377,0.6521739130434783,0.7926300578034682,0.7265486510007569,0.7926300578034682,0.8135579427083333
f1-score,0.815028901734104,0.38190954773869346,0.5393258426966293,0.9820971867007673,0.9511568123393316,0.9060402684563759,0.7540983606557377,0.6896551724137931,0.8241923365890307,0.752414011591929,0.8116866573754875,0.8144717261904761
support,177.0,128.0,100.0,387.0,198.0,149.0,61.0,184.0,1384.0,1384.0,1384.0,1384.0
