index,atrial fibrillation,left ventricular high voltage,nonspecific st t abnormality,sinus bradycardia,sinus rhythm,sinus tachycardia,supraventricular tachycardia,t wave abnormal,micro avg,macro avg,weighted avg,samples avg
precision,0.743455497382199,0.6060606060606061,0.5263157894736842,0.9846153846153847,0.934010152284264,0.92,0.7384615384615385,0.6276595744680851,0.8086895585143657,0.7600723178432202,0.8131464155393751,0.8274739583333334
recall,0.8022598870056498,0.625,0.6,0.9922480620155039,0.9292929292929293,0.9261744966442953,0.7868852459016393,0.6413043478260869,0.8338150289017341,0.787895621085763,0.8338150289017341,0.8426920572916666
f1-score,0.7717391304347827,0.6153846153846154,0.5607476635514018,0.9884169884169884,0.9316455696202531,0.9230769230769231,0.7619047619047619,0.6344086021505376,0.8210601209533973,0.773415531817533,0.8231003289912306,0.8178749689980158
support,177.0,128.0,100.0,387.0,198.0,149.0,61.0,184.0,1384.0,1384.0,1384.0,1384.0
