index,1st degree av block,atrial fibrillation,premature atrial contraction,right bundle branch block,sinus rhythm,st depression,ventricular ectopics,micro avg,macro avg,weighted avg,samples avg
precision,0.8928571428571429,0.8780487804878049,0.4230769230769231,0.9453551912568307,0.6818181818181818,0.7868852459016393,0.8225806451612904,0.8363939899833055,0.7758031586514018,0.8170850593645131,0.6741872877244056
recall,0.7142857142857143,0.9310344827586207,0.18333333333333332,0.8826530612244898,0.6896551724137931,0.5581395348837209,0.5730337078651685,0.7116477272727273,0.647447858109263,0.7116477272727273,0.6761280931586608
f1-score,0.7936507936507937,0.903765690376569,0.25581395348837205,0.9129287598944592,0.6857142857142858,0.6530612244897959,0.6754966887417219,0.7689946277820415,0.697204485193714,0.7537142943879722,0.6704997573993207
support,70.0,116.0,60.0,196.0,87.0,86.0,89.0,704.0,704.0,704.0,704.0
