index,abnormal QRS,atrial fibrillation,incomplete right bundle branch block,left anterior fascicular block,left axis deviation,left ventricular hypertrophy,myocardial infarction,myocardial ischemia,sinus rhythm,t wave abnormal,ventricular ectopics,micro avg,macro avg,weighted avg,samples avg
precision,0.6615969581749049,0.775,0.6039603960396039,0.8037974683544303,0.7874306839186691,0.7391304347826086,0.7086614173228346,0.6008064516129032,0.9315443592552026,0.5769230769230769,0.691358024691358,0.8054898248935163,0.7163826610068719,0.7958647119882948,0.8272871539820692
recall,0.49572649572649574,0.775,0.5350877192982456,0.7016574585635359,0.7620751341681574,0.6044444444444445,0.6521739130434783,0.7233009708737864,0.9540100953449243,0.371900826446281,0.47863247863247865,0.7581291759465479,0.6412735942310753,0.7581291759465479,0.7798911502301332
f1-score,0.5667752442996742,0.775,0.5674418604651162,0.7492625368731562,0.7745454545454544,0.6650366748166259,0.679245283018868,0.6563876651982379,0.9426433915211971,0.45226130653266333,0.5656565656565656,0.7810922441486922,0.6722050893570508,0.7733560444639574,0.7765586935078461
support,351.0,160.0,114.0,181.0,559.0,225.0,552.0,206.0,1783.0,242.0,117.0,4490.0,4490.0,4490.0,4490.0
