index,1st degree av block,atrial fibrillation,premature atrial contraction,right bundle branch block,sinus rhythm,st depression,ventricular ectopics,micro avg,macro avg,weighted avg,samples avg
precision,0.8055555555555556,0.9363636363636364,0.5,0.9606741573033708,0.6216216216216216,0.7538461538461538,0.8181818181818182,0.82996632996633,0.7708918489817366,0.8168028944155733,0.666060164968462
recall,0.8285714285714286,0.8879310344827587,0.11666666666666667,0.8724489795918368,0.7931034482758621,0.5697674418604651,0.4044943820224719,0.7002840909090909,0.6389976259244986,0.7002840909090909,0.6717612809315866
f1-score,0.8169014084507044,0.9115044247787611,0.18918918918918917,0.9144385026737968,0.696969696969697,0.6490066225165563,0.5413533834586466,0.7596302003081664,0.6741947468624788,0.7359805313095286,0.6618146530810286
support,70.0,116.0,60.0,196.0,87.0,86.0,89.0,704.0,704.0,704.0,704.0
