index,abnormal QRS,atrial fibrillation,incomplete right bundle branch block,left anterior fascicular block,left axis deviation,left ventricular hypertrophy,myocardial infarction,myocardial ischemia,sinus rhythm,t wave abnormal,ventricular ectopics,micro avg,macro avg,weighted avg,samples avg
precision,0.6162790697674418,0.6946107784431138,0.5617977528089888,0.7150259067357513,0.7664359861591695,0.7454545454545455,0.7450592885375494,0.657608695652174,0.9322033898305084,0.6363636363636364,0.7528089887640449,0.807398568019093,0.7112407307742659,0.7946589564140711,0.8309949174355954
recall,0.452991452991453,0.725,0.43859649122807015,0.7624309392265194,0.7924865831842576,0.5466666666666666,0.6829710144927537,0.587378640776699,0.9562535053280987,0.34710743801652894,0.5726495726495726,0.7534521158129176,0.6240483913236927,0.7534521158129176,0.7811454311454311
f1-score,0.5221674876847291,0.709480122324159,0.49261083743842365,0.7379679144385027,0.7792436235708003,0.6307692307692307,0.7126654064272211,0.6205128205128206,0.9440753045404209,0.4491978609625668,0.6504854368932038,0.7794930875576037,0.6590160041420071,0.7691232940018246,0.7790591273642121
support,351.0,160.0,114.0,181.0,559.0,225.0,552.0,206.0,1783.0,242.0,117.0,4490.0,4490.0,4490.0,4490.0
