index,1st degree av block,atrial fibrillation,premature atrial contraction,right bundle branch block,sinus rhythm,st depression,ventricular ectopics,micro avg,macro avg,weighted avg,samples avg
precision,0.7857142857142857,0.9043478260869565,0.35294117647058826,0.9144385026737968,0.6352941176470588,0.6966292134831461,0.8125,0.7919254658385093,0.7288378745822618,0.7781306328597033,0.6564774381368268
recall,0.7857142857142857,0.896551724137931,0.2,0.8724489795918368,0.6206896551724138,0.7209302325581395,0.5842696629213483,0.7244318181818182,0.6686577914422792,0.7244318181818182,0.6841339155749636
f1-score,0.7857142857142857,0.9004329004329004,0.25531914893617025,0.8929503916449086,0.627906976744186,0.7085714285714286,0.6797385620915032,0.7566765578635015,0.692947670590769,0.7469452045579824,0.6627365356622998
support,70.0,116.0,60.0,196.0,87.0,86.0,89.0,704.0,704.0,704.0,704.0
