index,abnormal QRS,atrial fibrillation,incomplete right bundle branch block,left anterior fascicular block,left axis deviation,left ventricular hypertrophy,myocardial infarction,myocardial ischemia,sinus rhythm,t wave abnormal,ventricular ectopics,micro avg,macro avg,weighted avg,samples avg
precision,0.610236220472441,0.74375,0.5348837209302325,0.7516778523489933,0.7704918032786885,0.6617647058823529,0.7422222222222222,0.6842105263157895,0.9175970228601807,0.582089552238806,0.7244897959183674,0.7989949748743719,0.702128492951643,0.7844511871525655,0.8285554319452625
recall,0.4415954415954416,0.74375,0.6052631578947368,0.6187845303867403,0.7567084078711985,0.6,0.605072463768116,0.5679611650485437,0.9680314077397645,0.32231404958677684,0.6068376068376068,0.743652561247216,0.6214834755208113,0.743652561247216,0.7746024474838034
f1-score,0.512396694214876,0.74375,0.5679012345679012,0.6787878787878788,0.7635379061371841,0.6293706293706294,0.6666666666666667,0.6206896551724138,0.9421397379912664,0.4148936170212766,0.6604651162790697,0.7703310647133463,0.6545999214735603,0.7590767401642743,0.7738165916132017
support,351.0,160.0,114.0,181.0,559.0,225.0,552.0,206.0,1783.0,242.0,117.0,4490.0,4490.0,4490.0,4490.0
