index,atrial fibrillation,left ventricular high voltage,nonspecific st t abnormality,sinus bradycardia,sinus rhythm,sinus tachycardia,supraventricular tachycardia,t wave abnormal,micro avg,macro avg,weighted avg,samples avg
precision,0.8647058823529412,0.5970149253731343,0.5544554455445545,0.982051282051282,0.9278350515463918,0.89375,0.7857142857142857,0.7175141242937854,0.8517110266159695,0.7903801246095469,0.8394519529171582,0.8552897135416667
recall,0.8305084745762712,0.3125,0.56,0.9896640826873385,0.9090909090909091,0.959731543624161,0.7213114754098361,0.6902173913043478,0.8092485549132948,0.746627984586608,0.8092485549132948,0.82666015625
f1-score,0.8472622478386168,0.41025641025641024,0.5572139303482587,0.9858429858429858,0.9183673469387756,0.9255663430420711,0.7521367521367521,0.7036011080332409,0.829937013708781,0.7625308905546389,0.81994937319503,0.8256742931547619
support,177.0,128.0,100.0,387.0,198.0,149.0,61.0,184.0,1384.0,1384.0,1384.0,1384.0
