index,1st degree av block,atrial fibrillation,premature atrial contraction,right bundle branch block,sinus rhythm,st depression,ventricular ectopics,micro avg,macro avg,weighted avg,samples avg
precision,0.8793103448275862,0.9,0.5714285714285714,0.9510869565217391,0.6631578947368421,0.7746478873239436,0.7058823529411765,0.8253205128205128,0.77793057253998,0.8150404353205047,0.6863173216885007
recall,0.7285714285714285,0.853448275862069,0.2,0.8928571428571429,0.7241379310344828,0.6395348837209303,0.6741573033707865,0.7315340909090909,0.6732438522024057,0.7315340909090909,0.6986899563318777
f1-score,0.796875,0.8761061946902655,0.29629629629629634,0.9210526315789473,0.6923076923076923,0.7006369426751592,0.6896551724137931,0.7756024096385542,0.7104185614231648,0.763605850563896,0.6853469189713731
support,70.0,116.0,60.0,196.0,87.0,86.0,89.0,704.0,704.0,704.0,704.0
