index,atrial fibrillation,left ventricular high voltage,nonspecific st t abnormality,sinus bradycardia,sinus rhythm,sinus tachycardia,supraventricular tachycardia,t wave abnormal,micro avg,macro avg,weighted avg,samples avg
precision,0.8333333333333334,0.49693251533742333,0.46551724137931033,0.9771573604060914,0.9637305699481865,0.8679245283018868,0.7758620689655172,0.6832298136645962,0.8067700987306065,0.7579609289170431,0.8157516358859702,0.8164550781250001
recall,0.8192090395480226,0.6328125,0.54,0.9948320413436692,0.9393939393939394,0.9261744966442953,0.7377049180327869,0.5978260869565217,0.8265895953757225,0.7734941277399043,0.8265895953757225,0.8350423177083333
f1-score,0.8262108262108262,0.5567010309278351,0.5,0.9859154929577465,0.9514066496163684,0.8961038961038962,0.7563025210084033,0.6376811594202898,0.8165596002855104,0.7637901970306706,0.8196619423635075,0.8079597594246032
support,177.0,128.0,100.0,387.0,198.0,149.0,61.0,184.0,1384.0,1384.0,1384.0,1384.0
