index,1st degree av block,atrial fibrillation,premature atrial contraction,right bundle branch block,sinus rhythm,st depression,ventricular ectopics,micro avg,macro avg,weighted avg,samples avg
precision,0.8225806451612904,0.8870967741935484,0.4,0.9139784946236559,0.6292134831460674,0.7702702702702703,0.8035714285714286,0.8134206219312602,0.7466730137094659,0.789952172349129,0.6511402231926249
recall,0.7285714285714285,0.9482758620689655,0.13333333333333333,0.8673469387755102,0.6436781609195402,0.6627906976744186,0.5056179775280899,0.7059659090909091,0.6413734855530409,0.7059659090909091,0.6695778748180495
f1-score,0.7727272727272727,0.9166666666666667,0.2,0.8900523560209423,0.6363636363636364,0.7124999999999999,0.6206896551724139,0.7558935361216731,0.6784285124215617,0.7368672157362618,0.6528384279475983
support,70.0,116.0,60.0,196.0,87.0,86.0,89.0,704.0,704.0,704.0,704.0
