index,atrial fibrillation,left ventricular high voltage,nonspecific st t abnormality,sinus bradycardia,sinus rhythm,sinus tachycardia,supraventricular tachycardia,t wave abnormal,micro avg,macro avg,weighted avg,samples avg
precision,0.7840909090909091,0.5882352941176471,0.6052631578947368,0.9770408163265306,0.9578947368421052,0.9096774193548387,0.7384615384615385,0.7151162790697675,0.8441265060240963,0.7844725188947592,0.8342138459809173,0.84013671875
recall,0.7796610169491526,0.46875,0.46,0.9896640826873385,0.9191919191919192,0.9463087248322147,0.7868852459016393,0.6684782608695652,0.809971098265896,0.7523674063039787,0.809971098265896,0.8252766927083333
f1-score,0.781869688385269,0.5217391304347826,0.5227272727272727,0.9833119383825417,0.9381443298969072,0.9276315789473683,0.7619047619047619,0.6910112359550561,0.8266961651917404,0.7660424920792449,0.8205057308101747,0.8166906932043649
support,177.0,128.0,100.0,387.0,198.0,149.0,61.0,184.0,1384.0,1384.0,1384.0,1384.0
