index,abnormal QRS,atrial fibrillation,incomplete right bundle branch block,left anterior fascicular block,left axis deviation,left ventricular hypertrophy,myocardial infarction,myocardial ischemia,sinus rhythm,t wave abnormal,ventricular ectopics,micro avg,macro avg,weighted avg,samples avg
precision,0.7553191489361702,0.7972972972972973,0.65625,0.7843137254901961,0.8,0.7194244604316546,0.7589498806682577,0.5680933852140078,0.9250535331905781,0.5844155844155844,0.717391304347826,0.8197818542389688,0.733318938181052,0.8082917042213904,0.8381966712475187
recall,0.4045584045584046,0.7375,0.5526315789473685,0.6629834254143646,0.7441860465116279,0.4444444444444444,0.5760869565217391,0.7087378640776699,0.9691531127313516,0.371900826446281,0.5641025641025641,0.7365256124721603,0.6123895657959832,0.7365256124721603,0.7678391466527059
f1-score,0.5269016697588126,0.7662337662337663,0.6,0.718562874251497,0.7710843373493975,0.5494505494505494,0.654994850669413,0.6306695464362851,0.9465899753492194,0.45454545454545453,0.631578947368421,0.7759267949319567,0.6591465428557105,0.7625394285416722,0.7759142699820666
support,351.0,160.0,114.0,181.0,559.0,225.0,552.0,206.0,1783.0,242.0,117.0,4490.0,4490.0,4490.0,4490.0
