index,1st degree av block,atrial fibrillation,premature atrial contraction,right bundle branch block,sinus rhythm,st depression,ventricular ectopics,micro avg,macro avg,weighted avg,samples avg
precision,0.8461538461538461,0.9459459459459459,0.46153846153846156,0.9234972677595629,0.7037037037037037,0.8,0.7435897435897436,0.8341543513957307,0.774918424098752,0.8151420178059522,0.683163512857836
recall,0.7857142857142857,0.9051724137931034,0.2,0.8622448979591837,0.6551724137931034,0.6046511627906976,0.651685393258427,0.7215909090909091,0.6663772239012573,0.7215909090909091,0.6906841339155749
f1-score,0.8148148148148148,0.9251101321585904,0.27906976744186046,0.8918205804749341,0.6785714285714286,0.6887417218543046,0.6946107784431138,0.7738004569687739,0.7103913176798639,0.7613333719228038,0.6800097040271713
support,70.0,116.0,60.0,196.0,87.0,86.0,89.0,704.0,704.0,704.0,704.0
