index,1st degree av block,atrial fibrillation,premature atrial contraction,right bundle branch block,sinus rhythm,st depression,ventricular ectopics,micro avg,macro avg,weighted avg,samples avg
precision,0.9074074074074074,0.8943089430894309,0.21052631578947367,0.9358288770053476,0.65,0.6732673267326733,0.7272727272727273,0.7972768532526475,0.7140873710424371,0.7705833204312381,0.6770984958757884
recall,0.7,0.9482758620689655,0.06666666666666667,0.8928571428571429,0.7471264367816092,0.7906976744186046,0.6292134831460674,0.7485795454545454,0.6821196094198652,0.7485795454545454,0.7074235807860262
f1-score,0.7903225806451613,0.9205020920502092,0.10126582278481013,0.9138381201044385,0.6951871657754011,0.7272727272727273,0.674698795180723,0.7721611721611722,0.689012471973353,0.753357918990828,0.6846191169335275
support,70.0,116.0,60.0,196.0,87.0,86.0,89.0,704.0,704.0,704.0,704.0
