index,1st degree av block,atrial fibrillation,premature atrial contraction,right bundle branch block,sinus rhythm,st depression,ventricular ectopics,micro avg,macro avg,weighted avg,samples avg
precision,0.835820895522388,0.9464285714285714,0.56,0.9447513812154696,0.7012987012987013,0.7142857142857143,0.8163265306122449,0.8435374149659864,0.7884159706232985,0.8269304934042071,0.6721251819505094
recall,0.8,0.9137931034482759,0.23333333333333334,0.8724489795918368,0.6206896551724138,0.6395348837209303,0.449438202247191,0.7045454545454546,0.6470340225019974,0.7045454545454546,0.6724890829694323
f1-score,0.8175182481751825,0.9298245614035087,0.32941176470588235,0.9071618037135278,0.6585365853658537,0.6748466257668713,0.5797101449275361,0.7678018575851393,0.6995728191511946,0.7522415362877912,0.6672489082969432
support,70.0,116.0,60.0,196.0,87.0,86.0,89.0,704.0,704.0,704.0,704.0
