index,1st degree av block,atrial fibrillation,premature atrial contraction,right bundle branch block,sinus rhythm,st depression,ventricular ectopics,micro avg,macro avg,weighted avg,samples avg
precision,0.8529411764705882,0.8803418803418803,0.5102040816326531,0.9444444444444444,0.6213592233009708,0.7307692307692307,0.7714285714285715,0.7984962406015037,0.7587840869126198,0.7998727920627142,0.6889859291606018
recall,0.8285714285714286,0.8879310344827587,0.4166666666666667,0.8673469387755102,0.735632183908046,0.6627906976744186,0.6067415730337079,0.7542613636363636,0.7150972175875052,0.7542613636363636,0.7161572052401747
f1-score,0.8405797101449276,0.8841201716738197,0.45871559633027525,0.9042553191489361,0.6736842105263158,0.6951219512195121,0.679245283018868,0.7757487216946676,0.7336746060089506,0.7741467929924187,0.694517224648229
support,70.0,116.0,60.0,196.0,87.0,86.0,89.0,704.0,704.0,704.0,704.0
