index,abnormal QRS,atrial fibrillation,incomplete right bundle branch block,left anterior fascicular block,left axis deviation,left ventricular hypertrophy,myocardial infarction,myocardial ischemia,sinus rhythm,t wave abnormal,ventricular ectopics,micro avg,macro avg,weighted avg,samples avg
precision,0.6610878661087866,0.7792207792207793,0.5617977528089888,0.7570621468926554,0.7624113475177305,0.6923076923076923,0.7059961315280464,0.6582914572864321,0.9309031556039173,0.5555555555555556,0.7906976744186046,0.804135963869741,0.7141210508408352,0.7910516337898972,0.8237898915865018
recall,0.45014245014245013,0.75,0.43859649122807015,0.7403314917127072,0.7692307692307693,0.56,0.6612318840579711,0.6359223300970874,0.9596186203028604,0.371900826446281,0.5811965811965812,0.7534521158129176,0.6289246767649798,0.7534521158129176,0.776380254346356
f1-score,0.535593220338983,0.7643312101910829,0.49261083743842365,0.7486033519553074,0.7658058771148709,0.6191646191646192,0.6828811973807296,0.6469135802469136,0.9450428058547363,0.44554455445544555,0.6699507389162562,0.7779694147407152,0.6651310902779426,0.7685457774423475,0.7738103780476662
support,351.0,160.0,114.0,181.0,559.0,225.0,552.0,206.0,1783.0,242.0,117.0,4490.0,4490.0,4490.0,4490.0
