index,atrial fibrillation,left ventricular high voltage,nonspecific st t abnormality,sinus bradycardia,sinus rhythm,sinus tachycardia,supraventricular tachycardia,t wave abnormal,micro avg,macro avg,weighted avg,samples avg
precision,0.8121546961325967,0.5543478260869565,0.5188679245283019,0.979328165374677,0.9523809523809523,0.8910256410256411,0.8461538461538461,0.6818181818181818,0.8405341712490181,0.7795096541876442,0.8265887821976945,0.8365885416666666
recall,0.8305084745762712,0.3984375,0.55,0.979328165374677,0.9090909090909091,0.9328859060402684,0.7213114754098361,0.4076086956521739,0.773121387283237,0.716146390768017,0.773121387283237,0.8050944010416666
f1-score,0.8212290502793296,0.4636363636363637,0.5339805825242718,0.979328165374677,0.9302325581395349,0.9114754098360656,0.7787610619469026,0.5102040816326531,0.8054196462175386,0.7411059091712248,0.7936986366139408,0.8035342261904762
support,177.0,128.0,100.0,387.0,198.0,149.0,61.0,184.0,1384.0,1384.0,1384.0,1384.0
