index,atrial fibrillation,left ventricular high voltage,nonspecific st t abnormality,sinus bradycardia,sinus rhythm,sinus tachycardia,supraventricular tachycardia,t wave abnormal,micro avg,macro avg,weighted avg,samples avg
precision,0.8228571428571428,0.6438356164383562,0.6067415730337079,0.9770992366412213,0.9635416666666666,0.912751677852349,0.7954545454545454,0.708029197080292,0.8642172523961661,0.8037888320030351,0.84714565361911,0.8365885416666667
recall,0.8135593220338984,0.3671875,0.54,0.9922480620155039,0.9343434343434344,0.912751677852349,0.5737704918032787,0.5271739130434783,0.7817919075144508,0.7076293001364928,0.7817919075144508,0.8011881510416667
f1-score,0.8181818181818181,0.4676616915422886,0.5714285714285714,0.9846153846153846,0.9487179487179487,0.912751677852349,0.6666666666666666,0.6043613707165109,0.8209408194233686,0.7467981412151923,0.8082248569720117,0.8027064732142857
support,177.0,128.0,100.0,387.0,198.0,149.0,61.0,184.0,1384.0,1384.0,1384.0,1384.0
