index,1st degree av block,atrial fibrillation,premature atrial contraction,right bundle branch block,sinus rhythm,st depression,ventricular ectopics,micro avg,macro avg,weighted avg,samples avg
precision,0.7878787878787878,0.9051724137931034,0.475,0.8866995073891626,0.6739130434782609,0.6914893617021277,0.6626506024096386,0.7752161383285303,0.7261148166644401,0.7663622757148304,0.6887433284813198
recall,0.7428571428571429,0.9051724137931034,0.31666666666666665,0.9183673469387755,0.7126436781609196,0.7558139534883721,0.6179775280898876,0.7642045454545454,0.7099283899992669,0.7642045454545454,0.7219796215429404
f1-score,0.7647058823529412,0.9051724137931035,0.37999999999999995,0.9022556390977443,0.6927374301675977,0.7222222222222223,0.6395348837209301,0.7696709585121603,0.7152326387649343,0.7634508369527254,0.6971373119844736
support,70.0,116.0,60.0,196.0,87.0,86.0,89.0,704.0,704.0,704.0,704.0
