index,atrial fibrillation,left ventricular high voltage,nonspecific st t abnormality,sinus bradycardia,sinus rhythm,sinus tachycardia,supraventricular tachycardia,t wave abnormal,micro avg,macro avg,weighted avg,samples avg
precision,0.8387096774193549,0.6062992125984252,0.5045045045045045,0.9843342036553525,0.9838709677419355,0.8985507246376812,0.6666666666666666,0.7482517482517482,0.83765752409192,0.7788984631844585,0.8413881483452328,0.8374674479166666
recall,0.8813559322033898,0.6015625,0.56,0.9741602067183462,0.9242424242424242,0.8322147651006712,0.819672131147541,0.5815217391304348,0.8164739884393064,0.7718412123178509,0.8164739884393064,0.8277994791666666
f1-score,0.859504132231405,0.6039215686274509,0.5308056872037915,0.9792207792207792,0.9531249999999999,0.8641114982578397,0.7352941176470588,0.654434250764526,0.826930113428467,0.7725521292441064,0.8267437926485943,0.8180385044642857
support,177.0,128.0,100.0,387.0,198.0,149.0,61.0,184.0,1384.0,1384.0,1384.0,1384.0
