index,1st degree av block,atrial fibrillation,premature atrial contraction,right bundle branch block,sinus rhythm,st depression,ventricular ectopics,micro avg,macro avg,weighted avg,samples avg
precision,0.8088235294117647,0.9203539823008849,0.2,0.9351351351351351,0.7272727272727273,0.7469879518072289,0.7746478873239436,0.8149920255183413,0.7304601733216691,0.7885263474320916,0.6693352741387676
recall,0.7857142857142857,0.896551724137931,0.1,0.8826530612244898,0.6436781609195402,0.7209302325581395,0.6179775280898876,0.7258522727272727,0.6639292846634677,0.7258522727272727,0.6863173216885007
f1-score,0.7971014492753622,0.908296943231441,0.13333333333333333,0.9081364829396326,0.6829268292682927,0.7337278106508875,0.6875,0.7678437265214125,0.6930032640998499,0.7540582718502958,0.6712760795730227
support,70.0,116.0,60.0,196.0,87.0,86.0,89.0,704.0,704.0,704.0,704.0
