index,abnormal QRS,atrial fibrillation,incomplete right bundle branch block,left anterior fascicular block,left axis deviation,left ventricular hypertrophy,myocardial infarction,myocardial ischemia,sinus rhythm,t wave abnormal,ventricular ectopics,micro avg,macro avg,weighted avg,samples avg
precision,0.7442922374429224,0.8152866242038217,0.5930232558139535,0.7956204379562044,0.8026819923371648,0.7643312101910829,0.7190775681341719,0.6701030927835051,0.9342251950947603,0.5755813953488372,0.7052631578947368,0.8241895261845387,0.7381351061091963,0.8121336762545511,0.8340128263857077
recall,0.46438746438746437,0.8,0.4473684210526316,0.6022099447513812,0.7495527728085868,0.5333333333333333,0.6213768115942029,0.6310679611650486,0.9399887829500841,0.4090909090909091,0.5726495726495726,0.7360801781737194,0.615547815798474,0.7360801781737194,0.7658748336714438
f1-score,0.5719298245614035,0.8075709779179812,0.5100000000000001,0.6855345911949686,0.7752081406105459,0.6282722513089005,0.6666666666666666,0.65,0.9370981269220018,0.47826086956521746,0.6320754716981132,0.7776470588235294,0.6675106291314362,0.7682229429767056,0.7716490818185733
support,351.0,160.0,114.0,181.0,559.0,225.0,552.0,206.0,1783.0,242.0,117.0,4490.0,4490.0,4490.0,4490.0
