index,abnormal QRS,atrial fibrillation,incomplete right bundle branch block,left anterior fascicular block,left axis deviation,left ventricular hypertrophy,myocardial infarction,myocardial ischemia,sinus rhythm,t wave abnormal,ventricular ectopics,micro avg,macro avg,weighted avg,samples avg
precision,0.6319702602230484,0.6485148514851485,0.65625,0.7950310559006211,0.7544169611307421,0.7230769230769231,0.7292110874200426,0.6756756756756757,0.9377410468319559,0.6060606060606061,0.7674418604651163,0.8090953307392996,0.7204900298427165,0.797076126491277,0.8338923063499334
recall,0.4843304843304843,0.81875,0.3684210526315789,0.7071823204419889,0.7638640429338104,0.4177777777777778,0.6195652173913043,0.6067961165048543,0.9545709478407179,0.4132231404958678,0.5641025641025641,0.7409799554565701,0.6107803331319045,0.7409799554565701,0.7679318543725323
f1-score,0.5483870967741935,0.7237569060773481,0.47191011235955055,0.7485380116959064,0.7591111111111111,0.5295774647887324,0.6699314397649363,0.6393861892583119,0.9460811561978878,0.4914004914004914,0.6502463054187192,0.773541036968147,0.6525751168042899,0.7626820261572028,0.7732738758162486
support,351.0,160.0,114.0,181.0,559.0,225.0,552.0,206.0,1783.0,242.0,117.0,4490.0,4490.0,4490.0,4490.0
