index,abnormal QRS,atrial fibrillation,incomplete right bundle branch block,left anterior fascicular block,left axis deviation,left ventricular hypertrophy,myocardial infarction,myocardial ischemia,sinus rhythm,t wave abnormal,ventricular ectopics,micro avg,macro avg,weighted avg,samples avg
precision,0.6967213114754098,0.8345323741007195,0.6385542168674698,0.8284023668639053,0.7605893186003683,0.7248322147651006,0.736734693877551,0.7109826589595376,0.9182356105433028,0.5133333333333333,0.7045454545454546,0.8147785661854661,0.7334057776301958,0.7986814262677644,0.8294025260126956
recall,0.4843304843304843,0.725,0.4649122807017544,0.7734806629834254,0.738819320214669,0.48,0.6539855072463768,0.5970873786407767,0.957375210319686,0.3181818181818182,0.5299145299145299,0.7416481069042317,0.6111897447757747,0.7416481069042317,0.7667550116702658
f1-score,0.5714285714285714,0.7759197324414715,0.5380710659898477,0.8,0.7495462794918331,0.5775401069518717,0.6928982725527831,0.6490765171503958,0.9373970345963757,0.39285714285714285,0.6048780487804879,0.776495278069255,0.6626920702037075,0.7646352480024975,0.771242276327022
support,351.0,160.0,114.0,181.0,559.0,225.0,552.0,206.0,1783.0,242.0,117.0,4490.0,4490.0,4490.0,4490.0
