index,atrial fibrillation,left ventricular high voltage,nonspecific st t abnormality,sinus bradycardia,sinus rhythm,sinus tachycardia,supraventricular tachycardia,t wave abnormal,micro avg,macro avg,weighted avg,samples avg
precision,0.7277227722772277,0.7088607594936709,0.5869565217391305,0.982051282051282,0.9613259668508287,0.9424460431654677,0.8064516129032258,0.7239263803680982,0.8509174311926605,0.8049676673561164,0.8464260191321995,0.85498046875
recall,0.8305084745762712,0.4375,0.54,0.9896640826873385,0.8787878787878788,0.8791946308724832,0.819672131147541,0.6413043478260869,0.8041907514450867,0.7520789432371999,0.8041907514450867,0.8264973958333333
f1-score,0.7757255936675462,0.5410628019323671,0.5625000000000001,0.9858429858429858,0.9182058047493403,0.9097222222222223,0.8130081300813008,0.6801152737752161,0.8268945022288261,0.7732728515338724,0.8211118287635938,0.8242861793154762
support,177.0,128.0,100.0,387.0,198.0,149.0,61.0,184.0,1384.0,1384.0,1384.0,1384.0
