index,atrial fibrillation,left ventricular high voltage,nonspecific st t abnormality,sinus bradycardia,sinus rhythm,sinus tachycardia,supraventricular tachycardia,t wave abnormal,micro avg,macro avg,weighted avg,samples avg
precision,0.8095238095238095,0.5909090909090909,0.6885245901639344,0.9870801033591732,0.9417989417989417,0.918918918918919,0.8235294117647058,0.6473988439306358,0.8575949367088608,0.8009604637961514,0.8399756703283705,0.8451334635416667
recall,0.864406779661017,0.3046875,0.42,0.9870801033591732,0.898989898989899,0.912751677852349,0.6885245901639344,0.6086956521739131,0.7832369942196532,0.7106420252750356,0.7832369942196532,0.8076171875
f1-score,0.8360655737704918,0.4020618556701031,0.5217391304347826,0.9870801033591732,0.9198966408268735,0.9158249158249159,0.7499999999999999,0.6274509803921569,0.8187311178247735,0.7450149000348121,0.8044941220089731,0.8106166294642858
support,177.0,128.0,100.0,387.0,198.0,149.0,61.0,184.0,1384.0,1384.0,1384.0,1384.0
