index,abnormal QRS,atrial fibrillation,incomplete right bundle branch block,left anterior fascicular block,left axis deviation,left ventricular hypertrophy,myocardial infarction,myocardial ischemia,sinus rhythm,t wave abnormal,ventricular ectopics,micro avg,macro avg,weighted avg,samples avg
precision,0.6875,0.8133333333333334,0.5384615384615384,0.824,0.826530612244898,0.7532467532467533,0.7159533073929961,0.6785714285714286,0.9269875608436993,0.5517241379310345,0.8170731707317073,0.8226405746841714,0.7393983493415809,0.8085548204341313,0.8356237593525728
recall,0.5014245014245015,0.7625,0.49122807017543857,0.569060773480663,0.7245080500894454,0.5155555555555555,0.6666666666666666,0.5533980582524272,0.9613011777902412,0.3305785123966942,0.5726495726495726,0.7396436525612472,0.6044428125892004,0.7396436525612472,0.7717295988482429
f1-score,0.5799011532125206,0.7870967741935484,0.5137614678899082,0.673202614379085,0.7721639656816014,0.612137203166227,0.6904315196998123,0.6096256684491979,0.9438325991189427,0.41343669250646,0.6733668341708542,0.7789374926703413,0.6608142265880143,0.7678530081753902,0.7763096907164703
support,351.0,160.0,114.0,181.0,559.0,225.0,552.0,206.0,1783.0,242.0,117.0,4490.0,4490.0,4490.0,4490.0
