index,abnormal QRS,atrial fibrillation,incomplete right bundle branch block,left anterior fascicular block,left axis deviation,left ventricular hypertrophy,myocardial infarction,myocardial ischemia,sinus rhythm,t wave abnormal,ventricular ectopics,micro avg,macro avg,weighted avg,samples avg
precision,0.6567164179104478,0.8089171974522293,0.6043956043956044,0.7796610169491526,0.7607142857142857,0.6444444444444445,0.7306889352818372,0.6411764705882353,0.9326710816777042,0.5606060606060606,0.7526881720430108,0.8030732860520094,0.7156981533693647,0.7933852137206906,0.8251401522587963
recall,0.5014245014245015,0.79375,0.4824561403508772,0.7624309392265194,0.7620751341681574,0.6444444444444445,0.6340579710144928,0.529126213592233,0.9478407178911946,0.45867768595041325,0.5982905982905983,0.7565701559020045,0.6467794860321301,0.7565701559020045,0.7782115044826908
f1-score,0.568659127625202,0.8012618296529969,0.5365853658536585,0.770949720670391,0.7613941018766757,0.6444444444444445,0.6789524733268671,0.5797872340425533,0.9401947148817802,0.5045454545454546,0.6666666666666667,0.7791284403669725,0.67758555759879,0.7727880384770724,0.7753559211186329
support,351.0,160.0,114.0,181.0,559.0,225.0,552.0,206.0,1783.0,242.0,117.0,4490.0,4490.0,4490.0,4490.0
