index,1st degree av block,atrial fibrillation,premature atrial contraction,right bundle branch block,sinus rhythm,st depression,ventricular ectopics,micro avg,macro avg,weighted avg,samples avg
precision,0.7945205479452054,0.9043478260869565,0.35135135135135137,0.9184782608695652,0.6138613861386139,0.7727272727272727,0.9318181818181818,0.8021806853582555,0.7553006895624497,0.8017271457729975,0.6652110625909753
recall,0.8285714285714286,0.896551724137931,0.21666666666666667,0.8622448979591837,0.7126436781609196,0.7906976744186046,0.4606741573033708,0.7315340909090909,0.6811500324597292,0.7315340909090909,0.6885007278020379
f1-score,0.8111888111888111,0.9004329004329004,0.26804123711340205,0.8894736842105263,0.6595744680851064,0.7816091954022988,0.6165413533834587,0.7652303120356613,0.7038373785452148,0.7544407663986225,0.6707908782144589
support,70.0,116.0,60.0,196.0,87.0,86.0,89.0,704.0,704.0,704.0,704.0
