index,abnormal QRS,atrial fibrillation,incomplete right bundle branch block,left anterior fascicular block,left axis deviation,left ventricular hypertrophy,myocardial infarction,myocardial ischemia,sinus rhythm,t wave abnormal,ventricular ectopics,micro avg,macro avg,weighted avg,samples avg
precision,0.512396694214876,0.7528089887640449,0.6630434782608695,0.7688172043010753,0.787719298245614,0.6878612716763006,0.7299412915851272,0.6257668711656442,0.9321486268174475,0.49333333333333335,0.7386363636363636,0.7884702678166137,0.6993157656364268,0.7816951254924525,0.8178544161595009
recall,0.5299145299145299,0.8375,0.5350877192982456,0.7900552486187845,0.8032200357781754,0.5288888888888889,0.6757246376811594,0.49514563106796117,0.9708356702187325,0.45867768595041325,0.5555555555555556,0.7737193763919822,0.6527823275429495,0.7737193763919822,0.7962611521933556
f1-score,0.5210084033613446,0.7928994082840237,0.5922330097087378,0.779291553133515,0.7953941541186892,0.5979899497487438,0.7017873941674507,0.5528455284552845,0.951098901098901,0.47537473233404715,0.6341463414634146,0.7810251798561151,0.6721881250794683,0.7759009417043816,0.7806422874219484
support,351.0,160.0,114.0,181.0,559.0,225.0,552.0,206.0,1783.0,242.0,117.0,4490.0,4490.0,4490.0,4490.0
