index,1st degree av block,atrial fibrillation,premature atrial contraction,right bundle branch block,sinus rhythm,st depression,ventricular ectopics,micro avg,macro avg,weighted avg,samples avg
precision,0.8484848484848485,0.954954954954955,0.5625,0.9358288770053476,0.6206896551724138,0.7631578947368421,0.7735849056603774,0.8300653594771242,0.7798858765735407,0.817928706836512,0.6761280931586608
recall,0.8,0.9137931034482759,0.3,0.8928571428571429,0.6206896551724138,0.6744186046511628,0.4606741573033708,0.7215909090909091,0.6660618090617666,0.7215909090909091,0.6870451237263464
f1-score,0.823529411764706,0.9339207048458151,0.3913043478260869,0.9138381201044385,0.6206896551724138,0.7160493827160495,0.5774647887323945,0.7720364741641337,0.7109709158802721,0.7607201791284695,0.6758854924793789
support,70.0,116.0,60.0,196.0,87.0,86.0,89.0,704.0,704.0,704.0,704.0
