index,abnormal QRS,atrial fibrillation,incomplete right bundle branch block,left anterior fascicular block,left axis deviation,left ventricular hypertrophy,myocardial infarction,myocardial ischemia,sinus rhythm,t wave abnormal,ventricular ectopics,micro avg,macro avg,weighted avg,samples avg
precision,0.6733870967741935,0.6789473684210526,0.6036036036036037,0.8050314465408805,0.8174273858921162,0.6951871657754011,0.7044145873320538,0.6587677725118484,0.916219119226638,0.5859872611464968,0.7674418604651163,0.8032747982914096,0.7187649697899455,0.7934593076527126,0.8212846017930764
recall,0.4757834757834758,0.80625,0.5877192982456141,0.7071823204419889,0.7048300536672629,0.5777777777777777,0.6648550724637681,0.6747572815533981,0.9568143578238923,0.38016528925619836,0.5641025641025641,0.7538975501113586,0.6454761355559945,0.7538975501113586,0.7753342931309034
f1-score,0.5575959933222037,0.7371428571428572,0.5955555555555556,0.7529411764705882,0.7569644572526417,0.6310679611650486,0.6840633737185461,0.6666666666666667,0.9360768175582991,0.4611528822055138,0.6502463054187192,0.7778033088235294,0.6754067314978763,0.7694002798440903,0.7724727097608454
support,351.0,160.0,114.0,181.0,559.0,225.0,552.0,206.0,1783.0,242.0,117.0,4490.0,4490.0,4490.0,4490.0
