index,abnormal QRS,atrial fibrillation,incomplete right bundle branch block,left anterior fascicular block,left axis deviation,left ventricular hypertrophy,myocardial infarction,myocardial ischemia,sinus rhythm,t wave abnormal,ventricular ectopics,micro avg,macro avg,weighted avg,samples avg
precision,0.6545454545454545,0.8201438848920863,0.5098039215686274,0.825,0.776908023483366,0.6613756613756614,0.739406779661017,0.6923076923076923,0.924396782841823,0.5411764705882353,0.6203703703703703,0.8014723343623842,0.7059486401485757,0.7915429091613942,0.8228050083982287
recall,0.5128205128205128,0.7125,0.6842105263157895,0.7292817679558011,0.7101967799642218,0.5555555555555556,0.6322463768115942,0.5679611650485437,0.9669097027481772,0.38016528925619836,0.5726495726495726,0.7516703786191536,0.6385906590114515,0.7516703786191536,0.7758687258687259
f1-score,0.5750798722044728,0.7625418060200668,0.5842696629213484,0.7741935483870968,0.7420560747663552,0.6038647342995169,0.6816406250000001,0.624,0.9451754385964911,0.44660194174757284,0.5955555555555555,0.7757728996667049,0.6668162963180433,0.7681713832673316,0.7728577525187695
support,351.0,160.0,114.0,181.0,559.0,225.0,552.0,206.0,1783.0,242.0,117.0,4490.0,4490.0,4490.0,4490.0
