index,abnormal QRS,atrial fibrillation,incomplete right bundle branch block,left anterior fascicular block,left axis deviation,left ventricular hypertrophy,myocardial infarction,myocardial ischemia,sinus rhythm,t wave abnormal,ventricular ectopics,micro avg,macro avg,weighted avg,samples avg
precision,0.6415094339622641,0.8121212121212121,0.48936170212765956,0.7373737373737373,0.7696335078534031,0.6875,0.7178988326848249,0.5801526717557252,0.9288116591928252,0.5116279069767442,0.6936936936936937,0.7851410227012153,0.6881531234310991,0.7808714090584511,0.8063761097659402
recall,0.4843304843304843,0.8375,0.6052631578947368,0.8066298342541437,0.7889087656529516,0.5377777777777778,0.6684782608695652,0.7378640776699029,0.9293325855300056,0.36363636363636365,0.6581196581196581,0.7625835189309577,0.6743491787032354,0.7625835189309577,0.7799794952337324
f1-score,0.5519480519480519,0.8246153846153846,0.5411764705882353,0.7704485488126649,0.7791519434628975,0.6034912718204488,0.6923076923076924,0.6495726495726495,0.9290720493411831,0.42512077294685996,0.6754385964912282,0.7736978872443793,0.6765766756279361,0.7689433906667027,0.7669458322000696
support,351.0,160.0,114.0,181.0,559.0,225.0,552.0,206.0,1783.0,242.0,117.0,4490.0,4490.0,4490.0,4490.0
