index,1st degree av block,atrial fibrillation,premature atrial contraction,right bundle branch block,sinus rhythm,st depression,ventricular ectopics,micro avg,macro avg,weighted avg,samples avg
precision,0.7808219178082192,0.9210526315789473,0.5862068965517241,0.9251336898395722,0.6875,0.8615384615384616,0.8181818181818182,0.8380952380952381,0.7972050593569632,0.8305699517356284,0.7037845705967977
recall,0.8142857142857143,0.9051724137931034,0.2833333333333333,0.8826530612244898,0.7586206896551724,0.6511627906976745,0.6067415730337079,0.75,0.7002813680033136,0.75,0.7139737991266376
f1-score,0.7972027972027972,0.9130434782608695,0.38202247191011235,0.9033942558746736,0.7213114754098361,0.7417218543046358,0.6967741935483871,0.7916041979010494,0.736495789501616,0.7816178164846028,0.7030082484230955
support,70.0,116.0,60.0,196.0,87.0,86.0,89.0,704.0,704.0,704.0,704.0
