index,1st degree av block,atrial fibrillation,premature atrial contraction,right bundle branch block,sinus rhythm,st depression,ventricular ectopics,micro avg,macro avg,weighted avg,samples avg
precision,0.859375,0.9090909090909091,0.2413793103448276,0.9516129032258065,0.6125,0.6666666666666666,0.8,0.8031746031746032,0.7200892556183157,0.7790206199443559,0.663512857836002
recall,0.7857142857142857,0.9482758620689655,0.11666666666666667,0.9030612244897959,0.5632183908045977,0.6976744186046512,0.5393258426966292,0.71875,0.6505623844350846,0.71875,0.6797671033478894
f1-score,0.8208955223880597,0.9282700421940928,0.15730337078651688,0.9267015706806283,0.5868263473053892,0.6818181818181818,0.6442953020134228,0.7586206896551725,0.6780157624551845,0.7432475274053981,0.6652110625909753
support,70.0,116.0,60.0,196.0,87.0,86.0,89.0,704.0,704.0,704.0,704.0
