index,abnormal QRS,atrial fibrillation,incomplete right bundle branch block,left anterior fascicular block,left axis deviation,left ventricular hypertrophy,myocardial infarction,myocardial ischemia,sinus rhythm,t wave abnormal,ventricular ectopics,micro avg,macro avg,weighted avg,samples avg
precision,0.7050691244239631,0.7150837988826816,0.5528455284552846,0.8235294117647058,0.7859778597785978,0.7207792207792207,0.7925925925925926,0.620253164556962,0.9297297297297298,0.5625,0.7634408602150538,0.817138671875,0.7247092082889811,0.8071162103167105,0.8313930152913204
recall,0.4358974358974359,0.8,0.5964912280701754,0.6187845303867403,0.7620751341681574,0.49333333333333335,0.5815217391304348,0.7135922330097088,0.9646662927650028,0.371900826446281,0.6068376068376068,0.74543429844098,0.6313727600040797,0.74543429844098,0.7738324280697162
f1-score,0.5387323943661972,0.7551622418879057,0.5738396624472574,0.7066246056782334,0.7738419618528609,0.5857519788918205,0.6708463949843261,0.6636568848758464,0.9468758601706578,0.4477611940298507,0.6761904761904762,0.7796412764966224,0.6672076050341302,0.7684593180105393,0.7767631665936752
support,351.0,160.0,114.0,181.0,559.0,225.0,552.0,206.0,1783.0,242.0,117.0,4490.0,4490.0,4490.0,4490.0
