index,abnormal QRS,atrial fibrillation,incomplete right bundle branch block,left anterior fascicular block,left axis deviation,left ventricular hypertrophy,myocardial infarction,myocardial ischemia,sinus rhythm,t wave abnormal,ventricular ectopics,micro avg,macro avg,weighted avg,samples avg
precision,0.6640316205533597,0.7544910179640718,0.5490196078431373,0.8368794326241135,0.793036750483559,0.8157894736842105,0.7318548387096774,0.6589861751152074,0.918245804006497,0.5785123966942148,0.7011494252873564,0.8133924175283112,0.7274542311786731,0.8003828560646992,0.8324782409528173
recall,0.47863247863247865,0.7875,0.49122807017543857,0.6519337016574586,0.7334525939177102,0.41333333333333333,0.657608695652174,0.6941747572815534,0.9512058328659563,0.2892561983471074,0.5213675213675214,0.7358574610244989,0.6063357439300665,0.7358574610244989,0.7603647230765874
f1-score,0.5562913907284769,0.7706422018348622,0.5185185185185185,0.732919254658385,0.7620817843866171,0.5486725663716814,0.6927480916030535,0.6761229314420805,0.9344352617079891,0.38567493112947654,0.5980392156862745,0.7726847521047707,0.6523769225515831,0.759658315186019,0.7699311809481301
support,351.0,160.0,114.0,181.0,559.0,225.0,552.0,206.0,1783.0,242.0,117.0,4490.0,4490.0,4490.0,4490.0
