index,1st degree av block,atrial fibrillation,premature atrial contraction,right bundle branch block,sinus rhythm,st depression,ventricular ectopics,micro avg,macro avg,weighted avg,samples avg
precision,0.8636363636363636,0.9056603773584906,0.391304347826087,0.9333333333333333,0.6173913043478261,0.7317073170731707,0.7714285714285715,0.7879699248120301,0.7449230878576918,0.7915053395379622,0.6897137311984474
recall,0.8142857142857143,0.8275862068965517,0.3,0.8571428571428571,0.8160919540229885,0.6976744186046512,0.6067415730337079,0.7443181818181818,0.7027889605694959,0.7443181818181818,0.7125181950509462
f1-score,0.8382352941176471,0.8648648648648648,0.33962264150943394,0.8936170212765957,0.7029702970297029,0.7142857142857143,0.679245283018868,0.7655222790357925,0.7189773023004038,0.7635893565797915,0.6921397379912664
support,70.0,116.0,60.0,196.0,87.0,86.0,89.0,704.0,704.0,704.0,704.0
