index,1st degree av block,atrial fibrillation,premature atrial contraction,right bundle branch block,sinus rhythm,st depression,ventricular ectopics,micro avg,macro avg,weighted avg,samples avg
precision,0.7746478873239436,0.8706896551724138,0.5,0.9453551912568307,0.6382978723404256,0.7625,0.684931506849315,0.8054226475279107,0.7394888732775613,0.7849158929008819,0.6630276564774381
recall,0.7857142857142857,0.8706896551724138,0.08333333333333333,0.8826530612244898,0.6896551724137931,0.7093023255813954,0.5617977528089888,0.7173295454545454,0.6547350837498144,0.7173295454545454,0.6804949053857351
f1-score,0.7801418439716311,0.8706896551724138,0.14285714285714285,0.9129287598944592,0.6629834254143647,0.7349397590361445,0.6172839506172839,0.7588279489105936,0.6745463624233486,0.7371279026730868,0.6642406598738477
support,70.0,116.0,60.0,196.0,87.0,86.0,89.0,704.0,704.0,704.0,704.0
