index,abnormal QRS,atrial fibrillation,incomplete right bundle branch block,left anterior fascicular block,left axis deviation,left ventricular hypertrophy,myocardial infarction,myocardial ischemia,sinus rhythm,t wave abnormal,ventricular ectopics,micro avg,macro avg,weighted avg,samples avg
precision,0.6929133858267716,0.7325581395348837,0.625,0.7368421052631579,0.7663230240549829,0.7325581395348837,0.6788830715532286,0.6033057851239669,0.9364289662797125,0.5387931034482759,0.6065573770491803,0.7882485875706214,0.6954693725153676,0.78580688461122,0.8170473136574831
recall,0.5014245014245015,0.7875,0.5263157894736842,0.6961325966850829,0.7978533094812165,0.56,0.7047101449275363,0.7087378640776699,0.950084127874369,0.5165289256198347,0.6324786324786325,0.7768374164810691,0.6710696265493206,0.7768374164810691,0.7995702724516285
f1-score,0.5818181818181818,0.7590361445783131,0.5714285714285714,0.715909090909091,0.7817703768624015,0.6347607052896725,0.6915555555555556,0.6517857142857142,0.943207126948775,0.5274261603375527,0.6192468619246861,0.7825014021312394,0.6798131354489558,0.7790759491559996,0.7832127866026172
support,351.0,160.0,114.0,181.0,559.0,225.0,552.0,206.0,1783.0,242.0,117.0,4490.0,4490.0,4490.0,4490.0
