index,abnormal QRS,atrial fibrillation,incomplete right bundle branch block,left anterior fascicular block,left axis deviation,left ventricular hypertrophy,myocardial infarction,myocardial ischemia,sinus rhythm,t wave abnormal,ventricular ectopics,micro avg,macro avg,weighted avg,samples avg
precision,0.5625,0.8303030303030303,0.5274725274725275,0.6751269035532995,0.7592592592592593,0.6521739130434783,0.6931567328918322,0.6073059360730594,0.9188467698878804,0.5080645161290323,0.7280701754385965,0.7780912082745651,0.6783890694592722,0.7656899849468113,0.8123792072944614
recall,0.358974358974359,0.85625,0.42105263157894735,0.7348066298342542,0.6601073345259392,0.5333333333333333,0.5688405797101449,0.6456310679611651,0.9652271452607964,0.5206611570247934,0.7094017094017094,0.7371937639198218,0.6340259952368584,0.7371937639198218,0.7699572453809742
f1-score,0.43826086956521737,0.8430769230769231,0.4682926829268293,0.7037037037037036,0.70622009569378,0.5867970660146699,0.6248756218905472,0.6258823529411764,0.9414660831509847,0.5142857142857143,0.7186147186147186,0.7570905763952424,0.6519523483512968,0.7477318890117121,0.7622696105746952
support,351.0,160.0,114.0,181.0,559.0,225.0,552.0,206.0,1783.0,242.0,117.0,4490.0,4490.0,4490.0,4490.0
