index,atrial fibrillation,left ventricular high voltage,nonspecific st t abnormality,sinus bradycardia,sinus rhythm,sinus tachycardia,supraventricular tachycardia,t wave abnormal,micro avg,macro avg,weighted avg,samples avg
precision,0.8275862068965517,0.6893203883495146,0.5802469135802469,0.9745547073791349,0.9682539682539683,0.9144736842105263,0.8292682926829268,0.7450980392156863,0.8670295489891136,0.8161002750710695,0.8566093939119772,0.8422037760416666
recall,0.8135593220338984,0.5546875,0.47,0.9896640826873385,0.9242424242424242,0.9328859060402684,0.5573770491803278,0.6195652173913043,0.805635838150289,0.7327476876969452,0.805635838150289,0.8208821614583333
f1-score,0.8205128205128206,0.6147186147186147,0.5193370165745855,0.9820512820512821,0.9457364341085271,0.9235880398671096,0.6666666666666665,0.6765578635014837,0.8352059925093633,0.7686460922501361,0.8279812465106099,0.8175455729166667
support,177.0,128.0,100.0,387.0,198.0,149.0,61.0,184.0,1384.0,1384.0,1384.0,1384.0
