index,abnormal QRS,atrial fibrillation,incomplete right bundle branch block,left anterior fascicular block,left axis deviation,left ventricular hypertrophy,myocardial infarction,myocardial ischemia,sinus rhythm,t wave abnormal,ventricular ectopics,micro avg,macro avg,weighted avg,samples avg
precision,0.5688073394495413,0.75,0.575,0.7422680412371134,0.8034557235421166,0.6384180790960452,0.7016806722689075,0.6338797814207651,0.9338478500551268,0.5533333333333333,0.7019230769230769,0.7946859903381642,0.6911467179387296,0.7820305252221452,0.8192003141155684
recall,0.5299145299145299,0.80625,0.40350877192982454,0.7955801104972375,0.6654740608228981,0.5022222222222222,0.605072463768116,0.5631067961165048,0.950084127874369,0.34297520661157027,0.6239316239316239,0.732739420935412,0.6171018103353543,0.732739420935412,0.7590133717252361
f1-score,0.5486725663716815,0.7771084337349399,0.4742268041237113,0.768,0.7279843444227005,0.5621890547263682,0.6498054474708171,0.596401028277635,0.9418960244648318,0.42346938775510207,0.6606334841628959,0.7624565469293164,0.6482169614100621,0.7537088199651556,0.761848488967133
support,351.0,160.0,114.0,181.0,559.0,225.0,552.0,206.0,1783.0,242.0,117.0,4490.0,4490.0,4490.0,4490.0
