index,atrial fibrillation,left ventricular high voltage,nonspecific st t abnormality,sinus bradycardia,sinus rhythm,sinus tachycardia,supraventricular tachycardia,t wave abnormal,micro avg,macro avg,weighted avg,samples avg
precision,0.856353591160221,0.6122448979591837,0.7058823529411765,0.9845758354755784,0.9438775510204082,0.9236111111111112,0.7666666666666667,0.738255033557047,0.8738170347003155,0.8164333799864241,0.8588673552717203,0.8570963541666666
recall,0.8757062146892656,0.46875,0.36,0.9896640826873385,0.9343434343434344,0.8926174496644296,0.7540983606557377,0.5978260869565217,0.8005780346820809,0.734125703624591,0.8005780346820809,0.8219401041666667
f1-score,0.8659217877094972,0.5309734513274337,0.4768211920529802,0.9871134020618556,0.9390862944162437,0.9078498293515358,0.7603305785123967,0.6606606606606606,0.8355957767722473,0.7660946495115755,0.8237559260956224,0.8247395833333333
support,177.0,128.0,100.0,387.0,198.0,149.0,61.0,184.0,1384.0,1384.0,1384.0,1384.0
