index,atrial fibrillation,left ventricular high voltage,nonspecific st t abnormality,sinus bradycardia,sinus rhythm,sinus tachycardia,supraventricular tachycardia,t wave abnormal,micro avg,macro avg,weighted avg,samples avg
precision,0.8771929824561403,0.7105263157894737,0.4230769230769231,0.9746835443037974,0.9627659574468085,0.8974358974358975,0.7678571428571429,0.6863905325443787,0.8549262994569433,0.7874911619888203,0.8404635131964737,0.8549339657738095
recall,0.847457627118644,0.421875,0.33,0.9948320413436692,0.9141414141414141,0.9395973154362416,0.7049180327868853,0.6304347826086957,0.796242774566474,0.7229070266794437,0.796242774566474,0.8214518229166667
f1-score,0.8620689655172413,0.5294117647058824,0.37078651685393255,0.9846547314578006,0.9378238341968912,0.9180327868852459,0.7350427350427351,0.6572237960339943,0.8245417134306022,0.7493806413367154,0.8141139705659067,0.8212115575396826
support,177.0,128.0,100.0,387.0,198.0,149.0,61.0,184.0,1384.0,1384.0,1384.0,1384.0
