index,abnormal QRS,atrial fibrillation,incomplete right bundle branch block,left anterior fascicular block,left axis deviation,left ventricular hypertrophy,myocardial infarction,myocardial ischemia,sinus rhythm,t wave abnormal,ventricular ectopics,micro avg,macro avg,weighted avg,samples avg
precision,0.6438848920863309,0.8,0.6136363636363636,0.7866666666666666,0.8247422680412371,0.7049180327868853,0.7285714285714285,0.7073170731707317,0.9296235679214403,0.6333333333333333,0.7142857142857143,0.82267226475673,0.7351799400454664,0.8080663601207655,0.8435213664027224
recall,0.50997150997151,0.8,0.47368421052631576,0.6519337016574586,0.7155635062611807,0.5733333333333334,0.6467391304347826,0.5631067961165048,0.9556926528323051,0.3140495867768595,0.5982905982905983,0.7418708240534521,0.6183968205637135,0.7418708240534521,0.7743177802499835
f1-score,0.5691573926868044,0.8000000000000002,0.5346534653465346,0.7129909365558912,0.7662835249042146,0.6323529411764707,0.6852207293666027,0.627027027027027,0.9424778761061946,0.4198895027624309,0.6511627906976744,0.7801850333762735,0.6673832896936224,0.7692772318576314,0.7808218630252528
support,351.0,160.0,114.0,181.0,559.0,225.0,552.0,206.0,1783.0,242.0,117.0,4490.0,4490.0,4490.0,4490.0
