index,1st degree av block,atrial fibrillation,premature atrial contraction,right bundle branch block,sinus rhythm,st depression,ventricular ectopics,micro avg,macro avg,weighted avg,samples avg
precision,0.6790123456790124,0.9619047619047619,0.5172413793103449,0.9326424870466321,0.7261904761904762,0.7733333333333333,0.75,0.820919175911252,0.7629035404949372,0.8087776489964233,0.6826783114992722
recall,0.7857142857142857,0.8706896551724138,0.25,0.9183673469387755,0.7011494252873564,0.6744186046511628,0.5393258426966292,0.7357954545454546,0.6770950229229461,0.7357954545454546,0.6994177583697234
f1-score,0.728476821192053,0.9140271493212669,0.33707865168539325,0.9254498714652956,0.7134502923976608,0.7204968944099379,0.6274509803921569,0.7760299625468166,0.7094900944091093,0.7649282192127632,0.683794274623969
support,70.0,116.0,60.0,196.0,87.0,86.0,89.0,704.0,704.0,704.0,704.0
