index,1st degree av block,atrial fibrillation,premature atrial contraction,right bundle branch block,sinus rhythm,st depression,ventricular ectopics,micro avg,macro avg,weighted avg,samples avg
precision,0.8636363636363636,0.9622641509433962,0.5294117647058824,0.9502762430939227,0.6385542168674698,0.6373626373626373,0.8448275862068966,0.8305647840531561,0.7751904232595097,0.8176890558889371,0.6737020863658418
recall,0.8142857142857143,0.8793103448275862,0.15,0.8775510204081632,0.6091954022988506,0.6744186046511628,0.550561797752809,0.7102272727272727,0.6507604120320408,0.7102272727272727,0.6761280931586608
f1-score,0.8382352941176471,0.9189189189189189,0.23376623376623373,0.9124668435013261,0.6235294117647058,0.655367231638418,0.6666666666666667,0.7656967840735068,0.6927072286248454,0.7501172082568616,0.668538157621127
support,70.0,116.0,60.0,196.0,87.0,86.0,89.0,704.0,704.0,704.0,704.0
