index,1st degree av block,atrial fibrillation,premature atrial contraction,right bundle branch block,sinus rhythm,st depression,ventricular ectopics,micro avg,macro avg,weighted avg,samples avg
precision,0.9016393442622951,0.9292035398230089,0.40425531914893614,0.9308510638297872,0.6708860759493671,0.7415730337078652,0.7719298245614035,0.8154574132492114,0.7643340287546662,0.8074554208378415,0.6814653081028627
recall,0.7857142857142857,0.9051724137931034,0.31666666666666665,0.8928571428571429,0.6091954022988506,0.7674418604651163,0.4943820224719101,0.734375,0.6816328277524395,0.734375,0.6972343522561864
f1-score,0.8396946564885497,0.9170305676855894,0.35514018691588783,0.9114583333333334,0.6385542168674698,0.7542857142857143,0.6027397260273972,0.7727952167414052,0.7169862002291344,0.7658736367421778,0.6833575934012616
support,70.0,116.0,60.0,196.0,87.0,86.0,89.0,704.0,704.0,704.0,704.0
