index,abnormal QRS,atrial fibrillation,incomplete right bundle branch block,left anterior fascicular block,left axis deviation,left ventricular hypertrophy,myocardial infarction,myocardial ischemia,sinus rhythm,t wave abnormal,ventricular ectopics,micro avg,macro avg,weighted avg,samples avg
precision,0.6666666666666666,0.788235294117647,0.6344086021505376,0.8083832335329342,0.7951807228915663,0.5654008438818565,0.6971544715447154,0.6478260869565218,0.931090613130765,0.5405405405405406,0.7391304347826086,0.7990588235294117,0.710365228199669,0.7897959652653688,0.8197260214209366
recall,0.46153846153846156,0.8375,0.5175438596491229,0.7458563535911602,0.7084078711985689,0.5955555555555555,0.6213768115942029,0.7233009708737864,0.9624228827818284,0.4132231404958678,0.5811965811965812,0.756347438752784,0.6516293171341032,0.756347438752784,0.7798638832537137
f1-score,0.5454545454545455,0.8121212121212121,0.570048309178744,0.7758620689655172,0.7492904446546831,0.58008658008658,0.657088122605364,0.6834862385321101,0.9464975179260894,0.46838407494145207,0.6507177033492824,0.777116704805492,0.6762760743468709,0.7698846594454819,0.7724570055078529
support,351.0,160.0,114.0,181.0,559.0,225.0,552.0,206.0,1783.0,242.0,117.0,4490.0,4490.0,4490.0,4490.0
