index,1st degree av block,atrial fibrillation,premature atrial contraction,right bundle branch block,sinus rhythm,st depression,ventricular ectopics,micro avg,macro avg,weighted avg,samples avg
precision,0.7638888888888888,0.9459459459459459,0.36,0.9243243243243243,0.6593406593406593,0.7435897435897436,0.8163265306122449,0.8150572831423896,0.7447737275288295,0.7953607046240975,0.658418243571082
recall,0.7857142857142857,0.9051724137931034,0.15,0.8724489795918368,0.6896551724137931,0.6744186046511628,0.449438202247191,0.7073863636363636,0.6466925226301962,0.7073863636363636,0.6717612809315866
f1-score,0.7746478873239437,0.9251101321585904,0.21176470588235294,0.8976377952755905,0.6741573033707866,0.7073170731707318,0.5797101449275361,0.7574144486692016,0.6814778631585046,0.7404207020660817,0.6588064046579329
support,70.0,116.0,60.0,196.0,87.0,86.0,89.0,704.0,704.0,704.0,704.0
