index,abnormal QRS,atrial fibrillation,incomplete right bundle branch block,left anterior fascicular block,left axis deviation,left ventricular hypertrophy,myocardial infarction,myocardial ischemia,sinus rhythm,t wave abnormal,ventricular ectopics,micro avg,macro avg,weighted avg,samples avg
precision,0.6771300448430493,0.8263888888888888,0.5636363636363636,0.8062015503875969,0.8116760828625236,0.7127659574468085,0.7236286919831224,0.675,0.9272629310344828,0.5519125683060109,0.7011494252873564,0.815030303030303,0.7251593186069276,0.8021317000178969,0.8287775669131601
recall,0.4301994301994302,0.74375,0.543859649122807,0.574585635359116,0.7710196779964222,0.5955555555555555,0.6213768115942029,0.6553398058252428,0.9652271452607964,0.41735537190082644,0.5213675213675214,0.7487750556792873,0.6217851458347201,0.7487750556792873,0.7772669764195188
f1-score,0.5261324041811846,0.7828947368421053,0.5535714285714286,0.6709677419354838,0.7908256880733945,0.6489104116222759,0.6686159844054581,0.6650246305418719,0.9458642484198957,0.47529411764705876,0.5980392156862745,0.7804991294254207,0.6660127825387665,0.7706243107082033,0.7764840341111527
support,351.0,160.0,114.0,181.0,559.0,225.0,552.0,206.0,1783.0,242.0,117.0,4490.0,4490.0,4490.0,4490.0
