index,1st degree av block,atrial fibrillation,premature atrial contraction,right bundle branch block,sinus rhythm,st depression,ventricular ectopics,micro avg,macro avg,weighted avg,samples avg
precision,0.8142857142857143,0.8852459016393442,0.42105263157894735,0.9175257731958762,0.6052631578947368,0.7142857142857143,0.8035714285714286,0.776183644189383,0.7373186173502517,0.7818054791755159,0.6948083454633672
recall,0.8142857142857143,0.9310344827586207,0.4,0.9081632653061225,0.7931034482758621,0.6976744186046512,0.5056179775280899,0.7684659090909091,0.7214113295370087,0.7684659090909091,0.7307132459970888
f1-score,0.8142857142857143,0.9075630252100839,0.41025641025641024,0.9128205128205128,0.6865671641791046,0.7058823529411765,0.6206896551724139,0.7723054960742327,0.7225806906950594,0.7691535809651178,0.7025715672003882
support,70.0,116.0,60.0,196.0,87.0,86.0,89.0,704.0,704.0,704.0,704.0
