index,abnormal QRS,atrial fibrillation,incomplete right bundle branch block,left anterior fascicular block,left axis deviation,left ventricular hypertrophy,myocardial infarction,myocardial ischemia,sinus rhythm,t wave abnormal,ventricular ectopics,micro avg,macro avg,weighted avg,samples avg
precision,0.7073170731707317,0.7933333333333333,0.6111111111111112,0.7986577181208053,0.8130252100840336,0.6994219653179191,0.7239915074309978,0.6648936170212766,0.9372900335946248,0.5590062111801242,0.7674418604651163,0.8248659688537145,0.7341354218936431,0.8093866597291353,0.8375095434417468
recall,0.4131054131054131,0.74375,0.38596491228070173,0.6574585635359116,0.6923076923076923,0.5377777777777778,0.6177536231884058,0.6067961165048543,0.9388670779584969,0.371900826446281,0.5641025641025641,0.7195991091314031,0.5936167788370998,0.7195991091314031,0.7543409026459873
f1-score,0.5215827338129496,0.7677419354838709,0.4731182795698925,0.7212121212121212,0.7478260869565218,0.6080402010050252,0.6666666666666666,0.6345177664974619,0.9380778929672177,0.44665012406947885,0.6502463054187192,0.7686451766385156,0.6523345557872658,0.7573952440331365,0.7673231232553267
support,351.0,160.0,114.0,181.0,559.0,225.0,552.0,206.0,1783.0,242.0,117.0,4490.0,4490.0,4490.0,4490.0
