index,1st degree av block,atrial fibrillation,premature atrial contraction,right bundle branch block,sinus rhythm,st depression,ventricular ectopics,micro avg,macro avg,weighted avg,samples avg
precision,0.8529411764705882,0.875,0.6521739130434783,0.9502762430939227,0.6666666666666666,0.7272727272727273,0.726027397260274,0.8195956454121306,0.7786225891153794,0.8121482296641727,0.6863658418243571
recall,0.8285714285714286,0.9051724137931034,0.25,0.8775510204081632,0.6896551724137931,0.7441860465116279,0.5955056179775281,0.7485795454545454,0.6986630999536635,0.7485795454545454,0.710334788937409
f1-score,0.8405797101449276,0.8898305084745763,0.3614457831325301,0.9124668435013261,0.6779661016949153,0.735632183908046,0.654320987654321,0.7824795842613215,0.7246060169300917,0.7714107295059541,0.6901296180772163
support,70.0,116.0,60.0,196.0,87.0,86.0,89.0,704.0,704.0,704.0,704.0
