index,abnormal QRS,atrial fibrillation,incomplete right bundle branch block,left anterior fascicular block,left axis deviation,left ventricular hypertrophy,myocardial infarction,myocardial ischemia,sinus rhythm,t wave abnormal,ventricular ectopics,micro avg,macro avg,weighted avg,samples avg
precision,0.6942148760330579,0.8113207547169812,0.5779816513761468,0.7513227513227513,0.7688073394495413,0.6885245901639344,0.7145631067961165,0.6460674157303371,0.9239130434782609,0.5933333333333334,0.5970149253731343,0.8008953817153629,0.7060967079794177,0.7902771706184334,0.8206002006849464
recall,0.47863247863247865,0.80625,0.5526315789473685,0.7845303867403315,0.7495527728085868,0.56,0.6666666666666666,0.558252427184466,0.9534492428491307,0.3677685950413223,0.6837606837606838,0.7570155902004454,0.6510449847846395,0.7570155902004454,0.7828796108457126
f1-score,0.5666104553119731,0.8087774294670848,0.5650224215246636,0.7675675675675676,0.7590579710144928,0.6176470588235294,0.689784442361762,0.5989583333333333,0.9384487993375655,0.4540816326530613,0.6374501992031872,0.778337531486146,0.6730369373271109,0.7698844108737697,0.7753423905966279
support,351.0,160.0,114.0,181.0,559.0,225.0,552.0,206.0,1783.0,242.0,117.0,4490.0,4490.0,4490.0,4490.0
