index,1st degree av block,atrial fibrillation,premature atrial contraction,right bundle branch block,sinus rhythm,st depression,ventricular ectopics,micro avg,macro avg,weighted avg,samples avg
precision,0.8194444444444444,0.9279279279279279,0.14285714285714285,0.9214659685863874,0.603448275862069,0.717948717948718,0.782608695652174,0.7917933130699089,0.7022430247541234,0.7643114670763415,0.6872877244056284
recall,0.8428571428571429,0.8879310344827587,0.05,0.8979591836734694,0.8045977011494253,0.6511627906976745,0.6067415730337079,0.7400568181818182,0.6773213465563112,0.7400568181818182,0.7074235807860262
f1-score,0.8309859154929577,0.9074889867841409,0.07407407407407408,0.9095607235142119,0.689655172413793,0.6829268292682927,0.6835443037974683,0.7650513950073422,0.6826051436207056,0.7467659561928198,0.6889859291606018
support,70.0,116.0,60.0,196.0,87.0,86.0,89.0,704.0,704.0,704.0,704.0
