index,1st degree av block,atrial fibrillation,premature atrial contraction,right bundle branch block,sinus rhythm,st depression,ventricular ectopics,micro avg,macro avg,weighted avg,samples avg
precision,0.8769230769230769,0.875,0.29545454545454547,0.95,0.7070707070707071,0.7441860465116279,0.8387096774193549,0.8101851851851852,0.7553348647684732,0.805358239939435,0.6787967006307617
recall,0.8142857142857143,0.8448275862068966,0.21666666666666667,0.8724489795918368,0.8045977011494253,0.7441860465116279,0.5842696629213483,0.7457386363636364,0.697326051047645,0.7457386363636364,0.7081513828238719
f1-score,0.8444444444444444,0.8596491228070176,0.25,0.9095744680851064,0.7526881720430108,0.7441860465116278,0.6887417218543046,0.7766272189349113,0.7213262822493587,0.771148990503098,0.6848131974769529
support,70.0,116.0,60.0,196.0,87.0,86.0,89.0,704.0,704.0,704.0,704.0
