index,atrial fibrillation,left ventricular high voltage,nonspecific st t abnormality,sinus bradycardia,sinus rhythm,sinus tachycardia,supraventricular tachycardia,t wave abnormal,micro avg,macro avg,weighted avg,samples avg
precision,0.7909604519774012,0.6145833333333334,0.5342465753424658,0.9670886075949368,0.9578947368421052,0.9027777777777778,0.7377049180327869,0.6847826086956522,0.8356060606060606,0.7737548761995574,0.8248061142512858,0.8301595052083333
recall,0.7909604519774012,0.4609375,0.39,0.9870801033591732,0.9191919191919192,0.87248322147651,0.7377049180327869,0.6847826086956522,0.7969653179190751,0.7303925903416804,0.7969653179190751,0.8133138020833333
f1-score,0.7909604519774012,0.5267857142857143,0.45086705202312144,0.9769820971867008,0.9381443298969072,0.8873720136518771,0.7377049180327869,0.6847826086956522,0.8158284023668638,0.7491998982187701,0.8089438985519177,0.8053664434523808
support,177.0,128.0,100.0,387.0,198.0,149.0,61.0,184.0,1384.0,1384.0,1384.0,1384.0
