index,abnormal QRS,atrial fibrillation,incomplete right bundle branch block,left anterior fascicular block,left axis deviation,left ventricular hypertrophy,myocardial infarction,myocardial ischemia,sinus rhythm,t wave abnormal,ventricular ectopics,micro avg,macro avg,weighted avg,samples avg
precision,0.7018348623853211,0.764367816091954,0.5625,0.6724137931034483,0.8326086956521739,0.6666666666666666,0.6957264957264957,0.6445497630331753,0.9284928492849285,0.5177664974619289,0.7978723404255319,0.7992005643075476,0.7077090708937841,0.7930678458818955,0.8238258839953755
recall,0.4358974358974359,0.83125,0.47368421052631576,0.861878453038674,0.6851520572450805,0.49777777777777776,0.7373188405797102,0.6601941747572816,0.9467190128996074,0.4214876033057851,0.6410256410256411,0.7570155902004454,0.65385320064121,0.7570155902004454,0.7786706803655956
f1-score,0.5377855887521968,0.7964071856287425,0.5142857142857142,0.7554479418886199,0.7517173699705594,0.5699745547073791,0.715919085312225,0.6522781774580335,0.9375173562899194,0.4646924829157176,0.7109004739336492,0.7775363147660985,0.6733569028311597,0.7698859347695333,0.7752355828627016
support,351.0,160.0,114.0,181.0,559.0,225.0,552.0,206.0,1783.0,242.0,117.0,4490.0,4490.0,4490.0,4490.0
