index,1st degree av block,atrial fibrillation,premature atrial contraction,right bundle branch block,sinus rhythm,st depression,ventricular ectopics,micro avg,macro avg,weighted avg,samples avg
precision,0.8688524590163934,0.9298245614035088,0.5,0.9597701149425287,0.5894736842105263,0.8113207547169812,0.7903225806451613,0.840630472854641,0.7785091649907284,0.8212937058126218,0.6530463713869827
recall,0.7571428571428571,0.9137931034482759,0.1,0.8520408163265306,0.6436781609195402,0.5,0.550561797752809,0.6818181818181818,0.6167452479414305,0.6818181818181818,0.6521106259097526
f1-score,0.8091603053435115,0.9217391304347825,0.16666666666666669,0.9027027027027027,0.6153846153846153,0.6187050359712231,0.6490066225165563,0.7529411764705881,0.6690521541457226,0.7315360429974013,0.6468947113051916
support,70.0,116.0,60.0,196.0,87.0,86.0,89.0,704.0,704.0,704.0,704.0
