index,atrial fibrillation,left ventricular high voltage,nonspecific st t abnormality,sinus bradycardia,sinus rhythm,sinus tachycardia,supraventricular tachycardia,t wave abnormal,micro avg,macro avg,weighted avg,samples avg
precision,0.8516483516483516,0.660377358490566,0.5294117647058824,0.9696202531645569,0.9732620320855615,0.9025974025974026,0.7758620689655172,0.7151515151515152,0.8536036036036037,0.7972413433511691,0.8450597073038669,0.8516438802083334
recall,0.8757062146892656,0.546875,0.45,0.9896640826873385,0.9191919191919192,0.9328859060402684,0.7377049180327869,0.6413043478260869,0.8215317919075145,0.7616665485584582,0.8215317919075145,0.83447265625
f1-score,0.863509749303621,0.5982905982905983,0.48648648648648646,0.979539641943734,0.9454545454545455,0.9174917491749175,0.7563025210084033,0.6762177650429798,0.8372606774668631,0.7779116320881607,0.8320937178217449,0.8276739211309523
support,177.0,128.0,100.0,387.0,198.0,149.0,61.0,184.0,1384.0,1384.0,1384.0,1384.0
