index,atrial fibrillation,left ventricular high voltage,nonspecific st t abnormality,sinus bradycardia,sinus rhythm,sinus tachycardia,supraventricular tachycardia,t wave abnormal,micro avg,macro avg,weighted avg,samples avg
precision,0.92,0.7,0.5913978494623656,0.9770408163265306,0.9783783783783784,0.9161290322580645,0.7592592592592593,0.7482993197278912,0.8805732484076433,0.8238130819265612,0.8698833925106367,0.8575032552083333
recall,0.7796610169491526,0.4375,0.55,0.9896640826873385,0.9141414141414141,0.9530201342281879,0.6721311475409836,0.5978260869565217,0.7991329479768786,0.7367429853129498,0.7991329479768786,0.8169759114583333
f1-score,0.8440366972477064,0.5384615384615384,0.5699481865284974,0.9833119383825417,0.9451697127937337,0.9342105263157895,0.7130434782608696,0.6646525679758308,0.8378787878787879,0.7741043307458134,0.8294702365451533,0.8233630952380953
support,177.0,128.0,100.0,387.0,198.0,149.0,61.0,184.0,1384.0,1384.0,1384.0,1384.0
