index,atrial fibrillation,left ventricular high voltage,nonspecific st t abnormality,sinus bradycardia,sinus rhythm,sinus tachycardia,supraventricular tachycardia,t wave abnormal,micro avg,macro avg,weighted avg,samples avg
precision,0.8488372093023255,0.5763888888888888,0.6144578313253012,0.9896907216494846,0.9675675675675676,0.9060402684563759,0.7777777777777778,0.7272727272727273,0.8517682468021068,0.801004124030056,0.8499415179741147,0.8429361979166666
recall,0.8248587570621468,0.6484375,0.51,0.9922480620155039,0.9040404040404041,0.9060402684563759,0.6885245901639344,0.6086956521739131,0.8179190751445087,0.7603556542390347,0.8179190751445087,0.8307291666666666
f1-score,0.836676217765043,0.6102941176470588,0.5573770491803278,0.990967741935484,0.9347258485639687,0.9060402684563759,0.7304347826086957,0.6627218934911243,0.8345005528934759,0.7786547399560098,0.8323877361325609,0.8221168154761904
support,177.0,128.0,100.0,387.0,198.0,149.0,61.0,184.0,1384.0,1384.0,1384.0,1384.0
