index,atrial fibrillation,left ventricular high voltage,nonspecific st t abnormality,sinus bradycardia,sinus rhythm,sinus tachycardia,supraventricular tachycardia,t wave abnormal,micro avg,macro avg,weighted avg,samples avg
precision,0.7839195979899497,0.5729166666666666,0.5408163265306123,0.9644670050761421,0.9834254143646409,0.88125,0.7777777777777778,0.7123287671232876,0.8350903614457831,0.7771126944411346,0.8265569981462507,0.8361409505208333
recall,0.8813559322033898,0.4296875,0.53,0.9819121447028424,0.898989898989899,0.9463087248322147,0.6885245901639344,0.5652173913043478,0.8013005780346821,0.7402495227745785,0.8013005780346821,0.8189290364583333
f1-score,0.8297872340425532,0.4910714285714286,0.5353535353535354,0.9731113956466069,0.9393139841688654,0.912621359223301,0.7304347826086957,0.6303030303030301,0.8178466076696165,0.7552495937397521,0.8109508508944077,0.8118328936688312
support,177.0,128.0,100.0,387.0,198.0,149.0,61.0,184.0,1384.0,1384.0,1384.0,1384.0
