index,abnormal QRS,atrial fibrillation,incomplete right bundle branch block,left anterior fascicular block,left axis deviation,left ventricular hypertrophy,myocardial infarction,myocardial ischemia,sinus rhythm,t wave abnormal,ventricular ectopics,micro avg,macro avg,weighted avg,samples avg
precision,0.6842105263157895,0.8136645962732919,0.5959595959595959,0.788235294117647,0.8087431693989071,0.665,0.7557077625570776,0.5856573705179283,0.9311653116531166,0.5297619047619048,0.7558139534883721,0.8115804461319411,0.7194472259130574,0.8011944568943147,0.825276487140894
recall,0.48148148148148145,0.81875,0.5175438596491229,0.7403314917127072,0.7942754919499105,0.5911111111111111,0.5996376811594203,0.7135922330097088,0.9635445877734156,0.3677685950413223,0.5555555555555556,0.7616926503340757,0.6494174625857959,0.7616926503340757,0.7834031367929672
f1-score,0.5652173913043478,0.8161993769470405,0.5539906103286384,0.7635327635327634,0.8014440433212997,0.6258823529411766,0.6686868686868687,0.6433260393873086,0.9470782800441014,0.43414634146341463,0.6403940886699507,0.785845588235294,0.6781725596933555,0.777157845438913,0.7795677448219821
support,351.0,160.0,114.0,181.0,559.0,225.0,552.0,206.0,1783.0,242.0,117.0,4490.0,4490.0,4490.0,4490.0
