index,abnormal QRS,atrial fibrillation,incomplete right bundle branch block,left anterior fascicular block,left axis deviation,left ventricular hypertrophy,myocardial infarction,myocardial ischemia,sinus rhythm,t wave abnormal,ventricular ectopics,micro avg,macro avg,weighted avg,samples avg
precision,0.5714285714285714,0.7235294117647059,0.6106194690265486,0.80625,0.7865168539325843,0.7202072538860104,0.6752988047808764,0.6651162790697674,0.9379157427937915,0.5874125874125874,0.7283950617283951,0.800238379022646,0.710244548711258,0.789097169020109,0.8249918199070743
recall,0.45584045584045585,0.76875,0.6052631578947368,0.712707182320442,0.7513416815742398,0.6177777777777778,0.6141304347826086,0.6941747572815534,0.9489624228827819,0.34710743801652894,0.5042735042735043,0.7476614699331848,0.6382117102404209,0.7476614699331848,0.7727635625940711
f1-score,0.5071315372424723,0.7454545454545456,0.6079295154185022,0.7565982404692081,0.7685269899359561,0.6650717703349281,0.6432637571157495,0.6793349168646081,0.9434067465848899,0.43636363636363634,0.5959595959595959,0.7730569948186529,0.6680946592494629,0.7650819526764284,0.772822919433089
support,351.0,160.0,114.0,181.0,559.0,225.0,552.0,206.0,1783.0,242.0,117.0,4490.0,4490.0,4490.0,4490.0
