index,1st degree av block,atrial fibrillation,premature atrial contraction,right bundle branch block,sinus rhythm,st depression,ventricular ectopics,micro avg,macro avg,weighted avg,samples avg
precision,0.7272727272727273,0.7985611510791367,0.5517241379310345,0.9444444444444444,0.6938775510204082,0.7671232876712328,0.7164179104477612,0.7918552036199095,0.7427744585523922,0.7838890447863583,0.6785540999514799
recall,0.8,0.9568965517241379,0.26666666666666666,0.8673469387755102,0.7816091954022989,0.6511627906976745,0.5393258426966292,0.7457386363636364,0.6947154265661312,0.7457386363636364,0.7052401746724891
f1-score,0.761904761904762,0.8705882352941177,0.35955056179775285,0.9042553191489361,0.7351351351351352,0.7044025157232704,0.6153846153846154,0.7681053401609362,0.7073173063412271,0.7562972283617846,0.684570596797671
support,70.0,116.0,60.0,196.0,87.0,86.0,89.0,704.0,704.0,704.0,704.0
