index,1st degree av block,atrial fibrillation,premature atrial contraction,right bundle branch block,sinus rhythm,st depression,ventricular ectopics,micro avg,macro avg,weighted avg,samples avg
precision,0.8095238095238095,0.8442622950819673,0.3783783783783784,0.9263157894736842,0.6458333333333334,0.7710843373493976,0.8541666666666666,0.7996870109546166,0.747080658543891,0.7917376089220188,0.6746724890829694
recall,0.7285714285714285,0.8879310344827587,0.23333333333333334,0.8979591836734694,0.7126436781609196,0.7441860465116279,0.4606741573033708,0.7258522727272727,0.6664712660052727,0.7258522727272727,0.6928675400291121
f1-score,0.7669172932330828,0.865546218487395,0.288659793814433,0.911917098445596,0.6775956284153006,0.7573964497041421,0.5985401459854015,0.7609828741623231,0.6952246611550502,0.7492896280318814,0.6755458515283843
support,70.0,116.0,60.0,196.0,87.0,86.0,89.0,704.0,704.0,704.0,704.0
