index,1st degree av block,atrial fibrillation,premature atrial contraction,right bundle branch block,sinus rhythm,st depression,ventricular ectopics,micro avg,macro avg,weighted avg,samples avg
precision,0.8405797101449275,0.9285714285714286,0.42857142857142855,0.9468085106382979,0.6306306306306306,0.8260869565217391,0.8793103448275862,0.8302180685358256,0.7829370014151483,0.8267195781806994,0.7074235807860262
recall,0.8285714285714286,0.896551724137931,0.25,0.9081632653061225,0.8045977011494253,0.6627906976744186,0.5730337078651685,0.7571022727272727,0.7033869321006422,0.7571022727272727,0.7234352256186317
f1-score,0.8345323741007195,0.912280701754386,0.3157894736842105,0.9270833333333334,0.7070707070707072,0.7354838709677418,0.693877551020408,0.7919762258543833,0.7323025731330723,0.783266187221788,0.7081513828238719
support,70.0,116.0,60.0,196.0,87.0,86.0,89.0,704.0,704.0,704.0,704.0
