index,atrial fibrillation,left ventricular high voltage,nonspecific st t abnormality,sinus bradycardia,sinus rhythm,sinus tachycardia,supraventricular tachycardia,t wave abnormal,micro avg,macro avg,weighted avg,samples avg
precision,0.8238341968911918,0.5517241379310345,0.5568181818181818,0.9895561357702349,0.8917525773195877,0.9205298013245033,0.6901408450704225,0.6954022988505747,0.821300929235168,0.7649697718719664,0.8228742416721412,0.8312755766369047
recall,0.8983050847457628,0.625,0.49,0.979328165374677,0.8737373737373737,0.9328859060402684,0.8032786885245902,0.657608695652174,0.8302023121387283,0.7825179892593557,0.8302023121387283,0.8390299479166667
f1-score,0.8594594594594595,0.5860805860805861,0.5212765957446808,0.9844155844155844,0.8826530612244898,0.9266666666666667,0.7424242424242424,0.6759776536312849,0.8257276320517427,0.7723692312058743,0.8256831911833499,0.8194855220734126
support,177.0,128.0,100.0,387.0,198.0,149.0,61.0,184.0,1384.0,1384.0,1384.0,1384.0
