index,1st degree av block,atrial fibrillation,premature atrial contraction,right bundle branch block,sinus rhythm,st depression,ventricular ectopics,micro avg,macro avg,weighted avg,samples avg
precision,0.803030303030303,0.9196428571428571,0.14285714285714285,0.9197860962566845,0.7142857142857143,0.6931818181818182,0.6785714285714286,0.7826771653543307,0.6959079086179927,0.758365833420145,0.6514694669716504
recall,0.7571428571428571,0.8879310344827587,0.08333333333333333,0.8775510204081632,0.7471264367816092,0.7093023255813954,0.42696629213483145,0.7059659090909091,0.6413361856949926,0.7059659090909091,0.6703056768558951
f1-score,0.7794117647058824,0.9035087719298246,0.10526315789473685,0.8981723237597911,0.7303370786516854,0.7011494252873564,0.5241379310344828,0.7423450336071694,0.6631400647519657,0.7275708214252173,0.6525715672003881
support,70.0,116.0,60.0,196.0,87.0,86.0,89.0,704.0,704.0,704.0,704.0
