index,atrial fibrillation,left ventricular high voltage,nonspecific st t abnormality,sinus bradycardia,sinus rhythm,sinus tachycardia,supraventricular tachycardia,t wave abnormal,micro avg,macro avg,weighted avg,samples avg
precision,0.8228571428571428,0.6909090909090909,0.703125,0.9872122762148338,0.9574468085106383,0.8980891719745223,0.75,0.7100591715976331,0.8649468892261002,0.8149623327579827,0.8571072045523795,0.8675781250000001
recall,0.8135593220338984,0.59375,0.45,0.9974160206718347,0.9090909090909091,0.9463087248322147,0.7868852459016393,0.6521739130434783,0.8236994219653179,0.7686480169467469,0.8236994219653179,0.8414713541666666
f1-score,0.8181818181818181,0.6386554621848739,0.5487804878048781,0.9922879177377892,0.9326424870466321,0.9215686274509803,0.768,0.6798866855524079,0.843819393042191,0.7875004357449225,0.8377049436343427,0.8393508184523809
support,177.0,128.0,100.0,387.0,198.0,149.0,61.0,184.0,1384.0,1384.0,1384.0,1384.0
