index,atrial fibrillation,left ventricular high voltage,nonspecific st t abnormality,sinus bradycardia,sinus rhythm,sinus tachycardia,supraventricular tachycardia,t wave abnormal,micro avg,macro avg,weighted avg,samples avg
precision,0.8539325842696629,0.6513761467889908,0.4523809523809524,0.9846153846153847,0.9470899470899471,0.9224806201550387,0.7659574468085106,0.7126436781609196,0.8360655737704918,0.7863095950336758,0.8407729235930699,0.825830078125
recall,0.8587570621468926,0.5546875,0.57,0.9922480620155039,0.9040404040404041,0.7986577181208053,0.5901639344262295,0.6739130434782609,0.8106936416184971,0.7428084655285121,0.8106936416184971,0.8194986979166666
f1-score,0.856338028169014,0.5991561181434599,0.504424778761062,0.9884169884169884,0.9250645994832041,0.8561151079136691,0.6666666666666666,0.6927374301675977,0.8231841526045488,0.7611149647152077,0.8237557529595916,0.8062174479166666
support,177.0,128.0,100.0,387.0,198.0,149.0,61.0,184.0,1384.0,1384.0,1384.0,1384.0
