index,atrial fibrillation,left ventricular high voltage,nonspecific st t abnormality,sinus bradycardia,sinus rhythm,sinus tachycardia,supraventricular tachycardia,t wave abnormal,micro avg,macro avg,weighted avg,samples avg
precision,0.8490566037735849,0.6875,0.6341463414634146,0.9868421052631579,0.9776536312849162,0.9214285714285714,0.7547169811320755,0.7419354838709677,0.8737942122186495,0.8191599647770861,0.8649043994000674,0.83642578125
recall,0.7627118644067796,0.515625,0.52,0.9689922480620154,0.8838383838383839,0.8657718120805369,0.6557377049180327,0.625,0.7854046242774566,0.7247096266632186,0.7854046242774566,0.8040364583333333
f1-score,0.8035714285714285,0.5892857142857143,0.5714285714285714,0.9778357235984353,0.9283819628647215,0.8927335640138407,0.7017543859649122,0.6784660766961652,0.8272450532724505,0.7679321784279737,0.8220431371404603,0.8054454985119047
support,177.0,128.0,100.0,387.0,198.0,149.0,61.0,184.0,1384.0,1384.0,1384.0,1384.0
