index,1st degree av block,atrial fibrillation,premature atrial contraction,right bundle branch block,sinus rhythm,st depression,ventricular ectopics,micro avg,macro avg,weighted avg,samples avg
precision,0.8125,0.9017857142857143,0.6,0.9230769230769231,0.6451612903225806,0.7294117647058823,0.8360655737704918,0.8183279742765274,0.7782858951659417,0.8120362214042103,0.6739446870451238
recall,0.7428571428571429,0.8706896551724138,0.25,0.8571428571428571,0.6896551724137931,0.7209302325581395,0.5730337078651685,0.7230113636363636,0.6720441097156451,0.7230113636363636,0.6855895196506551
f1-score,0.7761194029850748,0.8859649122807018,0.35294117647058826,0.888888888888889,0.6666666666666667,0.7251461988304093,0.6799999999999999,0.7677224736048265,0.7108181780174757,0.7576442527604964,0.6739446870451238
support,70.0,116.0,60.0,196.0,87.0,86.0,89.0,704.0,704.0,704.0,704.0
