index,atrial fibrillation,left ventricular high voltage,nonspecific st t abnormality,sinus bradycardia,sinus rhythm,sinus tachycardia,supraventricular tachycardia,t wave abnormal,micro avg,macro avg,weighted avg,samples avg
precision,0.8786127167630058,0.6973684210526315,0.704225352112676,0.9747474747474747,0.973404255319149,0.8805031446540881,0.7962962962962963,0.777027027027027,0.8869565217391304,0.8352730859965435,0.8727626263396147,0.8713541666666667
recall,0.8587570621468926,0.4140625,0.5,0.9974160206718347,0.9242424242424242,0.9395973154362416,0.7049180327868853,0.625,0.8106936416184971,0.7454991694105348,0.8106936416184971,0.8301595052083334
f1-score,0.8685714285714285,0.5196078431372549,0.5847953216374269,0.9859514687100894,0.9481865284974094,0.9090909090909091,0.7478260869565216,0.6927710843373495,0.8471121177802945,0.7821000838672987,0.8356737328415544,0.8373457651289682
support,177.0,128.0,100.0,387.0,198.0,149.0,61.0,184.0,1384.0,1384.0,1384.0,1384.0
