index,atrial fibrillation,left ventricular high voltage,nonspecific st t abnormality,sinus bradycardia,sinus rhythm,sinus tachycardia,supraventricular tachycardia,t wave abnormal,micro avg,macro avg,weighted avg,samples avg
precision,0.875,0.6115702479338843,0.6285714285714286,0.9769820971867008,0.9292929292929293,0.9370629370629371,0.7959183673469388,0.7065868263473054,0.8583525789068515,0.8076231042177655,0.849920939510389,0.8386718750000001
recall,0.7909604519774012,0.578125,0.44,0.9870801033591732,0.9292929292929293,0.8993288590604027,0.639344262295082,0.6413043478260869,0.805635838150289,0.7381794942263844,0.805635838150289,0.8151041666666666
f1-score,0.830860534124629,0.5943775100401606,0.5176470588235295,0.982005141388175,0.9292929292929293,0.9178082191780822,0.7090909090909091,0.6723646723646723,0.8311591502049944,0.7691808717878859,0.8256260124652861,0.8122209821428572
support,177.0,128.0,100.0,387.0,198.0,149.0,61.0,184.0,1384.0,1384.0,1384.0,1384.0
