index,1st degree av block,atrial fibrillation,premature atrial contraction,right bundle branch block,sinus rhythm,st depression,ventricular ectopics,micro avg,macro avg,weighted avg,samples avg
precision,0.8181818181818182,0.9217391304347826,0.7,0.9555555555555556,0.725,0.7333333333333333,0.8103448275862069,0.8544520547945206,0.8091649521559567,0.8405478858151848,0.6797671033478894
recall,0.7714285714285715,0.9137931034482759,0.11666666666666667,0.8775510204081632,0.6666666666666666,0.6395348837209303,0.5280898876404494,0.7088068181818182,0.6448186857113891,0.7088068181818182,0.6797671033478894
f1-score,0.7941176470588236,0.9177489177489179,0.2,0.9148936170212767,0.6946107784431137,0.6832298136645963,0.6394557823129251,0.7748447204968943,0.6920080794642363,0.7520834162140894,0.6737020863658418
support,70.0,116.0,60.0,196.0,87.0,86.0,89.0,704.0,704.0,704.0,704.0
