index,1st degree av block,atrial fibrillation,premature atrial contraction,right bundle branch block,sinus rhythm,st depression,ventricular ectopics,micro avg,macro avg,weighted avg,samples avg
precision,0.8636363636363636,0.8938053097345132,0.3333333333333333,0.9555555555555556,0.6868686868686869,0.8208955223880597,0.8541666666666666,0.821256038647343,0.7726087768833114,0.8207390259785796,0.6877729257641921
recall,0.8142857142857143,0.8706896551724138,0.26666666666666666,0.8775510204081632,0.7816091954022989,0.6395348837209303,0.4606741573033708,0.7244318181818182,0.6730016132799369,0.7244318181818182,0.6950509461426492
f1-score,0.8382352941176471,0.8820960698689956,0.2962962962962963,0.9148936170212767,0.7311827956989247,0.718954248366013,0.5985401459854015,0.769811320754717,0.7114569239077937,0.7625136121945613,0.6858321203299369
support,70.0,116.0,60.0,196.0,87.0,86.0,89.0,704.0,704.0,704.0,704.0
