index,1st degree av block,atrial fibrillation,premature atrial contraction,right bundle branch block,sinus rhythm,st depression,ventricular ectopics,micro avg,macro avg,weighted avg,samples avg
precision,0.8333333333333334,0.9051724137931034,0.6,0.9405405405405406,0.7088607594936709,0.7761194029850746,0.803030303030303,0.8464106844741235,0.7952938218822894,0.8289291633261962,0.6727316836487143
recall,0.7857142857142857,0.9051724137931034,0.2,0.8877551020408163,0.6436781609195402,0.6046511627906976,0.5955056179775281,0.7201704545454546,0.6603538204622816,0.7201704545454546,0.6812227074235808
f1-score,0.8088235294117647,0.9051724137931035,0.3,0.9133858267716536,0.674698795180723,0.6797385620915033,0.6838709677419355,0.7782041442824251,0.7093842992843833,0.7623041147097898,0.6719553614750121
support,70.0,116.0,60.0,196.0,87.0,86.0,89.0,704.0,704.0,704.0,704.0
