index,atrial fibrillation,left ventricular high voltage,nonspecific st t abnormality,sinus bradycardia,sinus rhythm,sinus tachycardia,supraventricular tachycardia,t wave abnormal,micro avg,macro avg,weighted avg,samples avg
precision,0.863905325443787,0.6846846846846847,0.5851063829787234,0.984375,0.9576719576719577,0.9130434782608695,0.8,0.6850828729281768,0.8554125662376987,0.809233712746025,0.8529858526298872,0.8382161458333333
recall,0.8248587570621468,0.59375,0.55,0.9767441860465116,0.9141414141414141,0.8456375838926175,0.7213114754098361,0.6739130434782609,0.8164739884393064,0.7625445575038484,0.8164739884393064,0.822998046875
f1-score,0.8439306358381502,0.6359832635983264,0.5670103092783506,0.980544747081712,0.9354005167958657,0.8780487804878048,0.7586206896551724,0.6794520547945206,0.8354898336414048,0.7848738746912378,0.8340224270966892,0.8171014694940476
support,177.0,128.0,100.0,387.0,198.0,149.0,61.0,184.0,1384.0,1384.0,1384.0,1384.0
