index,1st degree av block,atrial fibrillation,premature atrial contraction,right bundle branch block,sinus rhythm,st depression,ventricular ectopics,micro avg,macro avg,weighted avg,samples avg
precision,0.7435897435897436,0.9272727272727272,0.37209302325581395,0.9130434782608695,0.6238532110091743,0.75,0.7681159420289855,0.7808219178082192,0.728281160773902,0.778458195664454,0.6550218340611353
recall,0.8285714285714286,0.8793103448275862,0.26666666666666666,0.8571428571428571,0.7816091954022989,0.5581395348837209,0.5955056179775281,0.7286931818181818,0.6809922350674409,0.7286931818181818,0.6914119359534207
f1-score,0.7837837837837838,0.902654867256637,0.31067961165048547,0.8842105263157894,0.6938775510204082,0.6399999999999999,0.6708860759493671,0.7538574577516532,0.698013202282353,0.7480611889514598,0.6638524987869966
support,70.0,116.0,60.0,196.0,87.0,86.0,89.0,704.0,704.0,704.0,704.0
