index,atrial fibrillation,left ventricular high voltage,nonspecific st t abnormality,sinus bradycardia,sinus rhythm,sinus tachycardia,supraventricular tachycardia,t wave abnormal,micro avg,macro avg,weighted avg,samples avg
precision,0.8144329896907216,0.68,0.5274725274725275,0.9746192893401016,0.9615384615384616,0.9019607843137255,0.7586206896551724,0.7010869565217391,0.8436578171091446,0.7899664623165561,0.838997247986601,0.8451334635416667
recall,0.8926553672316384,0.53125,0.48,0.9922480620155039,0.8838383838383839,0.9261744966442953,0.7213114754098361,0.7010869565217391,0.8265895953757225,0.7660705927076745,0.8265895953757225,0.8379720052083333
f1-score,0.8517520215633423,0.5964912280701754,0.5026178010471205,0.9833546734955186,0.9210526315789475,0.9139072847682119,0.7394957983193277,0.7010869565217391,0.835036496350365,0.776219799420548,0.8313445620937471,0.8272925967261904
support,177.0,128.0,100.0,387.0,198.0,149.0,61.0,184.0,1384.0,1384.0,1384.0,1384.0
