index,abnormal QRS,atrial fibrillation,incomplete right bundle branch block,left anterior fascicular block,left axis deviation,left ventricular hypertrophy,myocardial infarction,myocardial ischemia,sinus rhythm,t wave abnormal,ventricular ectopics,micro avg,macro avg,weighted avg,samples avg
precision,0.6075471698113207,0.8064516129032258,0.5566037735849056,0.8128654970760234,0.7707979626485568,0.7142857142857143,0.7263374485596708,0.5503875968992248,0.922288181327577,0.5706214689265536,0.7727272727272727,0.7944290976058932,0.7100830635227314,0.7865725115646155,0.821858298976943
recall,0.4586894586894587,0.78125,0.5175438596491229,0.7679558011049724,0.8121645796064401,0.6222222222222222,0.6394927536231884,0.6893203883495146,0.9584969153112731,0.41735537190082644,0.5811965811965812,0.7685968819599109,0.6586989028776,0.7685968819599109,0.7899537552079925
f1-score,0.5227272727272728,0.7936507936507936,0.5363636363636364,0.7897727272727273,0.7909407665505226,0.665083135391924,0.6801541425818881,0.6120689655172414,0.94004400440044,0.48210023866348445,0.6634146341463416,0.781299524564184,0.679665483387843,0.7746665557366519,0.7796396228599618
support,351.0,160.0,114.0,181.0,559.0,225.0,552.0,206.0,1783.0,242.0,117.0,4490.0,4490.0,4490.0,4490.0
