index,abnormal QRS,atrial fibrillation,incomplete right bundle branch block,left anterior fascicular block,left axis deviation,left ventricular hypertrophy,myocardial infarction,myocardial ischemia,sinus rhythm,t wave abnormal,ventricular ectopics,micro avg,macro avg,weighted avg,samples avg
precision,0.6590909090909091,0.8129032258064516,0.44936708860759494,0.8523489932885906,0.7744755244755245,0.642512077294686,0.7238658777120316,0.6830601092896175,0.9375345494748479,0.5763888888888888,0.6842105263157895,0.8051917123124553,0.7087052518404483,0.796403712270374,0.8273208163038672
recall,0.4131054131054131,0.7875,0.6228070175438597,0.7016574585635359,0.7924865831842576,0.5911111111111111,0.6648550724637681,0.6067961165048543,0.9512058328659563,0.34297520661157027,0.5555555555555556,0.7530066815144766,0.6390959425008984,0.7530066815144766,0.7817343978360928
f1-score,0.5078809106830122,0.8,0.5220588235294118,0.7696969696969697,0.7833775419982315,0.6157407407407407,0.6931067044381493,0.6426735218508997,0.9443207126948775,0.43005181347150256,0.6132075471698113,0.778225342386926,0.6656468442066914,0.7697267413487755,0.7782407087491833
support,351.0,160.0,114.0,181.0,559.0,225.0,552.0,206.0,1783.0,242.0,117.0,4490.0,4490.0,4490.0,4490.0
