index,atrial fibrillation,left ventricular high voltage,nonspecific st t abnormality,sinus bradycardia,sinus rhythm,sinus tachycardia,supraventricular tachycardia,t wave abnormal,micro avg,macro avg,weighted avg,samples avg
precision,0.8802395209580839,0.7032967032967034,0.569620253164557,0.9947229551451188,0.9396984924623115,0.8823529411764706,0.8043478260869565,0.725,0.869701726844584,0.8124098365362752,0.8581938506671326,0.8522135416666666
recall,0.8305084745762712,0.5,0.45,0.9741602067183462,0.9444444444444444,0.9060402684563759,0.6065573770491803,0.6304347826086957,0.8005780346820809,0.7302681942316642,0.8005780346820809,0.8192545572916667
f1-score,0.8546511627906977,0.5844748858447488,0.5027932960893855,0.9843342036553524,0.9420654911838791,0.8940397350993378,0.691588785046729,0.6744186046511628,0.8337095560571859,0.7660457705451618,0.8261008197641005,0.8212518601190476
support,177.0,128.0,100.0,387.0,198.0,149.0,61.0,184.0,1384.0,1384.0,1384.0,1384.0
