index,atrial fibrillation,left ventricular high voltage,nonspecific st t abnormality,sinus bradycardia,sinus rhythm,sinus tachycardia,supraventricular tachycardia,t wave abnormal,micro avg,macro avg,weighted avg,samples avg
precision,0.8546511627906976,0.6076923076923076,0.5714285714285714,0.9770992366412213,0.9285714285714286,0.9072847682119205,0.75,0.7266666666666667,0.8474320241691843,0.7904242677503517,0.8402004139515639,0.8390299479166667
recall,0.8305084745762712,0.6171875,0.48,0.9922480620155039,0.9191919191919192,0.9194630872483222,0.5901639344262295,0.592391304347826,0.8106936416184971,0.742644285225759,0.8106936416184971,0.8211263020833333
f1-score,0.8424068767908309,0.6124031007751937,0.5217391304347826,0.9846153846153846,0.9238578680203046,0.9133333333333332,0.6605504587155964,0.652694610778443,0.8286558345642541,0.7639500954329836,0.8237814970234145,0.815341331845238
support,177.0,128.0,100.0,387.0,198.0,149.0,61.0,184.0,1384.0,1384.0,1384.0,1384.0
