index,1st degree av block,atrial fibrillation,premature atrial contraction,right bundle branch block,sinus rhythm,st depression,ventricular ectopics,micro avg,macro avg,weighted avg,samples avg
precision,0.8382352941176471,0.926605504587156,0.5,0.9510869565217391,0.6509433962264151,0.8,0.7916666666666666,0.8291925465838509,0.7797911168742321,0.82168488835744,0.70281416787967
recall,0.8142857142857143,0.8706896551724138,0.25,0.8928571428571429,0.7931034482758621,0.6976744186046512,0.6404494382022472,0.7585227272727273,0.7084371167711474,0.7585227272727273,0.7219796215429404
f1-score,0.8260869565217392,0.8977777777777779,0.3333333333333333,0.9210526315789473,0.7150259067357512,0.7453416149068322,0.7080745341614907,0.7922848664688428,0.7352418221451246,0.7838350728360628,0.7062105773896167
support,70.0,116.0,60.0,196.0,87.0,86.0,89.0,704.0,704.0,704.0,704.0
