index,abnormal QRS,atrial fibrillation,incomplete right bundle branch block,left anterior fascicular block,left axis deviation,left ventricular hypertrophy,myocardial infarction,myocardial ischemia,sinus rhythm,t wave abnormal,ventricular ectopics,micro avg,macro avg,weighted avg,samples avg
precision,0.6150943396226415,0.7987421383647799,0.6111111111111112,0.6733668341708543,0.811088295687885,0.6618357487922706,0.7140039447731755,0.6217391304347826,0.9326027397260274,0.5532994923857868,0.6568627450980392,0.7952202436738519,0.6954315018333959,0.7869364947472134,0.8243717688632943
recall,0.46438746438746437,0.79375,0.4824561403508772,0.7403314917127072,0.7066189624329159,0.6088888888888889,0.6557971014492754,0.6941747572815534,0.9545709478407179,0.45041322314049587,0.5726495726495726,0.755902004454343,0.6476398681940426,0.755902004454343,0.7857579128765569
f1-score,0.5292207792207791,0.7962382445141065,0.5392156862745098,0.7052631578947368,0.7552581261950287,0.6342592592592593,0.6836638338054768,0.6559633027522935,0.9434589800443459,0.4965831435079727,0.6118721461187213,0.7750627997259648,0.6682724235988391,0.7691839327819221,0.7781369416962637
support,351.0,160.0,114.0,181.0,559.0,225.0,552.0,206.0,1783.0,242.0,117.0,4490.0,4490.0,4490.0,4490.0
