index,abnormal QRS,atrial fibrillation,incomplete right bundle branch block,left anterior fascicular block,left axis deviation,left ventricular hypertrophy,myocardial infarction,myocardial ischemia,sinus rhythm,t wave abnormal,ventricular ectopics,micro avg,macro avg,weighted avg,samples avg
precision,0.49373433583959897,0.7852760736196319,0.5961538461538461,0.7752808988764045,0.7808219178082192,0.6561085972850679,0.6782006920415224,0.6564102564102564,0.9316192560175055,0.5792682926829268,0.7078651685393258,0.7788141239173884,0.6946126668431186,0.776170104925603,0.8112615091428651
recall,0.5612535612535613,0.8,0.543859649122807,0.7624309392265194,0.815742397137746,0.6444444444444445,0.7101449275362319,0.6213592233009708,0.9551318003365115,0.3925619834710744,0.5384615384615384,0.7810690423162584,0.6677627694810367,0.7810690423162584,0.8006129616299109
f1-score,0.5253333333333333,0.7925696594427244,0.5688073394495413,0.7688022284122563,0.7979002624671917,0.6502242152466369,0.6938053097345133,0.6384039900249375,0.9432290224314595,0.46798029556650245,0.6116504854368932,0.7799399532970088,0.678064194685999,0.7769733895183623,0.7792613275664122
support,351.0,160.0,114.0,181.0,559.0,225.0,552.0,206.0,1783.0,242.0,117.0,4490.0,4490.0,4490.0,4490.0
