index,1st degree av block,atrial fibrillation,premature atrial contraction,right bundle branch block,sinus rhythm,st depression,ventricular ectopics,micro avg,macro avg,weighted avg,samples avg
precision,0.7272727272727273,0.9210526315789473,0.4722222222222222,0.93048128342246,0.6185567010309279,0.7283950617283951,0.8082191780821918,0.7969924812030075,0.7437428293339817,0.7909755343807273,0.6894711305191654
recall,0.8,0.9051724137931034,0.2833333333333333,0.8877551020408163,0.6896551724137931,0.686046511627907,0.6629213483146067,0.7528409090909091,0.7021262687890799,0.7528409090909091,0.7139737991266376
f1-score,0.761904761904762,0.9130434782608695,0.3541666666666667,0.9086161879895561,0.6521739130434783,0.7065868263473054,0.7283950617283951,0.7742878013148283,0.7178409851344333,0.7683493006420812,0.6937894226103833
support,70.0,116.0,60.0,196.0,87.0,86.0,89.0,704.0,704.0,704.0,704.0
