index,atrial fibrillation,left ventricular high voltage,nonspecific st t abnormality,sinus bradycardia,sinus rhythm,sinus tachycardia,supraventricular tachycardia,t wave abnormal,micro avg,macro avg,weighted avg,samples avg
precision,0.891566265060241,0.7157894736842105,0.5616438356164384,0.9895561357702349,0.9540816326530612,0.9121621621621622,0.8163265306122449,0.7247191011235955,0.875,0.8207306420852736,0.8645342832756671,0.8564778645833333
recall,0.8361581920903954,0.53125,0.41,0.979328165374677,0.9444444444444444,0.9060402684563759,0.6557377049180327,0.7010869565217391,0.8143063583815029,0.7455057164757081,0.8143063583815029,0.829345703125
f1-score,0.8629737609329445,0.6098654708520179,0.47398843930635837,0.9844155844155844,0.949238578680203,0.9090909090909091,0.7272727272727273,0.712707182320442,0.8435628742514971,0.7786940816088983,0.8367647059230345,0.8299711681547619
support,177.0,128.0,100.0,387.0,198.0,149.0,61.0,184.0,1384.0,1384.0,1384.0,1384.0
