index,1st degree av block,atrial fibrillation,premature atrial contraction,right bundle branch block,sinus rhythm,st depression,ventricular ectopics,micro avg,macro avg,weighted avg,samples avg
precision,0.864406779661017,0.8934426229508197,0.3157894736842105,0.9289617486338798,0.6666666666666666,0.75,0.6395348837209303,0.800314465408805,0.7226860250453606,0.7735657594361111,0.6622998544395924
recall,0.7285714285714285,0.9396551724137931,0.1,0.8673469387755102,0.6666666666666666,0.6976744186046512,0.6179775280898876,0.7230113636363636,0.6596988790174196,0.7230113636363636,0.6863173216885007
f1-score,0.7906976744186046,0.9159663865546218,0.15189873417721522,0.8970976253298153,0.6666666666666666,0.7228915662650603,0.6285714285714286,0.7597014925373133,0.681970011711916,0.7424112620831924,0.6661814653081028
support,70.0,116.0,60.0,196.0,87.0,86.0,89.0,704.0,704.0,704.0,704.0
