index,1st degree av block,atrial fibrillation,premature atrial contraction,right bundle branch block,sinus rhythm,st depression,ventricular ectopics,micro avg,macro avg,weighted avg,samples avg
precision,0.8529411764705882,0.9459459459459459,0.34146341463414637,0.8894472361809045,0.7428571428571429,0.7435897435897436,0.7636363636363637,0.8135048231511254,0.754268717616405,0.7965852286833847,0.6622998544395924
recall,0.8285714285714286,0.9051724137931034,0.23333333333333334,0.9030612244897959,0.5977011494252874,0.6744186046511628,0.47191011235955055,0.71875,0.6591668952319517,0.71875,0.6826783114992722
f1-score,0.8405797101449276,0.9251101321585904,0.27722772277227725,0.8962025316455696,0.6624203821656051,0.7073170731707318,0.5833333333333333,0.7631975867269984,0.6988844121987192,0.7511636687743848,0.6649684619116933
support,70.0,116.0,60.0,196.0,87.0,86.0,89.0,704.0,704.0,704.0,704.0
