index,atrial fibrillation,left ventricular high voltage,nonspecific st t abnormality,sinus bradycardia,sinus rhythm,sinus tachycardia,supraventricular tachycardia,t wave abnormal,micro avg,macro avg,weighted avg,samples avg
precision,0.8212290502793296,0.6826923076923077,0.5126050420168067,0.9771573604060914,0.9625668449197861,0.8284023668639053,0.8536585365853658,0.7313432835820896,0.841748304446119,0.7962068490432103,0.8401900887503946,0.8369954427083333
recall,0.8305084745762712,0.5546875,0.61,0.9948320413436692,0.9090909090909091,0.9395973154362416,0.5737704918032787,0.532608695652174,0.8070809248554913,0.743136928487818,0.8070809248554913,0.8190104166666667
f1-score,0.8258426966292135,0.6120689655172413,0.5570776255707762,0.9859154929577465,0.935064935064935,0.8805031446540881,0.6862745098039217,0.6163522012578616,0.8240501659904095,0.762387446431973,0.8189201004675616,0.8124930245535714
support,177.0,128.0,100.0,387.0,198.0,149.0,61.0,184.0,1384.0,1384.0,1384.0,1384.0
