index,1st degree av block,atrial fibrillation,premature atrial contraction,right bundle branch block,sinus rhythm,st depression,ventricular ectopics,micro avg,macro avg,weighted avg,samples avg
precision,0.8524590163934426,0.9339622641509434,0.5185185185185185,0.9459459459459459,0.6237623762376238,0.75,0.7534246575342466,0.8196457326892109,0.7682961112543888,0.8101568061914605,0.6738233867054828
recall,0.7428571428571429,0.853448275862069,0.23333333333333334,0.8928571428571429,0.7241379310344828,0.5930232558139535,0.6179775280898876,0.7230113636363636,0.6653763728354303,0.7230113636363636,0.6906841339155749
f1-score,0.7938931297709924,0.8918918918918919,0.32183908045977017,0.9186351706036745,0.6702127659574468,0.6623376623376622,0.6790123456790124,0.7683018867924528,0.7054031495286358,0.7586597516677618,0.6739932071809801
support,70.0,116.0,60.0,196.0,87.0,86.0,89.0,704.0,704.0,704.0,704.0
