index,1st degree av block,atrial fibrillation,premature atrial contraction,right bundle branch block,sinus rhythm,st depression,ventricular ectopics,micro avg,macro avg,weighted avg,samples avg
precision,0.8656716417910447,0.905982905982906,0.48,0.9365079365079365,0.7023809523809523,0.648936170212766,0.75,0.814873417721519,0.7556399438393723,0.7978867060658899,0.6766132945172247
recall,0.8285714285714286,0.9137931034482759,0.2,0.9030612244897959,0.6781609195402298,0.7093023255813954,0.47191011235955055,0.7315340909090909,0.6721141591415252,0.7315340909090909,0.6950509461426492
f1-score,0.8467153284671534,0.9098712446351932,0.28235294117647064,0.9194805194805193,0.6900584795321637,0.6777777777777778,0.5793103448275861,0.7709580838323353,0.7007952336995521,0.7554788252230048,0.6792819019893256
support,70.0,116.0,60.0,196.0,87.0,86.0,89.0,704.0,704.0,704.0,704.0
