index,1st degree av block,atrial fibrillation,premature atrial contraction,right bundle branch block,sinus rhythm,st depression,ventricular ectopics,micro avg,macro avg,weighted avg,samples avg
precision,0.7916666666666666,0.9279279279279279,0.2916666666666667,0.9392265193370166,0.6730769230769231,0.7804878048780488,0.8545454545454545,0.8235294117647058,0.751228280442672,0.8045154731223175,0.6965065502183406
recall,0.8142857142857143,0.8879310344827587,0.11666666666666667,0.8673469387755102,0.8045977011494253,0.7441860465116279,0.5280898876404494,0.7357954545454546,0.6804434270731647,0.7357954545454546,0.7030567685589519
f1-score,0.8028169014084506,0.9074889867841409,0.16666666666666669,0.9018567639257294,0.7329842931937174,0.761904761904762,0.6527777777777777,0.7771942985746436,0.703785164523035,0.7608245689614772,0.693110140708394
support,70.0,116.0,60.0,196.0,87.0,86.0,89.0,704.0,704.0,704.0,704.0
