index,1st degree av block,atrial fibrillation,premature atrial contraction,right bundle branch block,sinus rhythm,st depression,ventricular ectopics,micro avg,macro avg,weighted avg,samples avg
precision,0.8461538461538461,0.8942307692307693,0.4782608695652174,0.9636363636363636,0.7469879518072289,0.7721518987341772,0.875,0.851520572450805,0.7966316713039433,0.8377811548388451,0.6441048034934498
recall,0.7857142857142857,0.8017241379310345,0.18333333333333332,0.8112244897959183,0.7126436781609196,0.7093023255813954,0.39325842696629215,0.6761363636363636,0.62817152535474,0.6761363636363636,0.6441048034934498
f1-score,0.8148148148148148,0.8454545454545455,0.2650602409638554,0.8808864265927977,0.7294117647058824,0.7393939393939394,0.5426356589147288,0.7537608867775138,0.6882367701200806,0.7372278328700076,0.6394953905870936
support,70.0,116.0,60.0,196.0,87.0,86.0,89.0,704.0,704.0,704.0,704.0
