index,abnormal QRS,atrial fibrillation,incomplete right bundle branch block,left anterior fascicular block,left axis deviation,left ventricular hypertrophy,myocardial infarction,myocardial ischemia,sinus rhythm,t wave abnormal,ventricular ectopics,micro avg,macro avg,weighted avg,samples avg
precision,0.6514522821576764,0.7818181818181819,0.5037593984962406,0.6894977168949772,0.7438423645320197,0.659217877094972,0.755011135857461,0.6532663316582915,0.9299293862031505,0.5174129353233831,0.7142857142857143,0.7914167051222889,0.6908630294838245,0.7835854539575533,0.8183125013633488
recall,0.4472934472934473,0.80625,0.5877192982456141,0.8342541436464088,0.8103756708407871,0.5244444444444445,0.6141304347826086,0.6310679611650486,0.9601794727986539,0.4297520661157025,0.5982905982905983,0.7639198218262806,0.6585234125112103,0.7639198218262806,0.786892219095609
f1-score,0.5304054054054054,0.7938461538461539,0.5425101214574898,0.755,0.7756849315068494,0.5841584158415842,0.6773226773226773,0.6419753086419754,0.944812362030905,0.46952595936794583,0.6511627906976744,0.7774252039891205,0.6696731023744237,0.7699940217544899,0.7765297104280156
support,351.0,160.0,114.0,181.0,559.0,225.0,552.0,206.0,1783.0,242.0,117.0,4490.0,4490.0,4490.0,4490.0
