index,1st degree av block,atrial fibrillation,premature atrial contraction,right bundle branch block,sinus rhythm,st depression,ventricular ectopics,micro avg,macro avg,weighted avg,samples avg
precision,0.7638888888888888,0.8899082568807339,0.5263157894736842,0.9398907103825137,0.5784313725490197,0.7045454545454546,0.6785714285714286,0.7837837837837838,0.7259359858988177,0.7724522759507273,0.6324599708879185
recall,0.7857142857142857,0.8362068965517241,0.16666666666666666,0.8775510204081632,0.6781609195402298,0.7209302325581395,0.42696629213483145,0.7002840909090909,0.6417423305105772,0.7002840909090909,0.6572052401746725
f1-score,0.7746478873239437,0.8622222222222222,0.25316455696202533,0.9076517150395779,0.6243386243386243,0.7126436781609196,0.5241379310344828,0.7396849212303077,0.6655438021545422,0.7238435113029843,0.6379427462396895
support,70.0,116.0,60.0,196.0,87.0,86.0,89.0,704.0,704.0,704.0,704.0
