index,atrial fibrillation,left ventricular high voltage,nonspecific st t abnormality,sinus bradycardia,sinus rhythm,sinus tachycardia,supraventricular tachycardia,t wave abnormal,micro avg,macro avg,weighted avg,samples avg
precision,0.8587570621468926,0.7058823529411765,0.4701492537313433,0.9871134020618557,0.956989247311828,0.8903225806451613,0.7777777777777778,0.6310679611650486,0.827116212338594,0.7847574547226355,0.8360430909900488,0.8472900390625
recall,0.8587570621468926,0.46875,0.63,0.9896640826873385,0.898989898989899,0.9261744966442953,0.8032786885245902,0.7065217391304348,0.833092485549133,0.7852669960154313,0.833092485549133,0.8445638020833333
f1-score,0.8587570621468926,0.5633802816901409,0.5384615384615384,0.9883870967741935,0.9270833333333334,0.9078947368421052,0.7903225806451613,0.6666666666666667,0.830093592512599,0.780119162070004,0.8310547660618497,0.8309647817460317
support,177.0,128.0,100.0,387.0,198.0,149.0,61.0,184.0,1384.0,1384.0,1384.0,1384.0
