index,abnormal QRS,atrial fibrillation,incomplete right bundle branch block,left anterior fascicular block,left axis deviation,left ventricular hypertrophy,myocardial infarction,myocardial ischemia,sinus rhythm,t wave abnormal,ventricular ectopics,micro avg,macro avg,weighted avg,samples avg
precision,0.624031007751938,0.8299319727891157,0.6853932584269663,0.8382352941176471,0.7642857142857142,0.7417218543046358,0.7600896860986547,0.6142131979695431,0.9260893546607832,0.525,0.7444444444444445,0.8096403229752875,0.7321305258954041,0.7989459455313529,0.8288288288288288
recall,0.4586894586894587,0.7625,0.5350877192982456,0.6298342541436464,0.7656529516994633,0.49777777777777776,0.6141304347826086,0.587378640776699,0.9416713404374649,0.43388429752066116,0.5726495726495726,0.7369710467706013,0.6181142225250544,0.7369710467706013,0.769022533429313
f1-score,0.5287356321839081,0.7947882736156352,0.6009852216748769,0.7192429022082019,0.7649687220732797,0.5957446808510639,0.6793587174348696,0.6004962779156328,0.9338153503893215,0.4751131221719457,0.6473429951690821,0.7715984610003497,0.6673265359716197,0.7633686416693428,0.7716632326801818
support,351.0,160.0,114.0,181.0,559.0,225.0,552.0,206.0,1783.0,242.0,117.0,4490.0,4490.0,4490.0,4490.0
