index,atrial fibrillation,left ventricular high voltage,nonspecific st t abnormality,sinus bradycardia,sinus rhythm,sinus tachycardia,supraventricular tachycardia,t wave abnormal,micro avg,macro avg,weighted avg,samples avg
precision,0.874251497005988,0.62,0.6617647058823529,0.9790575916230366,0.956989247311828,0.9084967320261438,0.8103448275862069,0.7093023255813954,0.8654743390357699,0.815025865877119,0.8554673554521552,0.8525716145833333
recall,0.8248587570621468,0.484375,0.45,0.9664082687338501,0.898989898989899,0.9328859060402684,0.7704918032786885,0.6630434782608695,0.8041907514450867,0.7488816390457154,0.8041907514450867,0.8189290364583333
f1-score,0.8488372093023255,0.5438596491228069,0.5357142857142857,0.9726918075422627,0.9270833333333334,0.9205298013245033,0.7899159663865546,0.6853932584269663,0.8337078651685392,0.7780031638941298,0.8272254719089651,0.8197126116071428
support,177.0,128.0,100.0,387.0,198.0,149.0,61.0,184.0,1384.0,1384.0,1384.0,1384.0
