index,abnormal QRS,atrial fibrillation,incomplete right bundle branch block,left anterior fascicular block,left axis deviation,left ventricular hypertrophy,myocardial infarction,myocardial ischemia,sinus rhythm,t wave abnormal,ventricular ectopics,micro avg,macro avg,weighted avg,samples avg
precision,0.5636942675159236,0.7928994082840237,0.5625,0.8431372549019608,0.8025210084033614,0.7094972067039106,0.7330316742081447,0.7052023121387283,0.924812030075188,0.4859437751004016,0.6377952755905512,0.7949391262831225,0.7055485648111085,0.7885890874103725,0.8284067360338546
recall,0.5042735042735043,0.8375,0.47368421052631576,0.47513812154696133,0.6833631484794276,0.5644444444444444,0.5869565217391305,0.5922330097087378,0.96578799775659,0.5,0.6923076923076923,0.7416481069042317,0.6250626046166186,0.7416481069042317,0.7725421547455446
f1-score,0.5323308270676692,0.8145896656534956,0.5142857142857142,0.607773851590106,0.7381642512077295,0.6287128712871286,0.6519114688128773,0.6437994722955145,0.9448559670781894,0.4928716904276985,0.6639344262295082,0.767369512616661,0.6575663823577846,0.7603616049369194,0.772757580384699
support,351.0,160.0,114.0,181.0,559.0,225.0,552.0,206.0,1783.0,242.0,117.0,4490.0,4490.0,4490.0,4490.0
