index,1st degree av block,atrial fibrillation,premature atrial contraction,right bundle branch block,sinus rhythm,st depression,ventricular ectopics,micro avg,macro avg,weighted avg,samples avg
precision,0.8518518518518519,0.8888888888888888,0.2,0.9385474860335196,0.6074766355140186,0.8125,0.651685393258427,0.7936,0.7072786079352438,0.7662237433139634,0.6506550218340611
recall,0.6571428571428571,0.896551724137931,0.05,0.8571428571428571,0.7471264367816092,0.6046511627906976,0.651685393258427,0.7045454545454546,0.6377572044649114,0.7045454545454546,0.6681222707423581
f1-score,0.7419354838709677,0.8927038626609441,0.08000000000000002,0.8959999999999999,0.6701030927835052,0.6933333333333334,0.651685393258427,0.7464258841234009,0.6608230237010254,0.7270323404523705,0.6518680252304707
support,70.0,116.0,60.0,196.0,87.0,86.0,89.0,704.0,704.0,704.0,704.0
