index,abnormal QRS,atrial fibrillation,incomplete right bundle branch block,left anterior fascicular block,left axis deviation,left ventricular hypertrophy,myocardial infarction,myocardial ischemia,sinus rhythm,t wave abnormal,ventricular ectopics,micro avg,macro avg,weighted avg,samples avg
precision,0.6842105263157895,0.8024691358024691,0.6296296296296297,0.7580645161290323,0.7750439367311072,0.7160493827160493,0.76,0.6810810810810811,0.9358974358974359,0.60625,0.6605504587155964,0.821393280632411,0.7281132820925628,0.8072217857424778,0.8339670178653229
recall,0.37037037037037035,0.8125,0.4473684210526316,0.7790055248618785,0.7889087656529516,0.5155555555555555,0.6195652173913043,0.6116504854368932,0.9416713404374649,0.40082644628099173,0.6153846153846154,0.7405345211581291,0.6275278856749688,0.7405345211581291,0.7718168531727854
f1-score,0.4805914972273567,0.8074534161490683,0.5230769230769231,0.7683923705722071,0.7819148936170213,0.599483204134367,0.6826347305389221,0.6445012787723785,0.9387755102040816,0.4825870646766169,0.6371681415929203,0.778870929960178,0.6678708209601693,0.7668857925331236,0.7762882356102695
support,351.0,160.0,114.0,181.0,559.0,225.0,552.0,206.0,1783.0,242.0,117.0,4490.0,4490.0,4490.0,4490.0
