index,abnormal QRS,atrial fibrillation,incomplete right bundle branch block,left anterior fascicular block,left axis deviation,left ventricular hypertrophy,myocardial infarction,myocardial ischemia,sinus rhythm,t wave abnormal,ventricular ectopics,micro avg,macro avg,weighted avg,samples avg
precision,0.6583333333333333,0.7848101265822784,0.5087719298245614,0.8411214953271028,0.7513227513227513,0.6153846153846154,0.7883211678832117,0.6157407407407407,0.9318181818181818,0.535031847133758,0.7640449438202247,0.8055893074119077,0.7086091939246145,0.7945739929259701,0.8265078637959994
recall,0.45014245014245013,0.775,0.5087719298245614,0.4972375690607735,0.7620751341681574,0.5688888888888889,0.5869565217391305,0.6456310679611651,0.96578799775659,0.34710743801652894,0.5811965811965812,0.7383073496659243,0.6080723253413479,0.7383073496659243,0.7723894596775953
f1-score,0.5346869712351946,0.7798742138364779,0.5087719298245614,0.6250000000000001,0.7566607460035524,0.5912240184757505,0.6728971962616823,0.6303317535545023,0.9484990360782153,0.42105263157894735,0.6601941747572816,0.7704822777454968,0.6481084246914697,0.7597277488809044,0.7723073562056614
support,351.0,160.0,114.0,181.0,559.0,225.0,552.0,206.0,1783.0,242.0,117.0,4490.0,4490.0,4490.0,4490.0
