index,1st degree av block,atrial fibrillation,premature atrial contraction,right bundle branch block,sinus rhythm,st depression,ventricular ectopics,micro avg,macro avg,weighted avg,samples avg
precision,0.85,0.9272727272727272,0.5909090909090909,0.9210526315789473,0.5929203539823009,0.7341772151898734,0.8727272727272727,0.8171701112877583,0.7841513273800305,0.8173871252601874,0.6785540999514799
recall,0.7285714285714285,0.8793103448275862,0.21666666666666667,0.8928571428571429,0.7701149425287356,0.6744186046511628,0.5393258426966292,0.7301136363636364,0.6716092818284789,0.7301136363636364,0.6957787481804949
f1-score,0.7846153846153846,0.902654867256637,0.3170731707317074,0.9067357512953369,0.6699999999999999,0.703030303030303,0.6666666666666667,0.7711927981995498,0.7072537347994337,0.7591755375235434,0.6794551881888127
support,70.0,116.0,60.0,196.0,87.0,86.0,89.0,704.0,704.0,704.0,704.0
