index,atrial fibrillation,left ventricular high voltage,nonspecific st t abnormality,sinus bradycardia,sinus rhythm,sinus tachycardia,supraventricular tachycardia,t wave abnormal,micro avg,macro avg,weighted avg,samples avg
precision,0.8333333333333334,0.6588235294117647,0.47474747474747475,0.9819121447028424,0.8994974874371859,0.9096774193548387,0.8301886792452831,0.7794117647058824,0.8524844720496895,0.7959489791173257,0.8432079995489392,0.8451334635416667
recall,0.8192090395480226,0.4375,0.47,0.9819121447028424,0.9040404040404041,0.9463087248322147,0.7213114754098361,0.5760869565217391,0.7933526011560693,0.7320460931318824,0.7933526011560693,0.818359375
f1-score,0.8262108262108262,0.5258215962441315,0.4723618090452262,0.9819121447028424,0.9017632241813602,0.9276315789473683,0.7719298245614035,0.6625000000000001,0.8218562874251496,0.7587663754866448,0.813970089893353,0.8156436011904762
support,177.0,128.0,100.0,387.0,198.0,149.0,61.0,184.0,1384.0,1384.0,1384.0,1384.0
