index,atrial fibrillation,left ventricular high voltage,nonspecific st t abnormality,sinus bradycardia,sinus rhythm,sinus tachycardia,supraventricular tachycardia,t wave abnormal,micro avg,macro avg,weighted avg,samples avg
precision,0.8982035928143712,0.6557377049180327,0.5408163265306123,0.9845758354755784,0.9680851063829787,0.92,0.8392857142857143,0.7318840579710145,0.8773055332798717,0.8173235422972878,0.8617434172266525,0.8690592447916667
recall,0.847457627118644,0.3125,0.53,0.9896640826873385,0.9191919191919192,0.9261744966442953,0.7704918032786885,0.5489130434782609,0.7904624277456648,0.7305491215498934,0.7904624277456648,0.8177897135416667
f1-score,0.872093023255814,0.42328042328042326,0.5353535353535354,0.9871134020618556,0.9430051813471503,0.9230769230769231,0.8034188034188035,0.6273291925465838,0.8316229570505511,0.764333810542636,0.8184820847628472,0.826171875
support,177.0,128.0,100.0,387.0,198.0,149.0,61.0,184.0,1384.0,1384.0,1384.0,1384.0
