index,1st degree av block,atrial fibrillation,premature atrial contraction,right bundle branch block,sinus rhythm,st depression,ventricular ectopics,micro avg,macro avg,weighted avg,samples avg
precision,0.8688524590163934,0.8962264150943396,0.46875,0.9662921348314607,0.6601941747572816,0.8,0.8125,0.8319870759289176,0.7818307405284965,0.8250704373763362,0.6863173216885007
recall,0.7571428571428571,0.8189655172413793,0.25,0.8775510204081632,0.7816091954022989,0.6976744186046512,0.5842696629213483,0.7315340909090909,0.6810303816743853,0.7315340909090909,0.6965065502183406
f1-score,0.8091603053435115,0.8558558558558559,0.32608695652173914,0.9197860962566844,0.7157894736842106,0.7453416149068322,0.6797385620915032,0.7785336356764929,0.7216798378086197,0.7707863466329506,0.6846191169335275
support,70.0,116.0,60.0,196.0,87.0,86.0,89.0,704.0,704.0,704.0,704.0
