index,1st degree av block,atrial fibrillation,premature atrial contraction,right bundle branch block,sinus rhythm,st depression,ventricular ectopics,micro avg,macro avg,weighted avg,samples avg
precision,0.6973684210526315,0.9090909090909091,0.4727272727272727,0.9293478260869565,0.6705882352941176,0.6666666666666666,0.7088607594936709,0.7702503681885126,0.7220928700588892,0.7720870207439883,0.673095584667637
recall,0.7571428571428571,0.8620689655172413,0.43333333333333335,0.8724489795918368,0.6551724137931034,0.6976744186046512,0.6292134831460674,0.7428977272727273,0.7010077787327272,0.7428977272727273,0.7037845705967977
f1-score,0.7260273972602739,0.8849557522123893,0.4521739130434783,0.8999999999999999,0.6627906976744184,0.6818181818181818,0.6666666666666667,0.7563268257411424,0.7106332298107727,0.7565904936290289,0.6798641436196021
support,70.0,116.0,60.0,196.0,87.0,86.0,89.0,704.0,704.0,704.0,704.0
