index,atrial fibrillation,left ventricular high voltage,nonspecific st t abnormality,sinus bradycardia,sinus rhythm,sinus tachycardia,supraventricular tachycardia,t wave abnormal,micro avg,macro avg,weighted avg,samples avg
precision,0.845679012345679,0.6753246753246753,0.6373626373626373,0.974293059125964,0.9378238341968912,0.9025974025974026,0.7457627118644068,0.7380952380952381,0.8657074340527577,0.8071173213641119,0.8514390192456687,0.8447102864583333
recall,0.7740112994350282,0.40625,0.58,0.979328165374677,0.9141414141414141,0.9328859060402684,0.7213114754098361,0.5054347826086957,0.7825144508670521,0.72667038037624,0.7825144508670521,0.8041178385416667
f1-score,0.8082595870206488,0.5073170731707317,0.6073298429319371,0.9768041237113402,0.9258312020460359,0.9174917491749175,0.7333333333333334,0.6,0.822011385199241,0.7595458639236181,0.8106278138753628,0.8087704613095238
support,177.0,128.0,100.0,387.0,198.0,149.0,61.0,184.0,1384.0,1384.0,1384.0,1384.0
