index,atrial fibrillation,left ventricular high voltage,nonspecific st t abnormality,sinus bradycardia,sinus rhythm,sinus tachycardia,supraventricular tachycardia,t wave abnormal,micro avg,macro avg,weighted avg,samples avg
precision,0.8857142857142857,0.5441176470588235,0.6052631578947368,0.9820971867007673,0.9516129032258065,0.9295774647887324,0.6842105263157895,0.6627218934911243,0.8378978534418949,0.7806643831487583,0.8364309841311339,0.8391927083333333
recall,0.8757062146892656,0.578125,0.46,0.9922480620155039,0.8939393939393939,0.8859060402684564,0.8524590163934426,0.6086956521739131,0.8179190751445087,0.768384922434997,0.8179190751445087,0.8302408854166666
f1-score,0.8806818181818181,0.5606060606060606,0.5227272727272727,0.9871465295629821,0.921875,0.9072164948453608,0.7591240875912408,0.6345609065155807,0.8277879341864717,0.7717422712537895,0.8256567743231576,0.8186941964285714
support,177.0,128.0,100.0,387.0,198.0,149.0,61.0,184.0,1384.0,1384.0,1384.0,1384.0
