index,abnormal QRS,atrial fibrillation,incomplete right bundle branch block,left anterior fascicular block,left axis deviation,left ventricular hypertrophy,myocardial infarction,myocardial ischemia,sinus rhythm,t wave abnormal,ventricular ectopics,micro avg,macro avg,weighted avg,samples avg
precision,0.6844444444444444,0.8169934640522876,0.5384615384615384,0.7919463087248322,0.7894736842105263,0.5894308943089431,0.7157676348547718,0.6735751295336787,0.9362286970863112,0.5792349726775956,0.7160493827160493,0.8046744574290484,0.7119641955519072,0.7965996016480609,0.8228104617935126
recall,0.43874643874643876,0.78125,0.6140350877192983,0.6519337016574586,0.7513416815742398,0.6444444444444445,0.625,0.6310679611650486,0.9551318003365115,0.4380165289256198,0.49572649572649574,0.7514476614699331,0.6387903763905051,0.7514476614699331,0.780086381781297
f1-score,0.5347222222222222,0.7987220447284344,0.5737704918032787,0.7151515151515152,0.7699358386801101,0.6157112526539278,0.6673114119922631,0.6516290726817043,0.9455857856746251,0.4988235294117647,0.5858585858585859,0.7771507543475756,0.6688383409871301,0.7699545982287263,0.774619694958678
support,351.0,160.0,114.0,181.0,559.0,225.0,552.0,206.0,1783.0,242.0,117.0,4490.0,4490.0,4490.0,4490.0
