index,atrial fibrillation,left ventricular high voltage,nonspecific st t abnormality,sinus bradycardia,sinus rhythm,sinus tachycardia,supraventricular tachycardia,t wave abnormal,micro avg,macro avg,weighted avg,samples avg
precision,0.8497109826589595,0.6666666666666666,0.5747126436781609,0.9454094292803971,0.9484536082474226,0.9194630872483222,0.7547169811320755,0.732484076433121,0.850453172205438,0.7989521844181406,0.8415357739227164,0.8464518229166667
recall,0.8305084745762712,0.5625,0.5,0.9844961240310077,0.9292929292929293,0.9194630872483222,0.6557377049180327,0.625,0.8135838150289018,0.7508747900083204,0.8135838150289018,0.82421875
f1-score,0.84,0.6101694915254238,0.5347593582887701,0.9645569620253165,0.9387755102040816,0.9194630872483222,0.7017543859649122,0.6744868035190615,0.8316100443131462,0.772995699846986,0.8261064418061446,0.8211774553571428
support,177.0,128.0,100.0,387.0,198.0,149.0,61.0,184.0,1384.0,1384.0,1384.0,1384.0
