index,atrial fibrillation,left ventricular high voltage,nonspecific st t abnormality,sinus bradycardia,sinus rhythm,sinus tachycardia,supraventricular tachycardia,t wave abnormal,micro avg,macro avg,weighted avg,samples avg
precision,0.8248587570621468,0.4411764705882353,0.5606060606060606,0.9843342036553525,0.983957219251337,0.8926174496644296,0.7586206896551724,0.6122448979591837,0.81226626776365,0.7573019685552398,0.8137434854159983,0.8152669270833334
recall,0.8248587570621468,0.5859375,0.37,0.9741602067183462,0.9292929292929293,0.8926174496644296,0.7213114754098361,0.4891304347826087,0.7846820809248555,0.7234135941162871,0.7846820809248555,0.8125813802083334
f1-score,0.8248587570621468,0.5033557046979865,0.4457831325301205,0.9792207792207792,0.9558441558441558,0.8926174496644297,0.7394957983193277,0.5438066465256798,0.7982359426681367,0.7356228029830782,0.7958042590521263,0.7949125744047618
support,177.0,128.0,100.0,387.0,198.0,149.0,61.0,184.0,1384.0,1384.0,1384.0,1384.0
