index,abnormal QRS,atrial fibrillation,incomplete right bundle branch block,left anterior fascicular block,left axis deviation,left ventricular hypertrophy,myocardial infarction,myocardial ischemia,sinus rhythm,t wave abnormal,ventricular ectopics,micro avg,macro avg,weighted avg,samples avg
precision,0.6680327868852459,0.8205128205128205,0.594059405940594,0.8046875,0.8254901960784313,0.7168674698795181,0.7268817204301076,0.6613756613756614,0.9290741743367623,0.5625,0.6728971962616822,0.8188067763319421,0.725670811972802,0.8041764566397783,0.8383390048644286
recall,0.46438746438746437,0.8,0.5263157894736842,0.569060773480663,0.7531305903398927,0.5288888888888889,0.6123188405797102,0.6067961165048543,0.9624228827818284,0.371900826446281,0.6153846153846154,0.7427616926503341,0.6191460716607167,0.7427616926503341,0.7728104617935125
f1-score,0.5478991596638655,0.810126582278481,0.5581395348837209,0.6666666666666666,0.7876520112254444,0.608695652173913,0.664700098328417,0.6329113924050632,0.9454545454545455,0.4477611940298507,0.6428571428571428,0.7789326170734556,0.6648058163606464,0.7683950062788044,0.779060896857507
support,351.0,160.0,114.0,181.0,559.0,225.0,552.0,206.0,1783.0,242.0,117.0,4490.0,4490.0,4490.0,4490.0
