index,1st degree av block,atrial fibrillation,premature atrial contraction,right bundle branch block,sinus rhythm,st depression,ventricular ectopics,micro avg,macro avg,weighted avg,samples avg
precision,0.5921052631578947,0.8095238095238095,0.4864864864864865,0.9226519337016574,0.6458333333333334,0.7671232876712328,0.8392857142857143,0.7705426356589147,0.7232871183085898,0.7702239060109136,0.6445900048520137
recall,0.6428571428571429,0.8793103448275862,0.3,0.8520408163265306,0.7126436781609196,0.6511627906976745,0.5280898876404494,0.7059659090909091,0.6523006657871863,0.7059659090909091,0.6724890829694323
f1-score,0.6164383561643836,0.8429752066115702,0.3711340206185567,0.8859416445623343,0.6775956284153006,0.7044025157232704,0.6482758620689656,0.7368421052631579,0.6781090334520544,0.7302193184918327,0.648859776807375
support,70.0,116.0,60.0,196.0,87.0,86.0,89.0,704.0,704.0,704.0,704.0
