index,abnormal QRS,atrial fibrillation,incomplete right bundle branch block,left anterior fascicular block,left axis deviation,left ventricular hypertrophy,myocardial infarction,myocardial ischemia,sinus rhythm,t wave abnormal,ventricular ectopics,micro avg,macro avg,weighted avg,samples avg
precision,0.7954545454545454,0.7423312883435583,0.4838709677419355,0.729064039408867,0.7677902621722846,0.68,0.688034188034188,0.6150627615062761,0.9398998330550918,0.5705128205128205,0.71875,0.8030526834071886,0.7027973369299607,0.7954991637340543,0.8238335187487731
recall,0.29914529914529914,0.75625,0.5263157894736842,0.8176795580110497,0.7334525939177102,0.4533333333333333,0.5833333333333334,0.7135922330097088,0.947279865395401,0.3677685950413223,0.5897435897435898,0.7265033407572383,0.6170812900367665,0.7265033407572383,0.7584669415177889
f1-score,0.43478260869565216,0.7492260061919505,0.504201680672269,0.7708333333333333,0.7502287282708143,0.544,0.6313725490196079,0.6606741573033708,0.9435754189944134,0.4472361809045226,0.6478873239436619,0.7628624883068289,0.6440016352117814,0.7488436545405128,0.7629105281647655
support,351.0,160.0,114.0,181.0,559.0,225.0,552.0,206.0,1783.0,242.0,117.0,4490.0,4490.0,4490.0,4490.0
