index,atrial fibrillation,left ventricular high voltage,nonspecific st t abnormality,sinus bradycardia,sinus rhythm,sinus tachycardia,supraventricular tachycardia,t wave abnormal,micro avg,macro avg,weighted avg,samples avg
precision,0.8816568047337278,0.6896551724137931,0.5757575757575758,0.9698492462311558,0.9536082474226805,0.9457364341085271,0.86,0.6838709677419355,0.8725961538461539,0.8200168060511744,0.8564002544150489,0.8553059895833333
recall,0.8418079096045198,0.46875,0.38,0.9974160206718347,0.9343434343434344,0.8187919463087249,0.7049180327868853,0.5760869565217391,0.786849710982659,0.7152642875296422,0.786849710982659,0.8140462239583334
f1-score,0.861271676300578,0.5581395348837209,0.45783132530120485,0.98343949044586,0.9438775510204083,0.8776978417266187,0.7747747747747747,0.6253687315634219,0.8275075987841946,0.7603001157520735,0.8166582398057984,0.8187779017857142
support,177.0,128.0,100.0,387.0,198.0,149.0,61.0,184.0,1384.0,1384.0,1384.0,1384.0
