index,abnormal QRS,atrial fibrillation,incomplete right bundle branch block,left anterior fascicular block,left axis deviation,left ventricular hypertrophy,myocardial infarction,myocardial ischemia,sinus rhythm,t wave abnormal,ventricular ectopics,micro avg,macro avg,weighted avg,samples avg
precision,0.579136690647482,0.802547770700637,0.5492957746478874,0.7730061349693251,0.7923809523809524,0.6918238993710691,0.7402597402597403,0.6829268292682927,0.9298531810766721,0.5636363636363636,0.7156862745098039,0.8085312651478429,0.7109594192243842,0.7929152783158389,0.8326156665139716
recall,0.4586894586894587,0.7875,0.34210526315789475,0.6961325966850829,0.7441860465116279,0.4888888888888889,0.6195652173913043,0.6796116504854369,0.9590577678070668,0.384297520661157,0.6239316239316239,0.7429844097995546,0.6167241849281401,0.7429844097995546,0.7689080121283511
f1-score,0.5119236883942766,0.7949526813880127,0.42162162162162165,0.7325581395348837,0.7675276752767528,0.5729166666666667,0.6745562130177515,0.6812652068126521,0.944229707344009,0.457002457002457,0.6666666666666666,0.7743732590529248,0.656838247611432,0.7639958969325221,0.7725715318935658
support,351.0,160.0,114.0,181.0,559.0,225.0,552.0,206.0,1783.0,242.0,117.0,4490.0,4490.0,4490.0,4490.0
