index,abnormal QRS,atrial fibrillation,incomplete right bundle branch block,left anterior fascicular block,left axis deviation,left ventricular hypertrophy,myocardial infarction,myocardial ischemia,sinus rhythm,t wave abnormal,ventricular ectopics,micro avg,macro avg,weighted avg,samples avg
precision,0.7212389380530974,0.8235294117647058,0.5163934426229508,0.8153846153846154,0.8157389635316699,0.751412429378531,0.7162426614481409,0.6308411214953271,0.9276387377584331,0.5235294117647059,0.7368421052631579,0.8133269184508058,0.7253447125877577,0.8037066039511226,0.8356259407106865
recall,0.46438746438746437,0.7875,0.5526315789473685,0.585635359116022,0.7602862254025045,0.5911111111111111,0.6630434782608695,0.6553398058252428,0.9562535053280987,0.3677685950413223,0.5982905982905983,0.7530066815144766,0.634749792882782,0.7530066815144766,0.7800133062844928
f1-score,0.5649913344887348,0.805111821086262,0.5338983050847459,0.6816720257234727,0.7870370370370371,0.6616915422885572,0.6886171213546566,0.6428571428571429,0.9417288041977354,0.4320388349514563,0.660377358490566,0.7820053197640799,0.6727292115963969,0.773647310297581,0.7815337789914061
support,351.0,160.0,114.0,181.0,559.0,225.0,552.0,206.0,1783.0,242.0,117.0,4490.0,4490.0,4490.0,4490.0
