index,atrial fibrillation,left ventricular high voltage,nonspecific st t abnormality,sinus bradycardia,sinus rhythm,sinus tachycardia,supraventricular tachycardia,t wave abnormal,micro avg,macro avg,weighted avg,samples avg
precision,0.8361581920903954,0.6986301369863014,0.5875,0.982051282051282,0.9526315789473684,0.8352941176470589,0.7692307692307693,0.7430555555555556,0.8622327790973872,0.8005689540635914,0.8475098836664615,0.847412109375
recall,0.8361581920903954,0.3984375,0.47,0.9896640826873385,0.9141414141414141,0.9530201342281879,0.4918032786885246,0.5815217391304348,0.786849710982659,0.7043432926207869,0.786849710982659,0.8103841145833334
f1-score,0.8361581920903954,0.5074626865671642,0.5222222222222221,0.9858429858429858,0.9329896907216495,0.8902821316614421,0.6,0.6524390243902439,0.8228182848507745,0.7409246166870129,0.8097770653846106,0.8126069568452381
support,177.0,128.0,100.0,387.0,198.0,149.0,61.0,184.0,1384.0,1384.0,1384.0,1384.0
