index,abnormal QRS,atrial fibrillation,incomplete right bundle branch block,left anterior fascicular block,left axis deviation,left ventricular hypertrophy,myocardial infarction,myocardial ischemia,sinus rhythm,t wave abnormal,ventricular ectopics,micro avg,macro avg,weighted avg,samples avg
precision,0.7659574468085106,0.7763975155279503,0.5149253731343284,0.7708333333333334,0.7470686767169179,0.76875,0.764172335600907,0.6685714285714286,0.9347471451876019,0.5928571428571429,0.7102803738317757,0.8193033381712627,0.7285964337790816,0.8094998592842579,0.8356593882017611
recall,0.41025641025641024,0.78125,0.6052631578947368,0.8176795580110497,0.7978533094812165,0.5466666666666666,0.6105072463768116,0.5679611650485437,0.9641054402692092,0.34297520661157027,0.6495726495726496,0.7543429844097995,0.6449173463808059,0.7543429844097995,0.7808160460702834
f1-score,0.5343228200371057,0.778816199376947,0.5564516129032258,0.7935656836461127,0.7716262975778547,0.638961038961039,0.6787512588116819,0.6141732283464567,0.9491993373826614,0.4345549738219896,0.6785714285714286,0.785482374768089,0.675363079948773,0.7733857611850751,0.7811318421487913
support,351.0,160.0,114.0,181.0,559.0,225.0,552.0,206.0,1783.0,242.0,117.0,4490.0,4490.0,4490.0,4490.0
