index,atrial fibrillation,left ventricular high voltage,nonspecific st t abnormality,sinus bradycardia,sinus rhythm,sinus tachycardia,supraventricular tachycardia,t wave abnormal,micro avg,macro avg,weighted avg,samples avg
precision,0.7880434782608695,0.6847826086956522,0.5280898876404494,0.9697732997481109,0.973404255319149,0.9562043795620438,0.7777777777777778,0.664804469273743,0.8451563691838292,0.7928600195347244,0.8383122017561637,0.8319498697916666
recall,0.8192090395480226,0.4921875,0.47,0.9948320413436692,0.9242424242424242,0.8791946308724832,0.5737704918032787,0.6467391304347826,0.8005780346820809,0.7250219072805826,0.8005780346820809,0.8175455729166666
f1-score,0.8033240997229917,0.5727272727272728,0.4973544973544973,0.9821428571428571,0.9481865284974094,0.9160839160839161,0.660377358490566,0.6556473829201102,0.8222634508348794,0.7544804891174526,0.816822084880066,0.8091657366071427
support,177.0,128.0,100.0,387.0,198.0,149.0,61.0,184.0,1384.0,1384.0,1384.0,1384.0
