index,atrial fibrillation,left ventricular high voltage,nonspecific st t abnormality,sinus bradycardia,sinus rhythm,sinus tachycardia,supraventricular tachycardia,t wave abnormal,micro avg,macro avg,weighted avg,samples avg
precision,0.8055555555555556,0.5391304347826087,0.5656565656565656,0.9742268041237113,0.9621621621621622,0.9328859060402684,0.7818181818181819,0.7891156462585034,0.8474962063732928,0.7938189070496946,0.8436269905040621,0.8379720052083333
recall,0.8192090395480226,0.484375,0.56,0.9767441860465116,0.898989898989899,0.9328859060402684,0.7049180327868853,0.6304347826086957,0.8070809248554913,0.7509446057525353,0.8070809248554913,0.82177734375
f1-score,0.8123249299719888,0.5102880658436214,0.5628140703517588,0.9754838709677419,0.9295039164490861,0.9328859060402684,0.7413793103448276,0.7009063444108761,0.8267949666913398,0.7706983017975211,0.8237895454423932,0.8146995907738095
support,177.0,128.0,100.0,387.0,198.0,149.0,61.0,184.0,1384.0,1384.0,1384.0,1384.0
