index,1st degree av block,atrial fibrillation,premature atrial contraction,right bundle branch block,sinus rhythm,st depression,ventricular ectopics,micro avg,macro avg,weighted avg,samples avg
precision,0.8484848484848485,0.9375,0.4,0.9392265193370166,0.691358024691358,0.835820895522388,0.8169014084507042,0.84375,0.7813273852123307,0.8252348120727,0.6819505094614265
recall,0.8,0.9051724137931034,0.2,0.8673469387755102,0.6436781609195402,0.6511627906976745,0.651685393258427,0.7286931818181818,0.6741493853491793,0.7286931818181818,0.6914119359534207
f1-score,0.823529411764706,0.9210526315789473,0.26666666666666666,0.9018567639257294,0.6666666666666666,0.7320261437908497,0.725,0.7820121951219512,0.7195426120562237,0.7709266167359992,0.680737506065017
support,70.0,116.0,60.0,196.0,87.0,86.0,89.0,704.0,704.0,704.0,704.0
