index,abnormal QRS,atrial fibrillation,incomplete right bundle branch block,left anterior fascicular block,left axis deviation,left ventricular hypertrophy,myocardial infarction,myocardial ischemia,sinus rhythm,t wave abnormal,ventricular ectopics,micro avg,macro avg,weighted avg,samples avg
precision,0.5954198473282443,0.7784810126582279,0.4713375796178344,0.7486631016042781,0.7641996557659209,0.6636363636363637,0.7131147540983607,0.6160714285714286,0.9246095853527194,0.5404040404040404,0.71,0.7815884476534296,0.6841761244579471,0.7755617706693442,0.8097670309534716
recall,0.4444444444444444,0.76875,0.6491228070175439,0.7734806629834254,0.7942754919499105,0.6488888888888888,0.6304347826086957,0.6699029126213593,0.9629837352776219,0.44214876033057854,0.6068376068376068,0.7714922048997773,0.6719336448145523,0.7714922048997773,0.7894498614837597
f1-score,0.5089722675367047,0.7735849056603774,0.5461254612546125,0.7608695652173912,0.7789473684210526,0.6561797752808989,0.6692307692307692,0.6418604651162791,0.9434065934065934,0.48636363636363644,0.6543778801843316,0.7765075095270118,0.6745380625156953,0.771373136200189,0.7732414961228521
support,351.0,160.0,114.0,181.0,559.0,225.0,552.0,206.0,1783.0,242.0,117.0,4490.0,4490.0,4490.0,4490.0
