index,1st degree av block,atrial fibrillation,premature atrial contraction,right bundle branch block,sinus rhythm,st depression,ventricular ectopics,micro avg,macro avg,weighted avg,samples avg
precision,0.8448275862068966,0.9099099099099099,0.5555555555555556,0.9555555555555556,0.6530612244897959,0.7571428571428571,0.8064516129032258,0.8358458961474037,0.7832149002519709,0.8224637906243459,0.6688500727802038
recall,0.7,0.8706896551724138,0.16666666666666666,0.8775510204081632,0.735632183908046,0.6162790697674418,0.5617977528089888,0.7088068181818182,0.6469451926759601,0.7088068181818182,0.6761280931586608
f1-score,0.765625,0.8898678414096917,0.2564102564102564,0.9148936170212767,0.6918918918918919,0.6794871794871794,0.662251655629139,0.7671022290545734,0.6943467774070621,0.751552660945732,0.6661814653081028
support,70.0,116.0,60.0,196.0,87.0,86.0,89.0,704.0,704.0,704.0,704.0
