index,atrial fibrillation,left ventricular high voltage,nonspecific st t abnormality,sinus bradycardia,sinus rhythm,sinus tachycardia,supraventricular tachycardia,t wave abnormal,micro avg,macro avg,weighted avg,samples avg
precision,0.8773006134969326,0.6555555555555556,0.5175438596491229,0.9794871794871794,0.9565217391304348,0.8571428571428571,0.8461538461538461,0.7349397590361446,0.8507912584777694,0.8030806762065091,0.8482363688342962,0.84111328125
recall,0.807909604519774,0.4609375,0.59,0.9870801033591732,0.8888888888888888,0.9664429530201343,0.7213114754098361,0.6630434782608695,0.8157514450867052,0.7607017504323346,0.8157514450867052,0.8271484375
f1-score,0.8411764705882354,0.5412844036697249,0.5514018691588786,0.9832689832689833,0.9214659685863874,0.9085173501577286,0.7787610619469026,0.6971428571428572,0.8329029878273699,0.7778773705649622,0.8290722397770809,0.8202597966269841
support,177.0,128.0,100.0,387.0,198.0,149.0,61.0,184.0,1384.0,1384.0,1384.0,1384.0
