index,abnormal QRS,atrial fibrillation,incomplete right bundle branch block,left anterior fascicular block,left axis deviation,left ventricular hypertrophy,myocardial infarction,myocardial ischemia,sinus rhythm,t wave abnormal,ventricular ectopics,micro avg,macro avg,weighted avg,samples avg
precision,0.7,0.8092105263157895,0.5051546391752577,0.7453416149068323,0.7717996289424861,0.6555555555555556,0.7577197149643705,0.6526315789473685,0.9322404371584699,0.5338345864661654,0.7647058823529411,0.8172537008677897,0.711654014980476,0.7973609762785391,0.8327912658421133
recall,0.25925925925925924,0.76875,0.4298245614035088,0.6629834254143646,0.7441860465116279,0.5244444444444445,0.5778985507246377,0.6019417475728155,0.9568143578238923,0.29338842975206614,0.5555555555555556,0.7131403118040089,0.5795496707692883,0.7131403118040089,0.7514647819732565
f1-score,0.37837837837837834,0.7884615384615384,0.4644549763033175,0.7017543859649122,0.7577413479052824,0.582716049382716,0.6557040082219938,0.6262626262626262,0.9443675615831718,0.3786666666666667,0.6435643564356436,0.7616555661274976,0.6292792632332951,0.7428327464589729,0.7638460002866783
support,351.0,160.0,114.0,181.0,559.0,225.0,552.0,206.0,1783.0,242.0,117.0,4490.0,4490.0,4490.0,4490.0
