index,1st degree av block,atrial fibrillation,premature atrial contraction,right bundle branch block,sinus rhythm,st depression,ventricular ectopics,micro avg,macro avg,weighted avg,samples avg
precision,0.75,0.9454545454545454,0.475,0.9766081871345029,0.6396396396396397,0.7464788732394366,0.8125,0.8133971291866029,0.7636687493525892,0.8156907154805825,0.6795245026686074
recall,0.8142857142857143,0.896551724137931,0.31666666666666665,0.8520408163265306,0.8160919540229885,0.6162790697674418,0.43820224719101125,0.7244318181818182,0.6785883131997549,0.7244318181818182,0.6943231441048034
f1-score,0.7808219178082193,0.920353982300885,0.37999999999999995,0.9100817438692098,0.7171717171717172,0.6751592356687898,0.5693430656934307,0.7663410969196093,0.7075616660731788,0.7581303757102469,0.6797671033478894
support,70.0,116.0,60.0,196.0,87.0,86.0,89.0,704.0,704.0,704.0,704.0
