index,abnormal QRS,atrial fibrillation,incomplete right bundle branch block,left anterior fascicular block,left axis deviation,left ventricular hypertrophy,myocardial infarction,myocardial ischemia,sinus rhythm,t wave abnormal,ventricular ectopics,micro avg,macro avg,weighted avg,samples avg
precision,0.5451505016722408,0.8194444444444444,0.47651006711409394,0.7891566265060241,0.7732558139534884,0.6363636363636364,0.7066381156316917,0.6363636363636364,0.9225274725274726,0.5792682926829268,0.8045977011494253,0.7893203883495146,0.69902511894628,0.778483907066441,0.8136127653076806
recall,0.46438746438746437,0.7375,0.6228070175438597,0.7237569060773481,0.7137745974955277,0.43555555555555553,0.5978260869565217,0.47572815533980584,0.9416713404374649,0.3925619834710744,0.5982905982905983,0.7242761692650334,0.6094417914141109,0.7242761692650334,0.763028161333246
f1-score,0.5015384615384615,0.7763157894736842,0.5399239543726236,0.7550432276657061,0.742325581395349,0.517150395778364,0.6476938174681061,0.5444444444444444,0.9320011101859561,0.46798029556650245,0.6862745098039216,0.7554006968641114,0.6464265079721018,0.7471646752350903,0.7594594213238282
support,351.0,160.0,114.0,181.0,559.0,225.0,552.0,206.0,1783.0,242.0,117.0,4490.0,4490.0,4490.0,4490.0
