index,abnormal QRS,atrial fibrillation,incomplete right bundle branch block,left anterior fascicular block,left axis deviation,left ventricular hypertrophy,myocardial infarction,myocardial ischemia,sinus rhythm,t wave abnormal,ventricular ectopics,micro avg,macro avg,weighted avg,samples avg
precision,0.6366906474820144,0.8344370860927153,0.676923076923077,0.8529411764705882,0.7980582524271844,0.5708333333333333,0.7088122605363985,0.6666666666666666,0.9351648351648352,0.519650655021834,0.72,0.8005637773079634,0.720016180919877,0.7948962268645512,0.8243101454965862
recall,0.5042735042735043,0.7875,0.38596491228070173,0.6408839779005525,0.7352415026833632,0.6088888888888889,0.6702898550724637,0.6504854368932039,0.9545709478407179,0.49173553719008267,0.6153846153846154,0.7590200445434299,0.6404744707643723,0.7590200445434299,0.7859149706607333
f1-score,0.562798092209857,0.8102893890675242,0.4916201117318435,0.7318611987381703,0.7653631284916201,0.589247311827957,0.6890130353817505,0.6584766584766585,0.9447682486816542,0.505307855626327,0.663594470046083,0.779238596090088,0.6738490454799495,0.7742866068924006,0.7777931133863337
support,351.0,160.0,114.0,181.0,559.0,225.0,552.0,206.0,1783.0,242.0,117.0,4490.0,4490.0,4490.0,4490.0
