index,1st degree av block,atrial fibrillation,premature atrial contraction,right bundle branch block,sinus rhythm,st depression,ventricular ectopics,micro avg,macro avg,weighted avg,samples avg
precision,0.8484848484848485,0.9375,0.2857142857142857,0.9367816091954023,0.6736842105263158,0.8448275862068966,0.8125,0.8535714285714285,0.7627846485896784,0.8131735662907359,0.6491994177583698
recall,0.8,0.9051724137931034,0.03333333333333333,0.8316326530612245,0.735632183908046,0.5697674418604651,0.43820224719101125,0.6789772727272727,0.6162486104495978,0.6789772727272727,0.6499272197962155
f1-score,0.823529411764706,0.9210526315789473,0.05970149253731343,0.8810810810810811,0.7032967032967034,0.6805555555555557,0.5693430656934307,0.7563291139240507,0.6626514202153911,0.7260643030427901,0.6435502876550911
support,70.0,116.0,60.0,196.0,87.0,86.0,89.0,704.0,704.0,704.0,704.0
