index,atrial fibrillation,left ventricular high voltage,nonspecific st t abnormality,sinus bradycardia,sinus rhythm,sinus tachycardia,supraventricular tachycardia,t wave abnormal,micro avg,macro avg,weighted avg,samples avg
precision,0.8411764705882353,0.6078431372549019,0.7058823529411765,0.987146529562982,0.9576719576719577,0.9205298013245033,0.7586206896551724,0.6994219653179191,0.8630769230769231,0.8097866130396061,0.8533624210994205,0.8513997395833333
recall,0.807909604519774,0.484375,0.48,0.9922480620155039,0.9141414141414141,0.9328859060402684,0.7213114754098361,0.657608695652174,0.8106936416184971,0.7488100197223713,0.8106936416184971,0.8267415364583334
f1-score,0.8242074927953891,0.5391304347826086,0.5714285714285713,0.9896907216494846,0.9354005167958657,0.9266666666666667,0.7394957983193277,0.6778711484593838,0.8360655737704917,0.7754864188621622,0.8296002593721717,0.8247302827380952
support,177.0,128.0,100.0,387.0,198.0,149.0,61.0,184.0,1384.0,1384.0,1384.0,1384.0
