index,atrial fibrillation,left ventricular high voltage,nonspecific st t abnormality,sinus bradycardia,sinus rhythm,sinus tachycardia,supraventricular tachycardia,t wave abnormal,micro avg,macro avg,weighted avg,samples avg
precision,0.8957055214723927,0.5503875968992248,0.5,0.9846547314578005,0.935,0.9161290322580645,0.7872340425531915,0.6538461538461539,0.838733986435569,0.7778696348108535,0.8309342958726674,0.83544921875
recall,0.8248587570621468,0.5546875,0.43,0.9948320413436692,0.9444444444444444,0.9530201342281879,0.6065573770491803,0.5543478260869565,0.8041907514450867,0.7328435100268231,0.8041907514450867,0.8263346354166667
f1-score,0.8588235294117648,0.5525291828793774,0.4623655913978495,0.9897172236503856,0.9396984924623116,0.9342105263157895,0.6851851851851852,0.6000000000000001,0.8210992253780893,0.7528162164128329,0.8160741264680734,0.8134347098214285
support,177.0,128.0,100.0,387.0,198.0,149.0,61.0,184.0,1384.0,1384.0,1384.0,1384.0
