index,1st degree av block,atrial fibrillation,premature atrial contraction,right bundle branch block,sinus rhythm,st depression,ventricular ectopics,micro avg,macro avg,weighted avg,samples avg
precision,0.8636363636363636,0.8991596638655462,0.4473684210526316,0.8792270531400966,0.6666666666666666,0.6989247311827957,0.6161616161616161,0.7719546742209632,0.724449216529388,0.7626045239512357,0.6877729257641921
recall,0.8142857142857143,0.9224137931034483,0.2833333333333333,0.9285714285714286,0.6436781609195402,0.7558139534883721,0.6853932584269663,0.7741477272727273,0.7190699488755433,0.7741477272727273,0.7336244541484717
f1-score,0.8382352941176471,0.9106382978723405,0.34693877551020413,0.9032258064516129,0.6549707602339181,0.7262569832402235,0.648936170212766,0.7730496453900709,0.7184574410912445,0.7661292238416215,0.7002911208151383
support,70.0,116.0,60.0,196.0,87.0,86.0,89.0,704.0,704.0,704.0,704.0
