index,1st degree av block,atrial fibrillation,premature atrial contraction,right bundle branch block,sinus rhythm,st depression,ventricular ectopics,micro avg,macro avg,weighted avg,samples avg
precision,0.873015873015873,0.9469026548672567,0.5,0.9447513812154696,0.686046511627907,0.8,0.8,0.8474295190713101,0.792959488675215,0.8321152504340524,0.6894711305191654
recall,0.7857142857142857,0.9224137931034483,0.25,0.8724489795918368,0.6781609195402298,0.6511627906976745,0.5393258426966292,0.7258522727272727,0.671318087334872,0.7258522727272727,0.6921397379912664
f1-score,0.8270676691729324,0.9344978165938865,0.3333333333333333,0.9071618037135278,0.6820809248554913,0.7179487179487181,0.6442953020134228,0.7819433817903596,0.7209122239473303,0.7706350982671301,0.6850557981562349
support,70.0,116.0,60.0,196.0,87.0,86.0,89.0,704.0,704.0,704.0,704.0
