index,atrial fibrillation,left ventricular high voltage,nonspecific st t abnormality,sinus bradycardia,sinus rhythm,sinus tachycardia,supraventricular tachycardia,t wave abnormal,micro avg,macro avg,weighted avg,samples avg
precision,0.8265895953757225,0.559322033898305,0.5480769230769231,0.9870801033591732,0.9782608695652174,0.9485294117647058,0.8095238095238095,0.7727272727272727,0.8565830721003135,0.8037637524113912,0.8535379885244241,0.8230794270833333
recall,0.807909604519774,0.515625,0.57,0.9870801033591732,0.9090909090909091,0.8657718120805369,0.5573770491803278,0.5543478260869565,0.7897398843930635,0.7209002880397096,0.7897398843930635,0.80322265625
f1-score,0.8171428571428572,0.5365853658536586,0.5588235294117646,0.9870801033591732,0.9424083769633508,0.9052631578947368,0.6601941747572815,0.6455696202531646,0.8218045112781954,0.7566333982044984,0.8177292553732415,0.7988095238095239
support,177.0,128.0,100.0,387.0,198.0,149.0,61.0,184.0,1384.0,1384.0,1384.0,1384.0
