index,abnormal QRS,atrial fibrillation,incomplete right bundle branch block,left anterior fascicular block,left axis deviation,left ventricular hypertrophy,myocardial infarction,myocardial ischemia,sinus rhythm,t wave abnormal,ventricular ectopics,micro avg,macro avg,weighted avg,samples avg
precision,0.6693227091633466,0.8026315789473685,0.5535714285714286,0.8319327731092437,0.8127490039840638,0.7128712871287128,0.7178988326848249,0.6852791878172588,0.9264626945786366,0.5163398692810458,0.7204301075268817,0.8126503126503126,0.7226808611629829,0.7996299008645051,0.832265558536745
recall,0.47863247863247865,0.7625,0.543859649122807,0.5469613259668509,0.7298747763864043,0.64,0.6684782608695652,0.6553398058252428,0.9680314077397645,0.32644628099173556,0.5726495726495726,0.7525612472160357,0.6266157780167656,0.7525612472160357,0.7792770979211657
f1-score,0.5581395348837209,0.7820512820512822,0.5486725663716814,0.6599999999999999,0.7690857681432611,0.6744730679156908,0.6923076923076924,0.6699751861042182,0.9467910038398244,0.4,0.638095238095238,0.7814523589269194,0.6672355763375101,0.7715976561930381,0.7782559146965927
support,351.0,160.0,114.0,181.0,559.0,225.0,552.0,206.0,1783.0,242.0,117.0,4490.0,4490.0,4490.0,4490.0
