index,1st degree av block,atrial fibrillation,premature atrial contraction,right bundle branch block,sinus rhythm,st depression,ventricular ectopics,micro avg,macro avg,weighted avg,samples avg
precision,0.8548387096774194,0.8396946564885496,0.35714285714285715,0.9354838709677419,0.5819672131147541,0.7215189873417721,0.7464788732394366,0.7691197691197691,0.7195893097103616,0.7686720172429343,0.6870451237263464
recall,0.7571428571428571,0.9482758620689655,0.25,0.8877551020408163,0.8160919540229885,0.6627906976744186,0.5955056179775281,0.7571022727272727,0.7025088701325106,0.7571022727272727,0.7183406113537117
f1-score,0.803030303030303,0.8906882591093117,0.2941176470588235,0.9109947643979057,0.679425837320574,0.6909090909090908,0.6625,0.7630637079455976,0.7045237002608583,0.7574214795161819,0.6942746239689471
support,70.0,116.0,60.0,196.0,87.0,86.0,89.0,704.0,704.0,704.0,704.0
