index,1st degree av block,atrial fibrillation,premature atrial contraction,right bundle branch block,sinus rhythm,st depression,ventricular ectopics,micro avg,macro avg,weighted avg,samples avg
precision,0.890625,0.9285714285714286,0.6538461538461539,0.9508196721311475,0.7397260273972602,0.8181818181818182,0.7083333333333334,0.8573825503355704,0.8128719190658774,0.8429132501372507,0.6804949053857351
recall,0.8142857142857143,0.896551724137931,0.2833333333333333,0.8877551020408163,0.6206896551724138,0.627906976744186,0.5730337078651685,0.7258522727272727,0.6719366019399376,0.7258522727272727,0.6877729257641921
f1-score,0.8507462686567163,0.912280701754386,0.39534883720930236,0.9182058047493403,0.675,0.7105263157894738,0.6335403726708074,0.786153846153846,0.7279497572614322,0.7745474779808301,0.6787967006307617
support,70.0,116.0,60.0,196.0,87.0,86.0,89.0,704.0,704.0,704.0,704.0
