index,abnormal QRS,atrial fibrillation,incomplete right bundle branch block,left anterior fascicular block,left axis deviation,left ventricular hypertrophy,myocardial infarction,myocardial ischemia,sinus rhythm,t wave abnormal,ventricular ectopics,micro avg,macro avg,weighted avg,samples avg
precision,0.7285067873303167,0.7865853658536586,0.5825242718446602,0.8248587570621468,0.8071570576540755,0.6965174129353234,0.7196819085487077,0.6923076923076923,0.9269210102095647,0.5369127516778524,0.7362637362637363,0.8195689028820538,0.730748795607976,0.804864066466362,0.8338966690661607
recall,0.4586894586894587,0.80625,0.5263157894736842,0.8066298342541437,0.7262969588550984,0.6222222222222222,0.6557971014492754,0.5242718446601942,0.9674705552439709,0.3305785123966942,0.5726495726495726,0.7536748329621381,0.636106531808574,0.7536748329621381,0.7771699059834654
f1-score,0.562937062937063,0.7962962962962964,0.5529953917050691,0.8156424581005587,0.7645951035781543,0.6572769953051644,0.6862559241706161,0.5966850828729282,0.9467618002195389,0.4092071611253197,0.6442307692307693,0.785241907413853,0.6757167314128617,0.7739814883987782,0.7793957404126896
support,351.0,160.0,114.0,181.0,559.0,225.0,552.0,206.0,1783.0,242.0,117.0,4490.0,4490.0,4490.0,4490.0
