index,1st degree av block,atrial fibrillation,premature atrial contraction,right bundle branch block,sinus rhythm,st depression,ventricular ectopics,micro avg,macro avg,weighted avg,samples avg
precision,0.875,0.9279279279279279,0.3793103448275862,0.9230769230769231,0.6272727272727273,0.6951219512195121,0.6276595744680851,0.7782738095238095,0.7221956355418231,0.7710032023545975,0.6819505094614265
recall,0.8,0.8879310344827587,0.18333333333333332,0.8571428571428571,0.7931034482758621,0.6627906976744186,0.6629213483146067,0.7428977272727273,0.692460388460548,0.7428977272727273,0.7059679767103348
f1-score,0.8358208955223881,0.9074889867841409,0.24719101123595505,0.888888888888889,0.700507614213198,0.6785714285714285,0.6448087431693988,0.7601744186046513,0.700468224055057,0.7521578856330606,0.6862688015526444
support,70.0,116.0,60.0,196.0,87.0,86.0,89.0,704.0,704.0,704.0,704.0
