index,abnormal QRS,atrial fibrillation,incomplete right bundle branch block,left anterior fascicular block,left axis deviation,left ventricular hypertrophy,myocardial infarction,myocardial ischemia,sinus rhythm,t wave abnormal,ventricular ectopics,micro avg,macro avg,weighted avg,samples avg
precision,0.7634408602150538,0.8145695364238411,0.4789915966386555,0.7732558139534884,0.8229166666666666,0.7484662576687117,0.74,0.654320987654321,0.9295081967213115,0.48736462093862815,0.7532467532467533,0.8117561331066311,0.7241892081934028,0.8080030920614076,0.8297384551621839
recall,0.4045584045584046,0.76875,0.5,0.7348066298342542,0.7066189624329159,0.5422222222222223,0.6702898550724637,0.5145631067961165,0.9540100953449243,0.5578512396694215,0.49572649572649574,0.7443207126948775,0.6226724556052017,0.7443207126948775,0.7758719979058961
f1-score,0.5288640595903167,0.7909967845659164,0.4892703862660944,0.7535410764872521,0.7603464870067372,0.6288659793814434,0.7034220532319393,0.5760869565217391,0.9415997785773595,0.5202312138728323,0.5979381443298969,0.7765772046009062,0.6628329927119571,0.7689481223157305,0.7757316486130046
support,351.0,160.0,114.0,181.0,559.0,225.0,552.0,206.0,1783.0,242.0,117.0,4490.0,4490.0,4490.0,4490.0
