index,1st degree av block,atrial fibrillation,premature atrial contraction,right bundle branch block,sinus rhythm,st depression,ventricular ectopics,micro avg,macro avg,weighted avg,samples avg
precision,0.8181818181818182,0.864,0.47619047619047616,0.930635838150289,0.5754716981132075,0.65,0.8166666666666667,0.7844690966719493,0.7330209281860655,0.7771621465778338,0.6414361960213489
recall,0.7714285714285715,0.9310344827586207,0.16666666666666666,0.8214285714285714,0.7011494252873564,0.6046511627906976,0.550561797752809,0.703125,0.6495600968733276,0.703125,0.6652110625909753
f1-score,0.7941176470588236,0.8962655601659751,0.2469135802469136,0.8726287262872628,0.6321243523316061,0.6265060240963854,0.6577181208053691,0.7415730337078652,0.6751820015703337,0.7284322939166276,0.6453178068898593
support,70.0,116.0,60.0,196.0,87.0,86.0,89.0,704.0,704.0,704.0,704.0
