index,atrial fibrillation,left ventricular high voltage,nonspecific st t abnormality,sinus bradycardia,sinus rhythm,sinus tachycardia,supraventricular tachycardia,t wave abnormal,micro avg,macro avg,weighted avg,samples avg
precision,0.8406593406593407,0.631578947368421,0.6086956521739131,0.9767441860465116,0.9333333333333333,0.9300699300699301,0.7704918032786885,0.7236842105263158,0.856159143075746,0.8019071754320568,0.8468545434208917,0.8572021484375001
recall,0.864406779661017,0.46875,0.56,0.9767441860465116,0.9191919191919192,0.8926174496644296,0.7704918032786885,0.5978260869565217,0.8085260115606936,0.7562535280998859,0.8085260115606936,0.8289388020833334
f1-score,0.8523676880222841,0.5381165919282511,0.5833333333333334,0.9767441860465116,0.926208651399491,0.910958904109589,0.7704918032786885,0.6547619047619048,0.8316610925306578,0.7766228828600067,0.8256356344260927,0.8267748635912698
support,177.0,128.0,100.0,387.0,198.0,149.0,61.0,184.0,1384.0,1384.0,1384.0,1384.0
