index,abnormal QRS,atrial fibrillation,incomplete right bundle branch block,left anterior fascicular block,left axis deviation,left ventricular hypertrophy,myocardial infarction,myocardial ischemia,sinus rhythm,t wave abnormal,ventricular ectopics,micro avg,macro avg,weighted avg,samples avg
precision,0.7321428571428571,0.7672955974842768,0.5328467153284672,0.7715736040609137,0.7614035087719299,0.6666666666666666,0.6927480916030534,0.6903553299492385,0.9241047568145376,0.5517241379310345,0.6774193548387096,0.7988826815642458,0.7062073291446987,0.7886052515747873,0.8287339397508889
recall,0.4672364672364672,0.7625,0.6403508771929824,0.8397790055248618,0.776386404293381,0.4444444444444444,0.657608695652174,0.6601941747572816,0.9697139652271453,0.39669421487603307,0.5384615384615384,0.7643652561247216,0.6503063443333008,0.7643652561247216,0.7909495451868334
f1-score,0.5704347826086957,0.7648902821316613,0.5816733067729083,0.8042328042328042,0.7688219663418954,0.5333333333333333,0.6747211895910781,0.674937965260546,0.946360153256705,0.4615384615384615,0.6,0.7812428864101981,0.6709949313698261,0.7717125180416584,0.7829501744755982
support,351.0,160.0,114.0,181.0,559.0,225.0,552.0,206.0,1783.0,242.0,117.0,4490.0,4490.0,4490.0,4490.0
