index,1st degree av block,atrial fibrillation,premature atrial contraction,right bundle branch block,sinus rhythm,st depression,ventricular ectopics,micro avg,macro avg,weighted avg,samples avg
precision,0.7702702702702703,0.8852459016393442,0.5454545454545454,0.9606741573033708,0.6521739130434783,0.717948717948718,0.7627118644067796,0.809748427672956,0.7563541957237866,0.8011234761056705,0.6814653081028627
recall,0.8142857142857143,0.9310344827586207,0.3,0.8724489795918368,0.6896551724137931,0.6511627906976745,0.5056179775280899,0.7315340909090909,0.6806007310393899,0.7315340909090909,0.6979621542940321
f1-score,0.7916666666666666,0.9075630252100839,0.3870967741935483,0.9144385026737968,0.670391061452514,0.6829268292682927,0.6081081081081081,0.7686567164179104,0.7088844239390015,0.7589873321758197,0.6830179524502669
support,70.0,116.0,60.0,196.0,87.0,86.0,89.0,704.0,704.0,704.0,704.0
