index,abnormal QRS,atrial fibrillation,incomplete right bundle branch block,left anterior fascicular block,left axis deviation,left ventricular hypertrophy,myocardial infarction,myocardial ischemia,sinus rhythm,t wave abnormal,ventricular ectopics,micro avg,macro avg,weighted avg,samples avg
precision,0.6730769230769231,0.7797619047619048,0.4262295081967213,0.8023255813953488,0.7663230240549829,0.7068062827225131,0.7204724409448819,0.7165775401069518,0.9342541436464088,0.5909090909090909,0.7582417582417582,0.8075382803297998,0.7159071089143169,0.7984485896408975,0.826171934646511
recall,0.4985754985754986,0.81875,0.45614035087719296,0.7624309392265194,0.7978533094812165,0.6,0.6630434782608695,0.6504854368932039,0.9484015703869882,0.3760330578512397,0.5897435897435898,0.7634743875278397,0.6510415664814834,0.7634743875278397,0.78164387147438
f1-score,0.5728314238952537,0.798780487804878,0.4406779661016949,0.7818696883852692,0.7817703768624015,0.6490384615384616,0.6905660377358489,0.6819338422391859,0.9412747008071249,0.4595959595959596,0.6634615384615384,0.7848883800801374,0.6783454984934196,0.7778348646268073,0.7782820299769452
support,351.0,160.0,114.0,181.0,559.0,225.0,552.0,206.0,1783.0,242.0,117.0,4490.0,4490.0,4490.0,4490.0
