index,atrial fibrillation,left ventricular high voltage,nonspecific st t abnormality,sinus bradycardia,sinus rhythm,sinus tachycardia,supraventricular tachycardia,t wave abnormal,micro avg,macro avg,weighted avg,samples avg
precision,0.9125,0.6633663366336634,0.5089285714285714,0.9747474747474747,0.9682539682539683,0.9210526315789473,0.7894736842105263,0.7380952380952381,0.8638824439288476,0.8095522381185487,0.8579928232118162,0.8544108072916666
recall,0.8248587570621468,0.5234375,0.57,0.9974160206718347,0.9242424242424242,0.9395973154362416,0.7377049180327869,0.5054347826086957,0.8070809248554913,0.7528364647567662,0.8070809248554913,0.8260904947916666
f1-score,0.8664688427299703,0.5851528384279475,0.5377358490566037,0.9859514687100894,0.9457364341085271,0.9302325581395349,0.7627118644067797,0.6,0.8345162495330594,0.7767487319474315,0.8283144802193205,0.825527808779762
support,177.0,128.0,100.0,387.0,198.0,149.0,61.0,184.0,1384.0,1384.0,1384.0,1384.0
