index,1st degree av block,atrial fibrillation,premature atrial contraction,right bundle branch block,sinus rhythm,st depression,ventricular ectopics,micro avg,macro avg,weighted avg,samples avg
precision,0.8548387096774194,0.8861788617886179,0.48484848484848486,0.9247311827956989,0.5961538461538461,0.782608695652174,0.7777777777777778,0.8050713153724247,0.7581625083848599,0.7973943653799133,0.6647258612324115
recall,0.7571428571428571,0.9396551724137931,0.26666666666666666,0.8775510204081632,0.7126436781609196,0.627906976744186,0.47191011235955055,0.7215909090909091,0.6647823548423052,0.7215909090909091,0.6848617176128093
f1-score,0.803030303030303,0.9121338912133892,0.34408602150537637,0.900523560209424,0.649214659685864,0.6967741935483871,0.5874125874125875,0.7610486891385768,0.6990250309436188,0.7497889318207328,0.6683163512857836
support,70.0,116.0,60.0,196.0,87.0,86.0,89.0,704.0,704.0,704.0,704.0
