index,atrial fibrillation,left ventricular high voltage,nonspecific st t abnormality,sinus bradycardia,sinus rhythm,sinus tachycardia,supraventricular tachycardia,t wave abnormal,micro avg,macro avg,weighted avg,samples avg
precision,0.8448275862068966,0.6777777777777778,0.5581395348837209,0.9821428571428571,0.9680851063829787,0.9440559440559441,0.7868852459016393,0.7197452229299363,0.8667699457784663,0.810207409410219,0.8561933419538352,0.8606119791666667
recall,0.8305084745762712,0.4765625,0.48,0.9948320413436692,0.9191919191919192,0.9060402684563759,0.7868852459016393,0.6141304347826086,0.8085260115606936,0.7510188605315604,0.8085260115606936,0.82568359375
f1-score,0.8376068376068375,0.5596330275229359,0.5161290322580644,0.9884467265725289,0.9430051813471503,0.9246575342465754,0.7868852459016392,0.6627565982404692,0.8366355140186915,0.7773900229620252,0.8298175121202621,0.8283412388392857
support,177.0,128.0,100.0,387.0,198.0,149.0,61.0,184.0,1384.0,1384.0,1384.0,1384.0
