index,abnormal QRS,atrial fibrillation,incomplete right bundle branch block,left anterior fascicular block,left axis deviation,left ventricular hypertrophy,myocardial infarction,myocardial ischemia,sinus rhythm,t wave abnormal,ventricular ectopics,micro avg,macro avg,weighted avg,samples avg
precision,0.6710526315789473,0.79375,0.5826086956521739,0.8269230769230769,0.7685512367491166,0.7345132743362832,0.7150837988826816,0.6717948717948717,0.9428729894620078,0.5078534031413613,0.72,0.8112391930835735,0.72136399804732,0.8006491390476634,0.828920809429284
recall,0.4358974358974359,0.79375,0.5877192982456141,0.712707182320442,0.778175313059034,0.3688888888888889,0.6956521739130435,0.6359223300970874,0.9534492428491307,0.40082644628099173,0.6153846153846154,0.7523385300668152,0.6343975388123895,0.7523385300668152,0.7792029317453046
f1-score,0.5284974093264249,0.79375,0.5851528384279475,0.7655786350148367,0.7733333333333333,0.49112426035502965,0.7052341597796143,0.6533665835411472,0.9481316229782488,0.4480369515011547,0.663594470046083,0.780679454587474,0.6687091149367108,0.7708336281830677,0.7787673491063323
support,351.0,160.0,114.0,181.0,559.0,225.0,552.0,206.0,1783.0,242.0,117.0,4490.0,4490.0,4490.0,4490.0
