index,abnormal QRS,atrial fibrillation,incomplete right bundle branch block,left anterior fascicular block,left axis deviation,left ventricular hypertrophy,myocardial infarction,myocardial ischemia,sinus rhythm,t wave abnormal,ventricular ectopics,micro avg,macro avg,weighted avg,samples avg
precision,0.6572769953051644,0.8300653594771242,0.6226415094339622,0.7413793103448276,0.7587476979742173,0.6777777777777778,0.7477876106194691,0.7450980392156863,0.9320282762370854,0.5198237885462555,0.6379310344827587,0.8070259865255053,0.7155052181285754,0.7959545868190877,0.8275996335318369
recall,0.39886039886039887,0.79375,0.5789473684210527,0.712707182320442,0.7370304114490162,0.5422222222222223,0.6123188405797102,0.5533980582524272,0.9613011777902412,0.48760330578512395,0.6324786324786325,0.7469933184855234,0.6373288725599334,0.7469933184855234,0.7787110354906964
f1-score,0.4964539007092199,0.8115015974440895,0.6,0.7267605633802816,0.7477313974591652,0.6024691358024691,0.6733067729083666,0.6350974930362118,0.9464384318056323,0.5031982942430704,0.6351931330472103,0.7758501040943788,0.6707409745305196,0.7669628893854604,0.7761098930590457
support,351.0,160.0,114.0,181.0,559.0,225.0,552.0,206.0,1783.0,242.0,117.0,4490.0,4490.0,4490.0,4490.0
