index,abnormal QRS,atrial fibrillation,incomplete right bundle branch block,left anterior fascicular block,left axis deviation,left ventricular hypertrophy,myocardial infarction,myocardial ischemia,sinus rhythm,t wave abnormal,ventricular ectopics,micro avg,macro avg,weighted avg,samples avg
precision,0.570446735395189,0.764367816091954,0.6363636363636364,0.6981132075471698,0.7552083333333334,0.5869565217391305,0.660377358490566,0.6565656565656566,0.9232847109670448,0.5126050420168067,0.7244897959183674,0.7701738742755239,0.6807980740389868,0.7640243805386702,0.8008965381846737
recall,0.47293447293447294,0.83125,0.49122807017543857,0.8176795580110497,0.778175313059034,0.6,0.6340579710144928,0.6310679611650486,0.9584969153112731,0.5041322314049587,0.6068376068376068,0.7694877505567929,0.6659872818103069,0.7694877505567929,0.7918951639290622
f1-score,0.5171339563862929,0.7964071856287425,0.5544554455445544,0.7531806615776082,0.7665198237885463,0.5934065934065934,0.6469500924214417,0.6435643564356436,0.9405613648871767,0.5083333333333334,0.6604651162790697,0.7698306595365418,0.6709979936080912,0.7655849802342154,0.7699146097451182
support,351.0,160.0,114.0,181.0,559.0,225.0,552.0,206.0,1783.0,242.0,117.0,4490.0,4490.0,4490.0,4490.0
