index,1st degree av block,atrial fibrillation,premature atrial contraction,right bundle branch block,sinus rhythm,st depression,ventricular ectopics,micro avg,macro avg,weighted avg,samples avg
precision,0.8428571428571429,0.8359375,0.3584905660377358,0.9277777777777778,0.6966292134831461,0.7375,0.6710526315789473,0.7751479289940828,0.7243206902478215,0.7714176906111772,0.6847404172731683
recall,0.8428571428571429,0.9224137931034483,0.31666666666666665,0.8520408163265306,0.7126436781609196,0.686046511627907,0.5730337078651685,0.7443181818181818,0.7008146166582548,0.7443181818181818,0.710334788937409
f1-score,0.8428571428571429,0.8770491803278688,0.336283185840708,0.8882978723404255,0.7045454545454545,0.7108433734939759,0.6181818181818182,0.7594202898550724,0.7111511467981991,0.7563455192206207,0.6888403687530326
support,70.0,116.0,60.0,196.0,87.0,86.0,89.0,704.0,704.0,704.0,704.0
