index,abnormal QRS,atrial fibrillation,incomplete right bundle branch block,left anterior fascicular block,left axis deviation,left ventricular hypertrophy,myocardial infarction,myocardial ischemia,sinus rhythm,t wave abnormal,ventricular ectopics,micro avg,macro avg,weighted avg,samples avg
precision,0.7014218009478673,0.8656716417910447,0.5454545454545454,0.7740112994350282,0.7802607076350093,0.7534246575342466,0.7860576923076923,0.7061855670103093,0.9266846361185984,0.6013986013986014,0.835820895522388,0.8308270676691729,0.7523992768323029,0.8168500995955488,0.8441034254593577
recall,0.42165242165242167,0.725,0.5263157894736842,0.7569060773480663,0.7495527728085868,0.4888888888888889,0.592391304347826,0.6650485436893204,0.9641054402692092,0.35537190082644626,0.47863247863247865,0.7383073496659243,0.611260510721539,0.7383073496659243,0.7698012782758545
f1-score,0.5266903914590748,0.7891156462585034,0.5357142857142857,0.7653631284916201,0.7645985401459854,0.5929919137466307,0.6756198347107438,0.685,0.9450247388675096,0.4467532467532467,0.6086956521739131,0.7818396226415094,0.6668697616655921,0.7683576136628595,0.7792885284410708
support,351.0,160.0,114.0,181.0,559.0,225.0,552.0,206.0,1783.0,242.0,117.0,4490.0,4490.0,4490.0,4490.0
