index,atrial fibrillation,left ventricular high voltage,nonspecific st t abnormality,sinus bradycardia,sinus rhythm,sinus tachycardia,supraventricular tachycardia,t wave abnormal,micro avg,macro avg,weighted avg,samples avg
precision,0.8235294117647058,0.6132075471698113,0.5042735042735043,0.9870466321243523,0.9494949494949495,0.8860759493670886,0.6578947368421053,0.6628571428571428,0.8217893217893217,0.7605474842367075,0.8228267909453342,0.8475748697916667
recall,0.7909604519774012,0.5078125,0.59,0.9844961240310077,0.9494949494949495,0.9395973154362416,0.819672131147541,0.6304347826086957,0.8229768786127167,0.7765585318369796,0.8229768786127167,0.8373209635416666
f1-score,0.8069164265129682,0.5555555555555556,0.543778801843318,0.9857697283311773,0.9494949494949495,0.9120521172638436,0.7299270072992702,0.6462395543175486,0.8223826714801443,0.7662167675773288,0.8216296781534689,0.8252604166666666
support,177.0,128.0,100.0,387.0,198.0,149.0,61.0,184.0,1384.0,1384.0,1384.0,1384.0
