index,atrial fibrillation,left ventricular high voltage,nonspecific st t abnormality,sinus bradycardia,sinus rhythm,sinus tachycardia,supraventricular tachycardia,t wave abnormal,micro avg,macro avg,weighted avg,samples avg
precision,0.8165680473372781,0.6578947368421053,0.5925925925925926,0.9770992366412213,0.9672131147540983,0.9310344827586207,0.7857142857142857,0.7482014388489209,0.8695652173913043,0.8095397419361403,0.8540243535859959,0.8487141927083334
recall,0.7796610169491526,0.390625,0.48,0.9922480620155039,0.8939393939393939,0.9060402684563759,0.7213114754098361,0.5652173913043478,0.7803468208092486,0.7161303260093262,0.7803468208092486,0.8026529947916666
f1-score,0.7976878612716763,0.4901960784313726,0.5303867403314917,0.9846153846153846,0.9291338582677166,0.9183673469387755,0.7521367521367521,0.6439628482972136,0.8225437928408225,0.755810858786298,0.8115573858103468,0.8093982514880952
support,177.0,128.0,100.0,387.0,198.0,149.0,61.0,184.0,1384.0,1384.0,1384.0,1384.0
