index,atrial fibrillation,left ventricular high voltage,nonspecific st t abnormality,sinus bradycardia,sinus rhythm,sinus tachycardia,supraventricular tachycardia,t wave abnormal,micro avg,macro avg,weighted avg,samples avg
precision,0.8888888888888888,0.5789473684210527,0.5194805194805194,0.9746192893401016,0.9680851063829787,0.918918918918919,0.7931034482758621,0.6942675159235668,0.8611111111111112,0.7920388819539861,0.8419715438377254,0.8484700520833333
recall,0.8135593220338984,0.34375,0.4,0.9922480620155039,0.9191919191919192,0.912751677852349,0.7540983606557377,0.592391304347826,0.7839595375722543,0.7159988307621543,0.7839595375722543,0.808837890625
f1-score,0.8495575221238938,0.4313725490196078,0.4519774011299435,0.9833546734955186,0.9430051813471503,0.9158249158249159,0.7731092436974789,0.6392961876832844,0.8207261724659607,0.7484372092902241,0.8087474474061545,0.811825706845238
support,177.0,128.0,100.0,387.0,198.0,149.0,61.0,184.0,1384.0,1384.0,1384.0,1384.0
