index,abnormal QRS,atrial fibrillation,incomplete right bundle branch block,left anterior fascicular block,left axis deviation,left ventricular hypertrophy,myocardial infarction,myocardial ischemia,sinus rhythm,t wave abnormal,ventricular ectopics,micro avg,macro avg,weighted avg,samples avg
precision,0.6762295081967213,0.8012422360248447,0.6019417475728155,0.8136645962732919,0.7711340206185567,0.7677419354838709,0.7247899159663865,0.6785714285714286,0.9295851528384279,0.5482233502538071,0.6574074074074074,0.8119804400977995,0.7245937544734145,0.8000362165117149,0.8247369976183535
recall,0.4700854700854701,0.80625,0.543859649122807,0.7237569060773481,0.669051878354204,0.5288888888888889,0.625,0.5533980582524272,0.9551318003365115,0.4462809917355372,0.6068376068376068,0.7396436525612472,0.6298673863355272,0.7396436525612472,0.7696693061099841
f1-score,0.5546218487394957,0.8037383177570093,0.5714285714285713,0.7660818713450294,0.7164750957854407,0.6263157894736842,0.6712062256809338,0.6096256684491979,0.9421853388658367,0.4920273348519362,0.6311111111111111,0.7741258741258741,0.6713470157716588,0.7655724956100218,0.7704597941886078
support,351.0,160.0,114.0,181.0,559.0,225.0,552.0,206.0,1783.0,242.0,117.0,4490.0,4490.0,4490.0,4490.0
