index,abnormal QRS,atrial fibrillation,incomplete right bundle branch block,left anterior fascicular block,left axis deviation,left ventricular hypertrophy,myocardial infarction,myocardial ischemia,sinus rhythm,t wave abnormal,ventricular ectopics,micro avg,macro avg,weighted avg,samples avg
precision,0.5763888888888888,0.7727272727272727,0.5673076923076923,0.7755102040816326,0.7975206611570248,0.6108108108108108,0.7045454545454546,0.5806451612903226,0.9294765840220386,0.5238095238095238,0.616822429906542,0.7840855106888361,0.6777786075952004,0.7748206329676142,0.8080753877364047
recall,0.47293447293447294,0.74375,0.5175438596491229,0.8397790055248618,0.6905187835420393,0.5022222222222222,0.5615942028985508,0.6990291262135923,0.9461581604038138,0.4090909090909091,0.5641025641025641,0.7351893095768374,0.6315203005983773,0.7351893095768374,0.7622057893244334
f1-score,0.5195618153364633,0.7579617834394904,0.5412844036697249,0.806366047745358,0.7401725790987536,0.551219512195122,0.625,0.6343612334801763,0.9377431906614787,0.4593967517401392,0.5892857142857142,0.7588505747126438,0.6511230028774928,0.7520878812233087,0.758793034216763
support,351.0,160.0,114.0,181.0,559.0,225.0,552.0,206.0,1783.0,242.0,117.0,4490.0,4490.0,4490.0,4490.0
