index,1st degree av block,atrial fibrillation,premature atrial contraction,right bundle branch block,sinus rhythm,st depression,ventricular ectopics,micro avg,macro avg,weighted avg,samples avg
precision,0.8125,0.9292035398230089,0.5365853658536586,0.9197860962566845,0.5675675675675675,0.6825396825396826,0.734375,0.7838258164852255,0.740365321720086,0.7820624623775423,0.658418243571082
recall,0.7428571428571429,0.9051724137931034,0.36666666666666664,0.8775510204081632,0.7241379310344828,0.5,0.5280898876404494,0.7159090909090909,0.6634964374857155,0.7159090909090909,0.6819505094614265
f1-score,0.7761194029850748,0.9170305676855894,0.4356435643564356,0.8981723237597911,0.6363636363636365,0.5771812080536913,0.6143790849673203,0.7483296213808464,0.6935556840245055,0.74228018778002,0.6618146530810286
support,70.0,116.0,60.0,196.0,87.0,86.0,89.0,704.0,704.0,704.0,704.0
