index,atrial fibrillation,left ventricular high voltage,nonspecific st t abnormality,sinus bradycardia,sinus rhythm,sinus tachycardia,supraventricular tachycardia,t wave abnormal,micro avg,macro avg,weighted avg,samples avg
precision,0.8255813953488372,0.591304347826087,0.5876288659793815,0.987012987012987,0.9725274725274725,0.9115646258503401,0.75,0.6178010471204188,0.8307464892830746,0.7804275927081905,0.8311855040120988,0.8224283854166667
recall,0.8022598870056498,0.53125,0.57,0.9819121447028424,0.8939393939393939,0.8993288590604027,0.7868852459016393,0.6413043478260869,0.8121387283236994,0.7633599848045018,0.8121387283236994,0.8214518229166666
f1-score,0.8137535816618912,0.5596707818930041,0.5786802030456853,0.9844559585492229,0.9315789473684211,0.9054054054054055,0.768,0.6293333333333333,0.8213372305443916,0.7713597764071205,0.8211908169199879,0.8066429501488096
support,177.0,128.0,100.0,387.0,198.0,149.0,61.0,184.0,1384.0,1384.0,1384.0,1384.0
