index,1st degree av block,atrial fibrillation,premature atrial contraction,right bundle branch block,sinus rhythm,st depression,ventricular ectopics,micro avg,macro avg,weighted avg,samples avg
precision,0.8360655737704918,0.9026548672566371,0.4444444444444444,0.9613259668508287,0.632183908045977,0.7428571428571429,0.8166666666666667,0.8263772954924875,0.7623140814131697,0.8095002252190071,0.6604803493449781
recall,0.7285714285714285,0.8793103448275862,0.2,0.8877551020408163,0.632183908045977,0.6046511627906976,0.550561797752809,0.703125,0.6404333920041878,0.703125,0.6703056768558951
f1-score,0.7786259541984734,0.8908296943231441,0.2758620689655173,0.923076923076923,0.632183908045977,0.6666666666666666,0.6577181208053691,0.7597851112816577,0.689280476583153,0.7474220290928936,0.6581548485478617
support,70.0,116.0,60.0,196.0,87.0,86.0,89.0,704.0,704.0,704.0,704.0
