index,atrial fibrillation,left ventricular high voltage,nonspecific st t abnormality,sinus bradycardia,sinus rhythm,sinus tachycardia,supraventricular tachycardia,t wave abnormal,micro avg,macro avg,weighted avg,samples avg
precision,0.834319526627219,0.6695652173913044,0.5789473684210527,0.9696969696969697,0.9523809523809523,0.8979591836734694,0.7857142857142857,0.7746478873239436,0.862015503875969,0.8079039239036496,0.8521513712347469,0.8513346354166667
recall,0.7966101694915254,0.6015625,0.44,0.9922480620155039,0.9090909090909091,0.8859060402684564,0.7213114754098361,0.5978260869565217,0.8034682080924855,0.743069405404094,0.8034682080924855,0.8219401041666667
f1-score,0.815028901734104,0.6337448559670782,0.5,0.9808429118773947,0.9302325581395349,0.8918918918918919,0.7521367521367521,0.6748466257668712,0.8317127898279731,0.7723405621892034,0.825213673043526,0.822958519345238
support,177.0,128.0,100.0,387.0,198.0,149.0,61.0,184.0,1384.0,1384.0,1384.0,1384.0
