index,atrial fibrillation,left ventricular high voltage,nonspecific st t abnormality,sinus bradycardia,sinus rhythm,sinus tachycardia,supraventricular tachycardia,t wave abnormal,micro avg,macro avg,weighted avg,samples avg
precision,0.8522727272727273,0.5185185185185185,0.5377358490566038,0.9820051413881749,0.9521276595744681,0.92,0.84,0.7022900763358778,0.8377358490566038,0.7881187465182964,0.8360512054639259,0.832421875
recall,0.847457627118644,0.546875,0.57,0.9870801033591732,0.9040404040404041,0.9261744966442953,0.6885245901639344,0.5,0.8020231213872833,0.7462690276658064,0.8020231213872833,0.8197428385416667
f1-score,0.8498583569405099,0.532319391634981,0.5533980582524272,0.9845360824742269,0.927461139896373,0.9230769230769231,0.7567567567567568,0.5841269841269842,0.8194905869324475,0.7639417116448978,0.8162820632442104,0.8080403645833334
support,177.0,128.0,100.0,387.0,198.0,149.0,61.0,184.0,1384.0,1384.0,1384.0,1384.0
