index,abnormal QRS,atrial fibrillation,incomplete right bundle branch block,left anterior fascicular block,left axis deviation,left ventricular hypertrophy,myocardial infarction,myocardial ischemia,sinus rhythm,t wave abnormal,ventricular ectopics,micro avg,macro avg,weighted avg,samples avg
precision,0.624561403508772,0.7513812154696132,0.6708860759493671,0.7313432835820896,0.7894736842105263,0.7745664739884393,0.7695749440715883,0.5882352941176471,0.9285714285714286,0.6038961038961039,0.7528089887640449,0.8138080346403657,0.725936263284511,0.8017228610025047,0.8362083633270073
recall,0.5071225071225072,0.85,0.4649122807017544,0.8121546961325967,0.7245080500894454,0.5955555555555555,0.6231884057971014,0.5339805825242718,0.9624228827818284,0.384297520661157,0.5726495726495726,0.7534521158129176,0.6391629140014354,0.7534521158129176,0.7806393560630849
f1-score,0.5597484276729561,0.7976539589442816,0.5492227979274612,0.7696335078534032,0.7555970149253731,0.6733668341708543,0.6886886886886887,0.5597964376590331,0.9451941613880473,0.4696969696969697,0.6504854368932038,0.782467907944952,0.6744622032563885,0.7729235054149648,0.7822495898767086
support,351.0,160.0,114.0,181.0,559.0,225.0,552.0,206.0,1783.0,242.0,117.0,4490.0,4490.0,4490.0,4490.0
