index,1st degree av block,atrial fibrillation,premature atrial contraction,right bundle branch block,sinus rhythm,st depression,ventricular ectopics,micro avg,macro avg,weighted avg,samples avg
precision,0.8285714285714286,0.8,0.4642857142857143,0.9371428571428572,0.6862745098039216,0.7435897435897436,0.7903225806451613,0.8,0.7500266905769752,0.7902421205059963,0.6654536632702571
recall,0.8285714285714286,0.8275862068965517,0.21666666666666667,0.8367346938775511,0.8045977011494253,0.6744186046511628,0.550561797752809,0.7215909090909091,0.6770195856522279,0.7215909090909091,0.6848617176128093
f1-score,0.8285714285714286,0.8135593220338982,0.29545454545454547,0.8840970350404314,0.7407407407407408,0.7073170731707318,0.6490066225165563,0.7587752053771472,0.7026781096469047,0.747753515756009,0.6692867540029112
support,70.0,116.0,60.0,196.0,87.0,86.0,89.0,704.0,704.0,704.0,704.0
