index,atrial fibrillation,left ventricular high voltage,nonspecific st t abnormality,sinus bradycardia,sinus rhythm,sinus tachycardia,supraventricular tachycardia,t wave abnormal,micro avg,macro avg,weighted avg,samples avg
precision,0.8296703296703297,0.6141732283464567,0.5733333333333334,0.979539641943734,0.9578947368421052,0.9310344827586207,0.8043478260869565,0.703030303030303,0.8516275548826646,0.7991279852514799,0.8444299749423444,0.8382975260416666
recall,0.8531073446327684,0.609375,0.43,0.9896640826873385,0.9191919191919192,0.9060402684563759,0.6065573770491803,0.6304347826086957,0.8128612716763006,0.7430463468282847,0.8128612716763006,0.8250325520833334
f1-score,0.8412256267409473,0.611764705882353,0.49142857142857144,0.9845758354755785,0.9381443298969072,0.9183673469387755,0.691588785046729,0.664756446991404,0.8317929759704251,0.7677314560501582,0.8269277007989371,0.8156761532738095
support,177.0,128.0,100.0,387.0,198.0,149.0,61.0,184.0,1384.0,1384.0,1384.0,1384.0
