index,atrial fibrillation,left ventricular high voltage,nonspecific st t abnormality,sinus bradycardia,sinus rhythm,sinus tachycardia,supraventricular tachycardia,t wave abnormal,micro avg,macro avg,weighted avg,samples avg
precision,0.88,0.6601941747572816,0.5609756097560976,0.9795918367346939,0.9633507853403142,0.9328859060402684,0.7804878048780488,0.7044025157232704,0.8660990712074303,0.8077360791537469,0.8543552967116282,0.849560546875
recall,0.8700564971751412,0.53125,0.46,0.9922480620155039,0.9292929292929293,0.9328859060402684,0.5245901639344263,0.6086956521739131,0.8085260115606936,0.7311274013290228,0.8085260115606936,0.82568359375
f1-score,0.8749999999999999,0.5887445887445887,0.5054945054945056,0.9858793324775352,0.9460154241645244,0.9328859060402684,0.627450980392157,0.653061224489796,0.8363228699551569,0.764316495225422,0.8288062779423294,0.8228794642857142
support,177.0,128.0,100.0,387.0,198.0,149.0,61.0,184.0,1384.0,1384.0,1384.0,1384.0
