index,atrial fibrillation,left ventricular high voltage,nonspecific st t abnormality,sinus bradycardia,sinus rhythm,sinus tachycardia,supraventricular tachycardia,t wave abnormal,micro avg,macro avg,weighted avg,samples avg
precision,0.8810810810810811,0.5555555555555556,0.532608695652174,0.9948186528497409,0.9790575916230366,0.9333333333333333,0.8225806451612904,0.723404255319149,0.8703416149068323,0.80280497632192,0.8537008835419939,0.8705240885416667
recall,0.9209039548022598,0.3515625,0.49,0.9922480620155039,0.9444444444444444,0.9395973154362416,0.8360655737704918,0.5543478260869565,0.809971098265896,0.7536462095694872,0.809971098265896,0.8341471354166667
f1-score,0.9005524861878452,0.43062200956937796,0.5104166666666666,0.9935316946959897,0.961439588688946,0.9364548494983278,0.829268292682927,0.6276923076923078,0.8390718562874252,0.7737472369602985,0.8280588160396308,0.8374209449404761
support,177.0,128.0,100.0,387.0,198.0,149.0,61.0,184.0,1384.0,1384.0,1384.0,1384.0
