index,atrial fibrillation,left ventricular high voltage,nonspecific st t abnormality,sinus bradycardia,sinus rhythm,sinus tachycardia,supraventricular tachycardia,t wave abnormal,micro avg,macro avg,weighted avg,samples avg
precision,0.8648648648648649,0.47540983606557374,0.46153846153846156,0.9947643979057592,0.9893048128342246,0.9366197183098591,0.828125,0.6466666666666666,0.8412213740458016,0.7746617197731762,0.8309264384948423,0.8430989583333333
recall,0.903954802259887,0.453125,0.36,0.9819121447028424,0.9343434343434344,0.8926174496644296,0.8688524590163934,0.5271739130434783,0.796242774566474,0.7402474003788082,0.796242774566474,0.8224283854166666
f1-score,0.8839779005524863,0.46399999999999997,0.4044943820224719,0.9882964889466841,0.961038961038961,0.9140893470790378,0.8480000000000001,0.5808383233532933,0.8181143281365999,0.7555919253741168,0.8120401346242058,0.8146902901785713
support,177.0,128.0,100.0,387.0,198.0,149.0,61.0,184.0,1384.0,1384.0,1384.0,1384.0
