index,atrial fibrillation,left ventricular high voltage,nonspecific st t abnormality,sinus bradycardia,sinus rhythm,sinus tachycardia,supraventricular tachycardia,t wave abnormal,micro avg,macro avg,weighted avg,samples avg
precision,0.9425287356321839,0.6296296296296297,0.5166666666666667,0.9948051948051948,0.9891304347826086,0.9337748344370861,0.8225806451612904,0.711864406779661,0.8745218056618209,0.8176225684867902,0.8672089613266942,0.8689778645833334
recall,0.9265536723163842,0.265625,0.62,0.9896640826873385,0.9191919191919192,0.9463087248322147,0.8360655737704918,0.6847826086956522,0.8258670520231214,0.77352394768675,0.8258670520231214,0.8448079427083333
f1-score,0.9344729344729344,0.37362637362637363,0.5636363636363637,0.9922279792746115,0.9528795811518325,0.9400000000000001,0.829268292682927,0.6980609418282548,0.8494983277591972,0.7855215583341623,0.8391188481119338,0.8413225446428572
support,177.0,128.0,100.0,387.0,198.0,149.0,61.0,184.0,1384.0,1384.0,1384.0,1384.0
