index,1st degree av block,atrial fibrillation,premature atrial contraction,right bundle branch block,sinus rhythm,st depression,ventricular ectopics,micro avg,macro avg,weighted avg,samples avg
precision,0.8421052631578947,0.9105691056910569,0.6818181818181818,0.9631578947368421,0.6732673267326733,0.7169811320754716,0.8260869565217391,0.8321579689703809,0.8019979801048371,0.8352525523769817,0.7806889859291605
recall,0.9142857142857143,0.9655172413793104,0.5,0.9336734693877551,0.7816091954022989,0.8837209302325582,0.6404494382022472,0.8380681818181818,0.8027508555556977,0.8380681818181818,0.7962154294032023
f1-score,0.8767123287671234,0.9372384937238494,0.576923076923077,0.9481865284974093,0.723404255319149,0.7916666666666666,0.7215189873417721,0.8351026185421091,0.7965214767484354,0.8320797811165609,0.7838427947598253
support,70.0,116.0,60.0,196.0,87.0,86.0,89.0,704.0,704.0,704.0,704.0
