index,atrial fibrillation,left ventricular high voltage,nonspecific st t abnormality,sinus bradycardia,sinus rhythm,sinus tachycardia,supraventricular tachycardia,t wave abnormal,micro avg,macro avg,weighted avg,samples avg
precision,0.9863013698630136,0.6507936507936508,0.6714285714285714,0.9921875,0.9789473684210527,0.9387755102040817,0.7941176470588235,0.6781609195402298,0.892914653784219,0.8363390671636779,0.8785608851473735,0.8736165364583333
recall,0.8135593220338984,0.3203125,0.47,0.9844961240310077,0.9393939393939394,0.9261744966442953,0.8852459016393442,0.6413043478260869,0.8013005780346821,0.7475608289460716,0.8013005780346821,0.8238118489583334
f1-score,0.891640866873065,0.4293193717277487,0.552941176470588,0.9883268482490272,0.9587628865979383,0.9324324324324326,0.8372093023255813,0.659217877094972,0.8446306169078446,0.7812313452214191,0.8321410850746216,0.8331008184523809
support,177.0,128.0,100.0,387.0,198.0,149.0,61.0,184.0,1384.0,1384.0,1384.0,1384.0
