index,1st degree av block,atrial fibrillation,premature atrial contraction,right bundle branch block,sinus rhythm,st depression,ventricular ectopics,micro avg,macro avg,weighted avg,samples avg
precision,0.8656716417910447,0.9166666666666666,0.7142857142857143,0.9679144385026738,0.7216494845360825,0.7912087912087912,0.8571428571428571,0.8620178041543026,0.8335056563048328,0.8616646257765381,0.772197962154294
recall,0.8285714285714286,0.9482758620689655,0.5,0.923469387755102,0.8045977011494253,0.8372093023255814,0.6741573033707865,0.8252840909090909,0.7880401407487555,0.8252840909090909,0.7809315866084425
f1-score,0.8467153284671534,0.9322033898305084,0.588235294117647,0.9451697127937337,0.7608695652173912,0.8135593220338984,0.7547169811320754,0.8432510885341074,0.8059242276560583,0.839892915848371,0.7738961669092674
support,70.0,116.0,60.0,196.0,87.0,86.0,89.0,704.0,704.0,704.0,704.0
