index,atrial fibrillation,left ventricular high voltage,nonspecific st t abnormality,sinus bradycardia,sinus rhythm,sinus tachycardia,supraventricular tachycardia,t wave abnormal,micro avg,macro avg,weighted avg,samples avg
precision,0.8854166666666666,0.6176470588235294,0.6477272727272727,0.9948320413436692,0.9783783783783784,0.9387755102040817,0.8305084745762712,0.8415841584158416,0.9103101424979044,0.8418586951419638,0.8848694167912813,0.8939615885416667
recall,0.96045197740113,0.1640625,0.57,0.9948320413436692,0.9141414141414141,0.9261744966442953,0.8032786885245902,0.46195652173913043,0.7846820809248555,0.7243622049742786,0.7846820809248555,0.817626953125
f1-score,0.9214092140921409,0.25925925925925924,0.6063829787234042,0.9948320413436692,0.9451697127937337,0.9324324324324326,0.8166666666666667,0.5964912280701754,0.8428405122235157,0.7590804416726853,0.814710984211709,0.8396344866071428
support,177.0,128.0,100.0,387.0,198.0,149.0,61.0,184.0,1384.0,1384.0,1384.0,1384.0
