index,1st degree av block,atrial fibrillation,premature atrial contraction,right bundle branch block,sinus rhythm,st depression,ventricular ectopics,micro avg,macro avg,weighted avg,samples avg
precision,0.7654320987654321,0.9482758620689655,0.6833333333333333,0.9513513513513514,0.7096774193548387,0.7857142857142857,0.8805970149253731,0.8454810495626822,0.81776876650194,0.8504710371620781,0.7707423580786026
recall,0.8857142857142857,0.9482758620689655,0.6833333333333333,0.8979591836734694,0.7586206896551724,0.7674418604651163,0.6629213483146067,0.8238636363636364,0.8006095090321355,0.8238636363636364,0.7809315866084425
f1-score,0.8211920529801325,0.9482758620689655,0.6833333333333333,0.9238845144356954,0.7333333333333333,0.7764705882352941,0.7564102564102564,0.8345323741007193,0.8061285629710014,0.8344627726516388,0.7724405628335761
support,70.0,116.0,60.0,196.0,87.0,86.0,89.0,704.0,704.0,704.0,704.0
