index,atrial fibrillation,left ventricular high voltage,nonspecific st t abnormality,sinus bradycardia,sinus rhythm,sinus tachycardia,supraventricular tachycardia,t wave abnormal,micro avg,macro avg,weighted avg,samples avg
precision,0.8076923076923077,0.5238095238095238,0.48412698412698413,0.979539641943734,0.9775280898876404,0.9019607843137255,0.796875,0.6846153846153846,0.8354912414318355,0.7695184645486626,0.8237175012888799,0.8438313802083333
recall,0.9491525423728814,0.2578125,0.61,0.9896640826873385,0.8787878787878788,0.9261744966442953,0.8360655737704918,0.483695652173913,0.7926300578034682,0.7414190908045999,0.7926300578034682,0.8199055989583333
f1-score,0.8727272727272728,0.3455497382198953,0.5398230088495576,0.9845758354755785,0.9255319148936169,0.9139072847682119,0.816,0.5668789808917197,0.8134964775676676,0.7456242544782317,0.8000184104352275,0.8135742187499999
support,177.0,128.0,100.0,387.0,198.0,149.0,61.0,184.0,1384.0,1384.0,1384.0,1384.0
