index,atrial fibrillation,left ventricular high voltage,nonspecific st t abnormality,sinus bradycardia,sinus rhythm,sinus tachycardia,supraventricular tachycardia,t wave abnormal,micro avg,macro avg,weighted avg,samples avg
precision,0.9285714285714286,0.5168539325842697,0.6507936507936508,0.9846547314578005,0.9845360824742269,0.9463087248322147,0.8,0.7435897435897436,0.8898858075040783,0.8194135367879168,0.8657614519738966,0.8727213541666666
recall,0.8813559322033898,0.359375,0.41,0.9948320413436692,0.9646464646464646,0.9463087248322147,0.7213114754098361,0.47282608695652173,0.7882947976878613,0.7188319656740121,0.7882947976878613,0.8213704427083334
f1-score,0.9043478260869564,0.423963133640553,0.5030674846625766,0.9897172236503856,0.9744897959183675,0.9463087248322147,0.7586206896551724,0.5780730897009967,0.8360153256704982,0.7598234960184028,0.8195480133729224,0.829389880952381
support,177.0,128.0,100.0,387.0,198.0,149.0,61.0,184.0,1384.0,1384.0,1384.0,1384.0
