index,abnormal QRS,atrial fibrillation,incomplete right bundle branch block,left anterior fascicular block,left axis deviation,left ventricular hypertrophy,myocardial infarction,myocardial ischemia,sinus rhythm,t wave abnormal,ventricular ectopics,micro avg,macro avg,weighted avg,samples avg
precision,0.7117117117117117,0.8404907975460123,0.6262626262626263,0.7081081081081081,0.7486437613019892,0.5737704918032787,0.749498997995992,0.5610687022900763,0.9236599891716297,0.44664031620553357,0.8382352941176471,0.7824800910125143,0.702553708774055,0.7825814955000651,0.8043747136967476
recall,0.45014245014245013,0.85625,0.543859649122807,0.7237569060773481,0.740608228980322,0.6222222222222222,0.677536231884058,0.7135922330097088,0.9568143578238923,0.4669421487603306,0.48717948717948717,0.7659242761692651,0.6580821741093297,0.7659242761692651,0.7886776607115591
f1-score,0.5514834205933682,0.848297213622291,0.5821596244131456,0.7158469945355191,0.7446043165467626,0.5970149253731343,0.7117031398667936,0.6282051282051282,0.9399449035812673,0.45656565656565656,0.6162162162162163,0.7741136747326957,0.6720037763199348,0.7698381398772326,0.7697428061834842
support,351.0,160.0,114.0,181.0,559.0,225.0,552.0,206.0,1783.0,242.0,117.0,4490.0,4490.0,4490.0,4490.0
