index,abnormal QRS,atrial fibrillation,incomplete right bundle branch block,left anterior fascicular block,left axis deviation,left ventricular hypertrophy,myocardial infarction,myocardial ischemia,sinus rhythm,t wave abnormal,ventricular ectopics,micro avg,macro avg,weighted avg,samples avg
precision,0.6804979253112033,0.7595628415300546,0.5060975609756098,0.782051282051282,0.7847358121330724,0.6129032258064516,0.7511415525114156,0.6009615384615384,0.9283805451630144,0.5866666666666667,0.8367346938775511,0.81,0.7117939676807146,0.7950565242032118,0.8342036952206443
recall,0.4672364672364672,0.86875,0.7280701754385965,0.6740331491712708,0.7173524150268337,0.4222222222222222,0.5960144927536232,0.6067961165048543,0.9742007851934941,0.18181818181818182,0.7008547008547008,0.7396436525612472,0.6306680642018404,0.7396436525612472,0.768744410269834
f1-score,0.5540540540540541,0.8104956268221575,0.5971223021582734,0.7240356083086054,0.7495327102803739,0.5,0.6646464646464646,0.6038647342995169,0.9507389162561577,0.277602523659306,0.7627906976744186,0.7732246798603026,0.6540803307417571,0.7567123028173462,0.7735209794531828
support,351.0,160.0,114.0,181.0,559.0,225.0,552.0,206.0,1783.0,242.0,117.0,4490.0,4490.0,4490.0,4490.0
