index,1st degree av block,atrial fibrillation,premature atrial contraction,right bundle branch block,sinus rhythm,st depression,ventricular ectopics,micro avg,macro avg,weighted avg,samples avg
precision,0.8356164383561644,0.9734513274336283,0.7073170731707317,0.905940594059406,0.6881720430107527,0.7777777777777778,0.7571428571428571,0.8357771260997068,0.8064883015644739,0.8317648528546285,0.759582726831635
recall,0.8714285714285714,0.9482758620689655,0.48333333333333334,0.9336734693877551,0.735632183908046,0.813953488372093,0.5955056179775281,0.8096590909090909,0.768828932353756,0.8096590909090909,0.7678311499272198
f1-score,0.8531468531468531,0.9606986899563318,0.5742574257425742,0.9195979899497488,0.7111111111111111,0.7954545454545455,0.6666666666666667,0.8225108225108225,0.7829904688611188,0.8174248156804125,0.7600679281901989
support,70.0,116.0,60.0,196.0,87.0,86.0,89.0,704.0,704.0,704.0,704.0
