index,abnormal QRS,atrial fibrillation,incomplete right bundle branch block,left anterior fascicular block,left axis deviation,left ventricular hypertrophy,myocardial infarction,myocardial ischemia,sinus rhythm,t wave abnormal,ventricular ectopics,micro avg,macro avg,weighted avg,samples avg
precision,0.7466666666666667,0.823076923076923,0.6666666666666666,0.79375,0.7917485265225933,0.7613636363636364,0.7926829268292683,0.8387096774193549,0.9153967419863374,0.49236641221374045,0.8823529411764706,0.8318725099601594,0.7731619199019689,0.8223186699762607,0.8353870819972515
recall,0.3190883190883191,0.66875,0.3333333333333333,0.7016574585635359,0.7209302325581395,0.29777777777777775,0.5887681159420289,0.2524271844660194,0.9770050476724621,0.5330578512396694,0.2564102564102564,0.6975501113585746,0.5135641433683219,0.6975501113585746,0.7421732870885412
f1-score,0.44710578842315374,0.7379310344827585,0.4444444444444444,0.7448680351906158,0.754681647940075,0.42811501597444085,0.6756756756756757,0.3880597014925373,0.9451980466630494,0.511904761904762,0.3973509933774834,0.7588128407026045,0.5886668314153632,0.7321283308172513,0.7589360657157268
support,351.0,160.0,114.0,181.0,559.0,225.0,552.0,206.0,1783.0,242.0,117.0,4490.0,4490.0,4490.0,4490.0
