index,1st degree av block,atrial fibrillation,premature atrial contraction,right bundle branch block,sinus rhythm,st depression,ventricular ectopics,micro avg,macro avg,weighted avg,samples avg
precision,0.8507462686567164,0.9333333333333333,0.6363636363636364,0.9421052631578948,0.7171717171717171,0.7926829268292683,0.8153846153846154,0.850609756097561,0.8125411086995974,0.8434478083862068,0.74490538573508
recall,0.8142857142857143,0.9655172413793104,0.35,0.9132653061224489,0.8160919540229885,0.7558139534883721,0.5955056179775281,0.7926136363636364,0.7443542553251946,0.7926136363636364,0.7510917030567685
f1-score,0.832116788321168,0.9491525423728815,0.45161290322580644,0.9274611398963731,0.7634408602150538,0.7738095238095238,0.6883116883116883,0.8205882352941177,0.7694150637360707,0.8117269060469354,0.744395924308588
support,70.0,116.0,60.0,196.0,87.0,86.0,89.0,704.0,704.0,704.0,704.0
