index,abnormal QRS,atrial fibrillation,incomplete right bundle branch block,left anterior fascicular block,left axis deviation,left ventricular hypertrophy,myocardial infarction,myocardial ischemia,sinus rhythm,t wave abnormal,ventricular ectopics,micro avg,macro avg,weighted avg,samples avg
precision,0.719047619047619,0.7735849056603774,0.5373134328358209,0.7339901477832512,0.7640845070422535,0.7333333333333333,0.7565632458233891,0.7133333333333334,0.9326396495071194,0.5255813953488372,0.8679245283018868,0.814750434566675,0.7324905543652019,0.8059225896744225,0.8271491830813865
recall,0.4301994301994302,0.76875,0.631578947368421,0.8232044198895028,0.776386404293381,0.29333333333333333,0.5742753623188406,0.5194174757281553,0.9551318003365115,0.4669421487603306,0.39316239316239315,0.7307349665924276,0.6029437923082092,0.7307349665924276,0.7621479833344241
f1-score,0.5383244206773619,0.7711598746081505,0.5806451612903225,0.7760416666666666,0.7701863354037266,0.419047619047619,0.6529351184346035,0.601123595505618,0.9437517317816569,0.49452954048140046,0.5411764705882353,0.7704590818363273,0.6444474122259419,0.7558506006898207,0.7671240806834028
support,351.0,160.0,114.0,181.0,559.0,225.0,552.0,206.0,1783.0,242.0,117.0,4490.0,4490.0,4490.0,4490.0
