index,abnormal QRS,atrial fibrillation,incomplete right bundle branch block,left anterior fascicular block,left axis deviation,left ventricular hypertrophy,myocardial infarction,myocardial ischemia,sinus rhythm,t wave abnormal,ventricular ectopics,micro avg,macro avg,weighted avg,samples avg
precision,0.7663043478260869,0.859375,0.6448598130841121,0.7865853658536586,0.7970204841713222,0.7307692307692307,0.8209366391184573,0.6483516483516484,0.935008192244675,0.47593582887700536,0.7684210526315789,0.8360995850622407,0.7485061457207067,0.8221013649098257,0.8356619331195603
recall,0.4017094017094017,0.6875,0.6052631578947368,0.712707182320442,0.7656529516994633,0.25333333333333335,0.5398550724637681,0.5728155339805825,0.9601794727986539,0.3677685950413223,0.6239316239316239,0.7180400890868597,0.5900651204703025,0.7180400890868597,0.7512760944964334
f1-score,0.5271028037383177,0.7638888888888888,0.6244343891402714,0.7478260869565219,0.7810218978102191,0.3762376237623763,0.6513661202185792,0.6082474226804123,0.9474266740453792,0.41491841491841497,0.6886792452830188,0.7725856697819315,0.6482863243129454,0.755038443212036,0.7665344911107622
support,351.0,160.0,114.0,181.0,559.0,225.0,552.0,206.0,1783.0,242.0,117.0,4490.0,4490.0,4490.0,4490.0
