index,abnormal QRS,atrial fibrillation,incomplete right bundle branch block,left anterior fascicular block,left axis deviation,left ventricular hypertrophy,myocardial infarction,myocardial ischemia,sinus rhythm,t wave abnormal,ventricular ectopics,micro avg,macro avg,weighted avg,samples avg
precision,0.6695278969957081,0.8661417322834646,0.6181818181818182,0.8416666666666667,0.7671480144404332,0.7325581395348837,0.7475538160469667,0.6532663316582915,0.9160146061554513,0.6170212765957447,0.8536585365853658,0.8250950570342205,0.7529762577404359,0.8061773932492549,0.8388227210261109
recall,0.4444444444444444,0.6875,0.5964912280701754,0.5580110497237569,0.7602862254025045,0.28,0.6920289855072463,0.6310679611650486,0.9848569826135727,0.11983471074380166,0.29914529914529914,0.7249443207126949,0.5503333533468954,0.7249443207126949,0.7623912047640861
f1-score,0.5342465753424658,0.7665505226480837,0.607142857142857,0.6710963455149502,0.7637017070979335,0.40514469453376206,0.7187206020696143,0.6419753086419754,0.9491891891891893,0.20069204152249134,0.44303797468354433,0.771784232365145,0.609227074398806,0.7440325375707456,0.7731355172033139
support,351.0,160.0,114.0,181.0,559.0,225.0,552.0,206.0,1783.0,242.0,117.0,4490.0,4490.0,4490.0,4490.0
