index,1st degree av block,atrial fibrillation,premature atrial contraction,right bundle branch block,sinus rhythm,st depression,ventricular ectopics,micro avg,macro avg,weighted avg,samples avg
precision,0.9508196721311475,0.8888888888888888,0.5714285714285714,0.9073170731707317,0.6403508771929824,0.8235294117647058,0.8688524590163934,0.827485380116959,0.8073124219419173,0.8318895928515374,0.7508491023774866
recall,0.8285714285714286,0.9655172413793104,0.4666666666666667,0.9489795918367347,0.8390804597701149,0.6511627906976745,0.5955056179775281,0.8039772727272727,0.7564976852713512,0.8039772727272727,0.7620087336244541
f1-score,0.885496183206107,0.9256198347107438,0.5137614678899083,0.9276807980049877,0.72636815920398,0.7272727272727273,0.7066666666666667,0.8155619596541785,0.7732665481364459,0.8105689998050852,0.7523047064531782
support,70.0,116.0,60.0,196.0,87.0,86.0,89.0,704.0,704.0,704.0,704.0
