index,abnormal QRS,atrial fibrillation,incomplete right bundle branch block,left anterior fascicular block,left axis deviation,left ventricular hypertrophy,myocardial infarction,myocardial ischemia,sinus rhythm,t wave abnormal,ventricular ectopics,micro avg,macro avg,weighted avg,samples avg
precision,0.6426426426426426,0.745,0.6785714285714286,0.8389830508474576,0.7938342967244701,0.71900826446281,0.7377690802348337,0.6331877729257642,0.9324175824175824,0.5522388059701493,0.6428571428571429,0.8113939393939394,0.7196827334231165,0.7992322302278749,0.8276301725454268
recall,0.6096866096866097,0.93125,0.5,0.5469613259668509,0.7370304114490162,0.38666666666666666,0.6829710144927537,0.7038834951456311,0.9517666853617499,0.30578512396694213,0.3076923076923077,0.74543429844098,0.6057903309480479,0.74543429844098,0.7689974478110071
f1-score,0.6257309941520468,0.8277777777777778,0.5757575757575758,0.6622073578595318,0.764378478664193,0.5028901734104047,0.70931326434619,0.6666666666666667,0.9419927837912851,0.39361702127659576,0.4161849710982659,0.7770168311085316,0.6442288240727758,0.764010273254143,0.7723679283001317
support,351.0,160.0,114.0,181.0,559.0,225.0,552.0,206.0,1783.0,242.0,117.0,4490.0,4490.0,4490.0,4490.0
