index,atrial fibrillation,left ventricular high voltage,nonspecific st t abnormality,sinus bradycardia,sinus rhythm,sinus tachycardia,supraventricular tachycardia,t wave abnormal,micro avg,macro avg,weighted avg,samples avg
precision,0.9235294117647059,0.7692307692307693,0.6833333333333333,0.9672544080604534,0.9405940594059405,0.952054794520548,0.864406779661017,0.7215909090909091,0.8972491909385113,0.8527493081334596,0.8801895683342539,0.8841959635416666
recall,0.8870056497175142,0.15625,0.41,0.9922480620155039,0.9595959595959596,0.9328859060402684,0.8360655737704918,0.6902173913043478,0.8013005780346821,0.7330335678055107,0.8013005780346821,0.828369140625
f1-score,0.904899135446686,0.2597402597402597,0.5125000000000001,0.9795918367346937,0.95,0.9423728813559323,0.85,0.7055555555555555,0.8465648854961833,0.7630824586041409,0.8193292793218203,0.8403599330357143
support,177.0,128.0,100.0,387.0,198.0,149.0,61.0,184.0,1384.0,1384.0,1384.0,1384.0
