index,atrial fibrillation,left ventricular high voltage,nonspecific st t abnormality,sinus bradycardia,sinus rhythm,sinus tachycardia,supraventricular tachycardia,t wave abnormal,micro avg,macro avg,weighted avg,samples avg
precision,0.9361702127659575,0.7076923076923077,0.6351351351351351,0.9846547314578005,0.9736842105263158,0.9155844155844156,0.8,0.8135593220338984,0.9044056525353283,0.8458100418994788,0.8876937171187846,0.8719075520833334
recall,0.7457627118644068,0.359375,0.47,0.9948320413436692,0.9343434343434344,0.9463087248322147,0.9180327868852459,0.5217391304347826,0.7861271676300579,0.7362992287129692,0.7861271676300579,0.8138020833333333
f1-score,0.8301886792452831,0.4766839378238342,0.5402298850574712,0.9897172236503856,0.9536082474226805,0.9306930693069307,0.8549618320610688,0.6357615894039735,0.8411287205257055,0.7764805579964535,0.824872108994792,0.8286597842261905
support,177.0,128.0,100.0,387.0,198.0,149.0,61.0,184.0,1384.0,1384.0,1384.0,1384.0
