index,abnormal QRS,atrial fibrillation,incomplete right bundle branch block,left anterior fascicular block,left axis deviation,left ventricular hypertrophy,myocardial infarction,myocardial ischemia,sinus rhythm,t wave abnormal,ventricular ectopics,micro avg,macro avg,weighted avg,samples avg
precision,0.6589403973509934,0.8666666666666667,0.6699029126213593,0.6822429906542056,0.7479131886477463,0.5919282511210763,0.7579617834394905,0.614406779661017,0.9277238403451996,0.49074074074074076,0.8888888888888888,0.7914970601537765,0.7179378581943077,0.7890713933416396,0.8052363501516043
recall,0.5669515669515669,0.8125,0.6052631578947368,0.8066298342541437,0.8014311270125224,0.5866666666666667,0.6467391304347826,0.7038834951456311,0.9646662927650028,0.4380165289256198,0.41025641025641024,0.779510022271715,0.667545837300644,0.779510022271715,0.7948334533080296
f1-score,0.6094946401225115,0.8387096774193549,0.6359447004608295,0.7392405063291139,0.7737478411053541,0.5892857142857143,0.6979472140762463,0.6561085972850679,0.945834478966181,0.46288209606986896,0.5614035087719298,0.7854578096947935,0.6827817249901975,0.7804210490964627,0.7740739308535918
support,351.0,160.0,114.0,181.0,559.0,225.0,552.0,206.0,1783.0,242.0,117.0,4490.0,4490.0,4490.0,4490.0
