index,abnormal QRS,atrial fibrillation,incomplete right bundle branch block,left anterior fascicular block,left axis deviation,left ventricular hypertrophy,myocardial infarction,myocardial ischemia,sinus rhythm,t wave abnormal,ventricular ectopics,micro avg,macro avg,weighted avg,samples avg
precision,0.7740384615384616,0.8076923076923077,0.5223880597014925,0.6919431279620853,0.7649186256781193,0.7395833333333334,0.7067137809187279,0.7647058823529411,0.9174603174603174,0.4712230215827338,0.8035714285714286,0.7967267552182163,0.7240216678901773,0.7953739352297136,0.8120323713544053
recall,0.4586894586894587,0.7875,0.6140350877192983,0.8066298342541437,0.7567084078711985,0.31555555555555553,0.7246376811594203,0.2524271844660194,0.9725182277061133,0.5413223140495868,0.38461538461538464,0.7481069042316258,0.6013308305532891,0.7481069042316258,0.7795715812664966
f1-score,0.5760286225402504,0.7974683544303798,0.5645161290322579,0.7448979591836734,0.7607913669064749,0.4423676012461059,0.7155635062611807,0.3795620437956205,0.944187312823305,0.5038461538461537,0.5202312138728324,0.7716517344360211,0.6317691149034759,0.7557332012069972,0.7695326076682009
support,351.0,160.0,114.0,181.0,559.0,225.0,552.0,206.0,1783.0,242.0,117.0,4490.0,4490.0,4490.0,4490.0
