index,1st degree av block,atrial fibrillation,premature atrial contraction,right bundle branch block,sinus rhythm,st depression,ventricular ectopics,micro avg,macro avg,weighted avg,samples avg
precision,0.821917808219178,0.8951612903225806,0.48717948717948717,0.9655172413793104,0.6415094339622641,0.68,0.8387096774193549,0.8053097345132744,0.7614278483545965,0.8079283903961868,0.7309558466763707
recall,0.8571428571428571,0.9568965517241379,0.31666666666666665,0.8571428571428571,0.7816091954022989,0.7906976744186046,0.5842696629213483,0.7755681818181818,0.7349179236312529,0.7755681818181818,0.7416302765647744
f1-score,0.8391608391608392,0.925,0.38383838383838376,0.908108108108108,0.7046632124352331,0.7311827956989247,0.6887417218543046,0.7901591895803184,0.7400992944422562,0.7848667388036319,0.7294517224648229
support,70.0,116.0,60.0,196.0,87.0,86.0,89.0,704.0,704.0,704.0,704.0
