index,1st degree av block,atrial fibrillation,premature atrial contraction,right bundle branch block,sinus rhythm,st depression,ventricular ectopics,micro avg,macro avg,weighted avg,samples avg
precision,0.9661016949152542,0.9243697478991597,0.723404255319149,0.9278350515463918,0.7325581395348837,0.7702702702702703,0.84375,0.8631415241057543,0.8411841656407297,0.8596356338144747,0.74235807860262
recall,0.8142857142857143,0.9482758620689655,0.5666666666666667,0.9183673469387755,0.7241379310344828,0.6627906976744186,0.6067415730337079,0.7883522727272727,0.748752255957533,0.7883522727272727,0.7459970887918487
f1-score,0.8837209302325583,0.9361702127659575,0.6355140186915887,0.923076923076923,0.7283236994219654,0.7124999999999999,0.7058823529411764,0.8240534521158129,0.7893125910185956,0.8195636634988326,0.7413876758854924
support,70.0,116.0,60.0,196.0,87.0,86.0,89.0,704.0,704.0,704.0,704.0
