index,1st degree av block,atrial fibrillation,premature atrial contraction,right bundle branch block,sinus rhythm,st depression,ventricular ectopics,micro avg,macro avg,weighted avg,samples avg
precision,0.9333333333333333,0.9105691056910569,0.8157894736842105,0.9064039408866995,0.65625,0.7373737373737373,0.9047619047619048,0.844574780058651,0.8377830708187061,0.850274987736211,0.7634643377001455
recall,0.8,0.9655172413793104,0.5166666666666667,0.9387755102040817,0.7241379310344828,0.8488372093023255,0.6404494382022472,0.8181818181818182,0.7763405709698734,0.8181818181818182,0.7743813682678311
f1-score,0.8615384615384616,0.9372384937238494,0.6326530612244898,0.9223057644110276,0.6885245901639345,0.7891891891891892,0.7500000000000001,0.8311688311688311,0.7973499371787075,0.8271028134832702,0.7656477438136827
support,70.0,116.0,60.0,196.0,87.0,86.0,89.0,704.0,704.0,704.0,704.0
