index,abnormal QRS,atrial fibrillation,incomplete right bundle branch block,left anterior fascicular block,left axis deviation,left ventricular hypertrophy,myocardial infarction,myocardial ischemia,sinus rhythm,t wave abnormal,ventricular ectopics,micro avg,macro avg,weighted avg,samples avg
precision,0.592156862745098,0.7647058823529411,0.573170731707317,0.7393939393939394,0.7570093457943925,0.7195121951219512,0.6317512274959084,0.6149068322981367,0.9421965317919075,0.49101796407185627,0.9014084507042254,0.7883358471593765,0.702475451225243,0.778186029376471,0.7947342015138625
recall,0.4301994301994302,0.56875,0.41228070175438597,0.6740331491712708,0.7245080500894454,0.26222222222222225,0.6992753623188406,0.48058252427184467,0.9141895681435782,0.33884297520661155,0.5470085470085471,0.6984409799554566,0.5501720482169251,0.6984409799554566,0.7329930414676178
f1-score,0.4983498349834984,0.6523297491039426,0.47959183673469385,0.7052023121387283,0.7404021937842779,0.38436482084690554,0.6638005159071366,0.5395095367847412,0.9279817819527469,0.40097799511002447,0.6808510638297873,0.7406707605101559,0.606669240106953,0.7284677431406512,0.7336398421144184
support,351.0,160.0,114.0,181.0,559.0,225.0,552.0,206.0,1783.0,242.0,117.0,4490.0,4490.0,4490.0,4490.0
