index,abnormal QRS,atrial fibrillation,incomplete right bundle branch block,left anterior fascicular block,left axis deviation,left ventricular hypertrophy,myocardial infarction,myocardial ischemia,sinus rhythm,t wave abnormal,ventricular ectopics,micro avg,macro avg,weighted avg,samples avg
precision,0.6127167630057804,0.7455621301775148,0.5853658536585366,0.8878504672897196,0.7913385826771654,0.6689655172413793,0.660655737704918,0.6650246305418719,0.939812258420762,0.44360902255639095,0.69,0.7837589141936968,0.6991728148430945,0.783988275492961,0.806541892982571
recall,0.603988603988604,0.7875,0.42105263157894735,0.5248618784530387,0.7191413237924866,0.4311111111111111,0.730072463768116,0.6553398058252428,0.9545709478407179,0.48760330578512395,0.5897435897435898,0.7587973273942094,0.6277259692624525,0.7587973273942094,0.7797766289291713
f1-score,0.6083213773314204,0.7659574468085107,0.48979591836734687,0.6597222222222222,0.7535145267104031,0.5243243243243242,0.693631669535284,0.6601466992665037,0.9471341124095716,0.4645669291338583,0.6359447004608294,0.7710761570668779,0.6548236296882067,0.7672502886672232,0.7664945325962275
support,351.0,160.0,114.0,181.0,559.0,225.0,552.0,206.0,1783.0,242.0,117.0,4490.0,4490.0,4490.0,4490.0
