index,1st degree av block,atrial fibrillation,premature atrial contraction,right bundle branch block,sinus rhythm,st depression,ventricular ectopics,micro avg,macro avg,weighted avg,samples avg
precision,0.8676470588235294,0.9256198347107438,0.7714285714285715,0.9390862944162437,0.6736842105263158,0.8,0.8688524590163934,0.8575712143928036,0.8351883469888283,0.8568071279881248,0.759582726831635
recall,0.8428571428571429,0.9655172413793104,0.45,0.9438775510204082,0.735632183908046,0.8372093023255814,0.5955056179775281,0.8125,0.7672284342097166,0.8125,0.7671033478893741
f1-score,0.855072463768116,0.9451476793248945,0.5684210526315789,0.94147582697201,0.7032967032967034,0.8181818181818183,0.7066666666666667,0.8344274252370533,0.7911803158345412,0.8275149309568857,0.7610383309073264
support,70.0,116.0,60.0,196.0,87.0,86.0,89.0,704.0,704.0,704.0,704.0
