index,1st degree av block,atrial fibrillation,premature atrial contraction,right bundle branch block,sinus rhythm,st depression,ventricular ectopics,micro avg,macro avg,weighted avg,samples avg
precision,0.8615384615384616,0.8769230769230769,0.7441860465116279,0.8916256157635468,0.7142857142857143,0.7738095238095238,0.9298245614035088,0.8437025796661608,0.82745614289078,0.8421667824808389,0.740174672489083
recall,0.8,0.9827586206896551,0.5333333333333333,0.923469387755102,0.632183908045977,0.7558139534883721,0.5955056179775281,0.7897727272727273,0.7461521173271383,0.7897727272727273,0.7467248908296943
f1-score,0.8296296296296297,0.9268292682926829,0.6213592233009709,0.9072681704260652,0.6707317073170731,0.7647058823529412,0.726027397260274,0.8158473954512105,0.7780787540828052,0.808845435756669,0.7409024745269287
support,70.0,116.0,60.0,196.0,87.0,86.0,89.0,704.0,704.0,704.0,704.0
