index,atrial fibrillation,left ventricular high voltage,nonspecific st t abnormality,sinus bradycardia,sinus rhythm,sinus tachycardia,supraventricular tachycardia,t wave abnormal,micro avg,macro avg,weighted avg,samples avg
precision,0.9629629629629629,0.6575342465753424,0.6582278481012658,0.9576059850374065,0.9538461538461539,0.9383561643835616,0.8088235294117647,0.6923076923076923,0.8759571209800919,0.8287080728282687,0.8644686319791282,0.8731282552083334
recall,0.8813559322033898,0.375,0.52,0.9922480620155039,0.9393939393939394,0.9194630872483222,0.9016393442622951,0.6847826086956522,0.8265895953757225,0.7767353717273878,0.8265895953757225,0.8430989583333333
f1-score,0.9203539823008849,0.47761194029850745,0.5810055865921788,0.9746192893401016,0.9465648854961831,0.9288135593220338,0.8527131782945736,0.6885245901639345,0.8505576208178438,0.7962758764760498,0.8409192940698432,0.8432477678571428
support,177.0,128.0,100.0,387.0,198.0,149.0,61.0,184.0,1384.0,1384.0,1384.0,1384.0
