index,1st degree av block,atrial fibrillation,premature atrial contraction,right bundle branch block,sinus rhythm,st depression,ventricular ectopics,micro avg,macro avg,weighted avg,samples avg
precision,0.890625,0.9243697478991597,0.8409090909090909,0.9720670391061452,0.6966292134831461,0.8,0.8888888888888888,0.8778979907264297,0.859069854326633,0.8793582081815302,0.7634643377001455
recall,0.8142857142857143,0.9482758620689655,0.6166666666666667,0.8877551020408163,0.7126436781609196,0.7441860465116279,0.7191011235955056,0.8068181818181818,0.7775591704757451,0.8068181818181818,0.7641921397379913
f1-score,0.8507462686567163,0.9361702127659575,0.7115384615384616,0.9279999999999999,0.7045454545454545,0.7710843373493975,0.7950310559006211,0.8408586232420431,0.8138736843938011,0.8396232424883336,0.7617661329451721
support,70.0,116.0,60.0,196.0,87.0,86.0,89.0,704.0,704.0,704.0,704.0
