index,1st degree av block,atrial fibrillation,premature atrial contraction,right bundle branch block,sinus rhythm,st depression,ventricular ectopics,micro avg,macro avg,weighted avg,samples avg
precision,0.890625,0.890625,0.5405405405405406,0.9435897435897436,0.7032967032967034,0.8026315789473685,0.7837837837837838,0.8390977443609022,0.7935846214511627,0.8281280652117412,0.7438136826783115
recall,0.8142857142857143,0.9827586206896551,0.3333333333333333,0.9387755102040817,0.735632183908046,0.7093023255813954,0.651685393258427,0.7926136363636364,0.7379675830372362,0.7926136363636364,0.7503639010189228
f1-score,0.8507462686567163,0.9344262295081966,0.41237113402061853,0.9411764705882353,0.7191011235955056,0.7530864197530864,0.7116564417177914,0.8151935719503286,0.7603662982628786,0.8065670324856676,0.7438136826783115
support,70.0,116.0,60.0,196.0,87.0,86.0,89.0,704.0,704.0,704.0,704.0
