index,atrial fibrillation,left ventricular high voltage,nonspecific st t abnormality,sinus bradycardia,sinus rhythm,sinus tachycardia,supraventricular tachycardia,t wave abnormal,micro avg,macro avg,weighted avg,samples avg
precision,0.8743169398907104,0.4625,0.5268817204301075,0.987146529562982,0.9689119170984456,0.9642857142857143,0.7794117647058824,0.6184971098265896,0.8430629264594389,0.772743961975054,0.8277013686515574,0.85791015625
recall,0.903954802259887,0.2890625,0.49,0.9922480620155039,0.9444444444444444,0.9060402684563759,0.8688524590163934,0.5815217391304348,0.8034682080924855,0.7470155344153799,0.8034682080924855,0.8321940104166667
f1-score,0.888888888888889,0.3557692307692308,0.5077720207253886,0.9896907216494846,0.9565217391304347,0.9342560553633219,0.8217054263565892,0.5994397759103642,0.8227894931557529,0.7567554823492129,0.8133495033200175,0.8255673363095237
support,177.0,128.0,100.0,387.0,198.0,149.0,61.0,184.0,1384.0,1384.0,1384.0,1384.0
