index,atrial fibrillation,left ventricular high voltage,nonspecific st t abnormality,sinus bradycardia,sinus rhythm,sinus tachycardia,supraventricular tachycardia,t wave abnormal,micro avg,macro avg,weighted avg,samples avg
precision,0.8944444444444445,0.6851851851851852,0.6621621621621622,0.9601990049751243,0.9841269841269841,0.9333333333333333,0.7575757575757576,0.6505376344086021,0.8685626441199078,0.8159455632764492,0.8552517752738968,0.8714192708333333
recall,0.9096045197740112,0.2890625,0.49,0.9974160206718347,0.9393939393939394,0.9395973154362416,0.819672131147541,0.657608695652174,0.8164739884393064,0.7552943902594678,0.8164739884393064,0.841064453125
f1-score,0.9019607843137256,0.40659340659340665,0.5632183908045978,0.9784537389100126,0.9612403100775193,0.9364548494983278,0.7874015748031497,0.6540540540540541,0.8417132216014899,0.7736721386318492,0.8272465656688279,0.8398577008928572
support,177.0,128.0,100.0,387.0,198.0,149.0,61.0,184.0,1384.0,1384.0,1384.0,1384.0
