index,1st degree av block,atrial fibrillation,premature atrial contraction,right bundle branch block,sinus rhythm,st depression,ventricular ectopics,micro avg,macro avg,weighted avg,samples avg
precision,0.8852459016393442,0.926829268292683,0.627906976744186,0.9487179487179487,0.7666666666666667,0.7894736842105263,0.8333333333333334,0.8605697151424287,0.825453397086384,0.8549203811063157,0.7610383309073264
recall,0.7714285714285715,0.9827586206896551,0.45,0.9438775510204082,0.7931034482758621,0.872093023255814,0.5617977528089888,0.8153409090909091,0.7678655667827571,0.8153409090909091,0.7707423580786026
f1-score,0.8244274809160306,0.9539748953974895,0.5242718446601942,0.9462915601023018,0.7796610169491527,0.8287292817679558,0.6711409395973154,0.837345003646973,0.7897852884843485,0.8297347135236864,0.7629791363415819
support,70.0,116.0,60.0,196.0,87.0,86.0,89.0,704.0,704.0,704.0,704.0
