index,1st degree av block,atrial fibrillation,premature atrial contraction,right bundle branch block,sinus rhythm,st depression,ventricular ectopics,micro avg,macro avg,weighted avg,samples avg
precision,0.8939393939393939,0.8861788617886179,0.7692307692307693,0.9187817258883249,0.6951219512195121,0.7631578947368421,0.9076923076923077,0.8533950617283951,0.8334432720708241,0.8501411563341995,0.740174672489083
recall,0.8428571428571429,0.9396551724137931,0.5,0.923469387755102,0.6551724137931034,0.6744186046511628,0.6629213483146067,0.7855113636363636,0.7426420099692731,0.7855113636363636,0.7430858806404658
f1-score,0.8676470588235294,0.9121338912133892,0.6060606060606061,0.9211195928753181,0.6745562130177514,0.7160493827160495,0.7662337662337663,0.8180473372781065,0.7805429301343442,0.8123683873672284,0.7389616690926735
support,70.0,116.0,60.0,196.0,87.0,86.0,89.0,704.0,704.0,704.0,704.0
