index,atrial fibrillation,left ventricular high voltage,nonspecific st t abnormality,sinus bradycardia,sinus rhythm,sinus tachycardia,supraventricular tachycardia,t wave abnormal,micro avg,macro avg,weighted avg,samples avg
precision,0.9147727272727273,0.47530864197530864,0.5116279069767442,0.9746835443037974,0.989010989010989,0.9328859060402684,0.8275862068965517,0.6643356643356644,0.8356772760917839,0.7862764483515063,0.8371851863627052,0.83984375
recall,0.9096045197740112,0.6015625,0.44,0.9948320413436692,0.9090909090909091,0.9328859060402684,0.7868852459016393,0.5163043478260869,0.8157514450867052,0.761395683747073,0.8157514450867052,0.8326822916666667
f1-score,0.9121813031161472,0.5310344827586208,0.4731182795698925,0.9846547314578006,0.9473684210526315,0.9328859060402684,0.8067226890756303,0.581039755351682,0.8255941499085924,0.7711256960528341,0.824062181981621,0.8200288318452381
support,177.0,128.0,100.0,387.0,198.0,149.0,61.0,184.0,1384.0,1384.0,1384.0,1384.0
