index,atrial fibrillation,left ventricular high voltage,nonspecific st t abnormality,sinus bradycardia,sinus rhythm,sinus tachycardia,supraventricular tachycardia,t wave abnormal,micro avg,macro avg,weighted avg,samples avg
precision,0.8688524590163934,0.6,0.6346153846153846,0.9771573604060914,0.9842105263157894,0.9150326797385621,0.7846153846153846,0.7210884353741497,0.879585326953748,0.8106965287602195,0.8554650912186065,0.8799641927083334
recall,0.8983050847457628,0.328125,0.33,0.9948320413436692,0.9444444444444444,0.9395973154362416,0.8360655737704918,0.5760869565217391,0.7969653179190751,0.7309320520327935,0.7969653179190751,0.82958984375
f1-score,0.8833333333333333,0.42424242424242425,0.4342105263157895,0.9859154929577465,0.9639175257731959,0.9271523178807947,0.8095238095238095,0.6404833836858006,0.8362395754359363,0.7585973517141118,0.8178140456327514,0.8369140625
support,177.0,128.0,100.0,387.0,198.0,149.0,61.0,184.0,1384.0,1384.0,1384.0,1384.0
