index,1st degree av block,atrial fibrillation,premature atrial contraction,right bundle branch block,sinus rhythm,st depression,ventricular ectopics,micro avg,macro avg,weighted avg,samples avg
precision,0.875,0.9338842975206612,0.7317073170731707,0.9438775510204082,0.6914893617021277,0.7582417582417582,0.873015873015873,0.8552238805970149,0.8296023083677141,0.8544741419205625,0.7627365356622998
recall,0.8,0.9741379310344828,0.5,0.9438775510204082,0.7471264367816092,0.8023255813953488,0.6179775280898876,0.8139204545454546,0.7693492897602481,0.8139204545454546,0.7685589519650655
f1-score,0.8358208955223881,0.9535864978902953,0.594059405940594,0.9438775510204082,0.7182320441988951,0.7796610169491525,0.7236842105263157,0.834061135371179,0.792703088864007,0.8291363506222303,0.7637069383794276
support,70.0,116.0,60.0,196.0,87.0,86.0,89.0,704.0,704.0,704.0,704.0
