index,1st degree av block,atrial fibrillation,premature atrial contraction,right bundle branch block,sinus rhythm,st depression,ventricular ectopics,micro avg,macro avg,weighted avg,samples avg
precision,0.9642857142857143,0.8951612903225806,0.8275862068965517,0.9774011299435028,0.6770833333333334,0.7216494845360825,0.84,0.8562691131498471,0.8433095941882521,0.864052001747503,0.754730713245997
recall,0.7714285714285715,0.9568965517241379,0.4,0.8826530612244898,0.7471264367816092,0.813953488372093,0.7078651685393258,0.7954545454545454,0.7542747540100324,0.7954545454545454,0.754730713245997
f1-score,0.8571428571428572,0.925,0.5393258426966292,0.9276139410187667,0.7103825136612023,0.7650273224043715,0.7682926829268292,0.8247422680412372,0.7846835942643795,0.8202351707347506,0.7520621057738963
support,70.0,116.0,60.0,196.0,87.0,86.0,89.0,704.0,704.0,704.0,704.0
