index,1st degree av block,atrial fibrillation,premature atrial contraction,right bundle branch block,sinus rhythm,st depression,ventricular ectopics,micro avg,macro avg,weighted avg,samples avg
precision,0.9322033898305084,0.888,0.8181818181818182,0.9387755102040817,0.6759259259259259,0.7528089887640449,0.8656716417910447,0.8488372093023255,0.8387953249567749,0.8550355839314077,0.7794759825327511
recall,0.7857142857142857,0.9568965517241379,0.6,0.9387755102040817,0.8390804597701149,0.7790697674418605,0.651685393258427,0.8295454545454546,0.7930317097304156,0.8295454545454546,0.7860262008733624
f1-score,0.8527131782945736,0.9211618257261411,0.6923076923076923,0.9387755102040817,0.7487179487179486,0.7657142857142858,0.7435897435897435,0.839080459770115,0.8089971692220667,0.8370064390521184,0.7802037845705968
support,70.0,116.0,60.0,196.0,87.0,86.0,89.0,704.0,704.0,704.0,704.0
