index,abnormal QRS,atrial fibrillation,incomplete right bundle branch block,left anterior fascicular block,left axis deviation,left ventricular hypertrophy,myocardial infarction,myocardial ischemia,sinus rhythm,t wave abnormal,ventricular ectopics,micro avg,macro avg,weighted avg,samples avg
precision,0.859375,0.7910447761194029,0.7023809523809523,0.8333333333333334,0.7598566308243727,0.5868544600938967,0.7813211845102506,0.7169811320754716,0.9097586568730325,0.6666666666666666,0.5338983050847458,0.8222506393861893,0.7401337361783752,0.8108688615870576,0.8383799053290578
recall,0.31339031339031337,0.6625,0.5175438596491229,0.6353591160220995,0.7584973166368515,0.5555555555555556,0.6213768115942029,0.5533980582524272,0.9725182277061133,0.09090909090909091,0.5384615384615384,0.7160356347438753,0.5654099898343014,0.7160356347438753,0.7531749667342889
f1-score,0.4592901878914405,0.7210884353741497,0.595959595959596,0.7210031347962383,0.7591763652641003,0.5707762557077626,0.6922300706357215,0.6246575342465752,0.9400921658986175,0.16,0.5361702127659574,0.7654761904761904,0.6164039962309235,0.7385872851671974,0.7675985540392319
support,351.0,160.0,114.0,181.0,559.0,225.0,552.0,206.0,1783.0,242.0,117.0,4490.0,4490.0,4490.0,4490.0
