index,atrial fibrillation,left ventricular high voltage,nonspecific st t abnormality,sinus bradycardia,sinus rhythm,sinus tachycardia,supraventricular tachycardia,t wave abnormal,micro avg,macro avg,weighted avg,samples avg
precision,0.8817204301075269,0.5412844036697247,0.7090909090909091,0.987146529562982,0.9695431472081218,0.9444444444444444,0.8,0.5527426160337553,0.8363374188896899,0.798246560014683,0.8392197430407249,0.8594563802083333
recall,0.9265536723163842,0.4609375,0.39,0.9922480620155039,0.9646464646464646,0.912751677852349,0.9180327868852459,0.7119565217391305,0.838150289017341,0.7846408356818848,0.838150289017341,0.857421875
f1-score,0.9035812672176308,0.49789029535864976,0.5032258064516129,0.9896907216494846,0.9670886075949368,0.9283276450511946,0.8549618320610688,0.6223277909738718,0.8372428726091664,0.7833867457948063,0.8334263589149442,0.8408900669642857
support,177.0,128.0,100.0,387.0,198.0,149.0,61.0,184.0,1384.0,1384.0,1384.0,1384.0
