index,abnormal QRS,atrial fibrillation,incomplete right bundle branch block,left anterior fascicular block,left axis deviation,left ventricular hypertrophy,myocardial infarction,myocardial ischemia,sinus rhythm,t wave abnormal,ventricular ectopics,micro avg,macro avg,weighted avg,samples avg
precision,0.625,0.7539267015706806,0.6020408163265306,0.8089171974522293,0.7052631578947368,0.6756756756756757,0.5917602996254682,0.6811594202898551,0.9349145063430778,0.5826086956521739,0.7252747252747253,0.770851818988465,0.6987764723731957,0.7708442334808946,0.7982003795563117
recall,0.584045584045584,0.9,0.5175438596491229,0.7016574585635359,0.8389982110912343,0.3333333333333333,0.8586956521739131,0.4563106796116505,0.9506449803701627,0.2768595041322314,0.5641025641025641,0.7739420935412027,0.634744711552121,0.7739420935412027,0.7920042318347402
f1-score,0.6038291605301914,0.8205128205128205,0.5566037735849058,0.7514792899408284,0.7663398692810456,0.4464285714285714,0.7006651884700664,0.5465116279069767,0.942714126807564,0.37535014005602235,0.6346153846153846,0.7723938653034007,0.6495499957394888,0.7609843396818281,0.7693449676500523
support,351.0,160.0,114.0,181.0,559.0,225.0,552.0,206.0,1783.0,242.0,117.0,4490.0,4490.0,4490.0,4490.0
