index,1st degree av block,atrial fibrillation,premature atrial contraction,right bundle branch block,sinus rhythm,st depression,ventricular ectopics,micro avg,macro avg,weighted avg,samples avg
precision,0.7875,0.9322033898305084,0.5084745762711864,0.94,0.7605633802816901,0.6914893617021277,0.6962025316455697,0.8059914407988588,0.759490462818726,0.8034207277044826,0.7316836487142163
recall,0.9,0.9482758620689655,0.5,0.9591836734693877,0.6206896551724138,0.7558139534883721,0.6179775280898876,0.8025568181818182,0.7574200960412895,0.8025568181818182,0.7612809315866085
f1-score,0.84,0.94017094017094,0.5042016806722689,0.9494949494949495,0.6835443037974683,0.7222222222222223,0.6547619047619047,0.8042704626334519,0.7563422858742506,0.8012304191285167,0.7390587093643861
support,70.0,116.0,60.0,196.0,87.0,86.0,89.0,704.0,704.0,704.0,704.0
