index,atrial fibrillation,left ventricular high voltage,nonspecific st t abnormality,sinus bradycardia,sinus rhythm,sinus tachycardia,supraventricular tachycardia,t wave abnormal,micro avg,macro avg,weighted avg,samples avg
precision,0.9404761904761905,0.5555555555555556,0.5225225225225225,0.9746192893401016,0.973404255319149,0.95,0.8181818181818182,0.7218045112781954,0.8612181958365459,0.8070705178341917,0.8554988999925859,0.8566080729166666
recall,0.8926553672316384,0.46875,0.58,0.9922480620155039,0.9242424242424242,0.8926174496644296,0.7377049180327869,0.5217391304347826,0.8070809248554913,0.7512446689526957,0.8070809248554913,0.8268229166666666
f1-score,0.9159420289855073,0.5084745762711864,0.5497630331753554,0.9833546734955186,0.9481865284974094,0.9204152249134949,0.7758620689655172,0.6056782334384857,0.8332711674748229,0.7759595459678094,0.8283209748320979,0.8253394717261905
support,177.0,128.0,100.0,387.0,198.0,149.0,61.0,184.0,1384.0,1384.0,1384.0,1384.0
