index,atrial fibrillation,left ventricular high voltage,nonspecific st t abnormality,sinus bradycardia,sinus rhythm,sinus tachycardia,supraventricular tachycardia,t wave abnormal,micro avg,macro avg,weighted avg,samples avg
precision,0.9,0.4942528735632184,0.5729166666666666,0.9922279792746114,0.9894179894179894,0.9150326797385621,0.7878787878787878,0.6781609195402298,0.8564988730277987,0.7912359870100082,0.8446062925605846,0.8636067708333333
recall,0.9152542372881356,0.3359375,0.55,0.9896640826873385,0.9444444444444444,0.9395973154362416,0.8524590163934426,0.6413043478260869,0.8236994219653179,0.7710826180094612,0.8236994219653179,0.8451334635416666
f1-score,0.9075630252100839,0.4,0.5612244897959183,0.9909443725743855,0.96640826873385,0.9271523178807947,0.8188976377952757,0.659217877094972,0.8397790055248618,0.77892599863566,0.8325144179859763,0.8379603794642857
support,177.0,128.0,100.0,387.0,198.0,149.0,61.0,184.0,1384.0,1384.0,1384.0,1384.0
