index,atrial fibrillation,left ventricular high voltage,nonspecific st t abnormality,sinus bradycardia,sinus rhythm,sinus tachycardia,supraventricular tachycardia,t wave abnormal,micro avg,macro avg,weighted avg,samples avg
precision,0.9032258064516129,0.6829268292682927,0.4473684210526316,0.9921671018276762,0.9396984924623115,0.9562043795620438,0.765625,0.6855345911949685,0.8597038191738113,0.7965938277274422,0.850698956822982,0.8606770833333333
recall,0.9491525423728814,0.21875,0.51,0.9819121447028424,0.9444444444444444,0.8791946308724832,0.8032786885245902,0.592391304347826,0.7969653179190751,0.7348904694081335,0.7969653179190751,0.8236490885416666
f1-score,0.9256198347107438,0.33136094674556216,0.4766355140186916,0.987012987012987,0.9420654911838791,0.9160839160839161,0.784,0.6355685131195334,0.8271466066741656,0.7497934003594142,0.8119079237485798,0.825283668154762
support,177.0,128.0,100.0,387.0,198.0,149.0,61.0,184.0,1384.0,1384.0,1384.0,1384.0
