index,1st degree av block,atrial fibrillation,premature atrial contraction,right bundle branch block,sinus rhythm,st depression,ventricular ectopics,micro avg,macro avg,weighted avg,samples avg
precision,0.8235294117647058,0.9173553719008265,0.7647058823529411,0.946524064171123,0.686046511627907,0.7831325301204819,0.8888888888888888,0.8543247344461306,0.8300260944038393,0.8545566856475033,0.745269286754003
recall,0.8,0.9568965517241379,0.65,0.9030612244897959,0.6781609195402298,0.7558139534883721,0.6292134831460674,0.7997159090909091,0.7675923046269434,0.7997159090909091,0.7554585152838428
f1-score,0.8115942028985507,0.9367088607594937,0.7027027027027027,0.9242819843342036,0.6820809248554913,0.7692307692307692,0.7368421052631579,0.8261188554658841,0.7947773642920527,0.8236719987604558,0.7472100921882581
support,70.0,116.0,60.0,196.0,87.0,86.0,89.0,704.0,704.0,704.0,704.0
