index,atrial fibrillation,left ventricular high voltage,nonspecific st t abnormality,sinus bradycardia,sinus rhythm,sinus tachycardia,supraventricular tachycardia,t wave abnormal,micro avg,macro avg,weighted avg,samples avg
precision,0.9106145251396648,0.5495495495495496,0.7333333333333333,0.9897435897435898,0.919047619047619,0.9440559440559441,0.7536231884057971,0.6411483253588517,0.854586129753915,0.8051395093292937,0.8486006404990695,0.8603515625
recall,0.9209039548022598,0.4765625,0.22,0.9974160206718347,0.9747474747474747,0.9060402684563759,0.8524590163934426,0.7282608695652174,0.8280346820809249,0.7595487630795756,0.8280346820809249,0.8486328125
f1-score,0.9157303370786517,0.5104602510460251,0.3384615384615385,0.9935649935649936,0.946078431372549,0.9246575342465754,0.8,0.6819338422391859,0.8411009174311928,0.76386086600119,0.8274221944646919,0.8395879836309523
support,177.0,128.0,100.0,387.0,198.0,149.0,61.0,184.0,1384.0,1384.0,1384.0,1384.0
