index,1st degree av block,atrial fibrillation,premature atrial contraction,right bundle branch block,sinus rhythm,st depression,ventricular ectopics,micro avg,macro avg,weighted avg,samples avg
precision,0.8852459016393442,0.9519230769230769,0.421875,0.9246231155778895,0.6666666666666666,0.7560975609756098,0.8225806451612904,0.8098802395209581,0.7755731381348395,0.8169928811851629,0.7120329936923823
recall,0.7714285714285715,0.853448275862069,0.45,0.9387755102040817,0.735632183908046,0.7209302325581395,0.5730337078651685,0.7684659090909091,0.7204640688322967,0.7684659090909091,0.7285298398835517
f1-score,0.8244274809160306,0.9,0.435483870967742,0.9316455696202531,0.6994535519125683,0.7380952380952381,0.6754966887417219,0.7886297376093295,0.7435146286076506,0.7887632703953884,0.7146530810286269
support,70.0,116.0,60.0,196.0,87.0,86.0,89.0,704.0,704.0,704.0,704.0
