index,abnormal QRS,atrial fibrillation,incomplete right bundle branch block,left anterior fascicular block,left axis deviation,left ventricular hypertrophy,myocardial infarction,myocardial ischemia,sinus rhythm,t wave abnormal,ventricular ectopics,micro avg,macro avg,weighted avg,samples avg
precision,0.813953488372093,0.8402777777777778,0.9310344827586207,0.8283582089552238,0.8290155440414507,0.7105263157894737,0.7986111111111112,0.7206703910614525,0.9275439531166756,0.5571428571428572,0.6434782608695652,0.8498789346246973,0.7818738537269365,0.8357948387838677,0.8503970071766681
recall,0.29914529914529914,0.75625,0.23684210526315788,0.6132596685082873,0.5724508050089445,0.48,0.625,0.6262135922330098,0.9764441951766686,0.32231404958677684,0.6324786324786325,0.7035634743875279,0.5582180315818888,0.7035634743875279,0.7442957485330366
f1-score,0.4375,0.7960526315789473,0.3776223776223776,0.7047619047619047,0.6772486772486772,0.572944297082228,0.701219512195122,0.67012987012987,0.9513661202185791,0.4083769633507853,0.6379310344827587,0.7698306323869868,0.6304684898792046,0.7469726340272961,0.7673778504286978
support,351.0,160.0,114.0,181.0,559.0,225.0,552.0,206.0,1783.0,242.0,117.0,4490.0,4490.0,4490.0,4490.0
