index,atrial fibrillation,left ventricular high voltage,nonspecific st t abnormality,sinus bradycardia,sinus rhythm,sinus tachycardia,supraventricular tachycardia,t wave abnormal,micro avg,macro avg,weighted avg,samples avg
precision,0.8648648648648649,0.4794520547945205,0.4069767441860465,0.9896373056994818,0.9735449735449735,0.9555555555555556,0.7540983606557377,0.589041095890411,0.838223632038065,0.751646369398949,0.8147843208111286,0.8385416666666667
recall,0.903954802259887,0.2734375,0.35,0.9870801033591732,0.9292929292929293,0.8657718120805369,0.7540983606557377,0.4673913043478261,0.763728323699422,0.6913783514995113,0.763728323699422,0.8002115885416667
f1-score,0.8839779005524863,0.3482587064676617,0.37634408602150543,0.9883570504527814,0.9509043927648578,0.9084507042253522,0.7540983606557377,0.5212121212121212,0.7992438563327032,0.716450415294063,0.7851958417291022,0.7998046875
support,177.0,128.0,100.0,387.0,198.0,149.0,61.0,184.0,1384.0,1384.0,1384.0,1384.0
