index,1st degree av block,atrial fibrillation,premature atrial contraction,right bundle branch block,sinus rhythm,st depression,ventricular ectopics,micro avg,macro avg,weighted avg,samples avg
precision,0.8888888888888888,0.956140350877193,0.5172413793103449,0.9435897435897436,0.7411764705882353,0.7727272727272727,0.7837837837837838,0.8389955686853766,0.800506841395066,0.8377929411628776,0.74745269286754
recall,0.8,0.9396551724137931,0.5,0.9387755102040817,0.7241379310344828,0.7906976744186046,0.651685393258427,0.8068181818181818,0.7635645259041984,0.8068181818181818,0.7620087336244541
f1-score,0.8421052631578948,0.9478260869565217,0.5084745762711865,0.9411764705882353,0.7325581395348838,0.7816091954022988,0.7116564417177914,0.8225923244026068,0.7807723105184018,0.8212537351940206,0.7510917030567685
support,70.0,116.0,60.0,196.0,87.0,86.0,89.0,704.0,704.0,704.0,704.0
