index,atrial fibrillation,left ventricular high voltage,nonspecific st t abnormality,sinus bradycardia,sinus rhythm,sinus tachycardia,supraventricular tachycardia,t wave abnormal,micro avg,macro avg,weighted avg,samples avg
precision,0.9130434782608695,0.5694444444444444,0.5454545454545454,0.9921875,0.9504950495049505,0.9708029197080292,0.8142857142857143,0.609375,0.8571428571428571,0.7956360814573191,0.8436876336679353,0.8539225260416667
recall,0.8305084745762712,0.3203125,0.42,0.9844961240310077,0.9696969696969697,0.8926174496644296,0.9344262295081968,0.6358695652173914,0.8020231213872833,0.7484909140867833,0.8020231213872833,0.8308919270833333
f1-score,0.8698224852071005,0.41,0.4745762711864407,0.9883268482490272,0.96,0.93006993006993,0.8702290076335878,0.6223404255319149,0.8286674132138858,0.7656706209847501,0.8183769686536236,0.8269903273809524
support,177.0,128.0,100.0,387.0,198.0,149.0,61.0,184.0,1384.0,1384.0,1384.0,1384.0
