index,abnormal QRS,atrial fibrillation,incomplete right bundle branch block,left anterior fascicular block,left axis deviation,left ventricular hypertrophy,myocardial infarction,myocardial ischemia,sinus rhythm,t wave abnormal,ventricular ectopics,micro avg,macro avg,weighted avg,samples avg
precision,0.566579634464752,0.7403314917127072,0.5434782608695652,0.810126582278481,0.6941678520625889,0.7169811320754716,0.7358490566037735,0.6686746987951807,0.9216931216931217,0.5547445255474452,0.6551724137931034,0.7800848403661531,0.6916180699905627,0.7736058704442907,0.8116124599175447
recall,0.6182336182336182,0.8375,0.6578947368421053,0.7071823204419889,0.8729874776386404,0.3377777777777778,0.7065217391304348,0.5388349514563107,0.9770050476724621,0.3140495867768595,0.48717948717948717,0.778173719376392,0.6413787948317895,0.778173719376392,0.7987533538380996
f1-score,0.5912806539509536,0.7859237536656891,0.5952380952380952,0.7551622418879056,0.7733755942947702,0.459214501510574,0.7208872458410353,0.5967741935483871,0.9485434249931936,0.40105540897097625,0.5588235294117647,0.7791281079273052,0.6532980584830314,0.7679342919962229,0.7783218181523266
support,351.0,160.0,114.0,181.0,559.0,225.0,552.0,206.0,1783.0,242.0,117.0,4490.0,4490.0,4490.0,4490.0
