index,1st degree av block,atrial fibrillation,premature atrial contraction,right bundle branch block,sinus rhythm,st depression,ventricular ectopics,micro avg,macro avg,weighted avg,samples avg
precision,0.8709677419354839,0.8951612903225806,0.7619047619047619,0.9417989417989417,0.6634615384615384,0.7469879518072289,0.9230769230769231,0.8460388639760837,0.8290513070439227,0.8511779741125047,0.7489082969432315
recall,0.7714285714285715,0.9568965517241379,0.5333333333333333,0.9081632653061225,0.7931034482758621,0.7209302325581395,0.6741573033707865,0.8039772727272727,0.7654303865709933,0.8039772727272727,0.7583697234352256
f1-score,0.8181818181818182,0.925,0.6274509803921569,0.9246753246753245,0.7225130890052356,0.7337278106508875,0.7792207792207791,0.8244719592134012,0.7901099717323146,0.8221108374186101,0.7510917030567685
support,70.0,116.0,60.0,196.0,87.0,86.0,89.0,704.0,704.0,704.0,704.0
