index,abnormal QRS,atrial fibrillation,incomplete right bundle branch block,left anterior fascicular block,left axis deviation,left ventricular hypertrophy,myocardial infarction,myocardial ischemia,sinus rhythm,t wave abnormal,ventricular ectopics,micro avg,macro avg,weighted avg,samples avg
precision,0.6810344827586207,0.7570621468926554,0.6419753086419753,0.7344632768361582,0.6505867014341591,0.6923076923076923,0.680628272251309,0.6227272727272727,0.9425223214285714,0.5882352941176471,0.8382352941176471,0.7887423457371644,0.7117980057739733,0.781887678457567,0.8021530004580851
recall,0.45014245014245013,0.8375,0.45614035087719296,0.7182320441988951,0.8926654740608229,0.28,0.7065217391304348,0.6650485436893204,0.947279865395401,0.1652892561983471,0.48717948717948717,0.745879732739421,0.6005453828065774,0.745879732739421,0.764888859804114
f1-score,0.5420240137221269,0.7952522255192879,0.5333333333333333,0.7262569832402236,0.7526395173453997,0.3987341772151899,0.6933333333333335,0.6431924882629109,0.944895104895105,0.25806451612903225,0.6162162162162163,0.7667124542124543,0.6276310826556508,0.7471488894757649,0.757846136659696
support,351.0,160.0,114.0,181.0,559.0,225.0,552.0,206.0,1783.0,242.0,117.0,4490.0,4490.0,4490.0,4490.0
