index,atrial fibrillation,left ventricular high voltage,nonspecific st t abnormality,sinus bradycardia,sinus rhythm,sinus tachycardia,supraventricular tachycardia,t wave abnormal,micro avg,macro avg,weighted avg,samples avg
precision,0.8743455497382199,0.5753424657534246,0.6530612244897959,0.9872122762148338,0.9746192893401016,0.9652777777777778,0.7761194029850746,0.615,0.8635670731707317,0.8026222482874035,0.8475900021853628,0.87646484375
recall,0.943502824858757,0.328125,0.32,0.9974160206718347,0.9696969696969697,0.9328859060402684,0.8524590163934426,0.6684782608695652,0.8186416184971098,0.7515704998163546,0.8186416184971098,0.8462727864583334
f1-score,0.9076086956521738,0.417910447761194,0.42953020134228187,0.9922879177377892,0.9721518987341773,0.9488054607508531,0.8124999999999999,0.640625,0.8405044510385757,0.7651774527473088,0.8254359178785149,0.8441359747023809
support,177.0,128.0,100.0,387.0,198.0,149.0,61.0,184.0,1384.0,1384.0,1384.0,1384.0
