index,1st degree av block,atrial fibrillation,premature atrial contraction,right bundle branch block,sinus rhythm,st depression,ventricular ectopics,micro avg,macro avg,weighted avg,samples avg
precision,0.9047619047619048,0.9333333333333333,0.8536585365853658,0.9378238341968912,0.7010309278350515,0.8023255813953488,0.9242424242424242,0.8753753753753754,0.8653109346214742,0.8790912644558776,0.7809315866084425
recall,0.8142857142857143,0.9655172413793104,0.5833333333333334,0.923469387755102,0.7816091954022989,0.8023255813953488,0.6853932584269663,0.828125,0.7937048159968677,0.828125,0.7838427947598253
f1-score,0.857142857142857,0.9491525423728815,0.6930693069306931,0.9305912596401028,0.7391304347826086,0.8023255813953488,0.7870967741935484,0.851094890510949,0.8226441080654343,0.8486330979401544,0.7806889859291605
support,70.0,116.0,60.0,196.0,87.0,86.0,89.0,704.0,704.0,704.0,704.0
