index,abnormal QRS,atrial fibrillation,incomplete right bundle branch block,left anterior fascicular block,left axis deviation,left ventricular hypertrophy,myocardial infarction,myocardial ischemia,sinus rhythm,t wave abnormal,ventricular ectopics,micro avg,macro avg,weighted avg,samples avg
precision,0.782051282051282,0.8323353293413174,0.8148148148148148,0.7329842931937173,0.7673611111111112,0.7578125,0.8,0.6923076923076923,0.9340128755364807,0.5581395348837209,0.7125,0.840460947503201,0.7622108575672851,0.8242066773722636,0.8510765002290427
recall,0.3475783475783476,0.86875,0.19298245614035087,0.7734806629834254,0.7906976744186046,0.4311111111111111,0.5869565217391305,0.6116504854368932,0.9764441951766686,0.2975206611570248,0.48717948717948717,0.7309576837416482,0.5785774184473677,0.7309576837416482,0.7640283140283141
f1-score,0.48126232741617353,0.8501529051987767,0.3120567375886525,0.7526881720430109,0.7788546255506608,0.5495750708215298,0.677115987460815,0.6494845360824741,0.9547573347957226,0.3881401617250674,0.5786802030456852,0.781893984514592,0.633888005611688,0.7588691238181248,0.7782183409302055
support,351.0,160.0,114.0,181.0,559.0,225.0,552.0,206.0,1783.0,242.0,117.0,4490.0,4490.0,4490.0,4490.0
