index,1st degree av block,atrial fibrillation,premature atrial contraction,right bundle branch block,sinus rhythm,st depression,ventricular ectopics,micro avg,macro avg,weighted avg,samples avg
precision,0.90625,0.9491525423728814,0.7837837837837838,0.9633507853403142,0.6990291262135923,0.75,0.8507462686567164,0.863905325443787,0.8431875009096126,0.8670666587500186,0.7787481804949054
recall,0.8285714285714286,0.9655172413793104,0.48333333333333334,0.9387755102040817,0.8275862068965517,0.8372093023255814,0.6404494382022472,0.8295454545454546,0.7887774944160764,0.8295454545454546,0.784570596797671
f1-score,0.8656716417910447,0.9572649572649573,0.5979381443298969,0.9509043927648579,0.7578947368421052,0.7912087912087912,0.7307692307692307,0.846376811594203,0.8073788421386977,0.8422053399112144,0.7797185832120331
support,70.0,116.0,60.0,196.0,87.0,86.0,89.0,704.0,704.0,704.0,704.0
