index,abnormal QRS,atrial fibrillation,incomplete right bundle branch block,left anterior fascicular block,left axis deviation,left ventricular hypertrophy,myocardial infarction,myocardial ischemia,sinus rhythm,t wave abnormal,ventricular ectopics,micro avg,macro avg,weighted avg,samples avg
precision,0.6682242990654206,0.8493150684931506,0.6,0.7619047619047619,0.7854077253218884,0.5897435897435898,0.6445698166431594,0.5176470588235295,0.9259850905218318,0.48760330578512395,0.7232142857142857,0.7800183318056828,0.686692272910613,0.7716174718745079,0.8120770891957332
recall,0.4074074074074074,0.775,0.5263157894736842,0.7071823204419889,0.6547406082289803,0.5111111111111111,0.8278985507246377,0.6407766990291263,0.9753224901850813,0.24380165289256198,0.6923076923076923,0.7581291759465479,0.6328967565274792,0.7581291759465479,0.7842767707174487
f1-score,0.5061946902654867,0.8104575163398693,0.5607476635514018,0.7335243553008596,0.7141463414634146,0.5476190476190476,0.7248215701823949,0.5726681127982647,0.9500136574706365,0.32506887052341593,0.7074235807860262,0.7689180031624123,0.6502441278455289,0.757203449066841,0.7720941831111322
support,351.0,160.0,114.0,181.0,559.0,225.0,552.0,206.0,1783.0,242.0,117.0,4490.0,4490.0,4490.0,4490.0
