index,1st degree av block,atrial fibrillation,premature atrial contraction,right bundle branch block,sinus rhythm,st depression,ventricular ectopics,micro avg,macro avg,weighted avg,samples avg
precision,0.8923076923076924,0.9173553719008265,0.7857142857142857,0.9523809523809523,0.71,0.8354430379746836,0.8524590163934426,0.8709175738724728,0.8493800509531262,0.869561419227837,0.74745269286754
recall,0.8285714285714286,0.9568965517241379,0.36666666666666664,0.9183673469387755,0.8160919540229885,0.7674418604651163,0.5842696629213483,0.7954545454545454,0.7483293530443518,0.7954545454545454,0.7518195050946143
f1-score,0.8592592592592593,0.9367088607594937,0.5,0.935064935064935,0.7593582887700535,0.8,0.6933333333333332,0.8314773570898293,0.7833892395981535,0.8219459390037472,0.7472100921882581
support,70.0,116.0,60.0,196.0,87.0,86.0,89.0,704.0,704.0,704.0,704.0
