index,atrial fibrillation,left ventricular high voltage,nonspecific st t abnormality,sinus bradycardia,sinus rhythm,sinus tachycardia,supraventricular tachycardia,t wave abnormal,micro avg,macro avg,weighted avg,samples avg
precision,0.8473684210526315,0.5901639344262295,0.48863636363636365,0.9675,0.9887640449438202,0.844311377245509,0.78125,0.6071428571428571,0.8328267477203647,0.7643921248059264,0.8163002473405003,0.8484700520833333
recall,0.9096045197740112,0.28125,0.43,1.0,0.8888888888888888,0.9463087248322147,0.819672131147541,0.5543478260869565,0.791907514450867,0.7287590113412015,0.791907514450867,0.8203938802083333
f1-score,0.8773841961852861,0.38095238095238093,0.4574468085106383,0.9834815756035579,0.9361702127659574,0.8924050632911392,0.8,0.5795454545454545,0.8118518518518517,0.7384232114818018,0.7978160247765491,0.8176199776785714
support,177.0,128.0,100.0,387.0,198.0,149.0,61.0,184.0,1384.0,1384.0,1384.0,1384.0
