index,1st degree av block,atrial fibrillation,premature atrial contraction,right bundle branch block,sinus rhythm,st depression,ventricular ectopics,micro avg,macro avg,weighted avg,samples avg
precision,0.8787878787878788,0.9262295081967213,0.7674418604651163,0.9424083769633508,0.6413043478260869,0.7441860465116279,0.8405797101449275,0.8445440956651719,0.8201339612708155,0.8442065347194077,0.749878699660359
recall,0.8285714285714286,0.9741379310344828,0.55,0.9183673469387755,0.6781609195402298,0.7441860465116279,0.651685393258427,0.8025568181818182,0.7635870094078532,0.8025568181818182,0.7590975254730713
f1-score,0.8529411764705883,0.9495798319327732,0.6407766990291263,0.9302325581395349,0.659217877094972,0.7441860465116278,0.7341772151898734,0.8230152949745083,0.7873016291954994,0.8200611557576714,0.7515769044153324
support,70.0,116.0,60.0,196.0,87.0,86.0,89.0,704.0,704.0,704.0,704.0
