index,atrial fibrillation,left ventricular high voltage,nonspecific st t abnormality,sinus bradycardia,sinus rhythm,sinus tachycardia,supraventricular tachycardia,t wave abnormal,micro avg,macro avg,weighted avg,samples avg
precision,0.8486486486486486,0.504424778761062,0.7058823529411765,0.9820971867007673,0.9009433962264151,0.9285714285714286,0.8181818181818182,0.7608695652173914,0.8657937806873978,0.8062023969060884,0.846885878077027,0.8504231770833333
recall,0.8870056497175142,0.4453125,0.24,0.9922480620155039,0.9646464646464646,0.87248322147651,0.7377049180327869,0.3804347826086957,0.7644508670520231,0.6899794498121844,0.7644508670520231,0.798828125
f1-score,0.8674033149171272,0.4730290456431535,0.3582089552238806,0.9871465295629821,0.9317073170731708,0.8996539792387543,0.7758620689655172,0.5072463768115942,0.8119723714504988,0.7250321984295225,0.7883758080008739,0.8076032366071428
support,177.0,128.0,100.0,387.0,198.0,149.0,61.0,184.0,1384.0,1384.0,1384.0,1384.0
