index,abnormal QRS,atrial fibrillation,incomplete right bundle branch block,left anterior fascicular block,left axis deviation,left ventricular hypertrophy,myocardial infarction,myocardial ischemia,sinus rhythm,t wave abnormal,ventricular ectopics,micro avg,macro avg,weighted avg,samples avg
precision,0.7692307692307693,0.8382352941176471,0.4722222222222222,0.7732558139534884,0.859375,0.66,0.7272727272727273,0.603448275862069,0.9138381201044387,0.5714285714285714,0.7435897435897436,0.8095811266249399,0.7210815034346978,0.803390841966993,0.8262428287852016
recall,0.42735042735042733,0.7125,0.5964912280701754,0.7348066298342542,0.590339892665474,0.5866666666666667,0.7536231884057971,0.6796116504854369,0.981491867638811,0.2975206611570248,0.49572649572649574,0.7489977728285078,0.6232844280000511,0.7489977728285078,0.7740462011648452
f1-score,0.5494505494505494,0.7702702702702703,0.5271317829457364,0.7535410764872521,0.6998939554612936,0.6211764705882354,0.7402135231316725,0.639269406392694,0.9464575446187129,0.391304347826087,0.5948717948717949,0.7781119851920407,0.6575982474585726,0.7651907768152039,0.7752455515167379
support,351.0,160.0,114.0,181.0,559.0,225.0,552.0,206.0,1783.0,242.0,117.0,4490.0,4490.0,4490.0,4490.0
