index,1st degree av block,atrial fibrillation,premature atrial contraction,right bundle branch block,sinus rhythm,st depression,ventricular ectopics,micro avg,macro avg,weighted avg,samples avg
precision,0.9047619047619048,0.8671875,0.8421052631578947,0.9459459459459459,0.6363636363636364,0.76,0.9473684210526315,0.8475609756097561,0.8433903816117162,0.8592304408601321,0.7445414847161572
recall,0.8142857142857143,0.9568965517241379,0.5333333333333333,0.8928571428571429,0.8045977011494253,0.6627906976744186,0.6067415730337079,0.7897727272727273,0.7530718162939829,0.7897727272727273,0.74745269286754
f1-score,0.857142857142857,0.9098360655737704,0.653061224489796,0.9186351706036745,0.7106598984771573,0.7080745341614907,0.7397260273972603,0.8176470588235295,0.7853051111208581,0.8143957216733273,0.7433284813197476
support,70.0,116.0,60.0,196.0,87.0,86.0,89.0,704.0,704.0,704.0,704.0
