index,abnormal QRS,atrial fibrillation,incomplete right bundle branch block,left anterior fascicular block,left axis deviation,left ventricular hypertrophy,myocardial infarction,myocardial ischemia,sinus rhythm,t wave abnormal,ventricular ectopics,micro avg,macro avg,weighted avg,samples avg
precision,0.6267123287671232,0.8238636363636364,0.7222222222222222,0.8320610687022901,0.7721021611001965,0.7175572519083969,0.7869955156950673,0.6491228070175439,0.9197235513024987,0.4230769230769231,0.7127659574468085,0.796826900307838,0.7260184930547916,0.7954503859701174,0.8160308007765635
recall,0.5213675213675214,0.90625,0.34210526315789475,0.6022099447513812,0.7030411449016101,0.4177777777777778,0.6358695652173914,0.5388349514563107,0.9702748177229389,0.5909090909090909,0.5726495726495726,0.7494432071269488,0.6182990590828626,0.7494432071269488,0.7783565647972428
f1-score,0.5692068429237948,0.8630952380952381,0.46428571428571425,0.6987179487179488,0.7359550561797753,0.5280898876404494,0.7034068136272545,0.5888594164456233,0.9443231441048036,0.4931034482758621,0.6350710900473934,0.7724090439573053,0.6567376909403507,0.7649110423382667,0.7708271394712072
support,351.0,160.0,114.0,181.0,559.0,225.0,552.0,206.0,1783.0,242.0,117.0,4490.0,4490.0,4490.0,4490.0
