index,1st degree av block,atrial fibrillation,premature atrial contraction,right bundle branch block,sinus rhythm,st depression,ventricular ectopics,micro avg,macro avg,weighted avg,samples avg
precision,0.8507462686567164,0.875968992248062,0.8780487804878049,0.9128205128205128,0.7040816326530612,0.7721518987341772,0.9264705882352942,0.8522895125553914,0.8457555248336612,0.8563585751899587,0.7700145560407569
recall,0.8142857142857143,0.9741379310344828,0.6,0.9081632653061225,0.7931034482758621,0.7093023255813954,0.7078651685393258,0.8196022727272727,0.7866939790032719,0.8196022727272727,0.7758369723435226
f1-score,0.832116788321168,0.9224489795918366,0.712871287128713,0.9104859335038363,0.7459459459459459,0.7393939393939394,0.802547770700637,0.835626357711803,0.8094015206551538,0.8329427623396909,0.7709849587578846
support,70.0,116.0,60.0,196.0,87.0,86.0,89.0,704.0,704.0,704.0,704.0
