index,1st degree av block,atrial fibrillation,premature atrial contraction,right bundle branch block,sinus rhythm,st depression,ventricular ectopics,micro avg,macro avg,weighted avg,samples avg
precision,0.9166666666666666,0.9152542372881356,0.5757575757575758,0.9542857142857143,0.6804123711340206,0.7625,0.8448275862068966,0.8454106280193237,0.80710059304843,0.8407416821003104,0.7059679767103348
recall,0.7857142857142857,0.9310344827586207,0.31666666666666665,0.8520408163265306,0.7586206896551724,0.7093023255813954,0.550561797752809,0.7457386363636364,0.7005630092079258,0.7457386363636364,0.7045123726346434
f1-score,0.8461538461538461,0.923076923076923,0.40860215053763443,0.9002695417789758,0.717391304347826,0.7349397590361445,0.6666666666666667,0.7924528301886792,0.7424428845140024,0.7844145562746196,0.70281416787967
support,70.0,116.0,60.0,196.0,87.0,86.0,89.0,704.0,704.0,704.0,704.0
