index,abnormal QRS,atrial fibrillation,incomplete right bundle branch block,left anterior fascicular block,left axis deviation,left ventricular hypertrophy,myocardial infarction,myocardial ischemia,sinus rhythm,t wave abnormal,ventricular ectopics,micro avg,macro avg,weighted avg,samples avg
precision,0.7474747474747475,0.7575757575757576,0.7,0.5977859778597786,0.7203125,0.5720338983050848,0.8070175438596491,0.5665399239543726,0.9366236679753225,0.6458333333333334,0.5826771653543307,0.7914211642705633,0.6939885923356706,0.7927802088519537,0.8122385096961368
recall,0.42165242165242167,0.9375,0.49122807017543857,0.8950276243093923,0.8246869409660107,0.6,0.5833333333333334,0.7233009708737864,0.9366236679753225,0.128099173553719,0.6324786324786325,0.7478841870824053,0.6521755304834597,0.7478841870824053,0.7681336299980368
f1-score,0.5391621129326047,0.8379888268156425,0.5773195876288659,0.7168141592920353,0.7689741451209342,0.5856832971800434,0.6771819137749737,0.6353944562899786,0.9366236679753225,0.21379310344827585,0.6065573770491803,0.7690369861445093,0.6450447861370779,0.7523202711109723,0.7639316630842056
support,351.0,160.0,114.0,181.0,559.0,225.0,552.0,206.0,1783.0,242.0,117.0,4490.0,4490.0,4490.0,4490.0
