index,1st degree av block,atrial fibrillation,premature atrial contraction,right bundle branch block,sinus rhythm,st depression,ventricular ectopics,micro avg,macro avg,weighted avg,samples avg
precision,0.9090909090909091,0.9421487603305785,0.7419354838709677,0.9578947368421052,0.7236842105263158,0.7037037037037037,0.8108108108108109,0.8558558558558559,0.8270383735964845,0.8534521651768346,0.7554585152838428
recall,0.8571428571428571,0.9827586206896551,0.38333333333333336,0.9285714285714286,0.632183908045977,0.8837209302325582,0.6741573033707865,0.8096590909090909,0.7631240544837994,0.8096590909090909,0.764919941775837
f1-score,0.8823529411764706,0.9620253164556961,0.5054945054945055,0.9430051813471502,0.6748466257668712,0.7835051546391752,0.736196319018405,0.832116788321168,0.7839180062711819,0.8240524156225149,0.7573993207180979
support,70.0,116.0,60.0,196.0,87.0,86.0,89.0,704.0,704.0,704.0,704.0
