index,1st degree av block,atrial fibrillation,premature atrial contraction,right bundle branch block,sinus rhythm,st depression,ventricular ectopics,micro avg,macro avg,weighted avg,samples avg
precision,0.873015873015873,0.8473282442748091,0.7380952380952381,0.9109947643979057,0.6666666666666666,0.7341772151898734,0.9193548387096774,0.8328173374613003,0.8128046914785776,0.831255251003101,0.7139737991266376
recall,0.7857142857142857,0.9568965517241379,0.5166666666666667,0.8877551020408163,0.5977011494252874,0.6744186046511628,0.6404494382022472,0.7642045454545454,0.7228002569178005,0.7642045454545454,0.7212518195050946
f1-score,0.8270676691729324,0.8987854251012146,0.607843137254902,0.8992248062015504,0.6303030303030304,0.703030303030303,0.7549668874172185,0.7970370370370371,0.7601744654973073,0.7917067032411169,0.7147016011644832
support,70.0,116.0,60.0,196.0,87.0,86.0,89.0,704.0,704.0,704.0,704.0
