index,abnormal QRS,atrial fibrillation,incomplete right bundle branch block,left anterior fascicular block,left axis deviation,left ventricular hypertrophy,myocardial infarction,myocardial ischemia,sinus rhythm,t wave abnormal,ventricular ectopics,micro avg,macro avg,weighted avg,samples avg
precision,0.7846153846153846,0.7705882352941177,0.512987012987013,0.7960526315789473,0.8161157024793388,0.539906103286385,0.6651017214397497,0.7708333333333334,0.9272338148742643,0.6307692307692307,0.7727272727272727,0.8086147821830642,0.7260845857622761,0.8020464739301161,0.8250496258970836
recall,0.2905982905982906,0.81875,0.6929824561403509,0.6685082872928176,0.7066189624329159,0.5111111111111111,0.769927536231884,0.5388349514563107,0.9719573752103197,0.16942148760330578,0.4358974358974359,0.7358574610244989,0.5976916267249766,0.7358574610244989,0.7714841960604671
f1-score,0.42411642411642414,0.7939393939393941,0.5895522388059702,0.7267267267267267,0.757430488974113,0.5251141552511415,0.7136859781696053,0.6342857142857142,0.9490690032858706,0.2671009771986971,0.5573770491803278,0.7705223880597015,0.6307634681758169,0.7489654989113568,0.7707341342934564
support,351.0,160.0,114.0,181.0,559.0,225.0,552.0,206.0,1783.0,242.0,117.0,4490.0,4490.0,4490.0,4490.0
