index,1st degree av block,atrial fibrillation,premature atrial contraction,right bundle branch block,sinus rhythm,st depression,ventricular ectopics,micro avg,macro avg,weighted avg,samples avg
precision,0.8805970149253731,0.9186991869918699,0.725,0.9356435643564357,0.7142857142857143,0.75,0.8181818181818182,0.8481751824817518,0.8203438998201731,0.8445427191913827,0.7700145560407569
recall,0.8428571428571429,0.9741379310344828,0.48333333333333334,0.9642857142857143,0.7471264367816092,0.8372093023255814,0.6067415730337079,0.8252840909090909,0.779384490521653,0.8252840909090909,0.7809315866084425
f1-score,0.8613138686131387,0.9456066945606694,0.58,0.949748743718593,0.7303370786516854,0.7912087912087912,0.6967741935483871,0.8365730741540678,0.7935699100430378,0.8302972816097453,0.7724405628335759
support,70.0,116.0,60.0,196.0,87.0,86.0,89.0,704.0,704.0,704.0,704.0
