index,abnormal QRS,atrial fibrillation,incomplete right bundle branch block,left anterior fascicular block,left axis deviation,left ventricular hypertrophy,myocardial infarction,myocardial ischemia,sinus rhythm,t wave abnormal,ventricular ectopics,micro avg,macro avg,weighted avg,samples avg
precision,0.7011494252873564,0.806060606060606,0.5811965811965812,0.8487394957983193,0.8012820512820513,0.5454545454545454,0.7163375224416517,0.5366795366795367,0.9187335092348285,0.5416666666666666,0.8529411764705882,0.8026347889729202,0.7136582833247936,0.7885409662639804,0.828559431101804
recall,0.5213675213675214,0.83125,0.5964912280701754,0.5580110497237569,0.6708407871198568,0.4266666666666667,0.7228260869565217,0.6747572815533981,0.9764441951766686,0.10743801652892562,0.24786324786324787,0.732739420935412,0.5758141891842491,0.732739420935412,0.7604410706105621
f1-score,0.5980392156862745,0.8184615384615385,0.5887445887445888,0.6733333333333333,0.7302823758519962,0.47880299251870323,0.7195671776375113,0.5978494623655914,0.946710168569875,0.1793103448275862,0.3841059602649006,0.7660961695191524,0.610473378023809,0.7444298778152546,0.7660988474547796
support,351.0,160.0,114.0,181.0,559.0,225.0,552.0,206.0,1783.0,242.0,117.0,4490.0,4490.0,4490.0,4490.0
