index,atrial fibrillation,left ventricular high voltage,nonspecific st t abnormality,sinus bradycardia,sinus rhythm,sinus tachycardia,supraventricular tachycardia,t wave abnormal,micro avg,macro avg,weighted avg,samples avg
precision,0.9085714285714286,0.5126050420168067,0.4909090909090909,0.9625935162094763,0.9468085106382979,0.9444444444444444,0.8153846153846154,0.7863247863247863,0.8483699772554966,0.7959551793123683,0.8458509520593191,0.853515625
recall,0.8983050847457628,0.4765625,0.54,0.9974160206718347,0.898989898989899,0.912751677852349,0.8688524590163934,0.5,0.8085260115606936,0.7616097051595299,0.8085260115606936,0.8311360677083333
f1-score,0.903409090909091,0.4939271255060729,0.5142857142857142,0.9796954314720813,0.9222797927461138,0.9283276450511946,0.8412698412698412,0.6112956810631229,0.8279689234184239,0.7743112902879039,0.8225613210067825,0.8252929687499999
support,177.0,128.0,100.0,387.0,198.0,149.0,61.0,184.0,1384.0,1384.0,1384.0,1384.0
