index,atrial fibrillation,left ventricular high voltage,nonspecific st t abnormality,sinus bradycardia,sinus rhythm,sinus tachycardia,supraventricular tachycardia,t wave abnormal,micro avg,macro avg,weighted avg,samples avg
precision,0.9705882352941176,0.5542168674698795,0.6025641025641025,0.9922480620155039,0.9504950495049505,0.918918918918919,0.7719298245614035,0.7586206896551724,0.8856669428334715,0.8149477187480061,0.8661713524966115,0.85400390625
recall,0.7457627118644068,0.359375,0.47,0.9922480620155039,0.9696969696969697,0.912751677852349,0.7213114754098361,0.4782608695652174,0.7723988439306358,0.7061758458005354,0.7723988439306358,0.8026529947916667
f1-score,0.8434504792332269,0.43601895734597157,0.5280898876404494,0.9922480620155039,0.96,0.9158249158249159,0.7457627118644067,0.5866666666666667,0.8251640293323041,0.7510077100738927,0.8106114556914149,0.8128255208333333
support,177.0,128.0,100.0,387.0,198.0,149.0,61.0,184.0,1384.0,1384.0,1384.0,1384.0
