index,abnormal QRS,atrial fibrillation,incomplete right bundle branch block,left anterior fascicular block,left axis deviation,left ventricular hypertrophy,myocardial infarction,myocardial ischemia,sinus rhythm,t wave abnormal,ventricular ectopics,micro avg,macro avg,weighted avg,samples avg
precision,0.5957446808510638,0.7049180327868853,0.5148514851485149,0.7428571428571429,0.8220720720720721,0.6265060240963856,0.7039848197343453,0.7142857142857143,0.9301570113697889,0.5043478260869565,0.6416666666666667,0.7880141010575793,0.6819446796323215,0.7810434803831328,0.8181598062953995
recall,0.5584045584045584,0.80625,0.45614035087719296,0.7182320441988951,0.6529516994633273,0.4622222222222222,0.6721014492753623,0.46116504854368934,0.9635445877734156,0.4793388429752066,0.6581196581196581,0.7467706013363029,0.6262245874412298,0.7467706013363029,0.7757651113583317
f1-score,0.5764705882352941,0.7521865889212828,0.48372093023255813,0.7303370786516854,0.7278165503489532,0.5319693094629155,0.6876737720111213,0.56047197640118,0.9465564738292012,0.4915254237288136,0.649789029535865,0.7668381932532876,0.64895615648717,0.7604246292603558,0.7689912291607208
support,351.0,160.0,114.0,181.0,559.0,225.0,552.0,206.0,1783.0,242.0,117.0,4490.0,4490.0,4490.0,4490.0
