index,abnormal QRS,atrial fibrillation,incomplete right bundle branch block,left anterior fascicular block,left axis deviation,left ventricular hypertrophy,myocardial infarction,myocardial ischemia,sinus rhythm,t wave abnormal,ventricular ectopics,micro avg,macro avg,weighted avg,samples avg
precision,0.7074235807860262,0.7478260869565218,0.775,0.7349397590361446,0.817283950617284,0.8103448275862069,0.6838365896980462,0.6884057971014492,0.9333333333333333,0.4212218649517685,0.8513513513513513,0.8040367910066428,0.7428151946743756,0.8047856984927457,0.8124675522980608
recall,0.46153846153846156,0.5375,0.2719298245614035,0.6740331491712708,0.592128801431127,0.2088888888888889,0.697463768115942,0.46116504854368934,0.950084127874369,0.5413223140495868,0.5384615384615384,0.700890868596882,0.5395014475123888,0.700890868596882,0.7396625438998321
f1-score,0.5586206896551724,0.6254545454545455,0.4025974025974026,0.7031700288184438,0.6867219917012448,0.33215547703180215,0.6905829596412556,0.5523255813953488,0.9416342412451362,0.47377938517179025,0.6596858638743456,0.7489290813898144,0.6024298333260444,0.7335598256261584,0.7484469340401544
support,351.0,160.0,114.0,181.0,559.0,225.0,552.0,206.0,1783.0,242.0,117.0,4490.0,4490.0,4490.0,4490.0
