index,atrial fibrillation,left ventricular high voltage,nonspecific st t abnormality,sinus bradycardia,sinus rhythm,sinus tachycardia,supraventricular tachycardia,t wave abnormal,micro avg,macro avg,weighted avg,samples avg
precision,0.8762886597938144,0.5454545454545454,0.43902439024390244,0.9922480620155039,0.9547738693467337,0.9411764705882353,0.7846153846153846,0.5658536585365853,0.8036560595802302,0.7624293800743381,0.819424021319832,0.8450520833333333
recall,0.96045197740113,0.46875,0.72,0.9922480620155039,0.9595959595959596,0.9664429530201343,0.8360655737704918,0.6304347826086957,0.8576589595375722,0.8167486635514893,0.8576589595375722,0.868896484375
f1-score,0.9164420485175202,0.5042016806722689,0.5454545454545455,0.9922480620155039,0.9571788413098236,0.9536423841059601,0.8095238095238095,0.596401028277635,0.8297797972736805,0.7843865499846333,0.8352791760507776,0.8395786830357143
support,177.0,128.0,100.0,387.0,198.0,149.0,61.0,184.0,1384.0,1384.0,1384.0,1384.0
