index,1st degree av block,atrial fibrillation,premature atrial contraction,right bundle branch block,sinus rhythm,st depression,ventricular ectopics,micro avg,macro avg,weighted avg,samples avg
precision,0.9047619047619048,0.9112903225806451,0.5892857142857143,0.934010152284264,0.7272727272727273,0.8554216867469879,0.8181818181818182,0.8528528528528528,0.8200320465877231,0.8481865306941717,0.7540029112081513
recall,0.8142857142857143,0.9741379310344828,0.55,0.9387755102040817,0.6436781609195402,0.8255813953488372,0.6067415730337079,0.8068181818181818,0.7647428978323377,0.8068181818181818,0.7627365356622998
f1-score,0.857142857142857,0.9416666666666667,0.5689655172413793,0.9363867684478372,0.6829268292682927,0.8402366863905325,0.6967741935483871,0.8291970802919707,0.7891570741008503,0.8247030729905197,0.7554585152838428
support,70.0,116.0,60.0,196.0,87.0,86.0,89.0,704.0,704.0,704.0,704.0
