index,atrial fibrillation,left ventricular high voltage,nonspecific st t abnormality,sinus bradycardia,sinus rhythm,sinus tachycardia,supraventricular tachycardia,t wave abnormal,micro avg,macro avg,weighted avg,samples avg
precision,0.959731543624161,0.625,0.6666666666666666,0.965,0.9783783783783784,0.9705882352941176,0.8135593220338984,0.7560975609756098,0.899505766062603,0.8418777133716039,0.8793929087640647,0.8702799479166666
recall,0.807909604519774,0.3125,0.38,0.9974160206718347,0.9141414141414141,0.8859060402684564,0.7868852459016393,0.6739130434782609,0.7890173410404624,0.7198339211226724,0.7890173410404624,0.8138834635416667
f1-score,0.8773006134969324,0.4166666666666667,0.48407643312101906,0.9809402795425667,0.9451697127937337,0.9263157894736842,0.8,0.7126436781609194,0.8406466512702079,0.7678891466569403,0.8249553222281164,0.8278041294642857
support,177.0,128.0,100.0,387.0,198.0,149.0,61.0,184.0,1384.0,1384.0,1384.0,1384.0
