index,abnormal QRS,atrial fibrillation,incomplete right bundle branch block,left anterior fascicular block,left axis deviation,left ventricular hypertrophy,myocardial infarction,myocardial ischemia,sinus rhythm,t wave abnormal,ventricular ectopics,micro avg,macro avg,weighted avg,samples avg
precision,0.6019736842105263,0.6833333333333333,0.6097560975609756,0.7171717171717171,0.7158908507223114,0.6515151515151515,0.6077032810271041,0.6205128205128205,0.9270194986072423,0.5368421052631579,0.7236842105263158,0.7651006711409396,0.6723093409500597,0.7566727677818529,0.7898305084745761
recall,0.5213675213675214,0.5125,0.43859649122807015,0.7845303867403315,0.7978533094812165,0.38222222222222224,0.7717391304347826,0.587378640776699,0.9332585530005608,0.21074380165289255,0.4700854700854701,0.7363028953229399,0.5827523206354335,0.7363028953229399,0.760207665292411
f1-score,0.5587786259541985,0.5857142857142856,0.5102040816326531,0.7493403693931397,0.7546531302876481,0.4817927170868347,0.6799680766161212,0.6034912718204489,0.9301285634432643,0.3026706231454006,0.5699481865284974,0.7504256043581886,0.6115172665111358,0.737618029910311,0.7476959519332401
support,351.0,160.0,114.0,181.0,559.0,225.0,552.0,206.0,1783.0,242.0,117.0,4490.0,4490.0,4490.0,4490.0
