index,atrial fibrillation,left ventricular high voltage,nonspecific st t abnormality,sinus bradycardia,sinus rhythm,sinus tachycardia,supraventricular tachycardia,t wave abnormal,micro avg,macro avg,weighted avg,samples avg
precision,0.9573170731707317,0.6521739130434783,0.6144578313253012,0.9948320413436692,0.9895287958115183,0.9703703703703703,0.7733333333333333,0.7522123893805309,0.9046836483155299,0.8380282184723666,0.8854490359021181,0.8792317708333334
recall,0.8870056497175142,0.3515625,0.51,0.9948320413436692,0.9545454545454546,0.8791946308724832,0.9508196721311475,0.46195652173913043,0.7955202312138728,0.7487395587936749,0.7955202312138728,0.8236490885416667
f1-score,0.9208211143695014,0.4568527918781726,0.5573770491803278,0.9948320413436692,0.9717223650385604,0.9225352112676056,0.8529411764705883,0.5723905723905723,0.8465974625144175,0.7811840402423746,0.8304972914471965,0.8361514136904762
support,177.0,128.0,100.0,387.0,198.0,149.0,61.0,184.0,1384.0,1384.0,1384.0,1384.0
