index,abnormal QRS,atrial fibrillation,incomplete right bundle branch block,left anterior fascicular block,left axis deviation,left ventricular hypertrophy,myocardial infarction,myocardial ischemia,sinus rhythm,t wave abnormal,ventricular ectopics,micro avg,macro avg,weighted avg,samples avg
precision,0.6533333333333333,0.8888888888888888,0.6428571428571429,0.7019867549668874,0.6978102189781021,0.6643356643356644,0.775,0.7160493827160493,0.8974226804123712,0.4909090909090909,0.8484848484848485,0.7988683127572016,0.7251889096256708,0.7806063508527212,0.8093678424186899
recall,0.4188034188034188,0.1,0.15789473684210525,0.585635359116022,0.855098389982111,0.4222222222222222,0.5054347826086957,0.5631067961165048,0.9764441951766686,0.2231404958677686,0.47863247863247865,0.6917594654788418,0.48058298866981786,0.6917594654788418,0.7367951486595554
f1-score,0.5104166666666666,0.17977528089887643,0.25352112676056343,0.6385542168674698,0.7684887459807075,0.5163043478260869,0.611842105263158,0.6304347826086957,0.9352672575879668,0.3068181818181818,0.6120218579234973,0.7414657436142276,0.5421313245638063,0.7080619574366749,0.7446780099322471
support,351.0,160.0,114.0,181.0,559.0,225.0,552.0,206.0,1783.0,242.0,117.0,4490.0,4490.0,4490.0,4490.0
