index,abnormal QRS,atrial fibrillation,incomplete right bundle branch block,left anterior fascicular block,left axis deviation,left ventricular hypertrophy,myocardial infarction,myocardial ischemia,sinus rhythm,t wave abnormal,ventricular ectopics,micro avg,macro avg,weighted avg,samples avg
precision,0.7081339712918661,0.8333333333333334,0.7580645161290323,0.8175675675675675,0.823404255319149,0.7311827956989247,0.7467532467532467,0.6914893617021277,0.9152719665271967,0.5531914893617021,0.6695652173913044,0.8326928004099411,0.7498143382795863,0.810664262244458,0.8493510459612154
recall,0.42165242165242167,0.78125,0.41228070175438597,0.6685082872928176,0.6923076923076923,0.3022222222222222,0.625,0.6310679611650486,0.981491867638811,0.21487603305785125,0.6581196581196581,0.7238307349665924,0.5807978950191736,0.7238307349665924,0.757686015313134
f1-score,0.5285714285714286,0.8064516129032259,0.5340909090909091,0.7355623100303951,0.7521865889212828,0.4276729559748428,0.6804733727810651,0.6598984771573605,0.9472259810554804,0.30952380952380953,0.6637931034482758,0.7744549028952697,0.6404955044961886,0.7524088099879701,0.7756182612114816
support,351.0,160.0,114.0,181.0,559.0,225.0,552.0,206.0,1783.0,242.0,117.0,4490.0,4490.0,4490.0,4490.0
