index,1st degree av block,atrial fibrillation,premature atrial contraction,right bundle branch block,sinus rhythm,st depression,ventricular ectopics,micro avg,macro avg,weighted avg,samples avg
precision,0.9180327868852459,0.9411764705882353,0.7906976744186046,0.9581151832460733,0.7272727272727273,0.776595744680851,0.9076923076923077,0.8789712556732224,0.8599404135405778,0.8799940039083025,0.7743813682678311
recall,0.8,0.9655172413793104,0.5666666666666667,0.9336734693877551,0.735632183908046,0.8488372093023255,0.6629213483146067,0.8252840909090909,0.7876068741369585,0.8252840909090909,0.7802037845705968
f1-score,0.8549618320610688,0.9531914893617022,0.6601941747572816,0.9457364341085271,0.7314285714285715,0.8111111111111111,0.7662337662337663,0.8512820512820514,0.8175510541517184,0.8479803679624816,0.7753517709849587
support,70.0,116.0,60.0,196.0,87.0,86.0,89.0,704.0,704.0,704.0,704.0
