index,atrial fibrillation,left ventricular high voltage,nonspecific st t abnormality,sinus bradycardia,sinus rhythm,sinus tachycardia,supraventricular tachycardia,t wave abnormal,micro avg,macro avg,weighted avg,samples avg
precision,0.9152542372881356,0.5789473684210527,0.6176470588235294,0.9845758354755784,0.9629629629629629,0.9774436090225563,0.8059701492537313,0.7028985507246377,0.8797770700636943,0.8182124714965231,0.8625029582500975,0.8635904947916666
recall,0.9152542372881356,0.4296875,0.42,0.9896640826873385,0.9191919191919192,0.87248322147651,0.8852459016393442,0.5271739130434783,0.7984104046242775,0.7448375969158407,0.7984104046242775,0.8248697916666667
f1-score,0.9152542372881356,0.4932735426008969,0.5,0.9871134020618556,0.9405684754521964,0.9219858156028369,0.84375,0.6024844720496895,0.8371212121212122,0.7755537431319515,0.8259293624077696,0.8288457961309523
support,177.0,128.0,100.0,387.0,198.0,149.0,61.0,184.0,1384.0,1384.0,1384.0,1384.0
