index,abnormal QRS,atrial fibrillation,incomplete right bundle branch block,left anterior fascicular block,left axis deviation,left ventricular hypertrophy,myocardial infarction,myocardial ischemia,sinus rhythm,t wave abnormal,ventricular ectopics,micro avg,macro avg,weighted avg,samples avg
precision,0.7792207792207793,0.8191489361702128,0.4166666666666667,0.7336683417085427,0.7785714285714286,0.7155963302752294,0.7170172084130019,0.81,0.9084763390535622,0.4797979797979798,0.7903225806451613,0.7971400872515754,0.722589690047506,0.7955769622827178,0.8172240036646816
recall,0.3418803418803419,0.48125,0.7456140350877193,0.8066298342541437,0.7799642218246869,0.3466666666666667,0.6793478260869565,0.3932038834951456,0.9798093101514301,0.3925619834710744,0.4188034188034188,0.7325167037861915,0.5787028656110531,0.7325167037861915,0.76669938703837
f1-score,0.47524752475247534,0.6062992125984252,0.5345911949685535,0.768421052631579,0.7792672028596962,0.46706586826347307,0.6976744186046512,0.5294117647058822,0.9427954668105776,0.4318181818181818,0.547486033519553,0.7634633240482822,0.616370720139368,0.7457200076968098,0.7639635343025173
support,351.0,160.0,114.0,181.0,559.0,225.0,552.0,206.0,1783.0,242.0,117.0,4490.0,4490.0,4490.0,4490.0
