index,abnormal QRS,atrial fibrillation,incomplete right bundle branch block,left anterior fascicular block,left axis deviation,left ventricular hypertrophy,myocardial infarction,myocardial ischemia,sinus rhythm,t wave abnormal,ventricular ectopics,micro avg,macro avg,weighted avg,samples avg
precision,0.642512077294686,0.7938931297709924,0.41317365269461076,0.8029197080291971,0.7750511247443763,0.6432748538011696,0.7569620253164557,0.5287356321839081,0.9125132555673383,0.4745762711864407,0.6870229007633588,0.7885473475458602,0.6755122392138667,0.7732668539396876,0.8086120018323407
recall,0.3789173789173789,0.65,0.6052631578947368,0.6077348066298343,0.6779964221824687,0.4888888888888889,0.5416666666666666,0.6699029126213593,0.9652271452607964,0.11570247933884298,0.7692307692307693,0.7084632516703786,0.5882300570574311,0.7084632516703786,0.7437002377680344
f1-score,0.4767025089605734,0.7147766323024056,0.4911032028469751,0.6918238993710691,0.7232824427480917,0.5555555555555556,0.6314677930306231,0.5910064239828694,0.9381302807304442,0.18604651162790697,0.7258064516129032,0.7463632097606757,0.6114274275244925,0.7272058050131112,0.7454397005244463
support,351.0,160.0,114.0,181.0,559.0,225.0,552.0,206.0,1783.0,242.0,117.0,4490.0,4490.0,4490.0,4490.0
