index,abnormal QRS,atrial fibrillation,incomplete right bundle branch block,left anterior fascicular block,left axis deviation,left ventricular hypertrophy,myocardial infarction,myocardial ischemia,sinus rhythm,t wave abnormal,ventricular ectopics,micro avg,macro avg,weighted avg,samples avg
precision,0.5699745547073791,0.8461538461538461,0.6428571428571429,0.7888888888888889,0.7806691449814126,0.5678391959798995,0.7647058823529411,0.6646706586826348,0.9022130725681935,0.4772727272727273,0.7083333333333334,0.7846501128668172,0.7012344043434908,0.775442955353704,0.8108468032196846
recall,0.6381766381766382,0.75625,0.631578947368421,0.7845303867403315,0.7513416815742398,0.5022222222222222,0.6358695652173914,0.5388349514563107,0.9831744251261918,0.34710743801652894,0.7264957264957265,0.7741648106904232,0.663234725672182,0.7741648106904232,0.7943513731649324
f1-score,0.6021505376344086,0.7986798679867986,0.6371681415929203,0.7867036011080333,0.7657247037374658,0.5330188679245284,0.6943620178041543,0.5951742627345845,0.9409554482018249,0.4019138755980861,0.7172995780590717,0.7793721973094171,0.6793773547619888,0.7721487743484843,0.7771905144786501
support,351.0,160.0,114.0,181.0,559.0,225.0,552.0,206.0,1783.0,242.0,117.0,4490.0,4490.0,4490.0,4490.0
