index,atrial fibrillation,left ventricular high voltage,nonspecific st t abnormality,sinus bradycardia,sinus rhythm,sinus tachycardia,supraventricular tachycardia,t wave abnormal,micro avg,macro avg,weighted avg,samples avg
precision,0.8961748633879781,0.5675675675675675,0.5104166666666666,0.9922480620155039,0.9402985074626866,0.9710144927536232,0.7727272727272727,0.746031746031746,0.8709677419354839,0.7995598973266307,0.8537425830484784,0.8671875
recall,0.9265536723163842,0.328125,0.49,0.9922480620155039,0.9545454545454546,0.8993288590604027,0.8360655737704918,0.5108695652173914,0.7998554913294798,0.7422170233657036,0.7998554913294798,0.8260904947916666
f1-score,0.9111111111111111,0.4158415841584159,0.4999999999999999,0.9922480620155039,0.9473684210526316,0.9337979094076655,0.8031496062992125,0.6064516129032258,0.8338983050847457,0.7637460383684708,0.8206563931123936,0.8307617187499999
support,177.0,128.0,100.0,387.0,198.0,149.0,61.0,184.0,1384.0,1384.0,1384.0,1384.0
