index,abnormal QRS,atrial fibrillation,incomplete right bundle branch block,left anterior fascicular block,left axis deviation,left ventricular hypertrophy,myocardial infarction,myocardial ischemia,sinus rhythm,t wave abnormal,ventricular ectopics,micro avg,macro avg,weighted avg,samples avg
precision,0.6343042071197411,0.8263888888888888,0.5032679738562091,0.7634408602150538,0.851063829787234,0.6424581005586593,0.6767515923566879,0.7933884297520661,0.929035752979415,0.5432692307692307,0.9318181818181818,0.8009060562708631,0.7359260952819425,0.8028253054137063,0.8121621621621621
recall,0.5584045584045584,0.74375,0.6754385964912281,0.7845303867403315,0.5724508050089445,0.5111111111111111,0.769927536231884,0.46601941747572817,0.9618620302860348,0.4669421487603306,0.3504273504273504,0.7481069042316258,0.623714903721591,0.7481069042316258,0.7778406736033854
f1-score,0.5939393939393939,0.7828947368421053,0.5767790262172284,0.773841961852861,0.6844919786096256,0.5693069306930694,0.7203389830508474,0.5871559633027523,0.9451639570129513,0.5022222222222222,0.5093167701863354,0.77360663288807,0.6586774476299447,0.7650814225007624,0.7685408498967822
support,351.0,160.0,114.0,181.0,559.0,225.0,552.0,206.0,1783.0,242.0,117.0,4490.0,4490.0,4490.0,4490.0
