index,atrial fibrillation,left ventricular high voltage,nonspecific st t abnormality,sinus bradycardia,sinus rhythm,sinus tachycardia,supraventricular tachycardia,t wave abnormal,micro avg,macro avg,weighted avg,samples avg
precision,0.8909090909090909,0.47058823529411764,0.5849056603773585,0.9771573604060914,0.9841269841269841,0.8910256410256411,0.75,0.5891891891891892,0.8398768283294842,0.7672377701660591,0.8210675158267512,0.8456217447916666
recall,0.8305084745762712,0.3125,0.31,0.9948320413436692,0.9393939393939394,0.9328859060402684,0.8852459016393442,0.592391304347826,0.7882947976878613,0.7247196959176647,0.7882947976878613,0.8203125
f1-score,0.8596491228070176,0.37558685446009393,0.40522875816993464,0.9859154929577465,0.9612403100775193,0.9114754098360656,0.8120300751879699,0.5907859078590786,0.8132687290346626,0.7377389914194283,0.7996235858329729,0.8148158482142858
support,177.0,128.0,100.0,387.0,198.0,149.0,61.0,184.0,1384.0,1384.0,1384.0,1384.0
