index,1st degree av block,atrial fibrillation,premature atrial contraction,right bundle branch block,sinus rhythm,st depression,ventricular ectopics,micro avg,macro avg,weighted avg,samples avg
precision,0.8450704225352113,0.8898305084745762,0.7142857142857143,0.93048128342246,0.7424242424242424,0.6979166666666666,0.8714285714285714,0.8386605783866058,0.8130624870339204,0.8377494719458038,0.7328966521106259
recall,0.8571428571428571,0.9051724137931034,0.5833333333333334,0.8877551020408163,0.5632183908045977,0.7790697674418605,0.6853932584269663,0.7826704545454546,0.7515835889976478,0.7826704545454546,0.7379912663755459
f1-score,0.851063829787234,0.8974358974358974,0.6422018348623854,0.9086161879895561,0.6405228758169934,0.7362637362637364,0.7672955974842768,0.8096987509184425,0.7776285656628685,0.8062945949094132,0.7331392527899079
support,70.0,116.0,60.0,196.0,87.0,86.0,89.0,704.0,704.0,704.0,704.0
