index,abnormal QRS,atrial fibrillation,incomplete right bundle branch block,left anterior fascicular block,left axis deviation,left ventricular hypertrophy,myocardial infarction,myocardial ischemia,sinus rhythm,t wave abnormal,ventricular ectopics,micro avg,macro avg,weighted avg,samples avg
precision,0.7165991902834008,0.8343558282208589,0.583941605839416,0.7156398104265402,0.8029978586723768,0.6982758620689655,0.8114143920595533,0.6206896551724138,0.9250535331905781,0.4493927125506073,0.8793103448275862,0.8114077669902913,0.7306973448465723,0.807099527586715,0.8210272015356762
recall,0.5042735042735043,0.85,0.7017543859649122,0.8342541436464088,0.6708407871198568,0.36,0.592391304347826,0.6116504854368932,0.9691531127313516,0.45867768595041325,0.4358974358974359,0.744543429844098,0.6353538950335094,0.744543429844098,0.7729184390201339
f1-score,0.5919732441471571,0.8421052631578947,0.6374501992031871,0.770408163265306,0.7309941520467836,0.4750733137829911,0.6848167539267015,0.6161369193154034,0.9465899753492194,0.45398773006134974,0.582857142857143,0.7765389082462254,0.666581168828467,0.7663523772026118,0.7686591008624907
support,351.0,160.0,114.0,181.0,559.0,225.0,552.0,206.0,1783.0,242.0,117.0,4490.0,4490.0,4490.0,4490.0
