index,atrial fibrillation,left ventricular high voltage,nonspecific st t abnormality,sinus bradycardia,sinus rhythm,sinus tachycardia,supraventricular tachycardia,t wave abnormal,micro avg,macro avg,weighted avg,samples avg
precision,0.8810810810810811,0.52,0.7162162162162162,0.9575,0.9722222222222222,0.968503937007874,0.9130434782608695,0.8029197080291971,0.8815052041633307,0.8414358303521825,0.8706108656347047,0.856201171875
recall,0.9209039548022598,0.40625,0.53,0.9896640826873385,0.8838383838383839,0.825503355704698,0.6885245901639344,0.5978260869565217,0.7955202312138728,0.7303138067691421,0.7955202312138728,0.8154296875
f1-score,0.9005524861878452,0.45614035087719296,0.6091954022988506,0.9733163913595934,0.925925925925926,0.8913043478260869,0.7850467289719626,0.6853582554517135,0.8363083934675275,0.7783549861123964,0.8276793275169092,0.8208286830357143
support,177.0,128.0,100.0,387.0,198.0,149.0,61.0,184.0,1384.0,1384.0,1384.0,1384.0
