index,atrial fibrillation,left ventricular high voltage,nonspecific st t abnormality,sinus bradycardia,sinus rhythm,sinus tachycardia,supraventricular tachycardia,t wave abnormal,micro avg,macro avg,weighted avg,samples avg
precision,0.9470198675496688,0.36813186813186816,0.5157894736842106,0.9746192893401016,0.9825581395348837,0.9246575342465754,0.7941176470588235,0.5743589743589743,0.7933000712758375,0.7601565992381383,0.8164333237019487,0.7954915364583333
recall,0.807909604519774,0.5234375,0.49,0.9922480620155039,0.8535353535353535,0.9060402684563759,0.8852459016393442,0.6086956521739131,0.8041907514450867,0.758389042792533,0.8041907514450867,0.8173014322916666
f1-score,0.8719512195121951,0.4322580645161291,0.5025641025641027,0.9833546734955186,0.9135135135135135,0.9152542372881356,0.8372093023255813,0.5910290237467019,0.798708288482239,0.7558917671202348,0.8074759623220815,0.7857700892857142
support,177.0,128.0,100.0,387.0,198.0,149.0,61.0,184.0,1384.0,1384.0,1384.0,1384.0
