index,1st degree av block,atrial fibrillation,premature atrial contraction,right bundle branch block,sinus rhythm,st depression,ventricular ectopics,micro avg,macro avg,weighted avg,samples avg
precision,0.8939393939393939,0.9565217391304348,0.7659574468085106,0.9333333333333333,0.6836734693877551,0.7926829268292683,0.90625,0.8650674662668666,0.8474797584898138,0.8675136832397495,0.7692867540029112
recall,0.8428571428571429,0.9482758620689655,0.6,0.9285714285714286,0.7701149425287356,0.7558139534883721,0.651685393258427,0.8196022727272727,0.7853312461104388,0.8196022727272727,0.7751091703056768
f1-score,0.8676470588235294,0.9523809523809523,0.6728971962616823,0.9309462915601023,0.7243243243243244,0.7738095238095238,0.758169934640523,0.8417213712618526,0.8114536116858053,0.8396189615939779,0.7700145560407569
support,70.0,116.0,60.0,196.0,87.0,86.0,89.0,704.0,704.0,704.0,704.0
