index,atrial fibrillation,left ventricular high voltage,nonspecific st t abnormality,sinus bradycardia,sinus rhythm,sinus tachycardia,supraventricular tachycardia,t wave abnormal,micro avg,macro avg,weighted avg,samples avg
precision,0.9425287356321839,0.618421052631579,0.6363636363636364,0.9948186528497409,0.979381443298969,0.9395973154362416,0.7714285714285715,0.7225433526011561,0.8876058506543495,0.8256353450302598,0.8732220438886585,0.8902180989583333
recall,0.9265536723163842,0.3671875,0.49,0.9922480620155039,0.9595959595959596,0.9395973154362416,0.8852459016393442,0.6793478260869565,0.833092485549133,0.7799720296362987,0.833092485549133,0.8534342447916666
f1-score,0.9344729344729344,0.4607843137254902,0.5536723163841808,0.9935316946959897,0.9693877551020409,0.9395973154362416,0.8244274809160306,0.7002801120448179,0.8594856503913529,0.7970192403472157,0.8492243435741812,0.8571893601190477
support,177.0,128.0,100.0,387.0,198.0,149.0,61.0,184.0,1384.0,1384.0,1384.0,1384.0
