index,atrial fibrillation,left ventricular high voltage,nonspecific st t abnormality,sinus bradycardia,sinus rhythm,sinus tachycardia,supraventricular tachycardia,t wave abnormal,micro avg,macro avg,weighted avg,samples avg
precision,0.8622448979591837,0.49382716049382713,0.5,0.9846153846153847,0.9888888888888889,0.9121621621621622,0.7796610169491526,0.64,0.8596774193548387,0.7701749388835749,0.8265208537024563,0.8512369791666666
recall,0.9548022598870056,0.3125,0.18,0.9922480620155039,0.898989898989899,0.9060402684563759,0.7540983606557377,0.5217391304347826,0.7702312138728323,0.6900522475549131,0.7702312138728323,0.8076171875
f1-score,0.9061662198391421,0.3827751196172249,0.2647058823529412,0.9884169884169884,0.9417989417989419,0.9090909090909091,0.7666666666666666,0.5748502994011976,0.8125,0.7168088783980016,0.7896274975884571,0.81103515625
support,177.0,128.0,100.0,387.0,198.0,149.0,61.0,184.0,1384.0,1384.0,1384.0,1384.0
