index,atrial fibrillation,left ventricular high voltage,nonspecific st t abnormality,sinus bradycardia,sinus rhythm,sinus tachycardia,supraventricular tachycardia,t wave abnormal,micro avg,macro avg,weighted avg,samples avg
precision,0.9032258064516129,0.6666666666666666,0.673469387755102,0.9553349875930521,0.9574468085106383,0.8881578947368421,0.6901408450704225,0.6737967914438503,0.8619313647246608,0.8010298985285234,0.8455585806540103,0.8518880208333334
recall,0.7909604519774012,0.25,0.33,0.9948320413436692,0.9090909090909091,0.9060402684563759,0.8032786885245902,0.6847826086956522,0.7803468208092486,0.7086231210110747,0.7803468208092486,0.8065592447916666
f1-score,0.8433734939759038,0.36363636363636365,0.4429530201342282,0.9746835443037974,0.9326424870466321,0.8970099667774086,0.7424242424242424,0.6792452830188679,0.8191126279863482,0.7344960501646804,0.7990658273024561,0.8121558779761904
support,177.0,128.0,100.0,387.0,198.0,149.0,61.0,184.0,1384.0,1384.0,1384.0,1384.0
