index,abnormal QRS,atrial fibrillation,incomplete right bundle branch block,left anterior fascicular block,left axis deviation,left ventricular hypertrophy,myocardial infarction,myocardial ischemia,sinus rhythm,t wave abnormal,ventricular ectopics,micro avg,macro avg,weighted avg,samples avg
precision,0.6468401486988847,0.75,0.5596330275229358,0.7483870967741936,0.7513812154696132,0.3897058823529412,0.7568181818181818,0.6321243523316062,0.9465992130410343,0.4713656387665198,0.7876106194690266,0.7671945701357467,0.6764059432949944,0.7786172876791676,0.7870383700892175
recall,0.49572649572649574,0.8625,0.5350877192982456,0.6408839779005525,0.7298747763864043,0.7066666666666667,0.6032608695652174,0.5922330097087378,0.944475602916433,0.44214876033057854,0.7606837606837606,0.7552338530066816,0.6648674217439176,0.7552338530066816,0.7772615230242348
f1-score,0.5612903225806452,0.8023255813953489,0.5470852017937219,0.6904761904761905,0.7404718693284937,0.5023696682464455,0.6713709677419356,0.6115288220551378,0.9455362156092083,0.4562899786780384,0.7739130434782607,0.7611672278338945,0.6638779873984934,0.7623872238162545,0.754343234004251
support,351.0,160.0,114.0,181.0,559.0,225.0,552.0,206.0,1783.0,242.0,117.0,4490.0,4490.0,4490.0,4490.0
