index,abnormal QRS,atrial fibrillation,incomplete right bundle branch block,left anterior fascicular block,left axis deviation,left ventricular hypertrophy,myocardial infarction,myocardial ischemia,sinus rhythm,t wave abnormal,ventricular ectopics,micro avg,macro avg,weighted avg,samples avg
precision,0.7964071856287425,0.772972972972973,0.45751633986928103,0.6986301369863014,0.8692307692307693,0.676056338028169,0.7629107981220657,0.6342592592592593,0.9263271939328277,0.5517241379310345,0.7027027027027027,0.8209987195902689,0.7135216213331024,0.810466637811997,0.8358135375084527
recall,0.3789173789173789,0.89375,0.6140350877192983,0.8453038674033149,0.6064400715563506,0.4266666666666667,0.5887681159420289,0.6650485436893204,0.9590577678070668,0.19834710743801653,0.4444444444444444,0.7140311804008909,0.6018890046894442,0.7140311804008909,0.7486617367973301
f1-score,0.5135135135135135,0.8289855072463769,0.5243445692883895,0.765,0.7144362486828241,0.5231607629427792,0.6646216768916154,0.6492890995260664,0.9424083769633507,0.2917933130699088,0.544502617801047,0.7637879690291841,0.6329141532659883,0.7446462993975945,0.7623723327113157
support,351.0,160.0,114.0,181.0,559.0,225.0,552.0,206.0,1783.0,242.0,117.0,4490.0,4490.0,4490.0,4490.0
