index,abnormal QRS,atrial fibrillation,incomplete right bundle branch block,left anterior fascicular block,left axis deviation,left ventricular hypertrophy,myocardial infarction,myocardial ischemia,sinus rhythm,t wave abnormal,ventricular ectopics,micro avg,macro avg,weighted avg,samples avg
precision,0.6414473684210527,0.8225806451612904,0.5546218487394958,0.7376237623762376,0.7656529516994633,0.7209302325581395,0.740343347639485,0.6551724137931034,0.9008686765457332,0.5816326530612245,0.5677966101694916,0.7941107735452209,0.6989700463786106,0.7796833462057111,0.8220022686124382
recall,0.5555555555555556,0.6375,0.5789473684210527,0.8232044198895028,0.7656529516994633,0.41333333333333333,0.625,0.6456310679611651,0.9887829500841279,0.23553719008264462,0.5726495726495726,0.7567928730512249,0.6219813099705833,0.7567928730512249,0.7819514429683921
f1-score,0.5954198473282443,0.7183098591549296,0.5665236051502146,0.7780678851174934,0.7656529516994633,0.5254237288135594,0.6777996070726915,0.6503667481662592,0.9427807486631016,0.3352941176470588,0.5702127659574469,0.775002850952218,0.647804714979133,0.7600247971567347,0.7746765424731527
support,351.0,160.0,114.0,181.0,559.0,225.0,552.0,206.0,1783.0,242.0,117.0,4490.0,4490.0,4490.0,4490.0
