index,atrial fibrillation,left ventricular high voltage,nonspecific st t abnormality,sinus bradycardia,sinus rhythm,sinus tachycardia,supraventricular tachycardia,t wave abnormal,micro avg,macro avg,weighted avg,samples avg
precision,0.8846153846153846,0.5538461538461539,0.5882352941176471,0.9871134020618557,0.9528795811518325,0.9310344827586207,0.8,0.668918918918919,0.8728744939271255,0.7958304021838016,0.8436279066901098,0.8694661458333334
recall,0.9096045197740112,0.28125,0.3,0.9896640826873385,0.9191919191919192,0.9060402684563759,0.8524590163934426,0.5380434782608695,0.7789017341040463,0.7120316605954946,0.7789017341040463,0.8146158854166666
f1-score,0.8969359331476322,0.37305699481865284,0.3973509933774835,0.9883870967741935,0.93573264781491,0.9183673469387755,0.8253968253968254,0.5963855421686747,0.8232149675448645,0.7414516725546434,0.8027065074875375,0.8230933779761904
support,177.0,128.0,100.0,387.0,198.0,149.0,61.0,184.0,1384.0,1384.0,1384.0,1384.0
