index,atrial fibrillation,left ventricular high voltage,nonspecific st t abnormality,sinus bradycardia,sinus rhythm,sinus tachycardia,supraventricular tachycardia,t wave abnormal,micro avg,macro avg,weighted avg,samples avg
precision,0.9349112426035503,0.5679012345679012,0.6341463414634146,0.9973821989528796,0.9547738693467337,0.9558823529411765,0.6436781609195402,0.7818181818181819,0.8820224719101124,0.8088116978266722,0.8686147421214969,0.8692220052083333
recall,0.8926553672316384,0.359375,0.52,0.9844961240310077,0.9595959595959596,0.87248322147651,0.9180327868852459,0.4673913043478261,0.7940751445086706,0.7467537204460235,0.7940751445086706,0.8234049479166667
f1-score,0.9132947976878614,0.44019138755980863,0.5714285714285714,0.9908972691807543,0.9571788413098236,0.9122807017543859,0.7567567567567568,0.5850340136054423,0.8357414448669201,0.7658827924104255,0.8221657752315955,0.8302594866071428
support,177.0,128.0,100.0,387.0,198.0,149.0,61.0,184.0,1384.0,1384.0,1384.0,1384.0
