index,atrial fibrillation,left ventricular high voltage,nonspecific st t abnormality,sinus bradycardia,sinus rhythm,sinus tachycardia,supraventricular tachycardia,t wave abnormal,micro avg,macro avg,weighted avg,samples avg
precision,0.8685714285714285,0.4523809523809524,0.4214876033057851,0.9674185463659147,0.9689119170984456,0.9324324324324325,0.8275862068965517,0.688622754491018,0.828996282527881,0.7659264801928161,0.8209161705209926,0.836181640625
recall,0.8587570621468926,0.296875,0.51,0.9974160206718347,0.9444444444444444,0.9261744966442953,0.7868852459016393,0.625,0.805635838150289,0.7431940337261382,0.805635838150289,0.82373046875
f1-score,0.8636363636363636,0.3584905660377359,0.46153846153846156,0.9821882951653944,0.9565217391304347,0.9292929292929293,0.8067226890756303,0.6552706552706552,0.8171491388787102,0.7517077123934506,0.8111611131612767,0.8128487723214286
support,177.0,128.0,100.0,387.0,198.0,149.0,61.0,184.0,1384.0,1384.0,1384.0,1384.0
