index,abnormal QRS,atrial fibrillation,incomplete right bundle branch block,left anterior fascicular block,left axis deviation,left ventricular hypertrophy,myocardial infarction,myocardial ischemia,sinus rhythm,t wave abnormal,ventricular ectopics,micro avg,macro avg,weighted avg,samples avg
precision,0.627177700348432,0.7808988764044944,0.535483870967742,0.775,0.764378478664193,0.6544502617801047,0.7153024911032029,0.6804733727810651,0.9120249869859448,0.5480769230769231,0.803921568627451,0.7946428571428571,0.7088353209763231,0.7814700920719339,0.8239556748031325
recall,0.5128205128205128,0.86875,0.7280701754385965,0.6850828729281768,0.7370304114490162,0.5555555555555556,0.7282608695652174,0.558252427184466,0.9826135726303982,0.23553719008264462,0.7008547008547008,0.7730512249443207,0.6629843898644805,0.7730512249443207,0.7977226621294418
f1-score,0.5642633228840125,0.8224852071005918,0.617100371747212,0.7272727272727273,0.7504553734061931,0.6009615384615385,0.7217235188509875,0.6133333333333333,0.9460043196544276,0.32947976878612717,0.7488584474885844,0.7836983517724091,0.6765398117259759,0.771753910643764,0.7845663803290922
support,351.0,160.0,114.0,181.0,559.0,225.0,552.0,206.0,1783.0,242.0,117.0,4490.0,4490.0,4490.0,4490.0
