index,abnormal QRS,atrial fibrillation,incomplete right bundle branch block,left anterior fascicular block,left axis deviation,left ventricular hypertrophy,myocardial infarction,myocardial ischemia,sinus rhythm,t wave abnormal,ventricular ectopics,micro avg,macro avg,weighted avg,samples avg
precision,0.7170731707317073,0.869281045751634,0.7045454545454546,0.708994708994709,0.7972166998011928,0.6102941176470589,0.6844660194174758,0.6880733944954128,0.9282998370450842,0.4583333333333333,0.8148148148148148,0.8153769594426474,0.7255811451434433,0.793621638638899,0.8263486246537093
recall,0.4188034188034188,0.83125,0.543859649122807,0.7403314917127072,0.7173524150268337,0.3688888888888889,0.7663043478260869,0.3640776699029126,0.9584969153112731,0.18181818181818182,0.5641025641025641,0.7298440979955456,0.5868441402286977,0.7298440979955456,0.7608402591453438
f1-score,0.5287769784172662,0.8498402555910544,0.613861386138614,0.7243243243243244,0.7551789077212807,0.45983379501385047,0.7230769230769231,0.4761904761904762,0.9431567328918322,0.2603550295857988,0.6666666666666667,0.7702432718298272,0.6364783159652807,0.7501456004176938,0.7673850555206487
support,351.0,160.0,114.0,181.0,559.0,225.0,552.0,206.0,1783.0,242.0,117.0,4490.0,4490.0,4490.0,4490.0
