index,atrial fibrillation,left ventricular high voltage,nonspecific st t abnormality,sinus bradycardia,sinus rhythm,sinus tachycardia,supraventricular tachycardia,t wave abnormal,micro avg,macro avg,weighted avg,samples avg
precision,0.8316831683168316,0.5528455284552846,0.5842696629213483,0.9973821989528796,0.9368932038834952,0.9448275862068966,0.8409090909090909,0.7375886524822695,0.8558558558558559,0.803299886516012,0.8494811828303516,0.8588053385416666
recall,0.9491525423728814,0.53125,0.52,0.9844961240310077,0.9747474747474747,0.9194630872483222,0.6065573770491803,0.5652173913043478,0.8236994219653179,0.7563604995941517,0.8236994219653179,0.836669921875
f1-score,0.8865435356200527,0.5418326693227092,0.5502645502645502,0.9908972691807543,0.9554455445544554,0.9319727891156463,0.7047619047619049,0.6399999999999999,0.8394698085419735,0.7752147828525091,0.8335037032282895,0.8322684151785714
support,177.0,128.0,100.0,387.0,198.0,149.0,61.0,184.0,1384.0,1384.0,1384.0,1384.0
