index,atrial fibrillation,left ventricular high voltage,nonspecific st t abnormality,sinus bradycardia,sinus rhythm,sinus tachycardia,supraventricular tachycardia,t wave abnormal,micro avg,macro avg,weighted avg,samples avg
precision,0.8288770053475936,0.4935064935064935,0.5287356321839081,0.9896103896103896,0.9884393063583815,0.8607594936708861,0.8775510204081632,0.6865671641791045,0.8496,0.781755813158115,0.8306040193516918,0.8370768229166666
recall,0.8757062146892656,0.296875,0.46,0.9844961240310077,0.8636363636363636,0.912751677852349,0.7049180327868853,0.5,0.7673410404624278,0.6997979266244839,0.7673410404624278,0.7960611979166667
f1-score,0.8516483516483517,0.37073170731707317,0.49197860962566853,0.9870466321243523,0.9218328840970351,0.8859934853420195,0.7818181818181819,0.5786163522012578,0.806378132118451,0.7337082755217426,0.7934050452573331,0.7999860491071429
support,177.0,128.0,100.0,387.0,198.0,149.0,61.0,184.0,1384.0,1384.0,1384.0,1384.0
