index,atrial fibrillation,left ventricular high voltage,nonspecific st t abnormality,sinus bradycardia,sinus rhythm,sinus tachycardia,supraventricular tachycardia,t wave abnormal,micro avg,macro avg,weighted avg,samples avg
precision,0.9425287356321839,0.6419753086419753,0.7166666666666667,0.9821882951653944,0.9792746113989638,0.9776119402985075,0.8088235294117647,0.7,0.8932190179267342,0.8436336359019321,0.8803993858846342,0.8837890625
recall,0.9265536723163842,0.40625,0.43,0.9974160206718347,0.9545454545454546,0.8791946308724832,0.9016393442622951,0.6847826086956522,0.8280346820809249,0.772547716420513,0.8280346820809249,0.846435546875
f1-score,0.9344729344729344,0.49760765550239233,0.5375,0.9897435897435898,0.9667519181585678,0.9257950530035336,0.8527131782945736,0.6923076923076924,0.859392575928009,0.7996115026854105,0.8487259541114828,0.8513671875
support,177.0,128.0,100.0,387.0,198.0,149.0,61.0,184.0,1384.0,1384.0,1384.0,1384.0
