index,atrial fibrillation,left ventricular high voltage,nonspecific st t abnormality,sinus bradycardia,sinus rhythm,sinus tachycardia,supraventricular tachycardia,t wave abnormal,micro avg,macro avg,weighted avg,samples avg
precision,0.9147727272727273,0.6307692307692307,0.5454545454545454,0.9771573604060914,0.968421052631579,0.952054794520548,0.8153846153846154,0.6623376623376623,0.8681148176881304,0.8082939985971249,0.8530135198710634,0.8721516927083333
recall,0.9096045197740112,0.3203125,0.54,0.9948320413436692,0.9292929292929293,0.9328859060402684,0.8688524590163934,0.5543478260869565,0.8085260115606936,0.7562660226942786,0.8085260115606936,0.8340657552083334
f1-score,0.9121813031161472,0.42487046632124353,0.542713567839196,0.9859154929577465,0.9484536082474226,0.9423728813559323,0.8412698412698412,0.6035502958579881,0.8372615039281706,0.7751659321206896,0.8253166556427735,0.83701171875
support,177.0,128.0,100.0,387.0,198.0,149.0,61.0,184.0,1384.0,1384.0,1384.0,1384.0
