index,atrial fibrillation,left ventricular high voltage,nonspecific st t abnormality,sinus bradycardia,sinus rhythm,sinus tachycardia,supraventricular tachycardia,t wave abnormal,micro avg,macro avg,weighted avg,samples avg
precision,0.9239766081871345,0.6623376623376623,0.7666666666666667,0.9973544973544973,0.9086538461538461,0.9324324324324325,0.8181818181818182,0.6782178217821783,0.88046875,0.8359776691370295,0.8703128624704527,0.87255859375
recall,0.8926553672316384,0.3984375,0.23,0.9741602067183462,0.9545454545454546,0.9261744966442953,0.8852459016393442,0.7445652173913043,0.8143063583815029,0.7507230180212979,0.8143063583815029,0.837890625
f1-score,0.9080459770114941,0.49756097560975604,0.35384615384615387,0.9856209150326797,0.9310344827586207,0.9292929292929293,0.8503937007874016,0.7098445595854922,0.8460960960960962,0.7707049617405659,0.8284152753424575,0.8396995907738095
support,177.0,128.0,100.0,387.0,198.0,149.0,61.0,184.0,1384.0,1384.0,1384.0,1384.0
