index,atrial fibrillation,left ventricular high voltage,nonspecific st t abnormality,sinus bradycardia,sinus rhythm,sinus tachycardia,supraventricular tachycardia,t wave abnormal,micro avg,macro avg,weighted avg,samples avg
precision,0.9060402684563759,0.6666666666666666,0.8214285714285714,0.987146529562982,0.9587628865979382,0.9463087248322147,0.82,0.7361963190184049,0.908311910882605,0.8553187458203941,0.8859726872685125,0.8604329427083333
recall,0.7627118644067796,0.234375,0.23,0.9922480620155039,0.9393939393939394,0.9463087248322147,0.6721311475409836,0.6521739130434783,0.7658959537572254,0.6786678314041125,0.7658959537572254,0.796142578125
f1-score,0.8282208588957055,0.3468208092485549,0.359375,0.9896907216494846,0.9489795918367346,0.9463087248322147,0.7387387387387387,0.69164265129683,0.831046648373187,0.7312221370622829,0.802860718910447,0.8117978050595238
support,177.0,128.0,100.0,387.0,198.0,149.0,61.0,184.0,1384.0,1384.0,1384.0,1384.0
