index,abnormal QRS,atrial fibrillation,incomplete right bundle branch block,left anterior fascicular block,left axis deviation,left ventricular hypertrophy,myocardial infarction,myocardial ischemia,sinus rhythm,t wave abnormal,ventricular ectopics,micro avg,macro avg,weighted avg,samples avg
precision,0.6866197183098591,0.8322147651006712,0.6699029126213593,0.8026315789473685,0.7763401109057301,0.6838709677419355,0.6996336996336996,0.6488888888888888,0.9271664008506114,0.5317919075144508,0.7311827956989247,0.806136680613668,0.7263857951103181,0.7952999678953764,0.8322426542765525
recall,0.5555555555555556,0.775,0.6052631578947368,0.6740331491712708,0.7513416815742398,0.4711111111111111,0.6920289855072463,0.7087378640776699,0.9781267526640494,0.38016528925619836,0.5811965811965812,0.7723830734966592,0.6520509207280599,0.7723830734966592,0.7918635342364156
f1-score,0.6141732283464566,0.8025889967637541,0.6359447004608295,0.7327327327327329,0.7636363636363636,0.5578947368421053,0.6958105646630237,0.6774941995359629,0.9519650655021834,0.4433734939759036,0.6476190476190478,0.7888989990900819,0.6839302845525785,0.7807534897268497,0.7869951649612668
support,351.0,160.0,114.0,181.0,559.0,225.0,552.0,206.0,1783.0,242.0,117.0,4490.0,4490.0,4490.0,4490.0
