index,atrial fibrillation,left ventricular high voltage,nonspecific st t abnormality,sinus bradycardia,sinus rhythm,sinus tachycardia,supraventricular tachycardia,t wave abnormal,micro avg,macro avg,weighted avg,samples avg
precision,0.8581560283687943,0.5268817204301075,0.5757575757575758,0.9416058394160584,0.9510869565217391,0.8926174496644296,0.7647058823529411,0.6890756302521008,0.8434925864909391,0.7749858853454683,0.8208554095717651,0.8103841145833333
recall,0.6836158192090396,0.3828125,0.38,1.0,0.8838383838383839,0.8926174496644296,0.639344262295082,0.44565217391304346,0.7398843930635838,0.6634850736149973,0.7398843930635838,0.764892578125
f1-score,0.7610062893081762,0.4434389140271493,0.45783132530120485,0.9699248120300751,0.9162303664921467,0.8926174496644297,0.6964285714285714,0.5412541254125413,0.7882986913010007,0.7098414817080368,0.7724630372017901,0.7701311383928571
support,177.0,128.0,100.0,387.0,198.0,149.0,61.0,184.0,1384.0,1384.0,1384.0,1384.0
