index,atrial fibrillation,left ventricular high voltage,nonspecific st t abnormality,sinus bradycardia,sinus rhythm,sinus tachycardia,supraventricular tachycardia,t wave abnormal,micro avg,macro avg,weighted avg,samples avg
precision,0.861878453038674,0.6567164179104478,0.6607142857142857,0.9896640826873385,0.9942196531791907,0.9370629370629371,0.75,0.7322834645669292,0.8901830282861897,0.8228174117699754,0.868967949916173,0.860107421875
recall,0.8813559322033898,0.34375,0.37,0.9896640826873385,0.8686868686868687,0.8993288590604027,0.8360655737704918,0.5054347826086957,0.773121387283237,0.7117857623771484,0.773121387283237,0.8033854166666666
f1-score,0.8715083798882682,0.45128205128205123,0.4743589743589744,0.9896640826873385,0.9272237196765498,0.9178082191780822,0.7906976744186046,0.5980707395498391,0.8275328692962104,0.7525767301299635,0.8100276579555058,0.8151553199404762
support,177.0,128.0,100.0,387.0,198.0,149.0,61.0,184.0,1384.0,1384.0,1384.0,1384.0
