index,atrial fibrillation,left ventricular high voltage,nonspecific st t abnormality,sinus bradycardia,sinus rhythm,sinus tachycardia,supraventricular tachycardia,t wave abnormal,micro avg,macro avg,weighted avg,samples avg
precision,0.8786127167630058,0.7111111111111111,0.4748201438848921,0.9696969696969697,0.9883040935672515,0.9025974025974026,0.7361111111111112,0.6789473684210526,0.8388059701492537,0.7925251146440996,0.844863968086034,0.8374837239583333
recall,0.8587570621468926,0.25,0.66,0.9922480620155039,0.8535353535353535,0.9328859060402684,0.8688524590163934,0.7010869565217391,0.8121387283236994,0.7646707249095189,0.8121387283236994,0.8257649739583334
f1-score,0.8685714285714285,0.3699421965317919,0.5523012552301255,0.9808429118773947,0.9159891598915989,0.9174917491749175,0.7969924812030076,0.6898395721925134,0.8252569750367106,0.7614963443340973,0.8161309417306226,0.8157133556547619
support,177.0,128.0,100.0,387.0,198.0,149.0,61.0,184.0,1384.0,1384.0,1384.0,1384.0
