index,abnormal QRS,atrial fibrillation,incomplete right bundle branch block,left anterior fascicular block,left axis deviation,left ventricular hypertrophy,myocardial infarction,myocardial ischemia,sinus rhythm,t wave abnormal,ventricular ectopics,micro avg,macro avg,weighted avg,samples avg
precision,0.7320574162679426,0.8632478632478633,0.6290322580645161,0.8098591549295775,0.7563451776649747,0.6831683168316832,0.7313725490196078,0.6310160427807486,0.9383675735702388,0.46524064171123,0.6641221374045801,0.8092682926829269,0.7185299210448147,0.7988825572853031,0.8123988395174836
recall,0.4358974358974359,0.63125,0.6842105263157895,0.6353591160220995,0.7996422182468694,0.30666666666666664,0.6757246376811594,0.5728155339805825,0.9478407178911946,0.359504132231405,0.7435897435897436,0.7389755011135858,0.6175000662293587,0.7389755011135858,0.7644035076238466
f1-score,0.5464285714285714,0.7292418772563177,0.6554621848739496,0.7120743034055728,0.7773913043478261,0.4233128834355828,0.7024482109227872,0.6005089058524172,0.9430803571428571,0.4055944055944056,0.7016129032258065,0.7725261932479627,0.654286900680554,0.7606016669220212,0.7619521517826603
support,351.0,160.0,114.0,181.0,559.0,225.0,552.0,206.0,1783.0,242.0,117.0,4490.0,4490.0,4490.0,4490.0
