index,abnormal QRS,atrial fibrillation,incomplete right bundle branch block,left anterior fascicular block,left axis deviation,left ventricular hypertrophy,myocardial infarction,myocardial ischemia,sinus rhythm,t wave abnormal,ventricular ectopics,micro avg,macro avg,weighted avg,samples avg
precision,0.6861313868613139,0.7295918367346939,0.5367647058823529,0.7184466019417476,0.7198697068403909,0.8285714285714286,0.6417704011065007,0.7074829931972789,0.9225874867444327,0.5853658536585366,0.7076923076923077,0.7851784496476472,0.7076613372028168,0.7810831499109987,0.8227657439521846
recall,0.5356125356125356,0.89375,0.6403508771929824,0.8176795580110497,0.7906976744186046,0.2577777777777778,0.8405797101449275,0.5048543689320388,0.975883342680875,0.19834710743801653,0.39316239316239315,0.7692650334075724,0.6226086677610184,0.7692650334075724,0.7908655628994613
f1-score,0.6016,0.8033707865168539,0.5840000000000001,0.764857881136951,0.7536231884057971,0.39322033898305087,0.7278431372549019,0.5892351274787535,0.9484873262469338,0.2962962962962963,0.5054945054945055,0.7771402857464281,0.6334571443467312,0.7571531074585045,0.7788347449364399
support,351.0,160.0,114.0,181.0,559.0,225.0,552.0,206.0,1783.0,242.0,117.0,4490.0,4490.0,4490.0,4490.0
