index,abnormal QRS,atrial fibrillation,incomplete right bundle branch block,left anterior fascicular block,left axis deviation,left ventricular hypertrophy,myocardial infarction,myocardial ischemia,sinus rhythm,t wave abnormal,ventricular ectopics,micro avg,macro avg,weighted avg,samples avg
precision,0.4988179669030733,0.722972972972973,0.5555555555555556,0.8043478260869565,0.6905132192846034,0.6077348066298343,0.6796116504854369,0.5169811320754717,0.9351291918636614,0.5428571428571428,0.8292682926829268,0.7606310013717421,0.671253614308876,0.7571922505944946,0.7884562528630324
recall,0.6011396011396012,0.66875,0.43859649122807015,0.6132596685082873,0.7942754919499105,0.4888888888888889,0.6340579710144928,0.6650485436893204,0.9540100953449243,0.15702479338842976,0.5811965811965812,0.7409799554565701,0.5996589205771369,0.7409799554565701,0.7654298366162773
f1-score,0.545219638242894,0.6948051948051949,0.4901960784313725,0.6959247648902822,0.7387687188019966,0.541871921182266,0.6560449859418932,0.5817409766454352,0.9444752915047196,0.24358974358974356,0.6834170854271358,0.7506768953068592,0.6196413090420848,0.74034788213368,0.7484058899313136
support,351.0,160.0,114.0,181.0,559.0,225.0,552.0,206.0,1783.0,242.0,117.0,4490.0,4490.0,4490.0,4490.0
