index,1st degree av block,atrial fibrillation,premature atrial contraction,right bundle branch block,sinus rhythm,st depression,ventricular ectopics,micro avg,macro avg,weighted avg,samples avg
precision,0.8787878787878788,0.9173553719008265,0.6666666666666666,0.9393939393939394,0.7126436781609196,0.7755102040816326,0.8709677419354839,0.8514705882352941,0.8230464972753353,0.849800558750196,0.7634643377001455
recall,0.8285714285714286,0.9568965517241379,0.5333333333333333,0.9489795918367347,0.7126436781609196,0.8837209302325582,0.6067415730337079,0.8224431818181818,0.7815552981275458,0.8224431818181818,0.7787481804949054
f1-score,0.8529411764705883,0.9367088607594937,0.5925925925925926,0.9441624365482234,0.7126436781609196,0.826086956521739,0.7152317880794702,0.8367052023121386,0.7971953555904324,0.8319241629545345,0.7671033478893741
support,70.0,116.0,60.0,196.0,87.0,86.0,89.0,704.0,704.0,704.0,704.0
