index,1st degree av block,atrial fibrillation,premature atrial contraction,right bundle branch block,sinus rhythm,st depression,ventricular ectopics,micro avg,macro avg,weighted avg,samples avg
precision,0.8769230769230769,0.8888888888888888,0.6888888888888889,0.9411764705882353,0.7317073170731707,0.782608695652174,0.8,0.8459214501510574,0.8157419054306335,0.841566097266771,0.7442988840368753
recall,0.8142857142857143,0.9655172413793104,0.5166666666666667,0.8979591836734694,0.6896551724137931,0.8372093023255814,0.5842696629213483,0.7954545454545454,0.7579375633808405,0.7954545454545454,0.7510917030567685
f1-score,0.8444444444444444,0.9256198347107438,0.5904761904761905,0.9190600522193212,0.7100591715976332,0.8089887640449438,0.6753246753246754,0.8199121522693996,0.7819961618311361,0.814629874065158,0.7450266860747211
support,70.0,116.0,60.0,196.0,87.0,86.0,89.0,704.0,704.0,704.0,704.0
