index,abnormal QRS,atrial fibrillation,incomplete right bundle branch block,left anterior fascicular block,left axis deviation,left ventricular hypertrophy,myocardial infarction,myocardial ischemia,sinus rhythm,t wave abnormal,ventricular ectopics,micro avg,macro avg,weighted avg,samples avg
precision,0.8333333333333334,0.7857142857142857,0.5581395348837209,0.6307053941908713,0.7857142857142857,0.76,0.690522243713733,0.7107438016528925,0.8964451313755796,0.49206349206349204,0.8131868131868132,0.8014534129249935,0.7233243923480916,0.7898395429597374,0.8166972056802565
recall,0.2706552706552707,0.20625,0.21052631578947367,0.8397790055248618,0.7084078711985689,0.1688888888888889,0.6467391304347826,0.4174757281553398,0.975883342680875,0.384297520661157,0.6324786324786325,0.687750556792873,0.49648924604253186,0.687750556792873,0.7311138014527845
f1-score,0.4086021505376345,0.32673267326732675,0.3057324840764331,0.7203791469194312,0.7450611476952022,0.27636363636363637,0.6679139382600562,0.5259938837920489,0.9344790547798066,0.4315545243619489,0.7115384615384616,0.740261296895601,0.5503955546901806,0.7061281279801221,0.7458380017702052
support,351.0,160.0,114.0,181.0,559.0,225.0,552.0,206.0,1783.0,242.0,117.0,4490.0,4490.0,4490.0,4490.0
