index,abnormal QRS,atrial fibrillation,incomplete right bundle branch block,left anterior fascicular block,left axis deviation,left ventricular hypertrophy,myocardial infarction,myocardial ischemia,sinus rhythm,t wave abnormal,ventricular ectopics,micro avg,macro avg,weighted avg,samples avg
precision,0.5855072463768116,0.7777777777777778,0.3944954128440367,0.7035175879396985,0.7762906309751434,0.6761363636363636,0.7158469945355191,0.6666666666666666,0.9115964638585543,0.5576923076923077,0.7878787878787878,0.7777277840269966,0.6866732945619698,0.7735733895228055,0.8133804506685862
recall,0.5754985754985755,0.875,0.7543859649122807,0.7734806629834254,0.7262969588550984,0.5288888888888889,0.7119565217391305,0.5242718446601942,0.9831744251261918,0.2396694214876033,0.4444444444444444,0.7699331848552339,0.6488243371450757,0.7699331848552339,0.7911633182819623
f1-score,0.5804597701149425,0.823529411764706,0.5180722891566265,0.7368421052631579,0.7504621072088724,0.5935162094763092,0.7138964577656676,0.5869565217391304,0.9460334592552617,0.3352601156069364,0.5683060109289617,0.773810856183548,0.6503031325709611,0.7640023406556176,0.7752344413361363
support,351.0,160.0,114.0,181.0,559.0,225.0,552.0,206.0,1783.0,242.0,117.0,4490.0,4490.0,4490.0,4490.0
