index,1st degree av block,atrial fibrillation,premature atrial contraction,right bundle branch block,sinus rhythm,st depression,ventricular ectopics,micro avg,macro avg,weighted avg,samples avg
precision,0.8529411764705882,0.8560606060606061,0.8372093023255814,0.8985507246376812,0.6702127659574468,0.7532467532467533,0.8636363636363636,0.8311499272197962,0.8188368131907173,0.8314045179057484,0.7540029112081513
recall,0.8285714285714286,0.9741379310344828,0.6,0.9489795918367347,0.7241379310344828,0.6744186046511628,0.6404494382022472,0.8110795454545454,0.7700992750472199,0.8110795454545454,0.7663755458515283
f1-score,0.8405797101449276,0.9112903225806451,0.6990291262135923,0.9230769230769231,0.6961325966850829,0.7116564417177915,0.7354838709677419,0.8209920920201293,0.7881784273409578,0.8162487727853033,0.7569141193595342
support,70.0,116.0,60.0,196.0,87.0,86.0,89.0,704.0,704.0,704.0,704.0
