index,abnormal QRS,atrial fibrillation,incomplete right bundle branch block,left anterior fascicular block,left axis deviation,left ventricular hypertrophy,myocardial infarction,myocardial ischemia,sinus rhythm,t wave abnormal,ventricular ectopics,micro avg,macro avg,weighted avg,samples avg
precision,0.6059479553903345,0.8240740740740741,0.38860103626943004,0.7365269461077845,0.7599243856332704,0.6304347826086957,0.5800273597811217,0.5446808510638298,0.9090909090909091,0.47651006711409394,0.7647058823529411,0.7451677405021107,0.6564112954078622,0.7454056816334882,0.77826603843553
recall,0.46438746438746437,0.55625,0.6578947368421053,0.6795580110497238,0.7191413237924866,0.38666666666666666,0.7681159420289855,0.6213592233009708,0.975883342680875,0.29338842975206614,0.4444444444444444,0.7469933184855234,0.5970081440859809,0.7469933184855234,0.7748849333595096
f1-score,0.5258064516129033,0.664179104477612,0.4885993485342019,0.7068965517241379,0.7389705882352942,0.4793388429752066,0.6609508963367108,0.5804988662131518,0.9413037598052475,0.36317135549872126,0.5621621621621621,0.7460794127460795,0.6101707206886681,0.737604415874089,0.7481799820782872
support,351.0,160.0,114.0,181.0,559.0,225.0,552.0,206.0,1783.0,242.0,117.0,4490.0,4490.0,4490.0,4490.0
