index,atrial fibrillation,left ventricular high voltage,nonspecific st t abnormality,sinus bradycardia,sinus rhythm,sinus tachycardia,supraventricular tachycardia,t wave abnormal,micro avg,macro avg,weighted avg,samples avg
precision,0.8820224719101124,0.6086956521739131,0.4473684210526316,0.987146529562982,0.9583333333333334,0.9236111111111112,0.7761194029850746,0.5691489361702128,0.84296875,0.7690557322874214,0.823864388327639,0.851318359375
recall,0.8870056497175142,0.21875,0.34,0.9922480620155039,0.9292929292929293,0.8926174496644296,0.8524590163934426,0.5815217391304348,0.7796242774566474,0.7117368557767818,0.7796242774566474,0.8126627604166666
f1-score,0.8845070422535212,0.3218390804597701,0.38636363636363635,0.9896907216494846,0.9435897435897437,0.9078498293515358,0.8124999999999999,0.575268817204301,0.8100600600600601,0.7277011088589991,0.7925666025015733,0.8129185267857142
support,177.0,128.0,100.0,387.0,198.0,149.0,61.0,184.0,1384.0,1384.0,1384.0,1384.0
