index,abnormal QRS,atrial fibrillation,incomplete right bundle branch block,left anterior fascicular block,left axis deviation,left ventricular hypertrophy,myocardial infarction,myocardial ischemia,sinus rhythm,t wave abnormal,ventricular ectopics,micro avg,macro avg,weighted avg,samples avg
precision,0.6891385767790262,0.7486033519553073,0.4928571428571429,0.7081339712918661,0.7331189710610932,0.7398373983739838,0.7713625866050808,0.6509433962264151,0.9389438943894389,0.4744525547445255,0.5897435897435898,0.7975099835564952,0.6851941303661335,0.7884498950294693,0.8212453373470323
recall,0.5242165242165242,0.8375,0.6052631578947368,0.8176795580110497,0.815742397137746,0.40444444444444444,0.605072463768116,0.6699029126213593,0.957375210319686,0.26859504132231404,0.5897435897435898,0.7561247216035635,0.6450486635890514,0.7561247216035635,0.7796097550334838
f1-score,0.5954692556634303,0.7905604719764013,0.5433070866141733,0.758974358974359,0.7722269263336156,0.5229885057471264,0.6781725888324873,0.6602870813397128,0.9480699805609553,0.34300791556728233,0.5897435897435898,0.776266148393735,0.6548007055775575,0.7654666181325249,0.7732396554430453
support,351.0,160.0,114.0,181.0,559.0,225.0,552.0,206.0,1783.0,242.0,117.0,4490.0,4490.0,4490.0,4490.0
