index,1st degree av block,atrial fibrillation,premature atrial contraction,right bundle branch block,sinus rhythm,st depression,ventricular ectopics,micro avg,macro avg,weighted avg,samples avg
precision,0.863013698630137,0.9098360655737705,0.6052631578947368,0.9343434343434344,0.6140350877192983,0.8169014084507042,0.7763157894736842,0.8222543352601156,0.7885298060122522,0.8212581308766502,0.757278020378457
recall,0.9,0.9568965517241379,0.38333333333333336,0.9438775510204082,0.8045977011494253,0.6744186046511628,0.6629213483146067,0.8082386363636364,0.7608635843132963,0.8082386363636364,0.7663755458515283
f1-score,0.881118881118881,0.9327731092436975,0.4693877551020408,0.9390862944162437,0.6965174129353234,0.7388535031847132,0.7151515151515152,0.8151862464183381,0.7675554958789164,0.8095043784233524,0.7579815623483745
support,70.0,116.0,60.0,196.0,87.0,86.0,89.0,704.0,704.0,704.0,704.0
