index,1st degree av block,atrial fibrillation,premature atrial contraction,right bundle branch block,sinus rhythm,st depression,ventricular ectopics,micro avg,macro avg,weighted avg,samples avg
precision,0.9333333333333333,0.9256198347107438,0.8,0.9528795811518325,0.6867469879518072,0.7578947368421053,0.8923076923076924,0.8681818181818182,0.8498260237567877,0.8690496477289085,0.7656477438136827
recall,0.8,0.9655172413793104,0.6,0.9285714285714286,0.6551724137931034,0.8372093023255814,0.651685393258427,0.8139204545454546,0.7768793970468357,0.8139204545454546,0.7700145560407569
f1-score,0.8615384615384616,0.9451476793248945,0.6857142857142857,0.9405684754521964,0.6705882352941177,0.7955801104972375,0.7532467532467532,0.8401759530791788,0.8074834287239924,0.8369873983709936,0.7656477438136827
support,70.0,116.0,60.0,196.0,87.0,86.0,89.0,704.0,704.0,704.0,704.0
