index,atrial fibrillation,left ventricular high voltage,nonspecific st t abnormality,sinus bradycardia,sinus rhythm,sinus tachycardia,supraventricular tachycardia,t wave abnormal,micro avg,macro avg,weighted avg,samples avg
precision,0.7727272727272727,0.5818181818181818,0.5961538461538461,0.9973684210526316,0.9690721649484536,0.9333333333333333,0.88,0.7345679012345679,0.8510948905109489,0.8081301401585359,0.8501631988886044,0.857421875
recall,0.96045197740113,0.5,0.62,0.979328165374677,0.9494949494949495,0.9395973154362416,0.7213114754098361,0.6467391304347826,0.8424855491329479,0.7896153766939521,0.8424855491329479,0.8531087239583333
f1-score,0.8564231738035264,0.5378151260504201,0.607843137254902,0.9882659713168188,0.9591836734693878,0.9364548494983278,0.7927927927927928,0.6878612716763005,0.8467683369644154,0.7958299994828095,0.8439649254290219,0.8406761532738095
support,177.0,128.0,100.0,387.0,198.0,149.0,61.0,184.0,1384.0,1384.0,1384.0,1384.0
