index,abnormal QRS,atrial fibrillation,incomplete right bundle branch block,left anterior fascicular block,left axis deviation,left ventricular hypertrophy,myocardial infarction,myocardial ischemia,sinus rhythm,t wave abnormal,ventricular ectopics,micro avg,macro avg,weighted avg,samples avg
precision,0.717741935483871,0.8602941176470589,0.46153846153846156,0.7433155080213903,0.7394822006472492,0.6907894736842105,0.7194656488549618,0.6737588652482269,0.9060402684563759,0.5379310344827586,0.5693430656934306,0.7838935258290097,0.6927000527052724,0.778113533092235,0.8135985864799424
recall,0.5071225071225072,0.73125,0.8421052631578947,0.7679558011049724,0.817531305903399,0.4666666666666667,0.6829710144927537,0.46116504854368934,0.9842961301177791,0.32231404958677684,0.6666666666666666,0.7739420935412027,0.6590949503057368,0.7739420935412027,0.7970475317932945
f1-score,0.5943238731218699,0.7905405405405406,0.5962732919254659,0.7554347826086956,0.7765505522514868,0.5570291777188329,0.7007434944237918,0.5475504322766571,0.9435483870967741,0.4031007751937984,0.6141732283464567,0.7788860248795249,0.6617516850458517,0.7685050262933555,0.7799580731784121
support,351.0,160.0,114.0,181.0,559.0,225.0,552.0,206.0,1783.0,242.0,117.0,4490.0,4490.0,4490.0,4490.0
