index,atrial fibrillation,left ventricular high voltage,nonspecific st t abnormality,sinus bradycardia,sinus rhythm,sinus tachycardia,supraventricular tachycardia,t wave abnormal,micro avg,macro avg,weighted avg,samples avg
precision,0.9202453987730062,0.6185567010309279,0.6063829787234043,0.9820971867007673,0.9068627450980392,0.9066666666666666,0.726027397260274,0.7651515151515151,0.8634969325153374,0.8039988236755751,0.8544048477773257,0.8555501302083334
recall,0.847457627118644,0.46875,0.57,0.9922480620155039,0.9343434343434344,0.912751677852349,0.8688524590163934,0.5489130434782609,0.8135838150289018,0.7679145379780732,0.8135838150289018,0.8301595052083333
f1-score,0.8823529411764707,0.5333333333333333,0.5876288659793814,0.9871465295629821,0.9203980099502487,0.9096989966555183,0.7910447761194029,0.639240506329114,0.8377976190476192,0.7813554948883064,0.8301225952119771,0.8283761160714286
support,177.0,128.0,100.0,387.0,198.0,149.0,61.0,184.0,1384.0,1384.0,1384.0,1384.0
