index,abnormal QRS,atrial fibrillation,incomplete right bundle branch block,left anterior fascicular block,left axis deviation,left ventricular hypertrophy,myocardial infarction,myocardial ischemia,sinus rhythm,t wave abnormal,ventricular ectopics,micro avg,macro avg,weighted avg,samples avg
precision,0.6057142857142858,0.8235294117647058,0.7547169811320755,0.81875,0.8337078651685393,0.6518987341772152,0.7215686274509804,0.6345177664974619,0.9248801278636122,0.5036496350364964,0.6929824561403509,0.8087986463620981,0.7241741719041567,0.7956262332106243,0.8294919616953516
recall,0.603988603988604,0.7,0.3508771929824561,0.7237569060773481,0.6636851520572451,0.4577777777777778,0.6666666666666666,0.6067961165048543,0.9736399326977005,0.28512396694214875,0.6752136752136753,0.7452115812917595,0.6097750900825889,0.7452115812917595,0.764993564993565
f1-score,0.6048502139800286,0.7567567567567567,0.47904191616766467,0.7683284457478005,0.7390438247011951,0.5378590078328982,0.6930320150659133,0.6203473945409429,0.9486338797814208,0.3641160949868074,0.683982683982684,0.7757041845369189,0.6541811121403739,0.7641663742398173,0.7694627050559254
support,351.0,160.0,114.0,181.0,559.0,225.0,552.0,206.0,1783.0,242.0,117.0,4490.0,4490.0,4490.0,4490.0
