index,atrial fibrillation,left ventricular high voltage,nonspecific st t abnormality,sinus bradycardia,sinus rhythm,sinus tachycardia,supraventricular tachycardia,t wave abnormal,micro avg,macro avg,weighted avg,samples avg
precision,0.9244186046511628,0.6923076923076923,0.6197183098591549,0.9896640826873385,0.9408866995073891,0.9281045751633987,0.8115942028985508,0.6192660550458715,0.8615840118430792,0.8157450277650699,0.8563906483609952,0.8722330729166667
recall,0.8983050847457628,0.421875,0.44,0.9896640826873385,0.9646464646464646,0.9530201342281879,0.9180327868852459,0.7336956521739131,0.8410404624277457,0.7899049006708642,0.8410404624277457,0.8577473958333333
f1-score,0.9111747851002865,0.5242718446601942,0.5146198830409356,0.9896640826873385,0.9526184538653367,0.9403973509933774,0.8615384615384616,0.6716417910447761,0.8511882998171846,0.7957408316163384,0.8437285522057688,0.8499139694940476
support,177.0,128.0,100.0,387.0,198.0,149.0,61.0,184.0,1384.0,1384.0,1384.0,1384.0
