index,1st degree av block,atrial fibrillation,premature atrial contraction,right bundle branch block,sinus rhythm,st depression,ventricular ectopics,micro avg,macro avg,weighted avg,samples avg
precision,0.8939393939393939,0.925,0.5932203389830508,0.9378238341968912,0.7272727272727273,0.7604166666666666,0.8235294117647058,0.8391304347826087,0.8087431961176337,0.8398368290773448,0.7595827268316352
recall,0.8428571428571429,0.9568965517241379,0.5833333333333334,0.923469387755102,0.735632183908046,0.8488372093023255,0.6292134831460674,0.8224431818181818,0.7886056131465936,0.8224431818181818,0.7794759825327511
f1-score,0.8676470588235294,0.9406779661016949,0.5882352941176471,0.9305912596401028,0.7314285714285715,0.802197802197802,0.7133757961783439,0.8307030129124819,0.7963076783553845,0.8290592120527442,0.764919941775837
support,70.0,116.0,60.0,196.0,87.0,86.0,89.0,704.0,704.0,704.0,704.0
