index,abnormal QRS,atrial fibrillation,incomplete right bundle branch block,left anterior fascicular block,left axis deviation,left ventricular hypertrophy,myocardial infarction,myocardial ischemia,sinus rhythm,t wave abnormal,ventricular ectopics,micro avg,macro avg,weighted avg,samples avg
precision,0.748898678414097,0.8383233532934131,0.6627906976744186,0.6826086956521739,0.8167006109979633,0.7410714285714286,0.7682672233820459,0.7109826589595376,0.9292983395822174,0.47465437788018433,0.7837837837837838,0.8234295415959253,0.7415799861992057,0.8136828810138105,0.8348068407390442
recall,0.4843304843304843,0.875,0.5,0.8674033149171271,0.7173524150268337,0.3688888888888889,0.6666666666666666,0.5970873786407767,0.9730790802019069,0.4256198347107438,0.49572649572649574,0.7561247216035635,0.6337413235554475,0.7561247216035635,0.7795366795366795
f1-score,0.5882352941176471,0.8562691131498471,0.5700000000000001,0.7639902676399026,0.7638095238095237,0.49258160237388726,0.7138700290979632,0.6490765171503958,0.9506849315068494,0.44880174291938996,0.6073298429319371,0.7883432021363056,0.6731498967906675,0.7766238605806323,0.7808991308991309
support,351.0,160.0,114.0,181.0,559.0,225.0,552.0,206.0,1783.0,242.0,117.0,4490.0,4490.0,4490.0,4490.0
