index,abnormal QRS,atrial fibrillation,incomplete right bundle branch block,left anterior fascicular block,left axis deviation,left ventricular hypertrophy,myocardial infarction,myocardial ischemia,sinus rhythm,t wave abnormal,ventricular ectopics,micro avg,macro avg,weighted avg,samples avg
precision,0.7283236994219653,0.8203125,0.5390625,0.7528735632183908,0.8485714285714285,0.5565610859728507,0.7135036496350365,0.6101694915254238,0.9386061946902655,0.4588607594936709,0.8461538461538461,0.791485244315433,0.7102726107893526,0.7989578196298324,0.8056889819601685
recall,0.358974358974359,0.65625,0.6052631578947368,0.7237569060773481,0.5313059033989267,0.5466666666666666,0.7083333333333334,0.6990291262135923,0.9517666853617499,0.5991735537190083,0.37606837606837606,0.7287305122494432,0.6142352788825541,0.7287305122494432,0.7603614510394171
f1-score,0.4809160305343511,0.7291666666666666,0.5702479338842976,0.7380281690140846,0.6534653465346535,0.5515695067264573,0.7109090909090909,0.6515837104072398,0.9451406293511557,0.5197132616487455,0.5207100591715976,0.758812615955473,0.6428591277134855,0.7509971748476172,0.7540694405101185
support,351.0,160.0,114.0,181.0,559.0,225.0,552.0,206.0,1783.0,242.0,117.0,4490.0,4490.0,4490.0,4490.0
