index,abnormal QRS,atrial fibrillation,incomplete right bundle branch block,left anterior fascicular block,left axis deviation,left ventricular hypertrophy,myocardial infarction,myocardial ischemia,sinus rhythm,t wave abnormal,ventricular ectopics,micro avg,macro avg,weighted avg,samples avg
precision,0.7832512315270936,0.7853107344632768,0.7121212121212122,0.7181818181818181,0.835,0.6623376623376623,0.80440097799511,0.625,0.9458689458689459,0.5838926174496645,0.8392857142857143,0.8406636818540953,0.7540591740209542,0.8299101811605153,0.8399275789106297
recall,0.452991452991453,0.86875,0.41228070175438597,0.8729281767955801,0.5974955277280859,0.4533333333333333,0.5960144927536232,0.6310679611650486,0.9310151430173864,0.359504132231405,0.4017094017094017,0.710913140311804,0.5979173021345185,0.710913140311804,0.7444222673036232
f1-score,0.5740072202166066,0.8249258160237389,0.5222222222222223,0.7880299251870324,0.6965589155370178,0.5382585751978891,0.6847034339229969,0.6280193236714976,0.9383832673827021,0.4450127877237852,0.5433526011560694,0.7703632195004224,0.6530430989310507,0.7567588015069772,0.7640408403120267
support,351.0,160.0,114.0,181.0,559.0,225.0,552.0,206.0,1783.0,242.0,117.0,4490.0,4490.0,4490.0,4490.0
