index,atrial fibrillation,left ventricular high voltage,nonspecific st t abnormality,sinus bradycardia,sinus rhythm,sinus tachycardia,supraventricular tachycardia,t wave abnormal,micro avg,macro avg,weighted avg,samples avg
precision,0.806930693069307,0.6851851851851852,0.5138888888888888,0.9973404255319149,0.8899082568807339,0.951048951048951,0.746268656716418,0.5696969696969697,0.8373168851195065,0.770033503377296,0.820913893785646,0.8494466145833334
recall,0.9209039548022598,0.2890625,0.37,0.9689922480620154,0.9797979797979798,0.912751677852349,0.819672131147541,0.5108695652173914,0.7846820809248555,0.721506257109942,0.7846820809248555,0.81884765625
f1-score,0.8601583113456465,0.40659340659340665,0.4302325581395348,0.9829619921363041,0.9326923076923077,0.9315068493150686,0.7812500000000001,0.5386819484240688,0.8101454681089146,0.7330096717057921,0.7933257586010762,0.8150111607142856
support,177.0,128.0,100.0,387.0,198.0,149.0,61.0,184.0,1384.0,1384.0,1384.0,1384.0
