index,1st degree av block,atrial fibrillation,premature atrial contraction,right bundle branch block,sinus rhythm,st depression,ventricular ectopics,micro avg,macro avg,weighted avg,samples avg
precision,0.8787878787878788,0.9256198347107438,0.6363636363636364,0.9728260869565217,0.6355140186915887,0.7586206896551724,0.8846153846153846,0.8426626323751891,0.813192504254418,0.848017971213319,0.7392042697719553
recall,0.8285714285714286,0.9655172413793104,0.4666666666666667,0.9132653061224489,0.7816091954022989,0.7674418604651163,0.5168539325842697,0.7911931818181818,0.7485608044559342,0.7911931818181818,0.74745269286754
f1-score,0.8529411764705883,0.9451476793248945,0.5384615384615385,0.9421052631578948,0.7010309278350515,0.7630057803468209,0.6524822695035462,0.8161172161172161,0.770739233585762,0.8110546120150004,0.7401746724890831
support,70.0,116.0,60.0,196.0,87.0,86.0,89.0,704.0,704.0,704.0,704.0
