index,1st degree av block,atrial fibrillation,premature atrial contraction,right bundle branch block,sinus rhythm,st depression,ventricular ectopics,micro avg,macro avg,weighted avg,samples avg
precision,0.8923076923076924,0.9344262295081968,0.7435897435897436,0.9489795918367347,0.775,0.7912087912087912,0.8695652173913043,0.877643504531722,0.8507253236917806,0.8726287302438297,0.772197962154294
recall,0.8285714285714286,0.9827586206896551,0.48333333333333334,0.9489795918367347,0.7126436781609196,0.8372093023255814,0.6741573033707865,0.8252840909090909,0.7810933226126341,0.8252840909090909,0.7816593886462883
f1-score,0.8592592592592593,0.9579831932773109,0.5858585858585859,0.9489795918367347,0.7425149700598801,0.8135593220338984,0.759493670886076,0.8506588579795022,0.8096640847445352,0.8445817535778649,0.7743813682678311
support,70.0,116.0,60.0,196.0,87.0,86.0,89.0,704.0,704.0,704.0,704.0
