index,atrial fibrillation,left ventricular high voltage,nonspecific st t abnormality,sinus bradycardia,sinus rhythm,sinus tachycardia,supraventricular tachycardia,t wave abnormal,micro avg,macro avg,weighted avg,samples avg
precision,0.9337349397590361,0.5227272727272727,0.5795454545454546,0.9896907216494846,0.9893617021276596,0.9290322580645162,0.84375,0.7719298245614035,0.885691446842526,0.8199715216793534,0.8677516554707544,0.8810221354166666
recall,0.8757062146892656,0.359375,0.51,0.9922480620155039,0.9393939393939394,0.9664429530201343,0.8852459016393442,0.4782608695652174,0.8005780346820809,0.7508341175404256,0.8005780346820809,0.8287760416666666
f1-score,0.9037900874635568,0.4259259259259259,0.5425531914893618,0.990967741935484,0.9637305699481866,0.9473684210526316,0.864,0.5906040268456375,0.8409867172675521,0.778617495582598,0.8277463062165584,0.8365094866071429
support,177.0,128.0,100.0,387.0,198.0,149.0,61.0,184.0,1384.0,1384.0,1384.0,1384.0
