index,atrial fibrillation,left ventricular high voltage,nonspecific st t abnormality,sinus bradycardia,sinus rhythm,sinus tachycardia,supraventricular tachycardia,t wave abnormal,micro avg,macro avg,weighted avg,samples avg
precision,0.8697916666666666,0.631578947368421,0.5056179775280899,0.9771573604060914,0.9886363636363636,0.9440559440559441,0.8163265306122449,0.6666666666666666,0.8660785886126704,0.799978932117561,0.8471053809186947,0.8521321614583334
recall,0.943502824858757,0.28125,0.45,0.9948320413436692,0.8787878787878788,0.9060402684563759,0.6557377049180327,0.532608695652174,0.7803468208092486,0.705344926752111,0.7803468208092486,0.8064778645833333
f1-score,0.9051490514905148,0.3891891891891892,0.47619047619047616,0.9859154929577465,0.9304812834224598,0.9246575342465754,0.7272727272727273,0.5921450151057402,0.8209806157354619,0.7413750962344288,0.8052915661757315,0.8142206101190477
support,177.0,128.0,100.0,387.0,198.0,149.0,61.0,184.0,1384.0,1384.0,1384.0,1384.0
