index,abnormal QRS,atrial fibrillation,incomplete right bundle branch block,left anterior fascicular block,left axis deviation,left ventricular hypertrophy,myocardial infarction,myocardial ischemia,sinus rhythm,t wave abnormal,ventricular ectopics,micro avg,macro avg,weighted avg,samples avg
precision,0.7634408602150538,0.8441558441558441,0.5096774193548387,0.8424657534246576,0.7126984126984127,0.5483870967741935,0.7107583774250441,0.6785714285714286,0.9115504682622269,0.44534412955465585,0.8382352941176471,0.7788483083127941,0.7095713713230911,0.7792145536635234,0.8008550923805161
recall,0.4045584045584046,0.8125,0.6929824561403509,0.6795580110497238,0.8032200357781754,0.6044444444444445,0.730072463768116,0.46116504854368934,0.9826135726303982,0.45454545454545453,0.48717948717948717,0.7741648106904232,0.6466217616943858,0.7741648106904232,0.8005409768121632
f1-score,0.5288640595903167,0.8280254777070064,0.587360594795539,0.7522935779816513,0.7552565180824222,0.5750528541226216,0.7202859696157284,0.5491329479768786,0.945748987854251,0.4498977505112474,0.6162162162162163,0.7764994973751814,0.6643759049503527,0.7685472457310967,0.7730070052103951
support,351.0,160.0,114.0,181.0,559.0,225.0,552.0,206.0,1783.0,242.0,117.0,4490.0,4490.0,4490.0,4490.0
