index,abnormal QRS,atrial fibrillation,incomplete right bundle branch block,left anterior fascicular block,left axis deviation,left ventricular hypertrophy,myocardial infarction,myocardial ischemia,sinus rhythm,t wave abnormal,ventricular ectopics,micro avg,macro avg,weighted avg,samples avg
precision,0.8169934640522876,0.8095238095238095,0.7204301075268817,0.8074074074074075,0.8296943231441049,0.6290322580645161,0.8173076923076923,0.6820809248554913,0.9148712559117184,0.5434782608695652,0.8026315789473685,0.8419413444069557,0.7612228256918949,0.8236519538839614,0.8491132779268372
recall,0.3561253561253561,0.85,0.5877192982456141,0.6022099447513812,0.6797853309481217,0.52,0.6159420289855072,0.5728155339805825,0.9764441951766686,0.2066115702479339,0.5213675213675214,0.7224944320712695,0.589910979984426,0.7224944320712695,0.7599535370721812
f1-score,0.49603174603174605,0.8292682926829269,0.6473429951690822,0.689873417721519,0.7472959685349067,0.5693430656934307,0.7024793388429753,0.6226912928759895,0.9446554530656538,0.29940119760479045,0.6321243523316062,0.7776579168164929,0.6527733745958751,0.7568089552713386,0.7771462491801475
support,351.0,160.0,114.0,181.0,559.0,225.0,552.0,206.0,1783.0,242.0,117.0,4490.0,4490.0,4490.0,4490.0
