index,1st degree av block,atrial fibrillation,premature atrial contraction,right bundle branch block,sinus rhythm,st depression,ventricular ectopics,micro avg,macro avg,weighted avg,samples avg
precision,0.8591549295774648,0.9032258064516129,0.8205128205128205,0.9405940594059405,0.625,0.828125,0.8852459016393442,0.849925705794948,0.8374083596553118,0.8563677254815978,0.7671033478893741
recall,0.8714285714285714,0.9655172413793104,0.5333333333333333,0.9693877551020408,0.8045977011494253,0.6162790697674418,0.6067415730337079,0.8125,0.7667550350276902,0.8125,0.7707423580786026
f1-score,0.8652482269503546,0.9333333333333333,0.6464646464646464,0.9547738693467337,0.7035175879396984,0.7066666666666667,0.7200000000000001,0.830791575889615,0.7900006186716333,0.8250240954788596,0.7661329451722464
support,70.0,116.0,60.0,196.0,87.0,86.0,89.0,704.0,704.0,704.0,704.0
