index,abnormal QRS,atrial fibrillation,incomplete right bundle branch block,left anterior fascicular block,left axis deviation,left ventricular hypertrophy,myocardial infarction,myocardial ischemia,sinus rhythm,t wave abnormal,ventricular ectopics,micro avg,macro avg,weighted avg,samples avg
precision,0.6330275229357798,0.9122807017543859,0.5333333333333333,0.5762081784386617,0.7158908507223114,0.704225352112676,0.5801749271137027,0.6858974358974359,0.890522047643183,0.6086956521739131,0.7659574468085106,0.755832389580974,0.6914739499030813,0.7523738428774601,0.791418537181249
recall,0.39316239316239315,0.325,0.49122807017543857,0.856353591160221,0.7978533094812165,0.4444444444444444,0.7210144927536232,0.5194174757281553,0.9854178351093662,0.23140495867768596,0.6153846153846154,0.7432071269487751,0.5800619260070146,0.7432071269487751,0.7739240451104857
f1-score,0.48506151142355014,0.4792626728110599,0.5114155251141551,0.6888888888888889,0.7546531302876481,0.544959128065395,0.64297253634895,0.5911602209944752,0.935569755058573,0.3353293413173653,0.6824644549763033,0.7494665918023583,0.6047033786623967,0.7305600314580837,0.7557600413532617
support,351.0,160.0,114.0,181.0,559.0,225.0,552.0,206.0,1783.0,242.0,117.0,4490.0,4490.0,4490.0,4490.0
