index,abnormal QRS,atrial fibrillation,incomplete right bundle branch block,left anterior fascicular block,left axis deviation,left ventricular hypertrophy,myocardial infarction,myocardial ischemia,sinus rhythm,t wave abnormal,ventricular ectopics,micro avg,macro avg,weighted avg,samples avg
precision,0.6233766233766234,0.8362573099415205,0.6226415094339622,0.7346938775510204,0.690406976744186,0.5427350427350427,0.7021276595744681,0.5669642857142857,0.9309031556039173,0.5376344086021505,0.7156862745098039,0.7737912929337125,0.6821297385260893,0.7667332363712317,0.7940928822284754
recall,0.5470085470085471,0.89375,0.5789473684210527,0.7955801104972375,0.8497316636851521,0.5644444444444444,0.7771739130434783,0.616504854368932,0.9596186203028604,0.2066115702479339,0.6239316239316239,0.7877505567928731,0.6739366105410238,0.7877505567928731,0.8032262286499574
f1-score,0.582701062215478,0.8640483383685801,0.6,0.7639257294429708,0.7618283881315155,0.5533769063180828,0.7377472055030094,0.5906976744186047,0.9450428058547363,0.29850746268656714,0.6666666666666666,0.7807085310672112,0.669503839964201,0.7714896534676853,0.7743444472258031
support,351.0,160.0,114.0,181.0,559.0,225.0,552.0,206.0,1783.0,242.0,117.0,4490.0,4490.0,4490.0,4490.0
