index,1st degree av block,atrial fibrillation,premature atrial contraction,right bundle branch block,sinus rhythm,st depression,ventricular ectopics,micro avg,macro avg,weighted avg,samples avg
precision,0.8333333333333334,0.9401709401709402,0.6666666666666666,0.95,0.6966292134831461,0.72,0.8169014084507042,0.8391502276176024,0.8033859374435414,0.8363979109635068,0.7372634643377002
recall,0.8571428571428571,0.9482758620689655,0.3333333333333333,0.8724489795918368,0.7126436781609196,0.8372093023255814,0.651685393258427,0.7855113636363636,0.7446770579831316,0.7855113636363636,0.7416302765647744
f1-score,0.8450704225352113,0.944206008583691,0.4444444444444444,0.9095744680851064,0.7045454545454545,0.7741935483870969,0.725,0.8114453411592076,0.763862049511572,0.8040158930273655,0.7370208636584183
support,70.0,116.0,60.0,196.0,87.0,86.0,89.0,704.0,704.0,704.0,704.0
