index,1st degree av block,atrial fibrillation,premature atrial contraction,right bundle branch block,sinus rhythm,st depression,ventricular ectopics,micro avg,macro avg,weighted avg,samples avg
precision,0.855072463768116,0.9478260869565217,0.75,0.9119170984455959,0.5892857142857143,0.7848101265822784,0.8356164383561644,0.827178729689808,0.8106468469134844,0.8333381262623483,0.7387190684133915
recall,0.8428571428571429,0.9396551724137931,0.45,0.8979591836734694,0.7586206896551724,0.7209302325581395,0.6853932584269663,0.7954545454545454,0.7564879542263834,0.7954545454545454,0.7510917030567685
f1-score,0.8489208633093526,0.9437229437229439,0.5625000000000001,0.9048843187660668,0.6633165829145728,0.7515151515151515,0.7530864197530865,0.8110065170166545,0.7754208971401677,0.8087602066527851,0.7418728772440563
support,70.0,116.0,60.0,196.0,87.0,86.0,89.0,704.0,704.0,704.0,704.0
