index,1st degree av block,atrial fibrillation,premature atrial contraction,right bundle branch block,sinus rhythm,st depression,ventricular ectopics,micro avg,macro avg,weighted avg,samples avg
precision,0.8787878787878788,0.9105691056910569,0.5918367346938775,0.9631578947368421,0.6851851851851852,0.8192771084337349,0.8235294117647058,0.8442503639010189,0.8103347598990404,0.8448769592455098,0.7678311499272198
recall,0.8285714285714286,0.9655172413793104,0.48333333333333334,0.9336734693877551,0.8505747126436781,0.7906976744186046,0.6292134831460674,0.8238636363636364,0.7830830489828824,0.8238636363636364,0.7802037845705968
f1-score,0.8529411764705883,0.9372384937238494,0.5321100917431193,0.9481865284974093,0.7589743589743589,0.8047337278106508,0.7133757961783439,0.8339324227174695,0.7925085961997599,0.8308594153371377,0.7704997573993206
support,70.0,116.0,60.0,196.0,87.0,86.0,89.0,704.0,704.0,704.0,704.0
