index,atrial fibrillation,left ventricular high voltage,nonspecific st t abnormality,sinus bradycardia,sinus rhythm,sinus tachycardia,supraventricular tachycardia,t wave abnormal,micro avg,macro avg,weighted avg,samples avg
precision,0.9186046511627907,0.6875,0.8166666666666667,0.9771573604060914,0.9736842105263158,0.8987341772151899,0.8125,0.7530864197530864,0.9022435897435898,0.8547416857162676,0.8852968610718783,0.8885091145833334
recall,0.8926553672316384,0.2578125,0.49,0.9948320413436692,0.9343434343434344,0.9530201342281879,0.8524590163934426,0.6630434782608695,0.8135838150289018,0.7547707464751552,0.8135838150289018,0.8367513020833333
f1-score,0.9054441260744986,0.375,0.6125,0.9859154929577465,0.9536082474226805,0.9250814332247557,0.8319999999999999,0.7052023121387283,0.8556231003039515,0.7868439514773012,0.8368668338609389,0.8482514880952381
support,177.0,128.0,100.0,387.0,198.0,149.0,61.0,184.0,1384.0,1384.0,1384.0,1384.0
