index,1st degree av block,atrial fibrillation,premature atrial contraction,right bundle branch block,sinus rhythm,st depression,ventricular ectopics,micro avg,macro avg,weighted avg,samples avg
precision,0.8636363636363636,0.9292035398230089,0.6785714285714286,0.8703703703703703,0.6632653061224489,0.7638888888888888,0.8709677419354839,0.8228404099560761,0.8057005199068562,0.8245222862077392,0.7375060650169821
recall,0.8142857142857143,0.9051724137931034,0.6333333333333333,0.9591836734693877,0.7471264367816092,0.6395348837209303,0.6067415730337079,0.7982954545454546,0.7579111469168266,0.7982954545454546,0.7569141193595342
f1-score,0.8382352941176471,0.9170305676855894,0.6551724137931035,0.912621359223301,0.7027027027027026,0.6962025316455697,0.7152317880794702,0.8103821196827686,0.7767423796067691,0.8066766046460849,0.7420669577874818
support,70.0,116.0,60.0,196.0,87.0,86.0,89.0,704.0,704.0,704.0,704.0
