index,abnormal QRS,atrial fibrillation,incomplete right bundle branch block,left anterior fascicular block,left axis deviation,left ventricular hypertrophy,myocardial infarction,myocardial ischemia,sinus rhythm,t wave abnormal,ventricular ectopics,micro avg,macro avg,weighted avg,samples avg
precision,0.775,0.8376623376623377,0.6590909090909091,0.7986577181208053,0.8175965665236051,0.6733333333333333,0.7269230769230769,0.6666666666666666,0.9225053078556263,0.49794238683127573,0.7758620689655172,0.8183382497541789,0.7410218519975593,0.8082362184214892,0.8294625133608184
recall,0.4415954415954416,0.80625,0.5087719298245614,0.6574585635359116,0.6815742397137746,0.4488888888888889,0.6847826086956522,0.5048543689320388,0.9747616376892877,0.5,0.38461538461538464,0.7414253897550112,0.5994139148628129,0.7414253897550112,0.7722858451672011
f1-score,0.5626134301270418,0.821656050955414,0.5742574257425743,0.7212121212121212,0.7434146341463413,0.5386666666666667,0.705223880597015,0.574585635359116,0.9479138260158168,0.49896907216494846,0.5142857142857142,0.7779855106333255,0.65479985975207,0.7662397153417344,0.7736720270618576
support,351.0,160.0,114.0,181.0,559.0,225.0,552.0,206.0,1783.0,242.0,117.0,4490.0,4490.0,4490.0,4490.0
