index,1st degree av block,atrial fibrillation,premature atrial contraction,right bundle branch block,sinus rhythm,st depression,ventricular ectopics,micro avg,macro avg,weighted avg,samples avg
precision,0.8571428571428571,0.9130434782608695,0.7872340425531915,0.8944723618090452,0.6346153846153846,0.8307692307692308,0.9344262295081968,0.8426626323751891,0.8359576549512536,0.8498370677271975,0.7394468704512372
recall,0.8571428571428571,0.9051724137931034,0.6166666666666667,0.9081632653061225,0.7586206896551724,0.627906976744186,0.6404494382022472,0.7911931818181818,0.7591603296443364,0.7911931818181818,0.7467248908296943
f1-score,0.8571428571428571,0.9090909090909092,0.691588785046729,0.90126582278481,0.6910994764397905,0.7152317880794703,0.7600000000000001,0.8161172161172161,0.789345662654938,0.8137408551821992,0.7404172731683648
support,70.0,116.0,60.0,196.0,87.0,86.0,89.0,704.0,704.0,704.0,704.0
