index,atrial fibrillation,left ventricular high voltage,nonspecific st t abnormality,sinus bradycardia,sinus rhythm,sinus tachycardia,supraventricular tachycardia,t wave abnormal,micro avg,macro avg,weighted avg,samples avg
precision,0.8736842105263158,0.7321428571428571,0.5196078431372549,0.9532019704433498,0.9933333333333333,0.8980891719745223,0.803030303030303,0.7111111111111111,0.8605388272583201,0.8105251000873809,0.8522622235594236,0.849609375
recall,0.9378531073446328,0.3203125,0.53,1.0,0.7525252525252525,0.9463087248322147,0.8688524590163934,0.5217391304347826,0.7846820809248555,0.7346988967691594,0.7846820809248555,0.807373046875
f1-score,0.9046321525885559,0.44565217391304346,0.5247524752475248,0.9760403530895335,0.8563218390804598,0.9215686274509803,0.8346456692913385,0.6018808777429467,0.8208616780045352,0.7581867710505479,0.8062797329472882,0.812495349702381
support,177.0,128.0,100.0,387.0,198.0,149.0,61.0,184.0,1384.0,1384.0,1384.0,1384.0
