index,atrial fibrillation,left ventricular high voltage,nonspecific st t abnormality,sinus bradycardia,sinus rhythm,sinus tachycardia,supraventricular tachycardia,t wave abnormal,micro avg,macro avg,weighted avg,samples avg
precision,0.9147727272727273,0.6071428571428571,0.6415094339622641,0.9973958333333334,0.9891304347826086,0.9333333333333333,0.6746987951807228,0.6418918918918919,0.873217115689382,0.7999844133624673,0.8554562259433094,0.8660481770833333
recall,0.9096045197740112,0.3984375,0.34,0.9896640826873385,0.9191919191919192,0.9395973154362416,0.9180327868852459,0.5163043478260869,0.796242774566474,0.7413540589751054,0.796242774566474,0.826171875
f1-score,0.9121813031161472,0.48113207547169806,0.4444444444444445,0.993514915693904,0.9528795811518325,0.9364548494983278,0.7777777777777777,0.572289156626506,0.8329554043839758,0.7588342629725797,0.8185861936683207,0.8296177455357142
support,177.0,128.0,100.0,387.0,198.0,149.0,61.0,184.0,1384.0,1384.0,1384.0,1384.0
