index,1st degree av block,atrial fibrillation,premature atrial contraction,right bundle branch block,sinus rhythm,st depression,ventricular ectopics,micro avg,macro avg,weighted avg,samples avg
precision,0.9090909090909091,0.9416666666666667,0.7575757575757576,0.9435897435897436,0.6732673267326733,0.7373737373737373,0.8461538461538461,0.8512518409425626,0.8298168553119047,0.8530737547093868,0.7683163512857835
recall,0.8571428571428571,0.9741379310344828,0.4166666666666667,0.9387755102040817,0.7816091954022989,0.8488372093023255,0.6179775280898876,0.8210227272727273,0.7764495568346571,0.8210227272727273,0.7765647743813683
f1-score,0.8823529411764706,0.9576271186440678,0.5376344086021506,0.9411764705882353,0.723404255319149,0.7891891891891892,0.7142857142857143,0.8358640636297904,0.792238585400711,0.8294829168337396,0.769771955361475
support,70.0,116.0,60.0,196.0,87.0,86.0,89.0,704.0,704.0,704.0,704.0
