index,atrial fibrillation,left ventricular high voltage,nonspecific st t abnormality,sinus bradycardia,sinus rhythm,sinus tachycardia,supraventricular tachycardia,t wave abnormal,micro avg,macro avg,weighted avg,samples avg
precision,0.8974358974358975,0.6842105263157895,0.7222222222222222,0.9694656488549618,0.9777777777777777,0.9703703703703703,0.7105263157894737,0.6783625730994152,0.8860759493670886,0.8262964164832385,0.867179576186635,0.8524576822916666
recall,0.7909604519774012,0.203125,0.26,0.9844961240310077,0.8888888888888888,0.8791946308724832,0.8852459016393442,0.6304347826086957,0.7586705202312138,0.6902932225022276,0.7586705202312138,0.7925618489583333
f1-score,0.8408408408408409,0.3132530120481928,0.3823529411764706,0.9769230769230769,0.931216931216931,0.9225352112676056,0.7883211678832117,0.6535211267605634,0.8174386920980926,0.7261205385146117,0.7914768184122258,0.8063430059523808
support,177.0,128.0,100.0,387.0,198.0,149.0,61.0,184.0,1384.0,1384.0,1384.0,1384.0
