index,abnormal QRS,atrial fibrillation,incomplete right bundle branch block,left anterior fascicular block,left axis deviation,left ventricular hypertrophy,myocardial infarction,myocardial ischemia,sinus rhythm,t wave abnormal,ventricular ectopics,micro avg,macro avg,weighted avg,samples avg
precision,0.7903225806451613,0.8888888888888888,0.6428571428571429,0.6728971962616822,0.7313131313131314,0.6713286713286714,0.7451737451737451,0.616504854368932,0.9252136752136753,0.5051546391752577,0.84,0.8146413606112891,0.7299685932023898,0.7980128862389859,0.8295083218812032
recall,0.4188034188034188,0.85,0.5526315789473685,0.7955801104972375,0.6475849731663685,0.4266666666666667,0.6992753623188406,0.616504854368932,0.971396522714526,0.2024793388429752,0.5384615384615384,0.7360801781737194,0.6108531240716247,0.7360801781737194,0.7674159631786751
f1-score,0.547486033519553,0.8690095846645367,0.5943396226415094,0.7291139240506329,0.6869070208728653,0.5217391304347827,0.7214953271028038,0.616504854368932,0.9477428180574555,0.28908554572271383,0.6562499999999999,0.7733707733707734,0.6526976237668897,0.7559324309095393,0.7714933791204978
support,351.0,160.0,114.0,181.0,559.0,225.0,552.0,206.0,1783.0,242.0,117.0,4490.0,4490.0,4490.0,4490.0
