index,1st degree av block,atrial fibrillation,premature atrial contraction,right bundle branch block,sinus rhythm,st depression,ventricular ectopics,micro avg,macro avg,weighted avg,samples avg
precision,0.8787878787878788,0.9333333333333333,0.6923076923076923,0.9523809523809523,0.7582417582417582,0.7954545454545454,0.8888888888888888,0.8719512195121951,0.84277072134215,0.8685712803610529,0.7605531295487628
recall,0.8285714285714286,0.9655172413793104,0.45,0.9183673469387755,0.7931034482758621,0.813953488372093,0.6292134831460674,0.8125,0.7712466338119338,0.8125,0.7671033478893741
f1-score,0.8529411764705883,0.9491525423728815,0.5454545454545455,0.935064935064935,0.7752808988764045,0.8045977011494252,0.7368421052631579,0.8411764705882353,0.7999048435217053,0.8352718254797078,0.7617661329451721
support,70.0,116.0,60.0,196.0,87.0,86.0,89.0,704.0,704.0,704.0,704.0
