index,1st degree av block,atrial fibrillation,premature atrial contraction,right bundle branch block,sinus rhythm,st depression,ventricular ectopics,micro avg,macro avg,weighted avg,samples avg
precision,0.9152542372881356,0.875,0.7741935483870968,0.9447236180904522,0.6627906976744186,0.6194690265486725,0.7792207792207793,0.8152958152958153,0.7958074153156506,0.8202741690207863,0.7496360989810772
recall,0.7714285714285715,0.9655172413793104,0.4,0.9591836734693877,0.6551724137931034,0.813953488372093,0.6741573033707865,0.8025568181818182,0.7484875274018931,0.8025568181818182,0.7620087336244541
f1-score,0.8372093023255813,0.9180327868852458,0.5274725274725275,0.9518987341772152,0.6589595375722542,0.7035175879396984,0.7228915662650602,0.808876163206872,0.7599974346625117,0.8032475848263573,0.7510431829209122
support,70.0,116.0,60.0,196.0,87.0,86.0,89.0,704.0,704.0,704.0,704.0
