index,abnormal QRS,atrial fibrillation,incomplete right bundle branch block,left anterior fascicular block,left axis deviation,left ventricular hypertrophy,myocardial infarction,myocardial ischemia,sinus rhythm,t wave abnormal,ventricular ectopics,micro avg,macro avg,weighted avg,samples avg
precision,0.6236162361623616,0.743455497382199,0.6962025316455697,0.7233009708737864,0.7585585585585586,0.6218905472636815,0.6996699669966997,0.7,0.9398200224971879,0.4473684210526316,0.40932642487046633,0.7637195121951219,0.6693826524821039,0.7737990248725387,0.7973147481622057
recall,0.48148148148148145,0.8875,0.4824561403508772,0.8232044198895028,0.7531305903398927,0.5555555555555556,0.7681159420289855,0.5776699029126213,0.9371845204711161,0.6322314049586777,0.6752136752136753,0.7810690423162584,0.6885221484729441,0.7810690423162584,0.8010121501646924
f1-score,0.5434083601286174,0.8091168091168092,0.5699481865284973,0.7700258397932818,0.755834829443447,0.5868544600938967,0.7322970639032815,0.6329787234042553,0.9385004212299917,0.523972602739726,0.5096774193548388,0.7722968509138957,0.670237701430604,0.773607837992689,0.7722229391720916
support,351.0,160.0,114.0,181.0,559.0,225.0,552.0,206.0,1783.0,242.0,117.0,4490.0,4490.0,4490.0,4490.0
