index,atrial fibrillation,left ventricular high voltage,nonspecific st t abnormality,sinus bradycardia,sinus rhythm,sinus tachycardia,supraventricular tachycardia,t wave abnormal,micro avg,macro avg,weighted avg,samples avg
precision,0.9080459770114943,0.6363636363636364,0.6666666666666666,0.9871794871794872,0.9693877551020408,0.9705882352941176,0.7878787878787878,0.7039473684210527,0.8923076923076924,0.8287572392396604,0.8706843612787684,0.8706868489583333
recall,0.8926553672316384,0.4375,0.22,0.9948320413436692,0.9595959595959596,0.8859060402684564,0.8524590163934426,0.5815217391304348,0.796242774566474,0.7280587704954501,0.796242774566474,0.8247884114583334
f1-score,0.9002849002849003,0.5185185185185185,0.33082706766917297,0.9909909909909911,0.964467005076142,0.9263157894736842,0.8188976377952757,0.6369047619047619,0.8415425735013364,0.7609008339641807,0.8225764232181153,0.8321940104166666
support,177.0,128.0,100.0,387.0,198.0,149.0,61.0,184.0,1384.0,1384.0,1384.0,1384.0
