index,atrial fibrillation,left ventricular high voltage,nonspecific st t abnormality,sinus bradycardia,sinus rhythm,sinus tachycardia,supraventricular tachycardia,t wave abnormal,micro avg,macro avg,weighted avg,samples avg
precision,0.9142857142857143,0.6923076923076923,0.6938775510204082,0.9872448979591837,0.9743589743589743,0.9150326797385621,0.8524590163934426,0.6615384615384615,0.8848249027237354,0.8363881234503049,0.8705791255660409,0.8863118489583333
recall,0.903954802259887,0.3515625,0.34,1.0,0.9595959595959596,0.9395973154362416,0.8524590163934426,0.7010869565217391,0.8215317919075145,0.7560320687759088,0.8215317919075145,0.8418782552083333
f1-score,0.9090909090909091,0.46632124352331605,0.45637583892617456,0.9935815147625161,0.9669211195928753,0.9271523178807947,0.8524590163934426,0.6807387862796833,0.8520044960659423,0.781580093306214,0.836418969584448,0.8487676711309524
support,177.0,128.0,100.0,387.0,198.0,149.0,61.0,184.0,1384.0,1384.0,1384.0,1384.0
