index,abnormal QRS,atrial fibrillation,incomplete right bundle branch block,left anterior fascicular block,left axis deviation,left ventricular hypertrophy,myocardial infarction,myocardial ischemia,sinus rhythm,t wave abnormal,ventricular ectopics,micro avg,macro avg,weighted avg,samples avg
precision,0.5870307167235495,0.7070063694267515,0.4566929133858268,0.7959183673469388,0.6730486008836525,0.5515463917525774,0.6635859519408502,0.7,0.9147697194282689,0.5107913669064749,0.8227848101265823,0.7630911188004613,0.6711977461746793,0.7521239002495428,0.8019839452042841
recall,0.49002849002849,0.69375,0.5087719298245614,0.6464088397790055,0.817531305903399,0.47555555555555556,0.6503623188405797,0.3058252427184466,0.9691531127313516,0.29338842975206614,0.5555555555555556,0.7367483296213808,0.5823937073353647,0.7367483296213808,0.7670451322993697
f1-score,0.5341614906832297,0.7003154574132492,0.48132780082987553,0.7134146341463414,0.7382875605815832,0.5107398568019094,0.6569075937785909,0.4256756756756757,0.9411764705882353,0.37270341207349084,0.6632653061224489,0.7496883852691217,0.6125432053358755,0.7366093281043359,0.7565987354122947
support,351.0,160.0,114.0,181.0,559.0,225.0,552.0,206.0,1783.0,242.0,117.0,4490.0,4490.0,4490.0,4490.0
