index,abnormal QRS,atrial fibrillation,incomplete right bundle branch block,left anterior fascicular block,left axis deviation,left ventricular hypertrophy,myocardial infarction,myocardial ischemia,sinus rhythm,t wave abnormal,ventricular ectopics,micro avg,macro avg,weighted avg,samples avg
precision,0.5516483516483517,0.7384615384615385,0.6923076923076923,0.7844311377245509,0.7291311754684838,0.6197916666666666,0.6299435028248588,0.7602739726027398,0.9298813376483279,0.493006993006993,0.835820895522388,0.7617328519855595,0.7058816603529628,0.7704114468923803,0.7993946731234867
recall,0.7150997150997151,0.9,0.3157894736842105,0.7237569060773481,0.7656529516994633,0.5288888888888889,0.8079710144927537,0.5388349514563107,0.9669097027481772,0.5826446280991735,0.47863247863247865,0.7988864142538975,0.6658346100798654,0.7988864142538975,0.8112252688523875
f1-score,0.6228287841191067,0.811267605633803,0.43373493975903615,0.7528735632183907,0.7469458987783596,0.5707434052757793,0.707936507936508,0.6306818181818181,0.9480340940335441,0.5340909090909091,0.6086956521739131,0.7798673768887922,0.6698030162001062,0.7776403629619134,0.7795115557827421
support,351.0,160.0,114.0,181.0,559.0,225.0,552.0,206.0,1783.0,242.0,117.0,4490.0,4490.0,4490.0,4490.0
