index,1st degree av block,atrial fibrillation,premature atrial contraction,right bundle branch block,sinus rhythm,st depression,ventricular ectopics,micro avg,macro avg,weighted avg,samples avg
precision,0.875,0.9243697478991597,0.6428571428571429,0.8642533936651584,0.6708860759493671,0.7662337662337663,0.9056603773584906,0.8346333853354134,0.8070372148518692,0.8257229411572538,0.7239204269771955
recall,0.8,0.9482758620689655,0.3,0.9744897959183674,0.6091954022988506,0.686046511627907,0.5393258426966292,0.7599431818181818,0.6939047735158171,0.7599431818181818,0.7263464337700145
f1-score,0.8358208955223881,0.9361702127659575,0.4090909090909091,0.9160671462829737,0.6385542168674698,0.7239263803680982,0.676056338028169,0.7955390334572491,0.7336694427037094,0.780083412284047,0.7197962154294032
support,70.0,116.0,60.0,196.0,87.0,86.0,89.0,704.0,704.0,704.0,704.0
