index,1st degree av block,atrial fibrillation,premature atrial contraction,right bundle branch block,sinus rhythm,st depression,ventricular ectopics,micro avg,macro avg,weighted avg,samples avg
precision,0.8769230769230769,0.9344262295081968,0.68,0.9459459459459459,0.6938775510204082,0.7647058823529411,0.8571428571428571,0.8553654743390358,0.8218602204133465,0.8500017478974636,0.7314410480349345
recall,0.8142857142857143,0.9827586206896551,0.2833333333333333,0.8928571428571429,0.7816091954022989,0.7558139534883721,0.6067415730337079,0.78125,0.7310570761557463,0.78125,0.735080058224163
f1-score,0.8444444444444444,0.9579831932773109,0.4,0.9186351706036745,0.7351351351351352,0.7602339181286549,0.7105263157894737,0.8166295471417966,0.7609940253398133,0.8052036516913119,0.7316836487142163
support,70.0,116.0,60.0,196.0,87.0,86.0,89.0,704.0,704.0,704.0,704.0
