index,abnormal QRS,atrial fibrillation,incomplete right bundle branch block,left anterior fascicular block,left axis deviation,left ventricular hypertrophy,myocardial infarction,myocardial ischemia,sinus rhythm,t wave abnormal,ventricular ectopics,micro avg,macro avg,weighted avg,samples avg
precision,0.6678082191780822,0.7943262411347518,0.3497942386831276,0.8129496402877698,0.8272727272727273,0.6629213483146067,0.7287784679089027,0.6595744680851063,0.9194061505832449,0.8076923076923077,0.717948717948718,0.7997068881289692,0.7225884115535769,0.8055761312236039,0.8152542372881355
recall,0.5555555555555556,0.7,0.7456140350877193,0.6243093922651933,0.6511627906976745,0.5244444444444445,0.6376811594202898,0.6019417475728155,0.9725182277061133,0.08677685950413223,0.47863247863247865,0.7291759465478842,0.5980578809896743,0.7291759465478842,0.7592576838339551
f1-score,0.6065318818040436,0.7441860465116279,0.4761904761904762,0.7062500000000002,0.7287287287287287,0.5856079404466502,0.6801932367149758,0.6294416243654822,0.9452166802943581,0.15671641791044777,0.5743589743589744,0.7628145386766076,0.6212201824841604,0.7458304952306848,0.7584632067682915
support,351.0,160.0,114.0,181.0,559.0,225.0,552.0,206.0,1783.0,242.0,117.0,4490.0,4490.0,4490.0,4490.0
