index,atrial fibrillation,left ventricular high voltage,nonspecific st t abnormality,sinus bradycardia,sinus rhythm,sinus tachycardia,supraventricular tachycardia,t wave abnormal,micro avg,macro avg,weighted avg,samples avg
precision,0.9171597633136095,0.6145833333333334,0.5523809523809524,0.9846153846153847,0.9887005649717514,0.89375,0.8333333333333334,0.8151260504201681,0.8785266457680251,0.8249561727960666,0.8721359698934072,0.8619791666666667
recall,0.8757062146892656,0.4609375,0.58,0.9922480620155039,0.8838383838383839,0.959731543624161,0.819672131147541,0.5271739130434783,0.809971098265896,0.7624134685447918,0.809971098265896,0.8297526041666666
f1-score,0.8959537572254336,0.5267857142857143,0.5658536585365854,0.9884169884169884,0.9333333333333332,0.9255663430420711,0.8264462809917356,0.6402640264026402,0.8428571428571429,0.7878275127793126,0.8352935808817604,0.8309198288690476
support,177.0,128.0,100.0,387.0,198.0,149.0,61.0,184.0,1384.0,1384.0,1384.0,1384.0
