index,atrial fibrillation,left ventricular high voltage,nonspecific st t abnormality,sinus bradycardia,sinus rhythm,sinus tachycardia,supraventricular tachycardia,t wave abnormal,micro avg,macro avg,weighted avg,samples avg
precision,0.8932584269662921,0.7777777777777778,0.6511627906976745,0.9747474747474747,0.9581151832460733,0.9787234042553191,0.8448275862068966,0.6470588235294118,0.8805379746835443,0.8407089334283651,0.8714853675797882,0.8689778645833333
recall,0.8983050847457628,0.1640625,0.56,0.9974160206718347,0.9242424242424242,0.9261744966442953,0.8032786885245902,0.657608695652174,0.8041907514450867,0.7413859888101352,0.8041907514450867,0.8290201822916666
f1-score,0.895774647887324,0.27096774193548384,0.6021505376344087,0.9859514687100894,0.9408740359897172,0.9517241379310345,0.823529411764706,0.6522911051212938,0.8406344410876133,0.7654078858717572,0.8189097318899546,0.8343982514880952
support,177.0,128.0,100.0,387.0,198.0,149.0,61.0,184.0,1384.0,1384.0,1384.0,1384.0
