index,abnormal QRS,atrial fibrillation,incomplete right bundle branch block,left anterior fascicular block,left axis deviation,left ventricular hypertrophy,myocardial infarction,myocardial ischemia,sinus rhythm,t wave abnormal,ventricular ectopics,micro avg,macro avg,weighted avg,samples avg
precision,0.6903914590747331,0.8636363636363636,0.5581395348837209,0.7588235294117647,0.8183716075156576,0.5263157894736842,0.7314629258517034,0.6256410256410256,0.9157392686804452,0.4491525423728814,0.7764705882352941,0.7864189034182152,0.7012858758888431,0.7844832168902777,0.8102840128263856
recall,0.5527065527065527,0.7125,0.631578947368421,0.712707182320442,0.7012522361359571,0.6222222222222222,0.6612318840579711,0.5922330097087378,0.9691531127313516,0.4380165289256198,0.5641025641025641,0.7634743875278397,0.6507003854799854,0.7634743875278397,0.7859989529481054
f1-score,0.6139240506329114,0.7808219178082192,0.5925925925925927,0.7350427350427351,0.7552986512524086,0.5702647657841141,0.6945765937202664,0.6084788029925187,0.9416893732970028,0.4435146443514644,0.6534653465346534,0.7747768109390892,0.6717881340008077,0.7712939226698197,0.7715831503967098
support,351.0,160.0,114.0,181.0,559.0,225.0,552.0,206.0,1783.0,242.0,117.0,4490.0,4490.0,4490.0,4490.0
