index,1st degree av block,atrial fibrillation,premature atrial contraction,right bundle branch block,sinus rhythm,st depression,ventricular ectopics,micro avg,macro avg,weighted avg,samples avg
precision,0.8787878787878788,0.9495798319327731,0.5609756097560976,0.9487179487179487,0.7096774193548387,0.776595744680851,0.7794117647058824,0.8446745562130178,0.8005351711337528,0.8368898908219952,0.75764192139738
recall,0.8285714285714286,0.9741379310344828,0.38333333333333336,0.9438775510204082,0.7586206896551724,0.8488372093023255,0.5955056179775281,0.8110795454545454,0.7618405372706684,0.8110795454545454,0.7663755458515283
f1-score,0.8529411764705883,0.9617021276595743,0.4554455445544555,0.9462915601023018,0.7333333333333333,0.8111111111111111,0.6751592356687898,0.827536231884058,0.7765691555571649,0.8206078624216592,0.759582726831635
support,70.0,116.0,60.0,196.0,87.0,86.0,89.0,704.0,704.0,704.0,704.0
