index,1st degree av block,atrial fibrillation,premature atrial contraction,right bundle branch block,sinus rhythm,st depression,ventricular ectopics,micro avg,macro avg,weighted avg,samples avg
precision,0.9193548387096774,0.904,0.6842105263157895,0.9329896907216495,0.7962962962962963,0.7319587628865979,0.7916666666666666,0.848714069591528,0.8229252545138112,0.8463380886213447,0.74235807860262
recall,0.8142857142857143,0.9741379310344828,0.65,0.923469387755102,0.4942528735632184,0.8255813953488372,0.6404494382022472,0.796875,0.7603109628842288,0.796875,0.75254730713246
f1-score,0.8636363636363636,0.9377593360995852,0.6666666666666667,0.9282051282051282,0.6099290780141844,0.7759562841530054,0.7080745341614907,0.821978021978022,0.7843181987052035,0.815309001896403,0.7442988840368753
support,70.0,116.0,60.0,196.0,87.0,86.0,89.0,704.0,704.0,704.0,704.0
