index,1st degree av block,atrial fibrillation,premature atrial contraction,right bundle branch block,sinus rhythm,st depression,ventricular ectopics,micro avg,macro avg,weighted avg,samples avg
precision,0.782051282051282,0.926829268292683,0.6065573770491803,0.9516129032258065,0.6666666666666666,0.8125,0.859375,0.8343108504398827,0.8007989281836598,0.8373930845465196,0.7554585152838428
recall,0.8714285714285714,0.9827586206896551,0.6166666666666667,0.9030612244897959,0.6896551724137931,0.7558139534883721,0.6179775280898876,0.8082386363636364,0.7767659624666775,0.8082386363636364,0.7656477438136827
f1-score,0.8243243243243245,0.9539748953974895,0.6115702479338844,0.9267015706806283,0.6779661016949153,0.783132530120482,0.7189542483660131,0.8210678210678212,0.7852319883596767,0.8196177412509121,0.7569141193595342
support,70.0,116.0,60.0,196.0,87.0,86.0,89.0,704.0,704.0,704.0,704.0
