index,1st degree av block,atrial fibrillation,premature atrial contraction,right bundle branch block,sinus rhythm,st depression,ventricular ectopics,micro avg,macro avg,weighted avg,samples avg
precision,0.9193548387096774,0.9338842975206612,0.7608695652173914,0.9384615384615385,0.6634615384615384,0.8045977011494253,0.8939393939393939,0.8604992657856094,0.8449384104942322,0.8647062711352127,0.7823871906841339
recall,0.8142857142857143,0.9741379310344828,0.5833333333333334,0.9336734693877551,0.7931034482758621,0.813953488372093,0.6629213483146067,0.8323863636363636,0.7964869618576925,0.8323863636363636,0.7882096069868996
f1-score,0.8636363636363636,0.9535864978902953,0.6603773584905662,0.9360613810741688,0.7225130890052356,0.8092485549132948,0.7612903225806451,0.8462093862815884,0.8152447953700813,0.8442757167407202,0.7831149927219796
support,70.0,116.0,60.0,196.0,87.0,86.0,89.0,704.0,704.0,704.0,704.0
