index,atrial fibrillation,left ventricular high voltage,nonspecific st t abnormality,sinus bradycardia,sinus rhythm,sinus tachycardia,supraventricular tachycardia,t wave abnormal,micro avg,macro avg,weighted avg,samples avg
precision,0.9,0.5,0.5675675675675675,0.9771573604060914,0.9842105263157894,0.9281045751633987,0.8421052631578947,0.6045197740112994,0.8525096525096525,0.7879581333277551,0.8337991189411109,0.8560384114583333
recall,0.864406779661017,0.3125,0.42,0.9948320413436692,0.9444444444444444,0.9530201342281879,0.7868852459016393,0.5815217391304348,0.7976878612716763,0.7322012980886741,0.7976878612716763,0.8248697916666667
f1-score,0.8818443804034583,0.38461538461538464,0.4827586206896552,0.9859154929577465,0.9639175257731959,0.9403973509933774,0.8135593220338982,0.592797783933518,0.8241881298992161,0.7557257326750293,0.8127306132187396,0.8227120535714285
support,177.0,128.0,100.0,387.0,198.0,149.0,61.0,184.0,1384.0,1384.0,1384.0,1384.0
