index,atrial fibrillation,left ventricular high voltage,nonspecific st t abnormality,sinus bradycardia,sinus rhythm,sinus tachycardia,supraventricular tachycardia,t wave abnormal,micro avg,macro avg,weighted avg,samples avg
precision,0.9106145251396648,0.5074626865671642,0.41935483870967744,0.9795918367346939,0.9776536312849162,0.9144736842105263,0.8148148148148148,0.6616541353383458,0.8645320197044335,0.7732025190999754,0.829806056405602,0.8548177083333333
recall,0.9209039548022598,0.265625,0.26,0.9922480620155039,0.8838383838383839,0.9328859060402684,0.7213114754098361,0.4782608695652174,0.7608381502890174,0.6818842064589338,0.7608381502890174,0.7955729166666667
f1-score,0.9157303370786517,0.3487179487179487,0.32098765432098764,0.9858793324775352,0.9283819628647215,0.9235880398671096,0.7652173913043478,0.5552050473186121,0.8093774019984628,0.7179634642437394,0.7880234612451791,0.8057431175595238
support,177.0,128.0,100.0,387.0,198.0,149.0,61.0,184.0,1384.0,1384.0,1384.0,1384.0
