index,atrial fibrillation,left ventricular high voltage,nonspecific st t abnormality,sinus bradycardia,sinus rhythm,sinus tachycardia,supraventricular tachycardia,t wave abnormal,micro avg,macro avg,weighted avg,samples avg
precision,0.8854166666666666,0.6779661016949152,0.7014925373134329,0.965,0.9775280898876404,0.9527027027027027,0.8059701492537313,0.5875486381322957,0.8501461988304093,0.819203110706423,0.8525137700647168,0.8653157552083333
recall,0.96045197740113,0.3125,0.47,0.9974160206718347,0.8787878787878788,0.9463087248322147,0.8852459016393442,0.8206521739130435,0.8403179190751445,0.7839203346556808,0.8403179190751445,0.8579915364583334
f1-score,0.9214092140921409,0.42780748663101603,0.562874251497006,0.9809402795425667,0.9255319148936169,0.9494949494949495,0.84375,0.6848072562358276,0.8452034883720931,0.7870769190483904,0.8352337097448186,0.8462611607142857
support,177.0,128.0,100.0,387.0,198.0,149.0,61.0,184.0,1384.0,1384.0,1384.0,1384.0
