index,atrial fibrillation,left ventricular high voltage,nonspecific st t abnormality,sinus bradycardia,sinus rhythm,sinus tachycardia,supraventricular tachycardia,t wave abnormal,micro avg,macro avg,weighted avg,samples avg
precision,0.8770053475935828,0.45652173913043476,0.5918367346938775,0.9846153846153847,0.955,0.9276315789473685,0.8032786885245902,0.6733333333333333,0.8594847775175644,0.7836528508548215,0.8338836669398791,0.8616536458333334
recall,0.9265536723163842,0.328125,0.29,0.9922480620155039,0.9646464646464646,0.9463087248322147,0.8032786885245902,0.5489130434782609,0.7955202312138728,0.7250092069766774,0.7955202312138728,0.8258463541666666
f1-score,0.9010989010989011,0.3818181818181817,0.3892617449664429,0.9884169884169884,0.9597989949748743,0.9368770764119602,0.8032786885245902,0.6047904191616766,0.8262664165103188,0.745667624421702,0.8090513759374329,0.8266136532738094
support,177.0,128.0,100.0,387.0,198.0,149.0,61.0,184.0,1384.0,1384.0,1384.0,1384.0
