index,1st degree av block,atrial fibrillation,premature atrial contraction,right bundle branch block,sinus rhythm,st depression,ventricular ectopics,micro avg,macro avg,weighted avg,samples avg
precision,0.8870967741935484,0.8861788617886179,0.723404255319149,0.9054726368159204,0.7023809523809523,0.8125,0.8611111111111112,0.8460388639760837,0.825449227372757,0.842885576764388,0.75764192139738
recall,0.7857142857142857,0.9396551724137931,0.5666666666666667,0.9285714285714286,0.6781609195402298,0.7558139534883721,0.6966292134831461,0.8039772727272727,0.7644588056968462,0.8039772727272727,0.7634643377001455
f1-score,0.8333333333333333,0.9121338912133892,0.6355140186915887,0.9168765743073048,0.6900584795321637,0.783132530120482,0.7701863354037267,0.8244719592134012,0.7916050232288555,0.8208957152846661,0.7569141193595342
support,70.0,116.0,60.0,196.0,87.0,86.0,89.0,704.0,704.0,704.0,704.0
