index,abnormal QRS,atrial fibrillation,incomplete right bundle branch block,left anterior fascicular block,left axis deviation,left ventricular hypertrophy,myocardial infarction,myocardial ischemia,sinus rhythm,t wave abnormal,ventricular ectopics,micro avg,macro avg,weighted avg,samples avg
precision,0.6394230769230769,0.7058823529411765,0.39759036144578314,0.8133333333333334,0.7616387337057728,0.6976744186046512,0.6623853211009174,0.7164179104477612,0.8919197117858981,0.5285714285714286,0.9024390243902439,0.7870370370370371,0.7015705157500038,0.7682987509617951,0.8037104901511681
recall,0.3789173789173789,0.225,0.5789473684210527,0.6740331491712708,0.7316636851520573,0.13333333333333333,0.6539855072463768,0.46601941747572817,0.9719573752103197,0.15289256198347106,0.3162393162393162,0.6815144766146993,0.48027173574093673,0.6815144766146993,0.7255775145605654
f1-score,0.4758497316636851,0.3412322274881517,0.4714285714285714,0.7371601208459216,0.7463503649635036,0.22388059701492538,0.658158614402917,0.5647058823529411,0.9302200751476114,0.23717948717948717,0.46835443037974683,0.7304846025304369,0.5322291002606784,0.696388085685113,0.7348001975120619
support,351.0,160.0,114.0,181.0,559.0,225.0,552.0,206.0,1783.0,242.0,117.0,4490.0,4490.0,4490.0,4490.0
