index,atrial fibrillation,left ventricular high voltage,nonspecific st t abnormality,sinus bradycardia,sinus rhythm,sinus tachycardia,supraventricular tachycardia,t wave abnormal,micro avg,macro avg,weighted avg,samples avg
precision,0.8214285714285714,0.5294117647058824,0.5,0.979746835443038,0.9095238095238095,0.9765625,0.8035714285714286,0.6442953020134228,0.843871975019516,0.770567526460769,0.8204344709831699,0.8517252604166666
recall,0.9096045197740112,0.3515625,0.31,1.0,0.9646464646464646,0.8389261744966443,0.7377049180327869,0.5217391304347826,0.7810693641618497,0.7042729634230862,0.7810693641618497,0.81396484375
f1-score,0.8632707774798928,0.4225352112676056,0.38271604938271603,0.989769820971867,0.9362745098039216,0.9025270758122744,0.7692307692307693,0.5765765765765766,0.8112570356472796,0.7303625988157029,0.7955693746827681,0.8144019717261906
support,177.0,128.0,100.0,387.0,198.0,149.0,61.0,184.0,1384.0,1384.0,1384.0,1384.0
