index,1st degree av block,atrial fibrillation,premature atrial contraction,right bundle branch block,sinus rhythm,st depression,ventricular ectopics,micro avg,macro avg,weighted avg,samples avg
precision,0.8356164383561644,0.9130434782608695,0.53125,0.9505494505494505,0.6274509803921569,0.7558139534883721,0.7580645161290323,0.8159509202453987,0.7673984024537208,0.8091546359381905,0.7210092188258127
recall,0.8714285714285714,0.9051724137931034,0.2833333333333333,0.8826530612244898,0.735632183908046,0.7558139534883721,0.5280898876404494,0.7556818181818182,0.7088747721166236,0.7556818181818182,0.7219796215429404
f1-score,0.8531468531468531,0.9090909090909092,0.3695652173913043,0.9153439153439152,0.6772486772486773,0.755813953488372,0.6225165562913907,0.784660766961652,0.728960868857346,0.7756828892844879,0.7159146045608928
support,70.0,116.0,60.0,196.0,87.0,86.0,89.0,704.0,704.0,704.0,704.0
