index,1st degree av block,atrial fibrillation,premature atrial contraction,right bundle branch block,sinus rhythm,st depression,ventricular ectopics,micro avg,macro avg,weighted avg,samples avg
precision,0.875,0.9391304347826087,0.5074626865671642,0.9261083743842364,0.65625,0.8055555555555556,0.828125,0.8223201174743024,0.7910902930413665,0.8270295252640633,0.7365356622998545
recall,0.8,0.9310344827586207,0.5666666666666667,0.9591836734693877,0.7241379310344828,0.6744186046511628,0.5955056179775281,0.7954545454545454,0.7501352823654069,0.7954545454545454,0.754730713245997
f1-score,0.8358208955223881,0.935064935064935,0.5354330708661418,0.9423558897243107,0.6885245901639345,0.7341772151898734,0.69281045751634,0.8086642599277978,0.7663124362925605,0.8075337277863336,0.7399320718098009
support,70.0,116.0,60.0,196.0,87.0,86.0,89.0,704.0,704.0,704.0,704.0
