index,abnormal QRS,atrial fibrillation,incomplete right bundle branch block,left anterior fascicular block,left axis deviation,left ventricular hypertrophy,myocardial infarction,myocardial ischemia,sinus rhythm,t wave abnormal,ventricular ectopics,micro avg,macro avg,weighted avg,samples avg
precision,0.6426229508196721,0.8070175438596491,0.6454545454545455,0.7391304347826086,0.7869158878504673,0.4984709480122324,0.6526019690576652,0.6396396396396397,0.9395936298736958,0.515,0.8115942028985508,0.7735767991407089,0.6980037956589751,0.7797269155308263,0.8062059638330824
recall,0.5584045584045584,0.8625,0.6228070175438597,0.7513812154696132,0.7531305903398927,0.7244444444444444,0.8405797101449275,0.6893203883495146,0.9596186203028604,0.4256198347107438,0.47863247863247865,0.8020044543429844,0.6969489871220812,0.8020044543429844,0.813183037759309
f1-score,0.5975609756097561,0.8338368580060422,0.6339285714285715,0.7452054794520546,0.7696526508226691,0.5905797101449275,0.7347585114806017,0.663551401869159,0.9495005549389566,0.4660633484162896,0.6021505376344086,0.7875341716785129,0.6897080545275851,0.7866148853083781,0.7848451695909323
support,351.0,160.0,114.0,181.0,559.0,225.0,552.0,206.0,1783.0,242.0,117.0,4490.0,4490.0,4490.0,4490.0
