index,atrial fibrillation,left ventricular high voltage,nonspecific st t abnormality,sinus bradycardia,sinus rhythm,sinus tachycardia,supraventricular tachycardia,t wave abnormal,micro avg,macro avg,weighted avg,samples avg
precision,0.9106145251396648,0.7222222222222222,0.5042735042735043,0.9722222222222222,0.9627659574468085,0.8773006134969326,0.7857142857142857,0.6871165644171779,0.8574730354391371,0.8027787368666023,0.8497138989077737,0.8541666666666666
recall,0.9209039548022598,0.203125,0.59,0.9948320413436692,0.9141414141414141,0.959731543624161,0.7213114754098361,0.6086956521739131,0.8041907514450867,0.7390926351869067,0.8041907514450867,0.822998046875
f1-score,0.9157303370786517,0.3170731707317073,0.543778801843318,0.9833971902937421,0.9378238341968912,0.9166666666666666,0.7521367521367521,0.6455331412103746,0.8299776286353467,0.7515174867697629,0.812538382017311,0.8240420386904762
support,177.0,128.0,100.0,387.0,198.0,149.0,61.0,184.0,1384.0,1384.0,1384.0,1384.0
