index,atrial fibrillation,left ventricular high voltage,nonspecific st t abnormality,sinus bradycardia,sinus rhythm,sinus tachycardia,supraventricular tachycardia,t wave abnormal,micro avg,macro avg,weighted avg,samples avg
precision,0.9104477611940298,0.5824175824175825,0.7096774193548387,0.9844155844155844,0.9885714285714285,0.9621212121212122,0.7954545454545454,0.6018518518518519,0.8617549668874173,0.8168696731726341,0.8569305988885695,0.7902018229166666
recall,0.6892655367231638,0.4140625,0.22,0.979328165374677,0.8737373737373737,0.8523489932885906,0.5737704918032787,0.7065217391304348,0.7521676300578035,0.6636293500071899,0.7521676300578035,0.7677408854166666
f1-score,0.7845659163987139,0.4840182648401826,0.33587786259541985,0.9818652849740933,0.9276139410187668,0.9039145907473309,0.6666666666666666,0.65,0.8032407407407408,0.7168153159051468,0.7897468624684729,0.7646577380952381
support,177.0,128.0,100.0,387.0,198.0,149.0,61.0,184.0,1384.0,1384.0,1384.0,1384.0
