index,atrial fibrillation,left ventricular high voltage,nonspecific st t abnormality,sinus bradycardia,sinus rhythm,sinus tachycardia,supraventricular tachycardia,t wave abnormal,micro avg,macro avg,weighted avg,samples avg
precision,0.903954802259887,0.5220588235294118,0.609375,0.9673366834170855,0.9943820224719101,0.9470198675496688,0.8412698412698413,0.7723577235772358,0.8705426356589148,0.8197193455093801,0.8623881561157422,0.8642578125
recall,0.903954802259887,0.5546875,0.39,0.9948320413436692,0.8939393939393939,0.959731543624161,0.8688524590163934,0.5163043478260869,0.8114161849710982,0.7602877610011989,0.8114161849710982,0.8347981770833333
f1-score,0.903954802259887,0.537878787878788,0.475609756097561,0.9808917197452229,0.9414893617021277,0.9533333333333331,0.8548387096774194,0.6188925081433224,0.8399401645474943,0.7833611223547077,0.8312843201387455,0.8337844122023809
support,177.0,128.0,100.0,387.0,198.0,149.0,61.0,184.0,1384.0,1384.0,1384.0,1384.0
