index,atrial fibrillation,left ventricular high voltage,nonspecific st t abnormality,sinus bradycardia,sinus rhythm,sinus tachycardia,supraventricular tachycardia,t wave abnormal,micro avg,macro avg,weighted avg,samples avg
precision,0.9132947976878613,0.6842105263157895,0.6559139784946236,0.994750656167979,0.9238095238095239,0.9328859060402684,0.8548387096774194,0.6742857142857143,0.8776923076923077,0.8292487265598973,0.8655491667477041,0.876708984375
recall,0.8926553672316384,0.3046875,0.61,0.979328165374677,0.9797979797979798,0.9328859060402684,0.8688524590163934,0.6413043478260869,0.8244219653179191,0.7761889656608805,0.8244219653179191,0.8440755208333333
f1-score,0.9028571428571429,0.42162162162162165,0.6321243523316062,0.9869791666666666,0.9509803921568627,0.9328859060402684,0.8617886178861789,0.6573816155988857,0.8502235469448585,0.7933273518949042,0.8379827277418737,0.8458984375
support,177.0,128.0,100.0,387.0,198.0,149.0,61.0,184.0,1384.0,1384.0,1384.0,1384.0
