index,1st degree av block,atrial fibrillation,premature atrial contraction,right bundle branch block,sinus rhythm,st depression,ventricular ectopics,micro avg,macro avg,weighted avg,samples avg
precision,0.8870967741935484,0.925,0.7058823529411765,0.9207920792079208,0.796875,0.7738095238095238,0.9032258064516129,0.8682170542635659,0.8446687909433974,0.864329266642875,0.75254730713246
recall,0.7857142857142857,0.9568965517241379,0.6,0.9489795918367347,0.5862068965517241,0.7558139534883721,0.6292134831460674,0.7954545454545454,0.751832108923046,0.7954545454545454,0.7540029112081513
f1-score,0.8333333333333333,0.9406779661016949,0.6486486486486486,0.934673366834171,0.6754966887417218,0.7647058823529412,0.7417218543046358,0.8302446256486287,0.791322534331021,0.8240242032038946,0.7506065016982048
support,70.0,116.0,60.0,196.0,87.0,86.0,89.0,704.0,704.0,704.0,704.0
