index,1st degree av block,atrial fibrillation,premature atrial contraction,right bundle branch block,sinus rhythm,st depression,ventricular ectopics,micro avg,macro avg,weighted avg,samples avg
precision,0.8769230769230769,0.9338842975206612,0.6410256410256411,0.9574468085106383,0.7191011235955056,0.7872340425531915,0.8524590163934426,0.8599695585996956,0.8240105723603083,0.8550697225824367,0.7496360989810772
recall,0.8142857142857143,0.9741379310344828,0.4166666666666667,0.9183673469387755,0.735632183908046,0.8604651162790697,0.5842696629213483,0.8025568181818182,0.7576892317191576,0.8025568181818182,0.7569141193595342
f1-score,0.8444444444444444,0.9535864978902953,0.5050505050505051,0.9375000000000001,0.7272727272727273,0.8222222222222222,0.6933333333333332,0.8302718589272595,0.7833442471733612,0.8231117616760237,0.7510917030567685
support,70.0,116.0,60.0,196.0,87.0,86.0,89.0,704.0,704.0,704.0,704.0
