index,abnormal QRS,atrial fibrillation,incomplete right bundle branch block,left anterior fascicular block,left axis deviation,left ventricular hypertrophy,myocardial infarction,myocardial ischemia,sinus rhythm,t wave abnormal,ventricular ectopics,micro avg,macro avg,weighted avg,samples avg
precision,0.5568445475638051,0.8484848484848485,0.6458333333333334,0.7630057803468208,0.7971602434077079,0.5155038759689923,0.6832797427652733,0.6436170212765957,0.9308855291576674,0.4666666666666667,0.8271604938271605,0.7814764492753623,0.698040189345352,0.7758965568690023,0.7994350282485876
recall,0.6837606837606838,0.7,0.543859649122807,0.7292817679558011,0.7030411449016101,0.5911111111111111,0.769927536231884,0.587378640776699,0.9669097027481772,0.17355371900826447,0.5726495726495726,0.7685968819599109,0.6383157752969646,0.7685968819599109,0.7873121305324695
f1-score,0.6138107416879796,0.7671232876712328,0.5904761904761905,0.7457627118644068,0.747148288973384,0.5507246376811595,0.7240204429301533,0.6142131979695431,0.9485557083906465,0.25301204819277107,0.6767676767676768,0.7749831574219628,0.6574195393277402,0.7661305868864512,0.7672614731936767
support,351.0,160.0,114.0,181.0,559.0,225.0,552.0,206.0,1783.0,242.0,117.0,4490.0,4490.0,4490.0,4490.0
