index,1st degree av block,atrial fibrillation,premature atrial contraction,right bundle branch block,sinus rhythm,st depression,ventricular ectopics,micro avg,macro avg,weighted avg,samples avg
precision,0.9473684210526315,0.9411764705882353,0.4897959183673469,0.9578947368421052,0.7439024390243902,0.6990291262135923,0.7590361445783133,0.8316251830161054,0.7911718938095164,0.8309909339516672,0.745269286754003
recall,0.7714285714285715,0.9655172413793104,0.4,0.9285714285714286,0.7011494252873564,0.8372093023255814,0.7078651685393258,0.8068181818181818,0.7588201625045105,0.8068181818181818,0.7612809315866085
f1-score,0.8503937007874016,0.9531914893617022,0.44036697247706424,0.9430051813471502,0.7218934911242605,0.761904761904762,0.7325581395348838,0.8190338860850757,0.7719019623624607,0.8165838400340423,0.7496360989810772
support,70.0,116.0,60.0,196.0,87.0,86.0,89.0,704.0,704.0,704.0,704.0
