index,abnormal QRS,atrial fibrillation,incomplete right bundle branch block,left anterior fascicular block,left axis deviation,left ventricular hypertrophy,myocardial infarction,myocardial ischemia,sinus rhythm,t wave abnormal,ventricular ectopics,micro avg,macro avg,weighted avg,samples avg
precision,0.6910299003322259,0.7607361963190185,0.5982905982905983,0.7314285714285714,0.7615780445969125,0.689922480620155,0.7637969094922737,0.6761363636363636,0.9249460043196545,0.4265232974910394,0.8253968253968254,0.795152645071079,0.7136168356294216,0.7919123492974595,0.8173243461379055
recall,0.5925925925925926,0.775,0.6140350877192983,0.7071823204419889,0.7942754919499105,0.39555555555555555,0.6268115942028986,0.5776699029126213,0.9607403252944475,0.49173553719008267,0.4444444444444444,0.7599109131403118,0.63454935020944,0.7599109131403118,0.7832111772789739
f1-score,0.6380368098159508,0.7678018575851394,0.6060606060606061,0.7191011235955057,0.777583187390543,0.5028248587570622,0.6885572139303482,0.6230366492146596,0.942503438789546,0.45681381957773515,0.5777777777777777,0.7771324450518163,0.6636452129540795,0.7708048401825641,0.7744322634153142
support,351.0,160.0,114.0,181.0,559.0,225.0,552.0,206.0,1783.0,242.0,117.0,4490.0,4490.0,4490.0,4490.0
