index,abnormal QRS,atrial fibrillation,incomplete right bundle branch block,left anterior fascicular block,left axis deviation,left ventricular hypertrophy,myocardial infarction,myocardial ischemia,sinus rhythm,t wave abnormal,ventricular ectopics,micro avg,macro avg,weighted avg,samples avg
precision,0.5183673469387755,0.7621951219512195,0.6610169491525424,0.7592592592592593,0.8233995584988962,0.6243093922651933,0.6427503736920778,0.6266666666666667,0.9241379310344827,0.5524861878453039,0.8805970149253731,0.7713844797178131,0.7068350729299809,0.7763454257746655,0.8065211700804921
recall,0.7236467236467237,0.78125,0.34210526315789475,0.6795580110497238,0.667262969588551,0.5022222222222222,0.7789855072463768,0.6844660194174758,0.9770050476724621,0.4132231404958678,0.5042735042735043,0.7792873051224944,0.6412725826155274,0.7792873051224944,0.7967421416573959
f1-score,0.6040428061831153,0.7716049382716049,0.45086705202312144,0.7172011661807581,0.7371541501976285,0.5566502463054187,0.7043407043407043,0.654292343387471,0.9498364231188657,0.4728132387706856,0.6413043478260869,0.7753157544870375,0.6600097651459509,0.7707339848363609,0.7752889600347228
support,351.0,160.0,114.0,181.0,559.0,225.0,552.0,206.0,1783.0,242.0,117.0,4490.0,4490.0,4490.0,4490.0
