index,abnormal QRS,atrial fibrillation,incomplete right bundle branch block,left anterior fascicular block,left axis deviation,left ventricular hypertrophy,myocardial infarction,myocardial ischemia,sinus rhythm,t wave abnormal,ventricular ectopics,micro avg,macro avg,weighted avg,samples avg
precision,0.5938864628820961,0.7266666666666667,0.5789473684210527,0.631336405529954,0.767337807606264,0.6466666666666666,0.6696428571428571,0.6224489795918368,0.9347079037800687,0.6333333333333333,0.7659574468085106,0.7910828025477707,0.688266536220846,0.7765634223414266,0.795587112536265
recall,0.38746438746438744,0.68125,0.38596491228070173,0.7569060773480663,0.6135957066189625,0.4311111111111111,0.6793478260869565,0.5922330097087378,0.9153112731351655,0.15702479338842976,0.6153846153846154,0.6915367483296214,0.565053973866103,0.6915367483296214,0.7240832842527758
f1-score,0.4689655172413793,0.7032258064516129,0.4631578947368421,0.6884422110552764,0.6819085487077534,0.5173333333333333,0.6744604316546762,0.6069651741293532,0.9249079059223576,0.25165562913907286,0.6824644549763033,0.7379679144385026,0.6057715370316328,0.7214509417372152,0.7295110651042854
support,351.0,160.0,114.0,181.0,559.0,225.0,552.0,206.0,1783.0,242.0,117.0,4490.0,4490.0,4490.0,4490.0
