index,abnormal QRS,atrial fibrillation,incomplete right bundle branch block,left anterior fascicular block,left axis deviation,left ventricular hypertrophy,myocardial infarction,myocardial ischemia,sinus rhythm,t wave abnormal,ventricular ectopics,micro avg,macro avg,weighted avg,samples avg
precision,0.7388535031847133,0.7816091954022989,0.5949367088607594,0.594488188976378,0.66484268125855,0.5721649484536082,0.6740442655935613,0.6971830985915493,0.9113924050632911,0.5634920634920635,0.7920792079207921,0.7720450281425891,0.6895532969815968,0.7639081354030758,0.7995102851035055
recall,0.33048433048433046,0.425,0.41228070175438597,0.8342541436464088,0.8694096601073346,0.49333333333333335,0.6068840579710145,0.48058252427184467,0.9691531127313516,0.29338842975206614,0.6837606837606838,0.733184855233853,0.581684634346614,0.733184855233853,0.763152498745719
f1-score,0.45669291338582674,0.5506072874493928,0.48704663212435234,0.6942528735632184,0.7534883720930234,0.5298329355608592,0.6387035271687321,0.5689655172413793,0.9393857026365859,0.3858695652173913,0.7339449541284404,0.7521133196253141,0.6126172982335638,0.733616886644582,0.7535787671380891
support,351.0,160.0,114.0,181.0,559.0,225.0,552.0,206.0,1783.0,242.0,117.0,4490.0,4490.0,4490.0,4490.0
