index,abnormal QRS,atrial fibrillation,incomplete right bundle branch block,left anterior fascicular block,left axis deviation,left ventricular hypertrophy,myocardial infarction,myocardial ischemia,sinus rhythm,t wave abnormal,ventricular ectopics,micro avg,macro avg,weighted avg,samples avg
precision,0.6035502958579881,0.7819548872180451,0.631578947368421,0.8617886178861789,0.8092243186582809,0.8305084745762712,0.7588495575221239,0.75,0.924468085106383,0.5263157894736842,0.6470588235294118,0.8196266397578204,0.7386634361087989,0.8082292497662684,0.8311039853412736
recall,0.5811965811965812,0.65,0.5263157894736842,0.585635359116022,0.6905187835420393,0.21777777777777776,0.6213768115942029,0.49514563106796117,0.9747616376892877,0.3305785123966942,0.6581196581196581,0.7236080178173719,0.5755842310885372,0.7236080178173719,0.7563706563706564
f1-score,0.5921625544267054,0.7098976109215017,0.5741626794258373,0.6973684210526314,0.7451737451737451,0.34507042253521125,0.6832669322709164,0.5964912280701754,0.948948948948949,0.40609137055837563,0.652542372881356,0.7686302342086586,0.6319251169332186,0.7514347344127071,0.7643978838894093
support,351.0,160.0,114.0,181.0,559.0,225.0,552.0,206.0,1783.0,242.0,117.0,4490.0,4490.0,4490.0,4490.0
