index,1st degree av block,atrial fibrillation,premature atrial contraction,right bundle branch block,sinus rhythm,st depression,ventricular ectopics,micro avg,macro avg,weighted avg,samples avg
precision,0.8405797101449275,0.9322033898305084,0.5918367346938775,0.9513513513513514,0.7,0.8085106382978723,0.8253968253968254,0.844311377245509,0.8071255213879089,0.8421072077143691,0.7481804949053857
recall,0.8285714285714286,0.9482758620689655,0.48333333333333334,0.8979591836734694,0.7241379310344828,0.8837209302325582,0.5842696629213483,0.8011363636363636,0.7643240474050836,0.8011363636363636,0.7569141193595342
f1-score,0.8345323741007195,0.94017094017094,0.5321100917431193,0.9238845144356954,0.711864406779661,0.8444444444444444,0.6842105263157895,0.8221574344023324,0.7816024711414812,0.8180883920952002,0.7496360989810772
support,70.0,116.0,60.0,196.0,87.0,86.0,89.0,704.0,704.0,704.0,704.0
