index,1st degree av block,atrial fibrillation,premature atrial contraction,right bundle branch block,sinus rhythm,st depression,ventricular ectopics,micro avg,macro avg,weighted avg,samples avg
precision,0.9206349206349206,0.9333333333333333,0.8,0.9583333333333334,0.723404255319149,0.8148148148148148,0.9375,0.8861911987860395,0.8697172367765074,0.8877729953569382,0.7838427947598253
recall,0.8285714285714286,0.9655172413793104,0.6,0.9387755102040817,0.7816091954022989,0.7674418604651163,0.6741573033707865,0.8295454545454546,0.7937246484847175,0.8295454545454546,0.7860262008733624
f1-score,0.8721804511278196,0.9491525423728815,0.6857142857142857,0.9484536082474228,0.7513812154696133,0.7904191616766467,0.7843137254901961,0.8569332355099047,0.8259449985855521,0.8541821393071435,0.7831149927219796
support,70.0,116.0,60.0,196.0,87.0,86.0,89.0,704.0,704.0,704.0,704.0
