index,atrial fibrillation,left ventricular high voltage,nonspecific st t abnormality,sinus bradycardia,sinus rhythm,sinus tachycardia,supraventricular tachycardia,t wave abnormal,micro avg,macro avg,weighted avg,samples avg
precision,0.8971428571428571,0.5862068965517241,0.6212121212121212,0.9974025974025974,0.9893048128342246,0.9342105263157895,0.7846153846153846,0.811965811965812,0.8962722852512156,0.8277576260050639,0.8773755455306363,0.88330078125
recall,0.8870056497175142,0.3984375,0.41,0.9922480620155039,0.9343434343434344,0.9530201342281879,0.8360655737704918,0.5163043478260869,0.7991329479768786,0.7409280877376524,0.7991329479768786,0.8294270833333334
f1-score,0.8920454545454545,0.47441860465116276,0.4939759036144578,0.994818652849741,0.961038961038961,0.9435215946843853,0.8095238095238095,0.6312292358803987,0.8449197860962566,0.7750715270985464,0.8304968204774734,0.8397181919642857
support,177.0,128.0,100.0,387.0,198.0,149.0,61.0,184.0,1384.0,1384.0,1384.0,1384.0
