index,atrial fibrillation,left ventricular high voltage,nonspecific st t abnormality,sinus bradycardia,sinus rhythm,sinus tachycardia,supraventricular tachycardia,t wave abnormal,micro avg,macro avg,weighted avg,samples avg
precision,0.974025974025974,0.5139664804469274,0.7777777777777778,0.9948186528497409,0.979381443298969,0.9266666666666666,0.8115942028985508,0.74375,0.8719879518072289,0.8402476497455758,0.8810050641718008,0.86572265625
recall,0.847457627118644,0.71875,0.28,0.9922480620155039,0.9595959595959596,0.9328859060402684,0.9180327868852459,0.6467391304347826,0.8367052023121387,0.7869636840113006,0.8367052023121387,0.85009765625
f1-score,0.9063444108761328,0.5993485342019543,0.4117647058823529,0.9935316946959897,0.9693877551020409,0.9297658862876254,0.8615384615384616,0.6918604651162791,0.8539823008849557,0.7954427392126046,0.8476465851450945,0.8425874255952381
support,177.0,128.0,100.0,387.0,198.0,149.0,61.0,184.0,1384.0,1384.0,1384.0,1384.0
