index,atrial fibrillation,left ventricular high voltage,nonspecific st t abnormality,sinus bradycardia,sinus rhythm,sinus tachycardia,supraventricular tachycardia,t wave abnormal,micro avg,macro avg,weighted avg,samples avg
precision,0.8378378378378378,0.415929203539823,0.43478260869565216,0.9922279792746114,0.9581151832460733,0.9606299212598425,0.825,0.5924170616113744,0.8221709006928406,0.7521174744331518,0.8100990809871144,0.8108723958333333
recall,0.8757062146892656,0.3671875,0.2,0.9896640826873385,0.9242424242424242,0.8187919463087249,0.5409836065573771,0.6793478260869565,0.7716763005780347,0.6744904500715108,0.7716763005780347,0.7967936197916667
f1-score,0.856353591160221,0.3900414937759336,0.273972602739726,0.9909443725743855,0.9408740359897172,0.8840579710144928,0.6534653465346534,0.6329113924050632,0.7961237420797614,0.7028276007742742,0.7852076650630111,0.786332775297619
support,177.0,128.0,100.0,387.0,198.0,149.0,61.0,184.0,1384.0,1384.0,1384.0,1384.0
