index,abnormal QRS,atrial fibrillation,incomplete right bundle branch block,left anterior fascicular block,left axis deviation,left ventricular hypertrophy,myocardial infarction,myocardial ischemia,sinus rhythm,t wave abnormal,ventricular ectopics,micro avg,macro avg,weighted avg,samples avg
precision,0.8244274809160306,0.8113207547169812,0.48717948717948717,0.7397959183673469,0.7610921501706485,0.7054263565891473,0.7354085603112841,0.7068965517241379,0.9225874867444327,0.64,0.43781094527363185,0.8024868483978957,0.7065405174539207,0.8007665736985492,0.8210184761032219
recall,0.3076923076923077,0.80625,0.6666666666666666,0.8011049723756906,0.7978533094812165,0.40444444444444444,0.6847826086956522,0.5970873786407767,0.975883342680875,0.1322314049586777,0.7521367521367521,0.7474387527839643,0.6296484716157328,0.7474387527839643,0.7746853390921187
f1-score,0.4481327800829876,0.8087774294670848,0.5629629629629629,0.7692307692307693,0.7790393013100436,0.5141242937853107,0.7091932457786116,0.6473684210526315,0.9484873262469338,0.21917808219178084,0.5534591194968553,0.7739852398523984,0.6327230665096338,0.7516814608113317,0.7715651325820818
support,351.0,160.0,114.0,181.0,559.0,225.0,552.0,206.0,1783.0,242.0,117.0,4490.0,4490.0,4490.0,4490.0
