index,atrial fibrillation,left ventricular high voltage,nonspecific st t abnormality,sinus bradycardia,sinus rhythm,sinus tachycardia,supraventricular tachycardia,t wave abnormal,micro avg,macro avg,weighted avg,samples avg
precision,0.856353591160221,0.6440677966101694,0.7068965517241379,0.9620253164556962,0.9726775956284153,0.9444444444444444,0.7611940298507462,0.6294117647058823,0.863961813842482,0.8096338863224641,0.8472295541370343,0.8579915364583334
recall,0.8757062146892656,0.296875,0.41,0.9819121447028424,0.898989898989899,0.912751677852349,0.8360655737704918,0.5815217391304348,0.7846820809248555,0.7242277811419103,0.7846820809248555,0.8131510416666666
f1-score,0.8659217877094972,0.40641711229946526,0.5189873417721519,0.9718670076726343,0.9343832020997376,0.9283276450511946,0.796875,0.6045197740112994,0.822415751609239,0.7534123588269975,0.8066983522340263,0.8194707961309524
support,177.0,128.0,100.0,387.0,198.0,149.0,61.0,184.0,1384.0,1384.0,1384.0,1384.0
