index,atrial fibrillation,left ventricular high voltage,nonspecific st t abnormality,sinus bradycardia,sinus rhythm,sinus tachycardia,supraventricular tachycardia,t wave abnormal,micro avg,macro avg,weighted avg,samples avg
precision,0.9005524861878453,0.6436781609195402,0.5961538461538461,1.0,0.9651741293532339,0.9210526315789473,0.796875,0.78,0.8860958366064414,0.8254357817741766,0.87346435981614,0.8861490885416666
recall,0.9209039548022598,0.4375,0.62,0.9922480620155039,0.9797979797979798,0.9395973154362416,0.8360655737704918,0.42391304347826086,0.815028901734104,0.7687532411625922,0.815028901734104,0.8388671875
f1-score,0.9106145251396648,0.5209302325581394,0.607843137254902,0.9961089494163424,0.9724310776942355,0.9302325581395349,0.816,0.5492957746478873,0.849077907414377,0.7879320318563383,0.8353531394134667,0.8464518229166667
support,177.0,128.0,100.0,387.0,198.0,149.0,61.0,184.0,1384.0,1384.0,1384.0,1384.0
