index,abnormal QRS,atrial fibrillation,incomplete right bundle branch block,left anterior fascicular block,left axis deviation,left ventricular hypertrophy,myocardial infarction,myocardial ischemia,sinus rhythm,t wave abnormal,ventricular ectopics,micro avg,macro avg,weighted avg,samples avg
precision,0.6492307692307693,0.8618421052631579,0.7441860465116279,0.788235294117647,0.7422512234910277,0.6666666666666666,0.7380073800738007,0.5309090909090909,0.9296316657504123,0.4492753623188406,0.8777777777777778,0.7909808342728297,0.7252739438282564,0.7892886887646692,0.8095281722400367
recall,0.6011396011396012,0.81875,0.5614035087719298,0.7403314917127072,0.813953488372093,0.4622222222222222,0.7246376811594203,0.7087378640776699,0.9484015703869882,0.384297520661157,0.6752136752136753,0.7812917594654788,0.6762807839743149,0.7812917594654788,0.7975056169971424
f1-score,0.6242603550295859,0.8397435897435896,0.6399999999999999,0.7635327635327634,0.7764505119453925,0.5459317585301837,0.7312614259597807,0.607068607068607,0.9389228206551916,0.4142538975501114,0.7632850241545893,0.7861064425770308,0.6949737049245268,0.782599084959445,0.7785147081757251
support,351.0,160.0,114.0,181.0,559.0,225.0,552.0,206.0,1783.0,242.0,117.0,4490.0,4490.0,4490.0,4490.0
