index,1st degree av block,atrial fibrillation,premature atrial contraction,right bundle branch block,sinus rhythm,st depression,ventricular ectopics,micro avg,macro avg,weighted avg,samples avg
precision,0.8923076923076924,0.9416666666666667,0.5076923076923077,0.956989247311828,0.6101694915254238,0.8909090909090909,0.7777777777777778,0.8208516886930984,0.796787467741541,0.8361526314384155,0.7394468704512372
recall,0.8285714285714286,0.9741379310344828,0.55,0.9081632653061225,0.8275862068965517,0.5697674418604651,0.6292134831460674,0.7940340909090909,0.755348536687874,0.7940340909090909,0.7510917030567685
f1-score,0.8592592592592593,0.9576271186440678,0.528,0.9319371727748691,0.702439024390244,0.6950354609929079,0.6956521739130433,0.8072202166064982,0.7671357442820559,0.8073449829834325,0.7413876758854925
support,70.0,116.0,60.0,196.0,87.0,86.0,89.0,704.0,704.0,704.0,704.0
