index,abnormal QRS,atrial fibrillation,incomplete right bundle branch block,left anterior fascicular block,left axis deviation,left ventricular hypertrophy,myocardial infarction,myocardial ischemia,sinus rhythm,t wave abnormal,ventricular ectopics,micro avg,macro avg,weighted avg,samples avg
precision,0.6956521739130435,0.7431192660550459,0.631578947368421,0.78,0.7048192771084337,0.6136363636363636,0.6151515151515151,0.5803571428571429,0.9356691556576681,0.4136986301369863,0.6275862068965518,0.7474455797423367,0.6673880617073792,0.7593035902815054,0.7649946556726217
recall,0.45584045584045585,0.50625,0.21052631578947367,0.6464088397790055,0.8372093023255814,0.48,0.7355072463768116,0.6310679611650486,0.9136287156477846,0.6239669421487604,0.7777777777777778,0.7494432071269488,0.619834868804609,0.7494432071269488,0.7687160526143577
f1-score,0.5507745266781411,0.6022304832713755,0.3157894736842105,0.7069486404833838,0.7653311529026983,0.5386533665835411,0.66996699669967,0.6046511627906977,0.9245175936435868,0.4975288303130149,0.6946564885496184,0.7484430604982206,0.6246407923272671,0.7454621691190461,0.741483708432861
support,351.0,160.0,114.0,181.0,559.0,225.0,552.0,206.0,1783.0,242.0,117.0,4490.0,4490.0,4490.0,4490.0
