index,1st degree av block,atrial fibrillation,premature atrial contraction,right bundle branch block,sinus rhythm,st depression,ventricular ectopics,micro avg,macro avg,weighted avg,samples avg
precision,0.7530864197530864,0.875968992248062,0.48148148148148145,0.9655172413793104,0.75,0.7291666666666666,0.8070175438596491,0.8110944527736131,0.7660340493411795,0.812843203720976,0.722707423580786
recall,0.8714285714285714,0.9741379310344828,0.43333333333333335,0.8571428571428571,0.6551724137931034,0.813953488372093,0.5168539325842697,0.7684659090909091,0.7317175039555301,0.7684659090909091,0.7299854439592431
f1-score,0.8079470198675497,0.9224489795918366,0.456140350877193,0.908108108108108,0.6993865030674846,0.7692307692307692,0.6301369863013698,0.7892049598832969,0.7419141024349015,0.7840918280777577,0.7219796215429404
support,70.0,116.0,60.0,196.0,87.0,86.0,89.0,704.0,704.0,704.0,704.0
