index,abnormal QRS,atrial fibrillation,incomplete right bundle branch block,left anterior fascicular block,left axis deviation,left ventricular hypertrophy,myocardial infarction,myocardial ischemia,sinus rhythm,t wave abnormal,ventricular ectopics,micro avg,macro avg,weighted avg,samples avg
precision,0.6752577319587629,0.6095890410958904,0.460431654676259,0.6634146341463415,0.7411764705882353,0.7560975609756098,0.6781609195402298,0.7461538461538462,0.9253731343283582,0.5689655172413793,0.66,0.787518573551263,0.6804200464277194,0.7760487839105927,0.8045099578997884
recall,0.3732193732193732,0.55625,0.5614035087719298,0.7513812154696132,0.7889087656529516,0.27555555555555555,0.6413043478260869,0.470873786407767,0.9388670779584969,0.2727272727272727,0.5641025641025641,0.7082405345211581,0.5631448606992373,0.7082405345211581,0.7447189320070676
f1-score,0.4807339449541285,0.5816993464052288,0.5059288537549408,0.7046632124352332,0.7642980935875215,0.4039087947882736,0.659217877094972,0.5773809523809524,0.9320712694877505,0.3687150837988827,0.6082949308755762,0.7457786116322701,0.5988102145057691,0.7283436367618472,0.7466655958181382
support,351.0,160.0,114.0,181.0,559.0,225.0,552.0,206.0,1783.0,242.0,117.0,4490.0,4490.0,4490.0,4490.0
