index,atrial fibrillation,left ventricular high voltage,nonspecific st t abnormality,sinus bradycardia,sinus rhythm,sinus tachycardia,supraventricular tachycardia,t wave abnormal,micro avg,macro avg,weighted avg,samples avg
precision,0.8407960199004975,0.6185567010309279,0.5777777777777777,0.9896907216494846,0.9692307692307692,0.9333333333333333,0.8225806451612904,0.7225806451612903,0.8647234678624813,0.8093183266556714,0.8546899258304553,0.877197265625
recall,0.9548022598870056,0.46875,0.52,0.9922480620155039,0.9545454545454546,0.9395973154362416,0.8360655737704918,0.6086956521739131,0.8359826589595376,0.7843380397285763,0.8359826589595376,0.8553873697916666
f1-score,0.8941798941798942,0.5333333333333333,0.5473684210526315,0.990967741935484,0.9618320610687022,0.9364548494983278,0.829268292682927,0.6607669616519173,0.8501102130786187,0.7942714444254022,0.8431494751699918,0.8515624999999999
support,177.0,128.0,100.0,387.0,198.0,149.0,61.0,184.0,1384.0,1384.0,1384.0,1384.0
