index,1st degree av block,atrial fibrillation,premature atrial contraction,right bundle branch block,sinus rhythm,st depression,ventricular ectopics,micro avg,macro avg,weighted avg,samples avg
precision,0.855072463768116,0.9193548387096774,0.6944444444444444,0.9581151832460733,0.7083333333333334,0.7888888888888889,0.8676470588235294,0.8590504451038575,0.8274080301734374,0.856033393489668,0.7700145560407569
recall,0.8428571428571429,0.9827586206896551,0.4166666666666667,0.9336734693877551,0.7816091954022989,0.8255813953488372,0.6629213483146067,0.8224431818181818,0.7780096912381375,0.8224431818181818,0.7787481804949054
f1-score,0.8489208633093526,0.95,0.5208333333333334,0.9457364341085271,0.7431693989071038,0.8068181818181818,0.7515923566878979,0.8403483309143687,0.7952957954520566,0.8340520207435091,0.771955361475012
support,70.0,116.0,60.0,196.0,87.0,86.0,89.0,704.0,704.0,704.0,704.0
