index,abnormal QRS,atrial fibrillation,incomplete right bundle branch block,left anterior fascicular block,left axis deviation,left ventricular hypertrophy,myocardial infarction,myocardial ischemia,sinus rhythm,t wave abnormal,ventricular ectopics,micro avg,macro avg,weighted avg,samples avg
precision,0.7192982456140351,0.7209302325581395,0.527027027027027,0.7983870967741935,0.7461538461538462,0.7472527472527473,0.6924564796905223,0.7049180327868853,0.9292084726867336,0.4355400696864111,0.7864077669902912,0.7952695829094608,0.7097800015655301,0.7882587392192862,0.8075355016032981
recall,0.3504273504273504,0.58125,0.34210526315789475,0.5469613259668509,0.6940966010733453,0.3022222222222222,0.6485507246376812,0.4174757281553398,0.9349411104879417,0.5165289256198347,0.6923076923076923,0.6964365256124722,0.5478969949141957,0.6964365256124722,0.7383689985384899
f1-score,0.4712643678160919,0.643598615916955,0.41489361702127664,0.6491803278688525,0.7191844300278034,0.43037974683544306,0.6697848456501403,0.524390243902439,0.9320659770757618,0.47258979206049145,0.7363636363636364,0.742578959867015,0.6057905091398991,0.7287726414388448,0.7455571633537735
support,351.0,160.0,114.0,181.0,559.0,225.0,552.0,206.0,1783.0,242.0,117.0,4490.0,4490.0,4490.0,4490.0
