index,abnormal QRS,atrial fibrillation,incomplete right bundle branch block,left anterior fascicular block,left axis deviation,left ventricular hypertrophy,myocardial infarction,myocardial ischemia,sinus rhythm,t wave abnormal,ventricular ectopics,micro avg,macro avg,weighted avg,samples avg
precision,0.7370892018779343,0.8343949044585988,0.6057692307692307,0.6868686868686869,0.7122861586314152,0.6089385474860335,0.7923627684964201,0.5236486486486487,0.9169295478443743,0.8571428571428571,0.8653846153846154,0.8001912045889101,0.7400741061462558,0.8039201292047908,0.818033287524813
recall,0.4472934472934473,0.81875,0.5526315789473685,0.7513812154696132,0.8193202146690519,0.48444444444444446,0.6014492753623188,0.7524271844660194,0.9781267526640494,0.0743801652892562,0.38461538461538464,0.7456570155902005,0.6058926966564504,0.7456570155902005,0.7732205571188622
f1-score,0.5567375886524822,0.8264984227129337,0.5779816513761468,0.7176781002638524,0.7620632279534111,0.5396039603960396,0.6838311019567457,0.6175298804780878,0.946540027137042,0.13688212927756654,0.5325443786982249,0.7719621858427484,0.6270809517184119,0.7480286148792011,0.769680340019323
support,351.0,160.0,114.0,181.0,559.0,225.0,552.0,206.0,1783.0,242.0,117.0,4490.0,4490.0,4490.0,4490.0
