index,1st degree av block,atrial fibrillation,premature atrial contraction,right bundle branch block,sinus rhythm,st depression,ventricular ectopics,micro avg,macro avg,weighted avg,samples avg
precision,0.8888888888888888,0.9243697478991597,0.6875,0.9533678756476683,0.7252747252747253,0.7469879518072289,0.8840579710144928,0.8588588588588588,0.8300638800760235,0.8573582968467051,0.7641921397379913
recall,0.8,0.9482758620689655,0.55,0.9387755102040817,0.7586206896551724,0.7209302325581395,0.6853932584269663,0.8125,0.7717136504161893,0.8125,0.7707423580786026
f1-score,0.8421052631578948,0.9361702127659575,0.6111111111111112,0.9460154241645244,0.7415730337078651,0.7337278106508875,0.7721518987341773,0.835036496350365,0.7975506791846312,0.8323405788930676,0.7641921397379913
support,70.0,116.0,60.0,196.0,87.0,86.0,89.0,704.0,704.0,704.0,704.0
