index,atrial fibrillation,left ventricular high voltage,nonspecific st t abnormality,sinus bradycardia,sinus rhythm,sinus tachycardia,supraventricular tachycardia,t wave abnormal,micro avg,macro avg,weighted avg,samples avg
precision,0.9115646258503401,0.5283018867924528,0.6,0.9843342036553525,0.8275862068965517,0.944,0.7160493827160493,0.6742424242424242,0.8518211920529801,0.7732598412691464,0.8252634425371156,0.833984375
recall,0.7570621468926554,0.21875,0.33,0.9741602067183462,0.9696969696969697,0.7919463087248322,0.9508196721311475,0.483695652173913,0.7434971098265896,0.684516369542233,0.7434971098265896,0.77587890625
f1-score,0.8271604938271605,0.30939226519337015,0.42580645161290326,0.9792207792207792,0.8930232558139535,0.8613138686131386,0.8169014084507042,0.5632911392405063,0.7939814814814815,0.7095137077465645,0.7703610048281482,0.7859514508928571
support,177.0,128.0,100.0,387.0,198.0,149.0,61.0,184.0,1384.0,1384.0,1384.0,1384.0
