index,abnormal QRS,atrial fibrillation,incomplete right bundle branch block,left anterior fascicular block,left axis deviation,left ventricular hypertrophy,myocardial infarction,myocardial ischemia,sinus rhythm,t wave abnormal,ventricular ectopics,micro avg,macro avg,weighted avg,samples avg
precision,0.6223404255319149,0.7721518987341772,0.6435643564356436,0.6995073891625616,0.8066528066528067,0.64,0.7179023508137432,0.6597938144329897,0.9360881542699725,0.6436781609195402,0.691358024691358,0.805668016194332,0.7120943074222462,0.7961660785005206,0.8190628885544139
recall,0.6666666666666666,0.7625,0.5701754385964912,0.7845303867403315,0.6940966010733453,0.4266666666666667,0.7192028985507246,0.6213592233009708,0.9528883903533371,0.23140495867768596,0.47863247863247865,0.7534521158129176,0.6280112462962453,0.7534521158129176,0.7704218746591628
f1-score,0.6437414030261348,0.7672955974842767,0.6046511627906977,0.7395833333333334,0.7461538461538462,0.512,0.7185520361990949,0.6399999999999999,0.9444135630906059,0.3404255319148936,0.5656565656565656,0.7786856945563356,0.6565884581499498,0.7672049549730074,0.7686343406682389
support,351.0,160.0,114.0,181.0,559.0,225.0,552.0,206.0,1783.0,242.0,117.0,4490.0,4490.0,4490.0,4490.0
