index,abnormal QRS,atrial fibrillation,incomplete right bundle branch block,left anterior fascicular block,left axis deviation,left ventricular hypertrophy,myocardial infarction,myocardial ischemia,sinus rhythm,t wave abnormal,ventricular ectopics,micro avg,macro avg,weighted avg,samples avg
precision,0.665,0.7596899224806202,0.8695652173913043,0.7857142857142857,0.8183856502242153,0.7555555555555555,0.625,0.7551020408163265,0.9125132555673383,0.4732824427480916,0.7102803738317757,0.8037909836065574,0.7390989767572284,0.7904202664893569,0.8230569552603451
recall,0.3789173789173789,0.6125,0.17543859649122806,0.6685082872928176,0.6529516994633273,0.3022222222222222,0.7246376811594203,0.3592233009708738,0.9652271452607964,0.256198347107438,0.6495726495726496,0.6988864142538975,0.5223088462234684,0.6988864142538975,0.7411873132212115
f1-score,0.48275862068965514,0.6782006920415226,0.291970802919708,0.7223880597014926,0.72636815920398,0.43174603174603177,0.6711409395973154,0.48684210526315785,0.9381302807304442,0.3324396782841823,0.6785714285714286,0.7476769120800572,0.585505163522629,0.7234897053980738,0.7523707066079948
support,351.0,160.0,114.0,181.0,559.0,225.0,552.0,206.0,1783.0,242.0,117.0,4490.0,4490.0,4490.0,4490.0
