index,abnormal QRS,atrial fibrillation,incomplete right bundle branch block,left anterior fascicular block,left axis deviation,left ventricular hypertrophy,myocardial infarction,myocardial ischemia,sinus rhythm,t wave abnormal,ventricular ectopics,micro avg,macro avg,weighted avg,samples avg
precision,0.6470588235294118,0.8832116788321168,0.638095238095238,0.8047337278106509,0.717219589257504,0.5428571428571428,0.7737373737373737,0.6417112299465241,0.9296917252568956,0.4556213017751479,0.8125,0.7959136822773186,0.7133125300998187,0.7866722783788406,0.8119080339419323
recall,0.5641025641025641,0.75625,0.5877192982456141,0.7513812154696132,0.8121645796064401,0.5066666666666667,0.6938405797101449,0.5825242718446602,0.9641054402692092,0.3181818181818182,0.6666666666666666,0.7721603563474387,0.6548730091603089,0.7721603563474387,0.7886231267587199
f1-score,0.6027397260273972,0.8148148148148148,0.6118721461187215,0.777142857142857,0.761744966442953,0.5241379310344827,0.7316141356255969,0.6106870229007633,0.9465859030837004,0.37469586374695857,0.7323943661971831,0.7838571105584445,0.6807663393759479,0.7772553455197565,0.7753125405667779
support,351.0,160.0,114.0,181.0,559.0,225.0,552.0,206.0,1783.0,242.0,117.0,4490.0,4490.0,4490.0,4490.0
