index,1st degree av block,atrial fibrillation,premature atrial contraction,right bundle branch block,sinus rhythm,st depression,ventricular ectopics,micro avg,macro avg,weighted avg,samples avg
precision,0.9333333333333333,0.795774647887324,0.7857142857142857,0.9024390243902439,0.7083333333333334,0.7901234567901234,0.9104477611940298,0.836940836940837,0.8323094060918105,0.8412919977866861,0.764919941775837
recall,0.8,0.9741379310344828,0.55,0.9438775510204082,0.7816091954022989,0.7441860465116279,0.6853932584269663,0.8238636363636364,0.7827434260565406,0.8238636363636364,0.7787481804949054
f1-score,0.8615384615384616,0.8759689922480621,0.6470588235294117,0.9226932668329176,0.7431693989071038,0.7664670658682634,0.7820512820512822,0.8303507516105942,0.7998496129965004,0.826372122999484,0.7685589519650655
support,70.0,116.0,60.0,196.0,87.0,86.0,89.0,704.0,704.0,704.0,704.0
