index,1st degree av block,atrial fibrillation,premature atrial contraction,right bundle branch block,sinus rhythm,st depression,ventricular ectopics,micro avg,macro avg,weighted avg,samples avg
precision,0.9047619047619048,0.875,0.8409090909090909,0.9487179487179487,0.7023809523809523,0.6695652173913044,0.8484848484848485,0.8388489208633093,0.8271171375208642,0.8457975849496353,0.7685589519650655
recall,0.8142857142857143,0.9655172413793104,0.6166666666666667,0.9438775510204082,0.6781609195402298,0.8953488372093024,0.6292134831460674,0.828125,0.7918672018925283,0.828125,0.784570596797671
f1-score,0.857142857142857,0.9180327868852458,0.7115384615384616,0.9462915601023018,0.6900584795321637,0.7661691542288558,0.7225806451612904,0.8334524660471766,0.8016877063701681,0.8308133084565086,0.7724405628335761
support,70.0,116.0,60.0,196.0,87.0,86.0,89.0,704.0,704.0,704.0,704.0
