index,abnormal QRS,atrial fibrillation,incomplete right bundle branch block,left anterior fascicular block,left axis deviation,left ventricular hypertrophy,myocardial infarction,myocardial ischemia,sinus rhythm,t wave abnormal,ventricular ectopics,micro avg,macro avg,weighted avg,samples avg
precision,0.61,0.8435374149659864,0.6274509803921569,0.8243243243243243,0.794,0.6490066225165563,0.696917808219178,0.7151898734177216,0.9284552845528455,0.4765957446808511,0.72,0.797423887587822,0.7168616411881472,0.7899154293006053,0.818371398032415
recall,0.5213675213675214,0.775,0.5614035087719298,0.6740331491712708,0.7101967799642218,0.43555555555555553,0.7373188405797102,0.5485436893203883,0.9607403252944475,0.4628099173553719,0.6153846153846154,0.7583518930957683,0.636577627524094,0.7583518930957683,0.7805804593940187
f1-score,0.5622119815668203,0.8078175895765474,0.5925925925925926,0.7416413373860183,0.7497639282341831,0.5212765957446809,0.7165492957746479,0.6208791208791209,0.9443219404630651,0.46960167714884693,0.663594470046083,0.7773972602739725,0.6718409572193279,0.7713210726703453,0.7734721404212931
support,351.0,160.0,114.0,181.0,559.0,225.0,552.0,206.0,1783.0,242.0,117.0,4490.0,4490.0,4490.0,4490.0
