index,abnormal QRS,atrial fibrillation,incomplete right bundle branch block,left anterior fascicular block,left axis deviation,left ventricular hypertrophy,myocardial infarction,myocardial ischemia,sinus rhythm,t wave abnormal,ventricular ectopics,micro avg,macro avg,weighted avg,samples avg
precision,0.7045454545454546,0.8263473053892215,0.7349397590361446,0.7650273224043715,0.7376146788990826,0.7127659574468085,0.7468879668049793,0.656441717791411,0.9187335092348285,0.444794952681388,0.8888888888888888,0.7994289793004996,0.7397261375565981,0.7954820544051526,0.821644525881814
recall,0.4415954415954416,0.8625,0.5350877192982456,0.7734806629834254,0.7191413237924866,0.29777777777777775,0.6521739130434783,0.5194174757281553,0.9764441951766686,0.5826446280991735,0.41025641025641024,0.7483296213808464,0.6155017770682967,0.7483296213808464,0.7811127107737277
f1-score,0.5429071803852891,0.8440366972477065,0.6192893401015229,0.7692307692307693,0.7282608695652175,0.4200626959247648,0.6963249516441006,0.5799457994579946,0.946710168569875,0.5044722719141322,0.5614035087719298,0.7730357759116531,0.6556949320739366,0.7609440796064042,0.7755789916806866
support,351.0,160.0,114.0,181.0,559.0,225.0,552.0,206.0,1783.0,242.0,117.0,4490.0,4490.0,4490.0,4490.0
