index,abnormal QRS,atrial fibrillation,incomplete right bundle branch block,left anterior fascicular block,left axis deviation,left ventricular hypertrophy,myocardial infarction,myocardial ischemia,sinus rhythm,t wave abnormal,ventricular ectopics,micro avg,macro avg,weighted avg,samples avg
precision,0.7119341563786008,0.869281045751634,0.6774193548387096,0.7572254335260116,0.7512605042016807,0.5977653631284916,0.751953125,0.702247191011236,0.9289940828402367,0.5576923076923077,0.6666666666666666,0.8166064981949458,0.7247672028214159,0.7988437258787565,0.8291931156337936
recall,0.4928774928774929,0.83125,0.5526315789473685,0.7237569060773481,0.7996422182468694,0.47555555555555556,0.697463768115942,0.6067961165048543,0.968592260235558,0.2396694214876033,0.37606837606837606,0.7556792873051225,0.6149366994651789,0.7556792873051225,0.7796959186789696
f1-score,0.5824915824915825,0.8498402555910544,0.6086956521739131,0.7401129943502825,0.7746967071057193,0.5297029702970297,0.7236842105263158,0.6510416666666666,0.9483800109829764,0.3352601156069364,0.4808743169398907,0.7849624060150375,0.6567982257029424,0.770147982282544,0.7781686120669172
support,351.0,160.0,114.0,181.0,559.0,225.0,552.0,206.0,1783.0,242.0,117.0,4490.0,4490.0,4490.0,4490.0
