index,1st degree av block,atrial fibrillation,premature atrial contraction,right bundle branch block,sinus rhythm,st depression,ventricular ectopics,micro avg,macro avg,weighted avg,samples avg
precision,0.9032258064516129,0.9193548387096774,0.6382978723404256,0.9411764705882353,0.7159090909090909,0.7087378640776699,0.8688524590163934,0.8407738095238095,0.8136506288704436,0.8426176766901772,0.7459970887918487
recall,0.8,0.9827586206896551,0.5,0.8979591836734694,0.7241379310344828,0.8488372093023255,0.5955056179775281,0.8025568181818182,0.7641712232396373,0.8025568181818182,0.75764192139738
f1-score,0.8484848484848486,0.95,0.5607476635514019,0.9190600522193212,0.72,0.7724867724867726,0.7066666666666667,0.8212209302325583,0.7824922862012872,0.8172468255812588,0.7486656962639496
support,70.0,116.0,60.0,196.0,87.0,86.0,89.0,704.0,704.0,704.0,704.0
