index,1st degree av block,atrial fibrillation,premature atrial contraction,right bundle branch block,sinus rhythm,st depression,ventricular ectopics,micro avg,macro avg,weighted avg,samples avg
precision,0.8571428571428571,0.9304347826086956,0.5882352941176471,0.93,0.7368421052631579,0.7326732673267327,0.782608695652174,0.8313782991202346,0.7939910003016092,0.8270907535379329,0.7466035904900533
recall,0.8571428571428571,0.9224137931034483,0.5,0.9489795918367347,0.6436781609195402,0.8604651162790697,0.6067415730337079,0.8053977272727273,0.7627744417593368,0.8053977272727273,0.7620087336244541
f1-score,0.8571428571428571,0.9264069264069263,0.5405405405405405,0.9393939393939393,0.6871165644171778,0.7914438502673797,0.6835443037974683,0.8181818181818182,0.7750841402808984,0.8134880728439087,0.7499272197962155
support,70.0,116.0,60.0,196.0,87.0,86.0,89.0,704.0,704.0,704.0,704.0
