index,1st degree av block,atrial fibrillation,premature atrial contraction,right bundle branch block,sinus rhythm,st depression,ventricular ectopics,micro avg,macro avg,weighted avg,samples avg
precision,0.8461538461538461,0.875968992248062,0.8536585365853658,0.93717277486911,0.6391752577319587,0.76,0.8529411764705882,0.8393393393393394,0.8235815120084186,0.8418019325704186,0.7394468704512372
recall,0.7857142857142857,0.9741379310344828,0.5833333333333334,0.9132653061224489,0.7126436781609196,0.6627906976744186,0.651685393258427,0.7940340909090909,0.7547958036140452,0.7940340909090909,0.7503639010189228
f1-score,0.8148148148148148,0.9224489795918366,0.6930693069306931,0.9250645994832042,0.6739130434782609,0.7080745341614907,0.7388535031847134,0.8160583941605839,0.7823198259492877,0.8128135583638865,0.7413876758854924
support,70.0,116.0,60.0,196.0,87.0,86.0,89.0,704.0,704.0,704.0,704.0
