index,abnormal QRS,atrial fibrillation,incomplete right bundle branch block,left anterior fascicular block,left axis deviation,left ventricular hypertrophy,myocardial infarction,myocardial ischemia,sinus rhythm,t wave abnormal,ventricular ectopics,micro avg,macro avg,weighted avg,samples avg
precision,0.7349397590361446,0.7910447761194029,0.5806451612903226,0.7621951219512195,0.6921898928024502,0.6287878787878788,0.7435233160621761,0.7114093959731543,0.9205333333333333,0.48186528497409326,0.8,0.8029197080291971,0.7133758109391068,0.7852095425832418,0.8136149466657941
recall,0.3475783475783476,0.6625,0.15789473684210525,0.6906077348066298,0.8085867620751341,0.3688888888888889,0.519927536231884,0.5145631067961165,0.9680314077397645,0.384297520661157,0.6153846153846154,0.7104677060133631,0.5489327870004221,0.7104677060133631,0.748442510306917
f1-score,0.4719535783365571,0.7210884353741497,0.24827586206896554,0.7246376811594204,0.7458745874587459,0.46498599439775906,0.6119402985074627,0.5971830985915493,0.9436850738108257,0.42758620689655175,0.6956521739130435,0.7538697861278507,0.6048057264104574,0.7328122234873318,0.7528342070714953
support,351.0,160.0,114.0,181.0,559.0,225.0,552.0,206.0,1783.0,242.0,117.0,4490.0,4490.0,4490.0,4490.0
