index,abnormal QRS,atrial fibrillation,incomplete right bundle branch block,left anterior fascicular block,left axis deviation,left ventricular hypertrophy,myocardial infarction,myocardial ischemia,sinus rhythm,t wave abnormal,ventricular ectopics,micro avg,macro avg,weighted avg,samples avg
precision,0.628482972136223,0.6865671641791045,0.6033057851239669,0.7419354838709677,0.7138103161397671,0.5534883720930233,0.7371937639198218,0.5625,0.9277238403451996,0.532258064516129,0.7884615384615384,0.7815668202764977,0.6796115727987038,0.769502075422816,0.8006565887921819
recall,0.5783475783475783,0.8625,0.6403508771929824,0.7624309392265194,0.7674418604651163,0.5288888888888889,0.5996376811594203,0.6116504854368932,0.9646662927650028,0.13636363636363635,0.7008547008547008,0.755456570155902,0.6502848127909763,0.755456570155902,0.7768601531313396
f1-score,0.602373887240356,0.7645429362880887,0.6212765957446809,0.7520435967302453,0.7396551724137931,0.5409090909090908,0.6613386613386614,0.586046511627907,0.945834478966181,0.21710526315789472,0.7420814479638007,0.7682899207248017,0.6521097856709728,0.7544426983366032,0.7616209539938353
support,351.0,160.0,114.0,181.0,559.0,225.0,552.0,206.0,1783.0,242.0,117.0,4490.0,4490.0,4490.0,4490.0
