index,abnormal QRS,atrial fibrillation,incomplete right bundle branch block,left anterior fascicular block,left axis deviation,left ventricular hypertrophy,myocardial infarction,myocardial ischemia,sinus rhythm,t wave abnormal,ventricular ectopics,micro avg,macro avg,weighted avg,samples avg
precision,0.7555555555555555,0.648936170212766,0.4269005847953216,0.7440476190476191,0.7895791583166333,0.5928571428571429,0.7933333333333333,0.7247706422018348,0.9202185792349726,0.6363636363636364,0.6616541353383458,0.8129750271444083,0.6994742324779236,0.7987801096869274,0.8236524660253474
recall,0.2905982905982906,0.7625,0.6403508771929824,0.6906077348066298,0.7048300536672629,0.3688888888888889,0.4311594202898551,0.38349514563106796,0.944475602916433,0.028925619834710745,0.7521367521367521,0.6670378619153675,0.5452698532693522,0.6670378619153675,0.7194271753593788
f1-score,0.41975308641975306,0.7011494252873564,0.512280701754386,0.7163323782234958,0.7448015122873345,0.45479452054794517,0.5586854460093896,0.5015873015873016,0.9321893163575975,0.05533596837944664,0.704,0.7328113530707121,0.5728099688049095,0.6984009844247796,0.7382882882882883
support,351.0,160.0,114.0,181.0,559.0,225.0,552.0,206.0,1783.0,242.0,117.0,4490.0,4490.0,4490.0,4490.0
