index,1st degree av block,atrial fibrillation,premature atrial contraction,right bundle branch block,sinus rhythm,st depression,ventricular ectopics,micro avg,macro avg,weighted avg,samples avg
precision,0.9180327868852459,0.9333333333333333,0.7692307692307693,0.953125,0.6526315789473685,0.7604166666666666,0.8507462686567164,0.8552238805970149,0.8339309148171571,0.857083105844719,0.7634643377001455
recall,0.8,0.9655172413793104,0.5,0.9336734693877551,0.7126436781609196,0.8488372093023255,0.6404494382022472,0.8139204545454546,0.7715887194903653,0.8139204545454546,0.7700145560407569
f1-score,0.8549618320610688,0.9491525423728815,0.6060606060606061,0.9432989690721649,0.6813186813186813,0.802197802197802,0.7307692307692307,0.834061135371179,0.7953942376932052,0.8302577489538461,0.7641921397379913
support,70.0,116.0,60.0,196.0,87.0,86.0,89.0,704.0,704.0,704.0,704.0
