index,1st degree av block,atrial fibrillation,premature atrial contraction,right bundle branch block,sinus rhythm,st depression,ventricular ectopics,micro avg,macro avg,weighted avg,samples avg
precision,0.8939393939393939,0.8907563025210085,0.7551020408163265,0.9064039408866995,0.6966292134831461,0.8,0.9206349206349206,0.8512518409425626,0.8376379731830708,0.8525682287507229,0.7627365356622998
recall,0.8428571428571429,0.9137931034482759,0.6166666666666667,0.9387755102040817,0.7126436781609196,0.8372093023255814,0.651685393258427,0.8210227272727273,0.7876615424172994,0.8210227272727273,0.7765647743813683
f1-score,0.8676470588235294,0.9021276595744682,0.6788990825688074,0.9223057644110276,0.7045454545454545,0.8181818181818183,0.763157894736842,0.8358640636297904,0.8081235332631354,0.8330513081642685,0.7661329451722465
support,70.0,116.0,60.0,196.0,87.0,86.0,89.0,704.0,704.0,704.0,704.0
