index,atrial fibrillation,left ventricular high voltage,nonspecific st t abnormality,sinus bradycardia,sinus rhythm,sinus tachycardia,supraventricular tachycardia,t wave abnormal,micro avg,macro avg,weighted avg,samples avg
precision,0.9239766081871345,0.7592592592592593,0.7209302325581395,0.9846938775510204,0.9788359788359788,0.9276315789473685,0.8153846153846154,0.7948717948717948,0.9196956889264581,0.8631979931994138,0.8973411124060118,0.8924153645833333
recall,0.8926553672316384,0.3203125,0.31,0.9974160206718347,0.9343434343434344,0.9463087248322147,0.8688524590163934,0.5054347826086957,0.7861271676300579,0.7219154110880264,0.7861271676300579,0.8199869791666666
f1-score,0.9080459770114941,0.45054945054945056,0.43356643356643354,0.9910141206675225,0.9560723514211885,0.9368770764119602,0.8412698412698412,0.6179401993355481,0.8476821192052981,0.7669169312791798,0.8231134700999402,0.84033203125
support,177.0,128.0,100.0,387.0,198.0,149.0,61.0,184.0,1384.0,1384.0,1384.0,1384.0
