index,atrial fibrillation,left ventricular high voltage,nonspecific st t abnormality,sinus bradycardia,sinus rhythm,sinus tachycardia,supraventricular tachycardia,t wave abnormal,micro avg,macro avg,weighted avg,samples avg
precision,0.888,0.6333333333333333,0.6133333333333333,0.9675,0.9362745098039216,0.8926174496644296,0.7704918032786885,0.6560509554140127,0.8634471273938384,0.7947001731034649,0.8382183733651407,0.82861328125
recall,0.6271186440677966,0.1484375,0.46,1.0,0.9646464646464646,0.8926174496644296,0.7704918032786885,0.5597826086956522,0.7492774566473989,0.677886808794129,0.7492774566473989,0.7788899739583333
f1-score,0.7350993377483444,0.24050632911392406,0.5257142857142858,0.9834815756035579,0.9502487562189054,0.8926174496644297,0.7704918032786885,0.6041055718475073,0.802321083172147,0.7127831386487053,0.7755642125645444,0.7875279017857143
support,177.0,128.0,100.0,387.0,198.0,149.0,61.0,184.0,1384.0,1384.0,1384.0,1384.0
