index,1st degree av block,atrial fibrillation,premature atrial contraction,right bundle branch block,sinus rhythm,st depression,ventricular ectopics,micro avg,macro avg,weighted avg,samples avg
precision,0.875,0.9210526315789473,0.88,0.9447513812154696,0.6421052631578947,0.6818181818181818,0.7974683544303798,0.8328173374613003,0.8203136874572675,0.84025224581931,0.722707423580786
recall,0.8,0.9051724137931034,0.36666666666666664,0.8724489795918368,0.7011494252873564,0.6976744186046512,0.7078651685393258,0.7642045454545454,0.7215681532118486,0.7642045454545454,0.7248908296943232
f1-score,0.8358208955223881,0.9130434782608695,0.5176470588235295,0.9071618037135278,0.6703296703296704,0.6896551724137931,0.7499999999999999,0.7970370370370371,0.7548082970091112,0.7921336212618733,0.7200388161086851
support,70.0,116.0,60.0,196.0,87.0,86.0,89.0,704.0,704.0,704.0,704.0
