index,abnormal QRS,atrial fibrillation,incomplete right bundle branch block,left anterior fascicular block,left axis deviation,left ventricular hypertrophy,myocardial infarction,myocardial ischemia,sinus rhythm,t wave abnormal,ventricular ectopics,micro avg,macro avg,weighted avg,samples avg
precision,0.7107438016528925,0.9084507042253521,0.5357142857142857,0.8611111111111112,0.8514588859416445,0.6901408450704225,0.7453416149068323,0.6086956521739131,0.9222103004291845,0.48484848484848486,0.8823529411764706,0.8241563055062167,0.7455516933864176,0.811735501784766,0.8266747376916868
recall,0.49002849002849,0.80625,0.6578947368421053,0.6850828729281768,0.5742397137745975,0.43555555555555553,0.6521739130434783,0.6116504854368932,0.9641054402692092,0.2644628099173554,0.5128205128205128,0.7233853006681514,0.6049331391469431,0.7233853006681514,0.7512062910367995
f1-score,0.5801011804384485,0.8543046357615894,0.5905511811023623,0.7630769230769231,0.6858974358974358,0.5340599455040872,0.6956521739130436,0.6101694915254238,0.9426926240745818,0.34224598930481287,0.6486486486486486,0.7704898588542284,0.6588545662952142,0.7569165820637643,0.7613312579414274
support,351.0,160.0,114.0,181.0,559.0,225.0,552.0,206.0,1783.0,242.0,117.0,4490.0,4490.0,4490.0,4490.0
