index,1st degree av block,atrial fibrillation,premature atrial contraction,right bundle branch block,sinus rhythm,st depression,ventricular ectopics,micro avg,macro avg,weighted avg,samples avg
precision,0.8115942028985508,0.8968253968253969,0.7083333333333334,0.9427083333333334,0.6868686868686869,0.7441860465116279,0.8032786885245902,0.8340943683409436,0.7991135268993598,0.8286414099492077,0.7304706453178068
recall,0.8,0.9741379310344828,0.2833333333333333,0.923469387755102,0.7816091954022989,0.7441860465116279,0.550561797752809,0.7784090909090909,0.7224710988270935,0.7784090909090909,0.7372634643377002
f1-score,0.8057553956834532,0.9338842975206612,0.40476190476190477,0.9329896907216495,0.7311827956989247,0.7441860465116278,0.6533333333333333,0.8052902277736957,0.743727637747365,0.7921089769458368,0.7299854439592431
support,70.0,116.0,60.0,196.0,87.0,86.0,89.0,704.0,704.0,704.0,704.0
