index,atrial fibrillation,left ventricular high voltage,nonspecific st t abnormality,sinus bradycardia,sinus rhythm,sinus tachycardia,supraventricular tachycardia,t wave abnormal,micro avg,macro avg,weighted avg,samples avg
precision,0.93125,0.5871559633027523,0.7142857142857143,0.9973544973544973,0.9326923076923077,0.9777777777777777,0.8360655737704918,0.75,0.8917401764234162,0.8408227292729427,0.8791574718348844,0.8717447916666666
recall,0.8418079096045198,0.5,0.4,0.9741602067183462,0.9797979797979798,0.8859060402684564,0.8360655737704918,0.5706521739130435,0.8034682080924855,0.7485487355091047,0.8034682080924855,0.8247884114583334
f1-score,0.884272997032641,0.5400843881856541,0.5128205128205129,0.9856209150326797,0.9556650246305419,0.9295774647887324,0.8360655737704918,0.6481481481481481,0.8453059673128087,0.7865318780511752,0.8355147716415225,0.8322637648809523
support,177.0,128.0,100.0,387.0,198.0,149.0,61.0,184.0,1384.0,1384.0,1384.0,1384.0
