index,1st degree av block,atrial fibrillation,premature atrial contraction,right bundle branch block,sinus rhythm,st depression,ventricular ectopics,micro avg,macro avg,weighted avg,samples avg
precision,0.9032258064516129,0.8507462686567164,0.6,0.9336734693877551,0.6585365853658537,0.6893203883495146,0.8793103448275862,0.8176470588235294,0.7878304090055771,0.8178199298726345,0.7394468704512372
recall,0.8,0.9827586206896551,0.45,0.9336734693877551,0.6206896551724138,0.8255813953488372,0.5730337078651685,0.7897727272727273,0.7408195497805472,0.7897727272727273,0.7489082969432315
f1-score,0.8484848484848486,0.9119999999999999,0.5142857142857143,0.9336734693877551,0.6390532544378699,0.7513227513227513,0.693877551020408,0.8034682080924855,0.7560996555627639,0.7968885994911219,0.7401746724890829
support,70.0,116.0,60.0,196.0,87.0,86.0,89.0,704.0,704.0,704.0,704.0
