index,1st degree av block,atrial fibrillation,premature atrial contraction,right bundle branch block,sinus rhythm,st depression,ventricular ectopics,micro avg,macro avg,weighted avg,samples avg
precision,0.9193548387096774,0.9047619047619048,0.7857142857142857,0.946236559139785,0.673469387755102,0.7956989247311828,0.9344262295081968,0.8637724550898204,0.8513803043314477,0.8694578424490319,0.7700145560407569
recall,0.8142857142857143,0.9827586206896551,0.55,0.8979591836734694,0.7586206896551724,0.8604651162790697,0.6404494382022472,0.8196022727272727,0.786362680397904,0.8196022727272727,0.7751091703056768
f1-score,0.8636363636363636,0.9421487603305785,0.6470588235294117,0.9214659685863874,0.7135135135135136,0.8268156424581005,0.7600000000000001,0.8411078717201167,0.8106627245791936,0.8380631844242351,0.7704997573993208
support,70.0,116.0,60.0,196.0,87.0,86.0,89.0,704.0,704.0,704.0,704.0
