index,1st degree av block,atrial fibrillation,premature atrial contraction,right bundle branch block,sinus rhythm,st depression,ventricular ectopics,micro avg,macro avg,weighted avg,samples avg
precision,0.8428571428571429,0.9112903225806451,0.5423728813559322,0.9657142857142857,0.7,0.7701149425287356,0.875,0.837173579109063,0.801049939290963,0.8402513286337812,0.7234352256186317
recall,0.8428571428571429,0.9741379310344828,0.5333333333333333,0.8622448979591837,0.6436781609195402,0.7790697674418605,0.550561797752809,0.7741477272727273,0.7408404330426217,0.7741477272727273,0.7307132459970888
f1-score,0.8428571428571429,0.9416666666666667,0.5378151260504201,0.9110512129380054,0.6706586826347305,0.7745664739884394,0.6758620689655173,0.8044280442804428,0.7649253391572746,0.8013920808556335,0.7239204269771955
support,70.0,116.0,60.0,196.0,87.0,86.0,89.0,704.0,704.0,704.0,704.0
