index,atrial fibrillation,left ventricular high voltage,nonspecific st t abnormality,sinus bradycardia,sinus rhythm,sinus tachycardia,supraventricular tachycardia,t wave abnormal,micro avg,macro avg,weighted avg,samples avg
precision,0.8743455497382199,0.4782608695652174,0.5405405405405406,0.9897172236503856,0.9502487562189055,0.9205298013245033,0.8135593220338984,0.5771428571428572,0.8370870870870871,0.768043115026816,0.819494777241195,0.8486328125
recall,0.943502824858757,0.34375,0.4,0.9948320413436692,0.9646464646464646,0.9328859060402684,0.7868852459016393,0.5489130434782609,0.805635838150289,0.7394269407836324,0.805635838150289,0.8335774739583333
f1-score,0.9076086956521738,0.4,0.45977011494252873,0.9922680412371134,0.9573934837092732,0.9266666666666667,0.8,0.5626740947075208,0.8210603829160532,0.7507976371144096,0.8105496814432109,0.8231026785714286
support,177.0,128.0,100.0,387.0,198.0,149.0,61.0,184.0,1384.0,1384.0,1384.0,1384.0
