index,abnormal QRS,atrial fibrillation,incomplete right bundle branch block,left anterior fascicular block,left axis deviation,left ventricular hypertrophy,myocardial infarction,myocardial ischemia,sinus rhythm,t wave abnormal,ventricular ectopics,micro avg,macro avg,weighted avg,samples avg
precision,0.7395833333333334,0.8682170542635659,0.5643564356435643,0.7095238095238096,0.7628865979381443,0.8382352941176471,0.7319391634980988,0.851063829787234,0.928532460447354,0.4895397489539749,0.6438356164383562,0.8134420558438349,0.7388830312677347,0.8095870382690741,0.8150011997469624
recall,0.4045584045584046,0.7,0.5,0.8232044198895028,0.7942754919499105,0.25333333333333335,0.697463768115942,0.3883495145631068,0.9545709478407179,0.4834710743801653,0.4017094017094017,0.733184855233853,0.5819033051218623,0.733184855233853,0.7642039133564557
f1-score,0.5230202578268877,0.7750865051903114,0.5302325581395348,0.7621483375959078,0.7782646801051709,0.3890784982935154,0.7142857142857142,0.5333333333333333,0.9413716814159293,0.4864864864864865,0.4947368421052632,0.7712311116317208,0.6298222631616414,0.7543015500063058,0.7632325759444404
support,351.0,160.0,114.0,181.0,559.0,225.0,552.0,206.0,1783.0,242.0,117.0,4490.0,4490.0,4490.0,4490.0
