index,1st degree av block,atrial fibrillation,premature atrial contraction,right bundle branch block,sinus rhythm,st depression,ventricular ectopics,micro avg,macro avg,weighted avg,samples avg
precision,0.8405797101449275,0.912,0.6170212765957447,0.9441624365482234,0.7375,0.8333333333333334,0.8333333333333334,0.8551829268292683,0.8168471557079374,0.8475930784128901,0.7379912663755459
recall,0.8285714285714286,0.9827586206896551,0.48333333333333334,0.9489795918367347,0.6781609195402298,0.7558139534883721,0.5617977528089888,0.796875,0.7484879428955347,0.796875,0.7510917030567685
f1-score,0.8345323741007195,0.946058091286307,0.5420560747663552,0.9465648854961832,0.7065868263473054,0.7926829268292682,0.6711409395973154,0.8250000000000001,0.7770888740604934,0.8175929205158934,0.7413876758854925
support,70.0,116.0,60.0,196.0,87.0,86.0,89.0,704.0,704.0,704.0,704.0
