index,1st degree av block,atrial fibrillation,premature atrial contraction,right bundle branch block,sinus rhythm,st depression,ventricular ectopics,micro avg,macro avg,weighted avg,samples avg
precision,0.8709677419354839,0.8769230769230769,0.4461538461538462,0.9246231155778895,0.6585365853658537,0.8524590163934426,0.8235294117647058,0.8140929535232384,0.7790275420163283,0.8161711026488381,0.7134885977680737
recall,0.7714285714285715,0.9827586206896551,0.48333333333333334,0.9387755102040817,0.6206896551724138,0.6046511627906976,0.6292134831460674,0.7713068181818182,0.7186929052521173,0.7713068181818182,0.7285298398835517
f1-score,0.8181818181818182,0.9268292682926829,0.464,0.9316455696202531,0.6390532544378699,0.7074829931972788,0.7133757961783439,0.7921225382932167,0.7429383857011782,0.7885782250727008,0.7163512857836002
support,70.0,116.0,60.0,196.0,87.0,86.0,89.0,704.0,704.0,704.0,704.0
