index,1st degree av block,atrial fibrillation,premature atrial contraction,right bundle branch block,sinus rhythm,st depression,ventricular ectopics,micro avg,macro avg,weighted avg,samples avg
precision,0.8787878787878788,0.9338842975206612,0.6153846153846154,0.9523809523809523,0.6979166666666666,0.7628865979381443,0.9047619047619048,0.8539493293591655,0.8208575590629749,0.8526793758008263,0.7641921397379913
recall,0.8285714285714286,0.9741379310344828,0.4,0.9183673469387755,0.7701149425287356,0.8604651162790697,0.6404494382022472,0.8139204545454546,0.7703008862221056,0.8139204545454546,0.7707423580786026
f1-score,0.8529411764705883,0.9535864978902953,0.4848484848484849,0.935064935064935,0.7322404371584699,0.8087431693989071,0.7500000000000001,0.8334545454545456,0.7882035286902401,0.8276880441377054,0.7646773410965552
support,70.0,116.0,60.0,196.0,87.0,86.0,89.0,704.0,704.0,704.0,704.0
