index,atrial fibrillation,left ventricular high voltage,nonspecific st t abnormality,sinus bradycardia,sinus rhythm,sinus tachycardia,supraventricular tachycardia,t wave abnormal,micro avg,macro avg,weighted avg,samples avg
precision,0.8488372093023255,0.4921875,0.5487804878048781,0.9642857142857143,0.9195979899497487,0.7771739130434783,0.7903225806451613,0.5634517766497462,0.78954802259887,0.7380796464601316,0.7883417092716818,0.8207194010416666
recall,0.8248587570621468,0.4921875,0.45,0.9767441860465116,0.9242424242424242,0.959731543624161,0.8032786885245902,0.6032608695652174,0.8078034682080925,0.7542879961331315,0.8078034682080925,0.8262532552083333
f1-score,0.836676217765043,0.4921875,0.4945054945054946,0.9704749679075738,0.9219143576826196,0.8588588588588588,0.7967479674796747,0.5826771653543307,0.7985714285714286,0.7442553161941994,0.79656018049695,0.8061872209821428
support,177.0,128.0,100.0,387.0,198.0,149.0,61.0,184.0,1384.0,1384.0,1384.0,1384.0
