index,abnormal QRS,atrial fibrillation,incomplete right bundle branch block,left anterior fascicular block,left axis deviation,left ventricular hypertrophy,myocardial infarction,myocardial ischemia,sinus rhythm,t wave abnormal,ventricular ectopics,micro avg,macro avg,weighted avg,samples avg
precision,0.5328947368421053,0.8072289156626506,0.46368715083798884,0.7291666666666666,0.7984031936127745,0.627906976744186,0.665648854961832,0.7048192771084337,0.9221810481736369,0.660377358490566,0.7887323943661971,0.7764444444444445,0.7000951430424579,0.7789758117615164,0.80401478960801
recall,0.6923076923076923,0.8375,0.7280701754385965,0.7734806629834254,0.7155635062611807,0.48,0.7898550724637681,0.5679611650485437,0.9770050476724621,0.1446280991735537,0.47863247863247865,0.778173719376392,0.6531821727256092,0.778173719376392,0.7914621643435203
f1-score,0.6022304832713754,0.8220858895705521,0.5665529010238909,0.7506702412868632,0.7547169811320755,0.5440806045340051,0.7224523612261806,0.6290322580645161,0.9488017429193901,0.23728813559322035,0.5957446808510638,0.7773081201334817,0.652150570861194,0.7650097165876876,0.7711743389709491
support,351.0,160.0,114.0,181.0,559.0,225.0,552.0,206.0,1783.0,242.0,117.0,4490.0,4490.0,4490.0,4490.0
