index,abnormal QRS,atrial fibrillation,incomplete right bundle branch block,left anterior fascicular block,left axis deviation,left ventricular hypertrophy,myocardial infarction,myocardial ischemia,sinus rhythm,t wave abnormal,ventricular ectopics,micro avg,macro avg,weighted avg,samples avg
precision,0.6903914590747331,0.8135593220338984,0.6126126126126126,0.9122807017543859,0.7755905511811023,0.8144329896907216,0.7755555555555556,0.6086956521739131,0.9334061135371179,0.4609375,0.7362637362637363,0.8105134474327629,0.7394296539888888,0.8106260318264403,0.8229806077263704
recall,0.5527065527065527,0.9,0.5964912280701754,0.287292817679558,0.7048300536672629,0.3511111111111111,0.6322463768115942,0.6796116504854369,0.9590577678070668,0.48760330578512395,0.5726495726495726,0.7383073496659243,0.6112364033430413,0.7383073496659243,0.7721331500992518
f1-score,0.6139240506329114,0.8545994065281901,0.6044444444444443,0.4369747899159664,0.7385192127460168,0.4906832298136646,0.6966067864271457,0.6422018348623852,0.9460580912863071,0.4738955823293173,0.6442307692307693,0.7727272727272728,0.6492852907470108,0.7610597213514104,0.7707505326149395
support,351.0,160.0,114.0,181.0,559.0,225.0,552.0,206.0,1783.0,242.0,117.0,4490.0,4490.0,4490.0,4490.0
