index,atrial fibrillation,left ventricular high voltage,nonspecific st t abnormality,sinus bradycardia,sinus rhythm,sinus tachycardia,supraventricular tachycardia,t wave abnormal,micro avg,macro avg,weighted avg,samples avg
precision,0.7989130434782609,0.4935064935064935,0.524390243902439,0.9769230769230769,0.9757575757575757,0.8767123287671232,0.7555555555555555,0.5903614457831325,0.8018018018018018,0.7490149704592072,0.8046461177191074,0.7909342447916666
recall,0.8305084745762712,0.59375,0.43,0.9844961240310077,0.8131313131313131,0.8590604026845637,0.5573770491803278,0.532608695652174,0.7716763005780347,0.7001165074069573,0.7716763005780347,0.78466796875
f1-score,0.8144044321329641,0.5390070921985816,0.47252747252747257,0.9806949806949806,0.8870523415977962,0.8677966101694914,0.6415094339622641,0.5599999999999999,0.7864506627393226,0.7203740454104438,0.7854294299811949,0.7691359747023809
support,177.0,128.0,100.0,387.0,198.0,149.0,61.0,184.0,1384.0,1384.0,1384.0,1384.0
