index,abnormal QRS,atrial fibrillation,incomplete right bundle branch block,left anterior fascicular block,left axis deviation,left ventricular hypertrophy,myocardial infarction,myocardial ischemia,sinus rhythm,t wave abnormal,ventricular ectopics,micro avg,macro avg,weighted avg,samples avg
precision,0.6217391304347826,0.6418918918918919,0.48214285714285715,0.7622377622377622,0.7216828478964401,0.625,0.6038034865293186,0.5874439461883408,0.9065963060686015,0.518796992481203,0.7954545454545454,0.7559483344663495,0.6606172514841585,0.7455009833711967,0.7914632550225771
recall,0.4074074074074074,0.59375,0.47368421052631576,0.6022099447513812,0.7978533094812165,0.5333333333333333,0.6902173913043478,0.6359223300970874,0.9635445877734156,0.28512396694214875,0.5982905982905983,0.7429844097995546,0.5983033709006592,0.7429844097995546,0.7681456274676615
f1-score,0.49225473321858854,0.6168831168831169,0.47787610619469023,0.6728395061728395,0.7578589634664401,0.5755395683453237,0.6441251056635672,0.6107226107226107,0.9342033713974986,0.368,0.6829268292682926,0.7494103111310795,0.6212027192120879,0.7387289680626319,0.7535517493144611
support,351.0,160.0,114.0,181.0,559.0,225.0,552.0,206.0,1783.0,242.0,117.0,4490.0,4490.0,4490.0,4490.0
