index,1st degree av block,atrial fibrillation,premature atrial contraction,right bundle branch block,sinus rhythm,st depression,ventricular ectopics,micro avg,macro avg,weighted avg,samples avg
precision,0.9047619047619048,0.8943089430894309,0.8181818181818182,0.9257425742574258,0.7555555555555555,0.7263157894736842,0.9206349206349206,0.8609865470852018,0.8493573579935344,0.8632707720762074,0.7675885492479377
recall,0.8142857142857143,0.9482758620689655,0.45,0.9540816326530612,0.7816091954022989,0.8023255813953488,0.651685393258427,0.8181818181818182,0.7717519112948309,0.8181818181818182,0.7729257641921398
f1-score,0.857142857142857,0.9205020920502092,0.5806451612903226,0.9396984924623115,0.768361581920904,0.7624309392265194,0.763157894736842,0.8390386016023308,0.7988484312614238,0.8325787328267542,0.7683163512857837
support,70.0,116.0,60.0,196.0,87.0,86.0,89.0,704.0,704.0,704.0,704.0
