index,atrial fibrillation,left ventricular high voltage,nonspecific st t abnormality,sinus bradycardia,sinus rhythm,sinus tachycardia,supraventricular tachycardia,t wave abnormal,micro avg,macro avg,weighted avg,samples avg
precision,0.9027027027027027,0.6746987951807228,0.734375,1.0,0.9742268041237113,0.9705882352941176,0.7638888888888888,0.6329113924050633,0.8706577974870657,0.8316739773244008,0.8722144485994097,0.8714843750000001
recall,0.943502824858757,0.4375,0.47,0.9870801033591732,0.9545454545454546,0.8859060402684564,0.9016393442622951,0.8152173913043478,0.8511560693641619,0.7994238948248105,0.8511560693641619,0.8582356770833333
f1-score,0.9226519337016574,0.5308056872037915,0.573170731707317,0.9934980494148244,0.9642857142857142,0.9263157894736842,0.8270676691729323,0.7125890736342042,0.8607964925100474,0.8062980810742657,0.8551809826227893,0.8508231026785714
support,177.0,128.0,100.0,387.0,198.0,149.0,61.0,184.0,1384.0,1384.0,1384.0,1384.0
