index,1st degree av block,atrial fibrillation,premature atrial contraction,right bundle branch block,sinus rhythm,st depression,ventricular ectopics,micro avg,macro avg,weighted avg,samples avg
precision,0.8169014084507042,0.896,0.7111111111111111,0.946524064171123,0.6756756756756757,0.7804878048780488,0.9117647058823529,0.8512269938650306,0.8197806814527165,0.8470984029298031,0.7394468704512372
recall,0.8285714285714286,0.9655172413793104,0.5333333333333333,0.9030612244897959,0.5747126436781609,0.7441860465116279,0.6966292134831461,0.7883522727272727,0.7494301616352577,0.7883522727272727,0.7445414847161572
f1-score,0.822695035460993,0.9294605809128631,0.6095238095238096,0.9242819843342036,0.6211180124223602,0.761904761904762,0.7898089171974523,0.8185840707964602,0.7798275859652062,0.8139074539832701,0.7394468704512372
support,70.0,116.0,60.0,196.0,87.0,86.0,89.0,704.0,704.0,704.0,704.0
