index,abnormal QRS,atrial fibrillation,incomplete right bundle branch block,left anterior fascicular block,left axis deviation,left ventricular hypertrophy,myocardial infarction,myocardial ischemia,sinus rhythm,t wave abnormal,ventricular ectopics,micro avg,macro avg,weighted avg,samples avg
precision,0.7884615384615384,0.8627450980392157,0.5961538461538461,0.889763779527559,0.7931769722814499,0.717391304347826,0.8160237388724035,0.6397058823529411,0.9217345319936542,0.5094339622641509,0.7794117647058824,0.8371773750686436,0.7558184017273153,0.8215475168666734,0.8350435180943656
recall,0.2336182336182336,0.55,0.543859649122807,0.6243093922651933,0.6654740608228981,0.29333333333333333,0.49818840579710144,0.4223300970873786,0.9775659001682557,0.4462809917355372,0.452991452991453,0.679064587973274,0.518904683358381,0.679064587973274,0.7280140915734136
f1-score,0.36043956043956044,0.6717557251908397,0.5688073394495413,0.7337662337662337,0.7237354085603114,0.41640378548895896,0.6186726659167604,0.5087719298245613,0.9488296135002722,0.4757709251101322,0.572972972972973,0.7498770290211509,0.5999932872927404,0.7238667714007511,0.7510771231110214
support,351.0,160.0,114.0,181.0,559.0,225.0,552.0,206.0,1783.0,242.0,117.0,4490.0,4490.0,4490.0,4490.0
