index,atrial fibrillation,left ventricular high voltage,nonspecific st t abnormality,sinus bradycardia,sinus rhythm,sinus tachycardia,supraventricular tachycardia,t wave abnormal,micro avg,macro avg,weighted avg,samples avg
precision,0.9235668789808917,0.7804878048780488,0.5277777777777778,0.9870801033591732,0.9941520467836257,0.9565217391304348,0.74,0.7478991596638656,0.9030837004405287,0.8321856888217272,0.8816971417294289,0.8357747395833334
recall,0.8192090395480226,0.25,0.38,0.9870801033591732,0.8585858585858586,0.8859060402684564,0.6065573770491803,0.483695652173913,0.740606936416185,0.6588792588730755,0.740606936416185,0.7731119791666666
f1-score,0.8682634730538923,0.378698224852071,0.4418604651162791,0.9870801033591732,0.921409214092141,0.9198606271777003,0.6666666666666666,0.5874587458745875,0.813815005954744,0.7214121900240639,0.7923405981001039,0.7879464285714286
support,177.0,128.0,100.0,387.0,198.0,149.0,61.0,184.0,1384.0,1384.0,1384.0,1384.0
