index,1st degree av block,atrial fibrillation,premature atrial contraction,right bundle branch block,sinus rhythm,st depression,ventricular ectopics,micro avg,macro avg,weighted avg,samples avg
precision,0.859375,0.9083333333333333,0.5476190476190477,0.9664804469273743,0.7611940298507462,0.5103448275862069,0.8245614035087719,0.7893175074183977,0.7682725841179258,0.8115194997205744,0.6943231441048034
recall,0.7857142857142857,0.9396551724137931,0.38333333333333336,0.8826530612244898,0.5862068965517241,0.8604651162790697,0.5280898876404494,0.7556818181818182,0.7094453933081636,0.7556818181818182,0.7139737991266376
f1-score,0.8208955223880597,0.9237288135593221,0.4509803921568628,0.9226666666666666,0.6623376623376623,0.6406926406926408,0.6438356164383561,0.7721335268505081,0.7235910448913673,0.7706548760256837,0.6982047549733139
support,70.0,116.0,60.0,196.0,87.0,86.0,89.0,704.0,704.0,704.0,704.0
