index,1st degree av block,atrial fibrillation,premature atrial contraction,right bundle branch block,sinus rhythm,st depression,ventricular ectopics,micro avg,macro avg,weighted avg,samples avg
precision,0.8484848484848485,0.9105691056910569,0.7446808510638298,0.9064039408866995,0.6987951807228916,0.7529411764705882,0.8939393939393939,0.8439821693907875,0.8222592138941868,0.8415691862097913,0.7532751091703057
recall,0.8,0.9655172413793104,0.5833333333333334,0.9387755102040817,0.6666666666666666,0.7441860465116279,0.6629213483146067,0.8068181818181818,0.7659143066299466,0.8068181818181818,0.7620087336244541
f1-score,0.823529411764706,0.9372384937238494,0.6542056074766355,0.9223057644110276,0.6823529411764706,0.7485380116959064,0.7612903225806451,0.8249818445896877,0.7899229361184629,0.8208590965433719,0.7549733139252789
support,70.0,116.0,60.0,196.0,87.0,86.0,89.0,704.0,704.0,704.0,704.0
