index,atrial fibrillation,left ventricular high voltage,nonspecific st t abnormality,sinus bradycardia,sinus rhythm,sinus tachycardia,supraventricular tachycardia,t wave abnormal,micro avg,macro avg,weighted avg,samples avg
precision,0.9190751445086706,0.7014925373134329,0.7183098591549296,0.9721518987341772,0.9787234042553191,0.9006622516556292,0.7936507936507936,0.6648351648351648,0.8775193798449612,0.8311126317635146,0.8665096780067805,0.8653971354166666
recall,0.8983050847457628,0.3671875,0.51,0.9922480620155039,0.9292929292929293,0.912751677852349,0.819672131147541,0.657608695652174,0.8179190751445087,0.7608832600882824,0.8179190751445087,0.8352864583333334
f1-score,0.9085714285714287,0.482051282051282,0.5964912280701754,0.9820971867007673,0.9533678756476683,0.9066666666666667,0.8064516129032259,0.6612021857923497,0.8466716529543754,0.7871124333004454,0.8359504077343803,0.8362118675595238
support,177.0,128.0,100.0,387.0,198.0,149.0,61.0,184.0,1384.0,1384.0,1384.0,1384.0
