index,atrial fibrillation,left ventricular high voltage,nonspecific st t abnormality,sinus bradycardia,sinus rhythm,sinus tachycardia,supraventricular tachycardia,t wave abnormal,micro avg,macro avg,weighted avg,samples avg
precision,0.8217821782178217,0.6792452830188679,0.6621621621621622,0.9896373056994818,0.9405940594059405,0.9637681159420289,0.7761194029850746,0.6058823529411764,0.8599071207430341,0.8048988575465692,0.845570379229689,0.8666178385416666
recall,0.9378531073446328,0.28125,0.49,0.9870801033591732,0.9595959595959596,0.8926174496644296,0.8524590163934426,0.5597826086956522,0.8027456647398844,0.7450797806316612,0.8027456647398844,0.828125
f1-score,0.8759894459102903,0.39779005524861877,0.5632183908045978,0.9883570504527814,0.95,0.9268292682926829,0.8124999999999999,0.5819209039548022,0.8303437967115097,0.7620756393329716,0.8147520114934421,0.82998046875
support,177.0,128.0,100.0,387.0,198.0,149.0,61.0,184.0,1384.0,1384.0,1384.0,1384.0
