index,atrial fibrillation,left ventricular high voltage,nonspecific st t abnormality,sinus bradycardia,sinus rhythm,sinus tachycardia,supraventricular tachycardia,t wave abnormal,micro avg,macro avg,weighted avg,samples avg
precision,0.84375,0.40298507462686567,0.6296296296296297,0.979539641943734,0.9641025641025641,0.9150326797385621,0.78125,0.7293233082706767,0.8707037643207856,0.780701612289004,0.8324093639036018,0.8697102864583333
recall,0.9152542372881356,0.2109375,0.17,0.9896640826873385,0.9494949494949495,0.9395973154362416,0.819672131147541,0.5271739130434783,0.7687861271676301,0.6902242661372106,0.7687861271676301,0.8089192708333333
f1-score,0.8780487804878049,0.2769230769230769,0.26771653543307083,0.9845758354755785,0.9567430025445293,0.9271523178807947,0.8,0.61198738170347,0.8165771297006906,0.7128933663060406,0.7858741170277059,0.8204055059523809
support,177.0,128.0,100.0,387.0,198.0,149.0,61.0,184.0,1384.0,1384.0,1384.0,1384.0
