index,atrial fibrillation,left ventricular high voltage,nonspecific st t abnormality,sinus bradycardia,sinus rhythm,sinus tachycardia,supraventricular tachycardia,t wave abnormal,micro avg,macro avg,weighted avg,samples avg
precision,0.9195402298850575,0.5232558139534884,0.47619047619047616,0.9947780678851175,0.9313725490196079,0.9194630872483222,0.7931034482758621,0.7727272727272727,0.8558139534883721,0.7913038681481505,0.8484872962419203,0.8575846354166666
recall,0.903954802259887,0.3515625,0.6,0.9844961240310077,0.9595959595959596,0.9194630872483222,0.7540983606557377,0.46195652173913043,0.7976878612716763,0.7418909194412555,0.7976878612716763,0.8245442708333334
f1-score,0.9116809116809117,0.42056074766355145,0.5309734513274337,0.9896103896103896,0.945273631840796,0.9194630872483222,0.7731092436974789,0.5782312925170068,0.8257292445774121,0.7586128444482363,0.8157473004144316,0.8238839285714286
support,177.0,128.0,100.0,387.0,198.0,149.0,61.0,184.0,1384.0,1384.0,1384.0,1384.0
