index,atrial fibrillation,left ventricular high voltage,nonspecific st t abnormality,sinus bradycardia,sinus rhythm,sinus tachycardia,supraventricular tachycardia,t wave abnormal,micro avg,macro avg,weighted avg,samples avg
precision,0.7981220657276995,0.47126436781609193,0.5714285714285714,0.9973404255319149,0.9583333333333334,0.9144736842105263,0.8113207547169812,0.6687116564417178,0.8459752321981424,0.7738743574008546,0.8260427285464964,0.8444010416666666
recall,0.96045197740113,0.3203125,0.32,0.9689922480620154,0.9292929292929293,0.9328859060402684,0.7049180327868853,0.592391304347826,0.7897398843930635,0.7161556122413818,0.7897398843930635,0.8140462239583333
f1-score,0.8717948717948718,0.38139534883720927,0.41025641025641024,0.9829619921363041,0.9435897435897437,0.9235880398671096,0.7543859649122806,0.6282420749279539,0.8168908819133035,0.7370268057902354,0.8024694376868547,0.8127139136904762
support,177.0,128.0,100.0,387.0,198.0,149.0,61.0,184.0,1384.0,1384.0,1384.0,1384.0
