index,1st degree av block,atrial fibrillation,premature atrial contraction,right bundle branch block,sinus rhythm,st depression,ventricular ectopics,micro avg,macro avg,weighted avg,samples avg
precision,0.890625,0.9032258064516129,0.6382978723404256,0.9679144385026738,0.7282608695652174,0.8181818181818182,0.828125,0.8588588588588588,0.8249472578631069,0.8558984415499247,0.7620087336244541
recall,0.8142857142857143,0.9655172413793104,0.5,0.923469387755102,0.7701149425287356,0.8372093023255814,0.5955056179775281,0.8125,0.7723003151788531,0.8125,0.7707423580786026
f1-score,0.8507462686567163,0.9333333333333333,0.5607476635514019,0.9451697127937337,0.7486033519553073,0.8275862068965518,0.69281045751634,0.835036496350365,0.7941424278147692,0.8305086152350316,0.7627365356622998
support,70.0,116.0,60.0,196.0,87.0,86.0,89.0,704.0,704.0,704.0,704.0
