index,atrial fibrillation,left ventricular high voltage,nonspecific st t abnormality,sinus bradycardia,sinus rhythm,sinus tachycardia,supraventricular tachycardia,t wave abnormal,micro avg,macro avg,weighted avg,samples avg
precision,0.8804347826086957,0.5384615384615384,0.5373134328358209,0.9896640826873385,0.9891891891891892,0.9305555555555556,0.71875,0.7362637362637363,0.8775,0.7900790397002343,0.8492195747385569,0.8609212239583334
recall,0.9152542372881356,0.328125,0.36,0.9896640826873385,0.9242424242424242,0.8993288590604027,0.7540983606557377,0.3641304347826087,0.7608381502890174,0.691855424839581,0.7608381502890174,0.7989095052083333
f1-score,0.8975069252077563,0.4077669902912621,0.4311377245508982,0.9896640826873385,0.9556135770234986,0.9146757679180888,0.7359999999999999,0.48727272727272736,0.815015479876161,0.7274547243689462,0.7927883182534494,0.8111932663690475
support,177.0,128.0,100.0,387.0,198.0,149.0,61.0,184.0,1384.0,1384.0,1384.0,1384.0
