index,atrial fibrillation,left ventricular high voltage,nonspecific st t abnormality,sinus bradycardia,sinus rhythm,sinus tachycardia,supraventricular tachycardia,t wave abnormal,micro avg,macro avg,weighted avg,samples avg
precision,0.9053254437869822,0.5925925925925926,0.6470588235294118,0.9896103896103896,0.9782608695652174,0.9333333333333333,0.8333333333333334,0.72,0.8886178861788618,0.8249393482189076,0.8669474065810858,0.8671061197916666
recall,0.864406779661017,0.375,0.33,0.9844961240310077,0.9090909090909091,0.9395973154362416,0.819672131147541,0.5869565217391305,0.7897398843930635,0.7261524726382309,0.7897398843930635,0.8168131510416667
f1-score,0.884393063583815,0.45933014354066987,0.43708609271523186,0.9870466321243523,0.9424083769633508,0.9364548494983278,0.8264462809917356,0.6467065868263473,0.836266258607498,0.7649840032804789,0.8212162954203227,0.8256138392857142
support,177.0,128.0,100.0,387.0,198.0,149.0,61.0,184.0,1384.0,1384.0,1384.0,1384.0
