index,abnormal QRS,atrial fibrillation,incomplete right bundle branch block,left anterior fascicular block,left axis deviation,left ventricular hypertrophy,myocardial infarction,myocardial ischemia,sinus rhythm,t wave abnormal,ventricular ectopics,micro avg,macro avg,weighted avg,samples avg
precision,0.638095238095238,0.7239583333333334,0.5739130434782609,0.7740112994350282,0.7513043478260869,0.5747663551401869,0.7238658777120316,0.5900900900900901,0.9313449634214969,0.5089820359281437,0.5833333333333334,0.7763904653802497,0.670333174344839,0.7723324498732935,0.8003048447963702
recall,0.5726495726495726,0.86875,0.5789473684210527,0.7569060773480663,0.7728085867620751,0.5466666666666666,0.6648550724637681,0.6359223300970874,0.9282108805384184,0.3512396694214876,0.717948717948718,0.7616926503340757,0.6722640856651738,0.7616926503340757,0.7791571232249199
f1-score,0.6036036036036035,0.7897727272727273,0.5764192139737991,0.7653631284916201,0.7619047619047619,0.5603644646924829,0.6931067044381493,0.6121495327102804,0.9297752808988765,0.4156479217603912,0.6436781609195402,0.7689713322091062,0.668344136424203,0.7654436429094749,0.763107330903941
support,351.0,160.0,114.0,181.0,559.0,225.0,552.0,206.0,1783.0,242.0,117.0,4490.0,4490.0,4490.0,4490.0
