index,atrial fibrillation,left ventricular high voltage,nonspecific st t abnormality,sinus bradycardia,sinus rhythm,sinus tachycardia,supraventricular tachycardia,t wave abnormal,micro avg,macro avg,weighted avg,samples avg
precision,0.9612903225806452,0.5737704918032787,0.6714285714285714,1.0,0.8812785388127854,0.9615384615384616,0.835820895522388,0.639344262295082,0.8577878103837472,0.8155589429976515,0.8555785170041719,0.8470052083333334
recall,0.8418079096045198,0.546875,0.47,0.9896640826873385,0.9747474747474747,0.8389261744966443,0.9180327868852459,0.6358695652173914,0.8236994219653179,0.7769903742048268,0.8236994219653179,0.8409016927083333
f1-score,0.8975903614457832,0.5599999999999999,0.552941176470588,0.9948051948051948,0.9256594724220624,0.896057347670251,0.875,0.6376021798365124,0.840398083302617,0.7924569665812989,0.8369394100035599,0.8288922991071428
support,177.0,128.0,100.0,387.0,198.0,149.0,61.0,184.0,1384.0,1384.0,1384.0,1384.0
