index,1st degree av block,atrial fibrillation,premature atrial contraction,right bundle branch block,sinus rhythm,st depression,ventricular ectopics,micro avg,macro avg,weighted avg,samples avg
precision,0.8787878787878788,0.9016393442622951,0.8717948717948718,0.9358288770053476,0.7419354838709677,0.7446808510638298,0.8805970149253731,0.8607784431137725,0.850752045958652,0.8647720770837215,0.7654051431344007
recall,0.8285714285714286,0.9482758620689655,0.5666666666666667,0.8928571428571429,0.7931034482758621,0.813953488372093,0.6629213483146067,0.8167613636363636,0.7866213407323949,0.8167613636363636,0.772197962154294
f1-score,0.8529411764705883,0.9243697478991596,0.6868686868686869,0.9138381201044385,0.7666666666666667,0.7777777777777778,0.7564102564102564,0.8381924198250729,0.8112674903139391,0.835463874390961,0.7663755458515283
support,70.0,116.0,60.0,196.0,87.0,86.0,89.0,704.0,704.0,704.0,704.0
