index,atrial fibrillation,left ventricular high voltage,nonspecific st t abnormality,sinus bradycardia,sinus rhythm,sinus tachycardia,supraventricular tachycardia,t wave abnormal,micro avg,macro avg,weighted avg,samples avg
precision,0.898876404494382,0.6585365853658537,0.5542168674698795,0.9948186528497409,0.9698492462311558,0.9038461538461539,0.819672131147541,0.6487804878048781,0.86,0.8060745661511981,0.8525210616727716,0.870361328125
recall,0.903954802259887,0.421875,0.46,0.9922480620155039,0.9747474747474747,0.9463087248322147,0.819672131147541,0.7228260869565217,0.8388728323699421,0.7802040352448929,0.8388728323699421,0.85546875
f1-score,0.9014084507042253,0.5142857142857142,0.5027322404371585,0.9935316946959897,0.9722921914357683,0.9245901639344263,0.819672131147541,0.6838046272493574,0.8493050475493783,0.7890396517362726,0.8426630757504887,0.8479166666666667
support,177.0,128.0,100.0,387.0,198.0,149.0,61.0,184.0,1384.0,1384.0,1384.0,1384.0
