index,1st degree av block,atrial fibrillation,premature atrial contraction,right bundle branch block,sinus rhythm,st depression,ventricular ectopics,micro avg,macro avg,weighted avg,samples avg
precision,0.9310344827586207,0.9344262295081968,0.5254237288135594,0.9536082474226805,0.6140350877192983,0.8095238095238095,0.7631578947368421,0.8203677510608204,0.7901727829261439,0.8280676839799981,0.7612809315866085
recall,0.7714285714285715,0.9827586206896551,0.5166666666666667,0.9438775510204082,0.8045977011494253,0.7906976744186046,0.651685393258427,0.8238636363636364,0.780244596947394,0.8238636363636364,0.7809315866084425
f1-score,0.8437500000000001,0.9579831932773109,0.5210084033613446,0.9487179487179488,0.6965174129353234,0.8,0.703030303030303,0.822111977321049,0.7815724659031759,0.8229609154341432,0.7661329451722464
support,70.0,116.0,60.0,196.0,87.0,86.0,89.0,704.0,704.0,704.0,704.0
