index,1st degree av block,atrial fibrillation,premature atrial contraction,right bundle branch block,sinus rhythm,st depression,ventricular ectopics,micro avg,macro avg,weighted avg,samples avg
precision,0.9076923076923077,0.8976377952755905,0.6176470588235294,0.9484536082474226,0.6504854368932039,0.775,0.8108108108108109,0.8375184638109305,0.8011038596775523,0.8324212666309768,0.7476952935468221
recall,0.8428571428571429,0.9827586206896551,0.35,0.9387755102040817,0.7701149425287356,0.7209302325581395,0.6741573033707865,0.8053977272727273,0.7542276788869344,0.8053977272727273,0.7620087336244541
f1-score,0.8740740740740741,0.9382716049382717,0.4468085106382979,0.9435897435897437,0.7052631578947368,0.7469879518072289,0.736196319018405,0.8211440984793628,0.7701701945658226,0.8137743220522929,0.7510917030567685
support,70.0,116.0,60.0,196.0,87.0,86.0,89.0,704.0,704.0,704.0,704.0
