index,abnormal QRS,atrial fibrillation,incomplete right bundle branch block,left anterior fascicular block,left axis deviation,left ventricular hypertrophy,myocardial infarction,myocardial ischemia,sinus rhythm,t wave abnormal,ventricular ectopics,micro avg,macro avg,weighted avg,samples avg
precision,0.562929061784897,0.7272727272727273,0.5980392156862745,0.7655172413793103,0.7323232323232324,0.5677966101694916,0.630098452883263,0.5967078189300411,0.9362637362637363,0.519774011299435,0.8666666666666667,0.755947323704333,0.6821262522417342,0.7628261607279961,0.7810407259559802
recall,0.7008547008547008,0.9,0.5350877192982456,0.6132596685082873,0.778175313059034,0.5955555555555555,0.8115942028985508,0.7038834951456311,0.9556926528323051,0.38016528925619836,0.3333333333333333,0.7926503340757238,0.6643274482492583,0.7926503340757238,0.8065244421176625
f1-score,0.6243654822335025,0.8044692737430167,0.5648148148148148,0.6809815950920246,0.7545533391153513,0.581344902386117,0.7094220110847189,0.6458797327394209,0.9458784346378019,0.4391408114558473,0.48148148148148145,0.7738638834529246,0.6574847162530998,0.7710179685954743,0.7655714062493723
support,351.0,160.0,114.0,181.0,559.0,225.0,552.0,206.0,1783.0,242.0,117.0,4490.0,4490.0,4490.0,4490.0
