index,1st degree av block,atrial fibrillation,premature atrial contraction,right bundle branch block,sinus rhythm,st depression,ventricular ectopics,micro avg,macro avg,weighted avg,samples avg
precision,0.8769230769230769,0.9186991869918699,0.8,0.9523809523809523,0.6576576576576577,0.8045977011494253,0.8051948051948052,0.8482658959537572,0.8307790543282553,0.8532590112496355,0.7758369723435226
recall,0.8142857142857143,0.9741379310344828,0.5333333333333333,0.9183673469387755,0.8390804597701149,0.813953488372093,0.6966292134831461,0.8338068181818182,0.7985410696025229,0.8338068181818182,0.7889374090247453
f1-score,0.8444444444444444,0.9456066945606694,0.64,0.935064935064935,0.7373737373737375,0.8092485549132948,0.7469879518072291,0.840974212034384,0.8083894740234729,0.8390668090025255,0.7792333818534692
support,70.0,116.0,60.0,196.0,87.0,86.0,89.0,704.0,704.0,704.0,704.0
