index,abnormal QRS,atrial fibrillation,incomplete right bundle branch block,left anterior fascicular block,left axis deviation,left ventricular hypertrophy,myocardial infarction,myocardial ischemia,sinus rhythm,t wave abnormal,ventricular ectopics,micro avg,macro avg,weighted avg,samples avg
precision,0.698019801980198,0.7391304347826086,0.6533333333333333,0.7241379310344828,0.7222222222222222,0.6271186440677966,0.8355263157894737,0.5671641791044776,0.9330038440417353,0.5277777777777778,0.9285714285714286,0.7999509683746017,0.7232732647914122,0.799910018534029,0.8092533211177279
recall,0.4017094017094017,0.85,0.4298245614035088,0.6961325966850829,0.813953488372093,0.49333333333333335,0.4601449275362319,0.7378640776699029,0.9528883903533371,0.47107438016528924,0.2222222222222222,0.7267260579064588,0.5935588526773093,0.7267260579064588,0.7626540584167703
f1-score,0.5099457504520795,0.7906976744186046,0.5185185185185186,0.7098591549295774,0.7653490328006729,0.5522388059701493,0.5934579439252337,0.6413502109704642,0.9428412874583796,0.4978165938864629,0.3586206896551724,0.7615824483603688,0.6255177875441195,0.7457472662812907,0.760018179509705
support,351.0,160.0,114.0,181.0,559.0,225.0,552.0,206.0,1783.0,242.0,117.0,4490.0,4490.0,4490.0,4490.0
