index,abnormal QRS,atrial fibrillation,incomplete right bundle branch block,left anterior fascicular block,left axis deviation,left ventricular hypertrophy,myocardial infarction,myocardial ischemia,sinus rhythm,t wave abnormal,ventricular ectopics,micro avg,macro avg,weighted avg,samples avg
precision,0.6405693950177936,0.8012422360248447,0.5,0.8,0.7736185383244206,0.66,0.7025641025641025,0.7066666666666667,0.9291891891891891,0.6388888888888888,0.6785714285714286,0.8048141086749285,0.7119373132043031,0.7928571021972344,0.8274992910586131
recall,0.5128205128205128,0.80625,0.6666666666666666,0.6629834254143646,0.776386404293381,0.44,0.7445652173913043,0.5145631067961165,0.9641054402692092,0.19008264462809918,0.48717948717948717,0.7521158129175947,0.6150548095871947,0.7521158129175947,0.7790196976637654
f1-score,0.5696202531645569,0.8037383177570093,0.5714285714285715,0.7250755287009064,0.7750000000000001,0.5279999999999999,0.7229551451187334,0.5955056179775281,0.9463253509496284,0.2929936305732484,0.5671641791044776,0.7775731061478242,0.6452551449795146,0.7624159316805459,0.7750806555891302
support,351.0,160.0,114.0,181.0,559.0,225.0,552.0,206.0,1783.0,242.0,117.0,4490.0,4490.0,4490.0,4490.0
