index,abnormal QRS,atrial fibrillation,incomplete right bundle branch block,left anterior fascicular block,left axis deviation,left ventricular hypertrophy,myocardial infarction,myocardial ischemia,sinus rhythm,t wave abnormal,ventricular ectopics,micro avg,macro avg,weighted avg,samples avg
precision,0.6358381502890174,0.8208092485549133,0.5555555555555556,0.7971014492753623,0.7512437810945274,0.5781990521327014,0.6880131362889984,0.6666666666666666,0.9317443120260022,0.4169184290030212,0.717948717948718,0.7686375321336761,0.6872762271668622,0.7740464096347565,0.7960375629867156
recall,0.6267806267806267,0.8875,0.7017543859649122,0.6077348066298343,0.8103756708407871,0.5422222222222223,0.7590579710144928,0.4854368932038835,0.9646662927650028,0.5702479338842975,0.717948717948718,0.799109131403118,0.6976114110231616,0.799109131403118,0.8141482887245599
f1-score,0.6312769010043042,0.8528528528528528,0.6201550387596899,0.6896551724137931,0.7796901893287436,0.5596330275229359,0.7217915590008613,0.5617977528089887,0.9479195370625516,0.4816753926701571,0.717948717948718,0.783577200262066,0.6876723764885088,0.7840065509170895,0.779334837809414
support,351.0,160.0,114.0,181.0,559.0,225.0,552.0,206.0,1783.0,242.0,117.0,4490.0,4490.0,4490.0,4490.0
