index,1st degree av block,atrial fibrillation,premature atrial contraction,right bundle branch block,sinus rhythm,st depression,ventricular ectopics,micro avg,macro avg,weighted avg,samples avg
precision,0.8939393939393939,0.9193548387096774,0.5961538461538461,0.9587628865979382,0.7073170731707317,0.8045977011494253,0.8088235294117647,0.8514115898959881,0.8127070384475396,0.8460581778279235,0.7566715186802522
recall,0.8428571428571429,0.9827586206896551,0.5166666666666667,0.9489795918367347,0.6666666666666666,0.813953488372093,0.6179775280898876,0.8139204545454546,0.7699799578826924,0.8139204545454546,0.7692867540029112
f1-score,0.8676470588235294,0.95,0.5535714285714286,0.9538461538461539,0.6863905325443787,0.8092485549132948,0.7006369426751592,0.8322440087145968,0.7887629530534207,0.8278003777525176,0.759582726831635
support,70.0,116.0,60.0,196.0,87.0,86.0,89.0,704.0,704.0,704.0,704.0
