index,1st degree av block,atrial fibrillation,premature atrial contraction,right bundle branch block,sinus rhythm,st depression,ventricular ectopics,micro avg,macro avg,weighted avg,samples avg
precision,0.875,0.925,0.7435897435897436,0.9521276595744681,0.7228915662650602,0.693069306930693,0.90625,0.8543247344461306,0.8311326109085664,0.8564406002174434,0.7503639010189228
recall,0.8,0.9568965517241379,0.48333333333333334,0.9132653061224489,0.6896551724137931,0.813953488372093,0.651685393258427,0.7997159090909091,0.758398463603462,0.7997159090909091,0.7554585152838428
f1-score,0.8358208955223881,0.9406779661016949,0.5858585858585859,0.9322916666666666,0.7058823529411764,0.7486631016042781,0.758169934640523,0.8261188554658841,0.7867663576193304,0.8221316821014238,0.7510917030567685
support,70.0,116.0,60.0,196.0,87.0,86.0,89.0,704.0,704.0,704.0,704.0
