index,atrial fibrillation,left ventricular high voltage,nonspecific st t abnormality,sinus bradycardia,sinus rhythm,sinus tachycardia,supraventricular tachycardia,t wave abnormal,micro avg,macro avg,weighted avg,samples avg
precision,0.9058823529411765,0.4864864864864865,0.5384615384615384,0.9795918367346939,0.9886363636363636,0.9463087248322147,0.8245614035087719,0.5734265734265734,0.8479809976247031,0.7804194100034774,0.8295653009594388,0.8341471354166666
recall,0.8700564971751412,0.421875,0.35,0.9922480620155039,0.8787878787878788,0.9463087248322147,0.7704918032786885,0.44565217391304346,0.7738439306358381,0.7094275175003089,0.7738439306358381,0.8033854166666666
f1-score,0.887608069164265,0.4518828451882845,0.4242424242424242,0.9858793324775352,0.9304812834224598,0.9463087248322147,0.7966101694915254,0.5015290519877676,0.809217982621836,0.7405677376008095,0.7984227142641643,0.7997814360119047
support,177.0,128.0,100.0,387.0,198.0,149.0,61.0,184.0,1384.0,1384.0,1384.0,1384.0
