index,atrial fibrillation,left ventricular high voltage,nonspecific st t abnormality,sinus bradycardia,sinus rhythm,sinus tachycardia,supraventricular tachycardia,t wave abnormal,micro avg,macro avg,weighted avg,samples avg
precision,0.9080459770114943,0.5517241379310345,0.5714285714285714,0.9795918367346939,0.9779005524861878,0.9452054794520548,0.8412698412698413,0.6975308641975309,0.8658442559753277,0.809087157563926,0.8538387216082499,0.85693359375
recall,0.8926553672316384,0.5,0.36,0.9922480620155039,0.8939393939393939,0.9261744966442953,0.8688524590163934,0.6141304347826086,0.8114161849710982,0.7560000267037292,0.8114161849710982,0.8341471354166667
f1-score,0.9002849002849003,0.5245901639344263,0.4417177914110429,0.9858793324775352,0.9340369393139841,0.9355932203389831,0.8548387096774194,0.653179190751445,0.8377471092875792,0.7787650310237171,0.8301140790080996,0.8301292782738094
support,177.0,128.0,100.0,387.0,198.0,149.0,61.0,184.0,1384.0,1384.0,1384.0,1384.0
