index,1st degree av block,atrial fibrillation,premature atrial contraction,right bundle branch block,sinus rhythm,st depression,ventricular ectopics,micro avg,macro avg,weighted avg,samples avg
precision,0.890625,0.904,0.775,0.9576719576719577,0.6559139784946236,0.7216494845360825,0.8923076923076924,0.8484398216939079,0.8281668732871938,0.8522062643724767,0.7656477438136827
recall,0.8142857142857143,0.9741379310344828,0.5166666666666667,0.923469387755102,0.7011494252873564,0.813953488372093,0.651685393258427,0.8110795454545454,0.7707640009514061,0.8110795454545454,0.7692867540029112
f1-score,0.8507462686567163,0.9377593360995852,0.62,0.9402597402597401,0.6777777777777778,0.7650273224043715,0.7532467532467532,0.8293391430646332,0.792116742634992,0.8261664890864129,0.7646773410965552
support,70.0,116.0,60.0,196.0,87.0,86.0,89.0,704.0,704.0,704.0,704.0
