index,abnormal QRS,atrial fibrillation,incomplete right bundle branch block,left anterior fascicular block,left axis deviation,left ventricular hypertrophy,myocardial infarction,myocardial ischemia,sinus rhythm,t wave abnormal,ventricular ectopics,micro avg,macro avg,weighted avg,samples avg
precision,0.6852589641434262,0.7885714285714286,0.7142857142857143,0.8243243243243243,0.7466666666666667,0.8307692307692308,0.7145328719723183,0.7419354838709677,0.9158337716991057,0.43597560975609756,0.7066666666666667,0.7946785966564633,0.7368018847932678,0.7951039889116724,0.8231213053246952
recall,0.49002849002849,0.8625,0.4824561403508772,0.6740331491712708,0.7012522361359571,0.24,0.7481884057971014,0.44660194174757284,0.9764441951766686,0.5909090909090909,0.452991452991453,0.7516703786191536,0.6059459183916802,0.7516703786191536,0.7821575813101237
f1-score,0.5714285714285714,0.8238805970149254,0.5759162303664921,0.7416413373860183,0.7232472324723248,0.3724137931034483,0.7309734513274336,0.5575757575757576,0.9451682953311619,0.5017543859649123,0.5520833333333333,0.7725763992217007,0.645098453209489,0.7594618031169469,0.7763055161360246
support,351.0,160.0,114.0,181.0,559.0,225.0,552.0,206.0,1783.0,242.0,117.0,4490.0,4490.0,4490.0,4490.0
