index,abnormal QRS,atrial fibrillation,incomplete right bundle branch block,left anterior fascicular block,left axis deviation,left ventricular hypertrophy,myocardial infarction,myocardial ischemia,sinus rhythm,t wave abnormal,ventricular ectopics,micro avg,macro avg,weighted avg,samples avg
precision,0.7642276422764228,0.7663043478260869,0.703125,0.625,0.8058035714285714,0.6985294117647058,0.71875,0.6287128712871287,0.9318057828696127,0.46153846153846156,0.7961165048543689,0.8014492753623188,0.7181739630768508,0.7982760942692128,0.8204022424361407
recall,0.2678062678062678,0.88125,0.39473684210526316,0.8839779005524862,0.6457960644007156,0.4222222222222222,0.7083333333333334,0.616504854368932,0.9579360628154795,0.47107438016528924,0.7008547008547008,0.7389755011135858,0.6318629662386082,0.7389755011135858,0.7663819994328468
f1-score,0.39662447257383965,0.819767441860465,0.5056179775280898,0.7322654462242562,0.7169811320754716,0.5263157894736842,0.7135036496350364,0.622549019607843,0.9446902654867256,0.46625766871165647,0.7454545454545455,0.7689455388180764,0.6536388553301467,0.7541885022014793,0.7655080629656901
support,351.0,160.0,114.0,181.0,559.0,225.0,552.0,206.0,1783.0,242.0,117.0,4490.0,4490.0,4490.0,4490.0
