index,atrial fibrillation,left ventricular high voltage,nonspecific st t abnormality,sinus bradycardia,sinus rhythm,sinus tachycardia,supraventricular tachycardia,t wave abnormal,micro avg,macro avg,weighted avg,samples avg
precision,0.9096385542168675,0.5446428571428571,0.6153846153846154,0.9794871794871794,0.9661016949152542,0.9517241379310345,0.8235294117647058,0.6772151898734177,0.8639240506329114,0.8084654550894914,0.8520651958164536,0.8391927083333333
recall,0.8531073446327684,0.4765625,0.4,0.9870801033591732,0.8636363636363636,0.9261744966442953,0.6885245901639344,0.5815217391304348,0.7890173410404624,0.7220758921958712,0.7890173410404624,0.8092447916666667
f1-score,0.880466472303207,0.5083333333333333,0.4848484848484849,0.9832689832689833,0.912,0.9387755102040818,0.7499999999999999,0.6257309941520468,0.824773413897281,0.7604279722637671,0.8173823924990347,0.8082868303571429
support,177.0,128.0,100.0,387.0,198.0,149.0,61.0,184.0,1384.0,1384.0,1384.0,1384.0
