index,1st degree av block,atrial fibrillation,premature atrial contraction,right bundle branch block,sinus rhythm,st depression,ventricular ectopics,micro avg,macro avg,weighted avg,samples avg
precision,0.9649122807017544,0.9338842975206612,0.8888888888888888,0.9378238341968912,0.6470588235294118,0.7647058823529411,0.8571428571428571,0.856093979441997,0.8563452663333437,0.8684173022905817,0.777292576419214
recall,0.7857142857142857,0.9741379310344828,0.5333333333333333,0.923469387755102,0.8850574712643678,0.7558139534883721,0.6741573033707865,0.828125,0.7902405237086757,0.828125,0.7838427947598253
f1-score,0.8661417322834646,0.9535864978902953,0.6666666666666667,0.9305912596401028,0.7475728155339806,0.7602339181286549,0.7547169811320754,0.8418772563176895,0.8113585530393201,0.839816200477063,0.7782629791363416
support,70.0,116.0,60.0,196.0,87.0,86.0,89.0,704.0,704.0,704.0,704.0
