index,abnormal QRS,atrial fibrillation,incomplete right bundle branch block,left anterior fascicular block,left axis deviation,left ventricular hypertrophy,myocardial infarction,myocardial ischemia,sinus rhythm,t wave abnormal,ventricular ectopics,micro avg,macro avg,weighted avg,samples avg
precision,0.7149122807017544,0.8571428571428571,0.5578231292517006,0.6990740740740741,0.7075928917609047,0.539906103286385,0.7742718446601942,0.5852534562211982,0.9352715304443225,0.4274193548387097,0.8412698412698413,0.7813364055299539,0.6945397603319947,0.7823247384990684,0.7988089784699955
recall,0.46438746438746437,0.825,0.7192982456140351,0.8342541436464088,0.7835420393559929,0.5111111111111111,0.5778985507246377,0.616504854368932,0.9562535053280987,0.4380165289256198,0.452991452991453,0.7552338530066816,0.652659808768523,0.7552338530066816,0.7821303143337041
f1-score,0.5630397236614854,0.8407643312101911,0.6283524904214559,0.7607052896725439,0.7436332767402376,0.5251141552511415,0.6618257261410788,0.6004728132387707,0.9456461453133667,0.4326530612244899,0.5888888888888889,0.7680634201585504,0.6628269001603319,0.7625891051746124,0.76373627136339
support,351.0,160.0,114.0,181.0,559.0,225.0,552.0,206.0,1783.0,242.0,117.0,4490.0,4490.0,4490.0,4490.0
