,1st degree av block,atrial fibrillation,left bundle branch block,premature atrial contraction,right bundle branch block,sinus rhythm,st depression,st elevation,ventricular ectopics,micro avg,macro avg,weighted avg,samples avg
0,0.8142857142857143,0.9059829059829059,0.8717948717948718,0.423728813559322,0.9063291139240507,0.6404494382022472,0.7845303867403315,0.2777777777777778,0.6193548387096774,0.7655826558265582,0.6938037623307665,0.7586349618418807,0.712760795730228
1,0.8088235294117647,0.9256198347107438,0.7894736842105263,0.4854368932038835,0.9020618556701031,0.6327683615819208,0.7301587301587301,0.3076923076923077,0.6037735849056604,0.7627464309993202,0.6873120868384045,0.7548659275519948,0.7077632217370209
2,0.7913669064748201,0.9210526315789473,0.761904761904762,0.2631578947368421,0.9198966408268734,0.7111111111111111,0.7116564417177915,0.30303030303030304,0.5833333333333333,0.7658045977011494,0.6629455583016426,0.743054496750541,0.7043668122270742
3,0.8208955223880597,0.9098712446351932,0.8500000000000001,0.28260869565217395,0.9090909090909092,0.7135135135135136,0.7261904761904763,0.35999999999999993,0.6174496644295303,0.7621052631578947,0.6877355584333174,0.7529011614833736,0.704221251819505
4,0.7801418439716311,0.9051724137931035,0.8500000000000001,0.42990654205607476,0.9041769041769042,0.6303030303030304,0.7955801104972375,0.32432432432432434,0.670807453416149,0.7722637661454792,0.698934735837606,0.7624028046813911,0.7171276079573023
5,0.8444444444444444,0.925,0.8648648648648649,0.32098765432098764,0.9081632653061225,0.6341463414634148,0.7303370786516854,0.20689655172413793,0.6459627329192547,0.760719225449516,0.6756447704105458,0.7503865110379622,0.705870936438622
